MAPA,Estatus,CVE_ENT,NOM_ENT,NOM_ABR,CVE_MUN,NOM_MUN,CVE_LOC,NOM_LOC,AMBITO,LATITUD,LONGITUD,LAT_DECIMAL,LON_DECIMAL,ALTITUD,CVE_CARTA,POB_TOTAL,POB_MASCULINA,POB_FEMENINA,TOTAL DE VIVIENDAS HABITADAS
50360001,,5,Coahuila de Zaragoza,Coah.,36,Viesca,1,Viesca,U,"25°20´36.979N""","102°48´22.861W""",25.343605,-102.80635,1097,G13D37,3522,1741,1781,908
50360002,,5,Coahuila de Zaragoza,Coah.,36,Viesca,2,Bajío de Ahuichila,R,"25°06´55.317N""","102°37´53.554W""",25.115366,-102.631542,1298,G13D48,71,41,30,24
50360004,,5,Coahuila de Zaragoza,Coah.,36,Viesca,4,Boquilla de las Perlas,R,"25°19´46.350N""","103°17´20.192W""",25.329541,-103.288942,1153,G13D36,1876,946,930,489
50360005,,5,Coahuila de Zaragoza,Coah.,36,Viesca,5,Buenavista,R,"25°25´19.209N""","103°06´06.867W""",25.422002,-103.101908,1108,G13D36,344,184,160,100
50360006,,5,Coahuila de Zaragoza,Coah.,36,Viesca,6,El Crótalo,R,"25°21´41.487N""","103°20´26.507W""",25.361524,-103.340696,1160,G13D35,27,15,12,6
50360007,,5,Coahuila de Zaragoza,Coah.,36,Viesca,7,El Chupón,R,"25°22´23.298N""","103°21´51.159W""",25.373138,-103.364211,1162,G13D35,5,*,*,1
50360008,,5,Coahuila de Zaragoza,Coah.,36,Viesca,8,Darías,R,"24°50´35.408N""","102°54´44.297W""",24.843169,-102.912305,1477,G13D57,40,20,20,13
50360009,,5,Coahuila de Zaragoza,Coah.,36,Viesca,9,Emiliano Zapata,R,"25°29´22.390N""","102°56´37.862W""",25.489552,-102.94385,1097,G13D37,743,372,371,190
50360011,,5,Coahuila de Zaragoza,Coah.,36,Viesca,11,La Fe,R,"25°22´41.627N""","103°08´09.828W""",25.378229,-103.136063,1119,G13D36,59,35,24,18
50360012,,5,Coahuila de Zaragoza,Coah.,36,Viesca,12,Flor de Mayo,R,"25°23´30.182N""","103°25´05.212W""",25.391717,-103.418114,1181,G13D35,446,222,224,108
50360013,,5,Coahuila de Zaragoza,Coah.,36,Viesca,13,Gabino Vázquez (San Luis),R,"25°28´59.359N""","103°03´52.329W""",25.483155,-103.064536,1107,G13D36,946,479,467,246
50360014,,5,Coahuila de Zaragoza,Coah.,36,Viesca,14,Gilita,R,"25°23´40.443N""","103°12´02.450W""",25.394567,-103.200681,1129,G13D36,1208,622,586,310
50360016,,5,Coahuila de Zaragoza,Coah.,36,Viesca,16,Gregorio García (El Taconazo),R,"25°17´58.402N""","103°15´10.118W""",25.299556,-103.252811,1147,G13D36,509,250,259,137
50360018,,5,Coahuila de Zaragoza,Coah.,36,Viesca,18,Héroes de Chapultepec (Niños Héroes),R,"25°22´11.538N""","103°05´41.563W""",25.369871,-103.094878,1097,G13D36,-,-,-,-
50360019,,5,Coahuila de Zaragoza,Coah.,36,Viesca,19,Ignacio Zaragoza,R,"25°21´39.643N""","103°08´31.403W""",25.361012,-103.142056,1111,G13D36,721,367,354,190
50360020,,5,Coahuila de Zaragoza,Coah.,36,Viesca,20,La Mancha [Estación],R,"24°52´00.332N""","102°50´41.449W""",24.866758,-102.844847,1553,G13D57,11,7,4,5
50360021,,5,Coahuila de Zaragoza,Coah.,36,Viesca,21,Las Margaritas,R,"25°21´35.608N""","103°19´52.397W""",25.359891,-103.331221,1161,G13D36,253,127,126,72
50360022,,5,Coahuila de Zaragoza,Coah.,36,Viesca,22,Las Margaritas (Casco),R,"25°23´56.270N""","102°57´22.430W""",25.398964,-102.956231,1097,G13D37,57,33,24,13
50360023,,5,Coahuila de Zaragoza,Coah.,36,Viesca,23,Mieleras,R,"25°23´57.740N""","103°15´56.905W""",25.399372,-103.265807,1133,G13D36,970,459,511,279
50360025,,5,Coahuila de Zaragoza,Coah.,36,Viesca,25,Nuevo Margaritas,R,"25°31´58.519N""","103°05´00.620W""",25.532921,-103.083505,1119,G13D26,132,68,64,36
50360026,,5,Coahuila de Zaragoza,Coah.,36,Viesca,26,Nueva Reynosa,R,"25°28´28.904N""","103°05´30.457W""",25.474695,-103.091793,1109,G13D36,696,360,336,179
50360028,,5,Coahuila de Zaragoza,Coah.,36,Viesca,28,Punta de Santo Domingo,R,"24°45´49.084N""","102°53´21.153W""",24.763634,-102.889209,1472,G13D57,214,105,109,63
50360029,,5,Coahuila de Zaragoza,Coah.,36,Viesca,29,Río Escondido,R,"25°17´53.382N""","103°28´36.318W""",25.298161,-103.476754,1199,G13D35,98,50,48,24
50360030,,5,Coahuila de Zaragoza,Coah.,36,Viesca,30,La Rosita,R,"25°24´46.520N""","103°13´59.999W""",25.412922,-103.233332,1127,G13D36,451,223,228,126
50360031,,5,Coahuila de Zaragoza,Coah.,36,Viesca,31,San Isidro,R,"25°22´08.077N""","103°20´17.643W""",25.36891,-103.338234,1119,G13D35,574,272,302,139
50360032,,5,Coahuila de Zaragoza,Coah.,36,Viesca,32,San José del Aguaje,R,"24°46´48.187N""","102°56´23.425W""",24.780051,-102.93984,1453,G13D57,300,149,151,101
50360033,,5,Coahuila de Zaragoza,Coah.,36,Viesca,33,San Juan de Villanueva (Villanueva),R,"25°32´29.802N""","103°04´55.840W""",25.541611,-103.082177,1129,G13D26,354,188,166,90
50360034,,5,Coahuila de Zaragoza,Coah.,36,Viesca,34,San Manuel,R,"25°23´00.081N""","103°08´39.014W""",25.383356,-103.14417,1114,G13D36,240,116,124,63
50360035,,5,Coahuila de Zaragoza,Coah.,36,Viesca,35,San Miguel del Alto,R,"25°16´51.669N""","103°13´35.404W""",25.281019,-103.2265,1154,G13D36,36,20,16,11
50360036,,5,Coahuila de Zaragoza,Coah.,36,Viesca,36,Santa Cruz,R,"25°16´41.689N""","103°12´49.569W""",25.278246,-103.213769,1161,G13D36,124,60,64,34
50360037,,5,Coahuila de Zaragoza,Coah.,36,Viesca,37,Santa María Uno,R,"25°18´14.412N""","103°15´13.815W""",25.304003,-103.253838,1139,G13D36,99,52,47,28
50360039,,5,Coahuila de Zaragoza,Coah.,36,Viesca,39,Saucillo,R,"25°26´28.726N""","102°55´43.592W""",25.441312,-102.928775,1097,G13D37,117,55,62,32
50360040,,5,Coahuila de Zaragoza,Coah.,36,Viesca,40,Tanque Aguilereño (El Tanque),R,"24°48´42.377N""","102°56´55.686W""",24.811771,-102.948801,1460,G13D57,240,121,119,71
50360041,,5,Coahuila de Zaragoza,Coah.,36,Viesca,41,Tejabán de la Rosita,R,"25°16´32.092N""","103°12´17.208W""",25.27558,-103.20478,1171,G13D36,531,281,250,139
50360042,,5,Coahuila de Zaragoza,Coah.,36,Viesca,42,Tejabán del Esfuerzo (El Esfuerzo),R,"25°17´26.619N""","103°14´12.186W""",25.290727,-103.236718,1141,G13D36,740,363,377,194
50360043,,5,Coahuila de Zaragoza,Coah.,36,Viesca,43,Tierra y Libertad,R,"25°24´26.612N""","103°05´34.136W""",25.407392,-103.092815,1107,G13D36,190,94,96,45
50360044,,5,Coahuila de Zaragoza,Coah.,36,Viesca,44,La Ventana,R,"25°19´36.152N""","103°28´39.539W""",25.326708,-103.477649,1180,G13D35,1976,990,986,479
50360045,,5,Coahuila de Zaragoza,Coah.,36,Viesca,45,Venustiano Carranza (Hacienda de Hornos),R,"25°21´05.734N""","102°57´24.232W""",25.351593,-102.956731,1093,G13D37,192,103,89,50
50360046,,5,Coahuila de Zaragoza,Coah.,36,Viesca,46,Villa de Bilbao,R,"25°25´35.565N""","102°53´53.058W""",25.426545,-102.898071,1094,G13D37,263,141,122,82
50360050,,5,Coahuila de Zaragoza,Coah.,36,Viesca,50,Alto del Palomillo,R,"25°16´19.136N""","103°12´11.914W""",25.271982,-103.203309,1179,G13D36,104,53,51,24
50360054,,5,Coahuila de Zaragoza,Coah.,36,Viesca,54,Cinco Hermanos,R,"25°22´43.962N""","103°22´27.133W""",25.378878,-103.374203,1162,G13D35,0,0,0,0
50360055,,5,Coahuila de Zaragoza,Coah.,36,Viesca,55,La Esperanza (Florencia),R,"25°21´29.583N""","103°18´27.212W""",25.358218,-103.307559,1150,G13D36,0,0,0,0
50360056,,5,Coahuila de Zaragoza,Coah.,36,Viesca,56,El Esterito Uno,R,"25°23´11.400N""","103°23´08.689W""",25.3865,-103.385747,1155,G13D35,0,0,0,0
50360057,,5,Coahuila de Zaragoza,Coah.,36,Viesca,57,El Esterito,R,"25°22´13.270N""","103°18´27.140W""",25.370352,-103.307539,1148,G13D36,0,0,0,0
50360058,,5,Coahuila de Zaragoza,Coah.,36,Viesca,58,San Jorge (El Florido),R,"25°21´41.880N""","103°18´52.690W""",25.361633,-103.314636,1135,G13D36,0,0,0,0
50360061,,5,Coahuila de Zaragoza,Coah.,36,Viesca,61,La Siete (Laguna Seca),R,"25°18´20.500N""","103°13´57.670W""",25.305694,-103.232685,1135,G13D36,32,15,17,13
50360064,,5,Coahuila de Zaragoza,Coah.,36,Viesca,64,La Leona,R,"25°22´10.107N""","103°25´53.886W""",25.369474,-103.431634,1194,G13D35,6,*,*,2
50360066,,5,Coahuila de Zaragoza,Coah.,36,Viesca,66,San José [Establo],R,"25°22´12.889N""","103°19´25.240W""",25.370246,-103.323677,1134,G13D36,5,*,*,2
50360069,,5,Coahuila de Zaragoza,Coah.,36,Viesca,69,La Noria (El Control),R,"25°24´23.873N""","103°11´53.342W""",25.406631,-103.19815,1126,G13D36,21,9,12,6
50360070,,5,Coahuila de Zaragoza,Coah.,36,Viesca,70,Nuevo Cuauhtémoc,R,"25°16´54.189N""","102°47´00.520W""",25.281719,-102.783477,1132,G13D37,0,0,0,0
50360071,,5,Coahuila de Zaragoza,Coah.,36,Viesca,71,Paredones,R,"25°21´14.659N""","103°26´45.291W""",25.354072,-103.445914,1192,G13D35,25,14,11,6
50360073,,5,Coahuila de Zaragoza,Coah.,36,Viesca,73,Poanas Margaritas (Margaritas Dos),R,"25°30´09.937N""","103°02´40.786W""",25.50276,-103.044662,1105,G13D26,36,24,12,11
50360075,,5,Coahuila de Zaragoza,Coah.,36,Viesca,75,San Jorge (El Crótalo),R,"25°21´32.393N""","103°18´53.321W""",25.358998,-103.314811,1135,G13D36,11,*,*,1
50360077,,5,Coahuila de Zaragoza,Coah.,36,Viesca,77,San Ignacio,R,"25°22´36.367N""","103°22´09.725W""",25.376768,-103.369367,1172,G13D35,0,0,0,0
50360079,,5,Coahuila de Zaragoza,Coah.,36,Viesca,79,La Presa de Yenti,R,"24°50´51.025N""","102°53´58.769W""",24.847507,-102.899658,1475,G13D57,90,46,44,27
50360080,,5,Coahuila de Zaragoza,Coah.,36,Viesca,80,Zapopan,R,"25°22´15.739N""","103°20´50.328W""",25.371038,-103.347313,1159,G13D35,0,0,0,0
50360082,,5,Coahuila de Zaragoza,Coah.,36,Viesca,82,Juan Antonio del Sur (Sector Gilita Ocho),R,"25°16´52.724N""","103°10´52.588W""",25.281312,-103.181274,1158,G13D36,24,16,8,9
50360086,,5,Coahuila de Zaragoza,Coah.,36,Viesca,86,Lázaro Cárdenas,R,"25°16´31.171N""","103°12´38.343W""",25.275325,-103.210651,1168,G13D36,215,102,113,53
50360092,,5,Coahuila de Zaragoza,Coah.,36,Viesca,92,Boquilla Tres,R,"25°19´29.071N""","103°15´58.788W""",25.324741,-103.26633,1139,G13D36,0,0,0,0
50360095,,5,Coahuila de Zaragoza,Coah.,36,Viesca,95,Esfuerzo Sector Cinco (La Chiripa),R,"25°21´44.402N""","103°15´14.137W""",25.362334,-103.253927,1136,G13D36,3,*,*,1
50360098,,5,Coahuila de Zaragoza,Coah.,36,Viesca,98,La Colorada,R,"25°16´40.649N""","103°13´06.870W""",25.277957,-103.218574,1163,G13D36,15,6,9,4
50360100,,5,Coahuila de Zaragoza,Coah.,36,Viesca,100,El Esfuerzo Sector Ocho (El Puerto),R,"25°22´13.587N""","103°14´21.096W""",25.37044,-103.239193,1132,G13D36,26,18,8,8
50360101,,5,Coahuila de Zaragoza,Coah.,36,Viesca,101,El Esfuerzo Sector Seis,R,"25°22´06.656N""","103°15´14.997W""",25.368515,-103.254166,1134,G13D36,23,11,12,6
50360102,,5,Coahuila de Zaragoza,Coah.,36,Viesca,102,La Fe,R,"25°13´03.386N""","102°38´04.905W""",25.217607,-102.634696,1185,G13D48,41,27,14,12
50360103,,5,Coahuila de Zaragoza,Coah.,36,Viesca,103,General Eulalio Gutiérrez González,R,"25°15´34.397N""","102°37´51.857W""",25.259555,-102.631071,1126,G13D38,0,0,0,0
50360106,,5,Coahuila de Zaragoza,Coah.,36,Viesca,106,Sector Uno Mieleras,R,"25°22´46.412N""","103°16´12.829W""",25.379558,-103.27023,1137,G13D36,0,0,0,0
50360120,,5,Coahuila de Zaragoza,Coah.,36,Viesca,120,Las Liebres,R,"25°21´47.752N""","103°25´31.712W""",25.363264,-103.425475,1179,G13D35,0,0,0,0
50360121,,5,Coahuila de Zaragoza,Coah.,36,Viesca,121,Sector Siete Boquilla de las Perlas,R,"25°19´50.546N""","103°17´02.175W""",25.330707,-103.283937,1150,G13D36,0,0,0,0
50360122,,5,Coahuila de Zaragoza,Coah.,36,Viesca,122,Sector Cinco Mieleras (El Pabellón),R,"25°22´15.111N""","103°16´56.079W""",25.370864,-103.282244,1138,G13D36,0,0,0,0
50360124,,5,Coahuila de Zaragoza,Coah.,36,Viesca,124,Las Margaritas [Establo],R,"25°21´32.096N""","103°20´03.109W""",25.358916,-103.334197,1151,G13D35,5,*,*,1
50360126,,5,Coahuila de Zaragoza,Coah.,36,Viesca,126,Sector Once Mieleras (La Nogalera),R,"25°21´48.060N""","103°18´24.084W""",25.36335,-103.30669,1150,G13D36,0,0,0,0
50360128,,5,Coahuila de Zaragoza,Coah.,36,Viesca,128,Norias Plan Viesca,R,"25°18´36.621N""","102°59´17.696W""",25.310173,-102.988249,1113,G13D37,0,0,0,0
50360129,,5,Coahuila de Zaragoza,Coah.,36,Viesca,129,La Tiznada,R,"25°26´57.690N""","103°04´59.720W""",25.449358,-103.083255,1109,G13D36,0,0,0,0
50360130,,5,Coahuila de Zaragoza,Coah.,36,Viesca,130,Santa María Sector Nueve,R,"25°18´25.930N""","103°15´34.790W""",25.307203,-103.259664,1142,G13D36,29,17,12,7
50360131,,5,Coahuila de Zaragoza,Coah.,36,Viesca,131,Santa María de Arriba,R,"25°18´13.061N""","103°15´35.980W""",25.303628,-103.259994,1145,G13D36,49,24,25,14
50360133,,5,Coahuila de Zaragoza,Coah.,36,Viesca,133,Rosita Cuatro A (Noria los Valero),R,"25°17´06.576N""","103°13´06.832W""",25.28516,-103.218564,1147,G13D36,6,*,*,2
50360134,,5,Coahuila de Zaragoza,Coah.,36,Viesca,134,Sector Javier Rojo Gómez,R,"25°21´52.178N""","103°14´46.700W""",25.364494,-103.246305,1128,G13D36,0,0,0,0
50360137,,5,Coahuila de Zaragoza,Coah.,36,Viesca,137,Sector Tres B Aguanueva,R,"25°15´17.137N""","103°08´53.880W""",25.25476,-103.1483,1184,G13D36,11,7,4,3
50360143,,5,Coahuila de Zaragoza,Coah.,36,Viesca,143,Sector Trece A Mieleras,R,"25°23´04.946N""","103°16´51.217W""",25.384707,-103.280893,1141,G13D36,0,0,0,0
50360144,,5,Coahuila de Zaragoza,Coah.,36,Viesca,144,Sector Siete Mieleras,R,"25°23´02.800N""","103°15´44.198W""",25.384111,-103.262277,1139,G13D36,2,*,*,1
50360146,,5,Coahuila de Zaragoza,Coah.,36,Viesca,146,Sector Diez Mieleras,R,"25°21´40.811N""","103°16´51.718W""",25.361336,-103.281032,1136,G13D36,4,*,*,1
50360147,,5,Coahuila de Zaragoza,Coah.,36,Viesca,147,Sector Dos Mieleras,R,"25°22´47.539N""","103°17´31.639W""",25.379871,-103.292122,1145,G13D36,6,3,3,3
50360148,,5,Coahuila de Zaragoza,Coah.,36,Viesca,148,Cinco de Mayo,R,"25°03´53.180N""","102°34´52.250W""",25.064772,-102.58118,1360,G13D48,0,0,0,0
50360149,,5,Coahuila de Zaragoza,Coah.,36,Viesca,149,Sector 6 la Ventana Veintiocho-Veintinueve,R,"25°18´46.292N""","103°29´13.546W""",25.312859,-103.487096,1186,G13D35,0,0,0,0
50360150,,5,Coahuila de Zaragoza,Coah.,36,Viesca,150,Sector 6 la Ventana Veintiocho-Veintisiete,R,"25°18´38.054N""","103°28´51.277W""",25.310571,-103.48091,1199,G13D35,2,*,*,1
50360152,,5,Coahuila de Zaragoza,Coah.,36,Viesca,152,Sector 2 Flor de Mayo Veintisiete-Veintitrés,R,"25°21´36.608N""","103°27´10.886W""",25.360169,-103.453024,1181,G13D35,5,*,*,1
50360157,,5,Coahuila de Zaragoza,Coah.,36,Viesca,157,Cinco de Mayo,R,"25°03´21.620N""","102°32´17.437W""",25.056006,-102.538177,1414,G13D48,70,39,31,20
50360158,,5,Coahuila de Zaragoza,Coah.,36,Viesca,158,Sector Quince Mieleras,R,"25°21´12.370N""","103°16´40.830W""",25.353436,-103.278008,1130,G13D36,0,0,0,0
50360160,,5,Coahuila de Zaragoza,Coah.,36,Viesca,160,El Cerrito (La Cuadra),R,"25°21´50.620N""","103°21´03.807W""",25.364061,-103.351058,1159,G13D35,0,0,0,0
50360161,,5,Coahuila de Zaragoza,Coah.,36,Viesca,161,El Cerrito (La Granja),R,"25°21´24.252N""","103°20´59.410W""",25.356737,-103.349836,1162,G13D35,0,0,0,0
50360162,,5,Coahuila de Zaragoza,Coah.,36,Viesca,162,El Uno,R,"25°19´20.606N""","103°17´08.851W""",25.32239,-103.285792,1160,G13D36,1,*,*,1
50360163,,5,Coahuila de Zaragoza,Coah.,36,Viesca,163,Boquillas Dos,R,"25°19´10.660N""","103°16´40.739W""",25.319627,-103.277982,1149,G13D36,0,0,0,0
50360164,,5,Coahuila de Zaragoza,Coah.,36,Viesca,164,Sector Cuatro Mieleras,R,"25°20´43.751N""","103°15´52.625W""",25.345486,-103.264618,1139,G13D36,0,0,0,0
50360165,,5,Coahuila de Zaragoza,Coah.,36,Viesca,165,Sector Seis Mieleras,R,"25°22´35.169N""","103°15´36.874W""",25.376435,-103.260243,1131,G13D36,0,0,0,0
50360166,,5,Coahuila de Zaragoza,Coah.,36,Viesca,166,Sector Dos la Rosita,R,"25°24´29.223N""","103°14´16.885W""",25.408118,-103.238023,1129,G13D36,0,0,0,0
50360168,,5,Coahuila de Zaragoza,Coah.,36,Viesca,168,Sector Nueve Mieleras,R,"25°22´59.290N""","103°18´06.380W""",25.383135,-103.301772,1148,G13D36,1,*,*,1
50360169,,5,Coahuila de Zaragoza,Coah.,36,Viesca,169,Sector Ocho B Mieleras,R,"25°22´06.438N""","103°17´39.125W""",25.368454,-103.294201,1142,G13D36,1,*,*,1
50360170,,5,Coahuila de Zaragoza,Coah.,36,Viesca,170,8 de Abril (Pozo 2030) [Sociedad de Producción Agropecuaria],R,"25°18´15.669N""","103°29´07.182W""",25.304353,-103.485328,1187,G13D35,0,0,0,0
50360171,,5,Coahuila de Zaragoza,Coah.,36,Viesca,171,Noria los Marchanes,R,"25°18´59.130N""","103°28´59.010W""",25.316425,-103.483058,1183,G13D35,7,*,*,1
50360172,,5,Coahuila de Zaragoza,Coah.,36,Viesca,172,Ventana Dos [Establo],R,"25°20´06.381N""","103°28´29.378W""",25.335106,-103.474827,1177,G13D35,0,0,0,0
50360176,,5,Coahuila de Zaragoza,Coah.,36,Viesca,176,San Manuel Sociedad,R,"25°24´15.116N""","103°08´42.079W""",25.404199,-103.145022,1118,G13D36,1,*,*,1
50360178,,5,Coahuila de Zaragoza,Coah.,36,Viesca,178,Sector 3 Ignacio Zaragoza (Noria de las Víboras),R,"25°20´44.569N""","103°06´46.409W""",25.345713,-103.112891,1107,G13D36,0,0,0,0
50360180,,5,Coahuila de Zaragoza,Coah.,36,Viesca,180,Rancho Alegre,R,"25°28´41.336N""","103°04´04.061W""",25.478148,-103.067794,1107,G13D36,6,*,*,1
50360181,,5,Coahuila de Zaragoza,Coah.,36,Viesca,181,La Fe,R,"25°14´15.995N""","102°35´30.280W""",25.237776,-102.591744,1144,G13D48,0,0,0,0
50360185,,5,Coahuila de Zaragoza,Coah.,36,Viesca,185,La Cuchilla (Noria Villa de Bilbao 3089),R,"25°30´02.040N""","102°52´43.139W""",25.500567,-102.878649,1098,G13D27,2,*,*,1
50360186,,5,Coahuila de Zaragoza,Coah.,36,Viesca,186,Noria Villa de Bilbao Dos Mil Novecientos,R,"25°28´28.679N""","102°50´20.069W""",25.474632,-102.838908,1098,G13D37,0,0,0,0
50360187,,5,Coahuila de Zaragoza,Coah.,36,Viesca,187,Luz María (Los García),R,"25°05´19.529N""","103°02´38.374W""",25.088758,-103.043992,1472,G13D46,0,0,0,0
50360191,,5,Coahuila de Zaragoza,Coah.,36,Viesca,191,Gilita Sociedad (La Colorada),R,"25°24´03.064N""","103°11´18.148W""",25.400851,-103.188374,1127,G13D36,0,0,0,0
50360192,,5,Coahuila de Zaragoza,Coah.,36,Viesca,192,Sector Ocho A Mieleras,R,"25°23´20.253N""","103°17´32.617W""",25.388959,-103.292393,1147,G13D36,4,*,*,1
50360193,,5,Coahuila de Zaragoza,Coah.,36,Viesca,193,Sector Tres,R,"25°21´56.942N""","103°15´51.928W""",25.365817,-103.264424,1139,G13D36,0,0,0,0
50360195,,5,Coahuila de Zaragoza,Coah.,36,Viesca,195,Paulin Juárez García,R,"25°22´58.689N""","103°25´22.599W""",25.382969,-103.422944,1178,G13D35,0,0,0,0
50360197,,5,Coahuila de Zaragoza,Coah.,36,Viesca,197,La Cabaña,R,"25°25´54.945N""","102°54´03.392W""",25.431929,-102.900942,1092,G13D37,0,0,0,0
50360198,,5,Coahuila de Zaragoza,Coah.,36,Viesca,198,Graciano Sánchez,R,"25°05´46.459N""","102°58´18.789W""",25.096238,-102.971885,1451,G13D47,0,0,0,0
50360199,,5,Coahuila de Zaragoza,Coah.,36,Viesca,199,El Esterito Dos,R,"25°23´35.289N""","103°23´12.289W""",25.393136,-103.386747,1152,G13D35,0,0,0,0
50360200,,5,Coahuila de Zaragoza,Coah.,36,Viesca,200,Noria Veintisiete Once,R,"25°22´54.659N""","103°22´57.364W""",25.381849,-103.3826,1174,G13D35,1,*,*,1
50360204,,5,Coahuila de Zaragoza,Coah.,36,Viesca,204,Sector Ocho B Mieleras,R,"25°23´06.080N""","103°17´53.940W""",25.385022,-103.298316,1149,G13D36,3,*,*,1
50360205,,5,Coahuila de Zaragoza,Coah.,36,Viesca,205,Boquilla de las Perlas (Veintiocho Catorce),R,"25°20´27.505N""","103°17´22.979W""",25.340973,-103.289716,1145,G13D36,4,*,*,1
50360206,,5,Coahuila de Zaragoza,Coah.,36,Viesca,206,Sector Cinco Boquilla de las Perlas (Las Víboras),R,"25°18´44.735N""","103°16´15.703W""",25.312426,-103.271028,1145,G13D36,2,*,*,1
50360207,,5,Coahuila de Zaragoza,Coah.,36,Viesca,207,Sector Ocho Mieleras,R,"25°22´59.820N""","103°17´55.105W""",25.383283,-103.29864,1148,G13D36,0,0,0,0
50360209,,5,Coahuila de Zaragoza,Coah.,36,Viesca,209,Noria el Pozo,R,"25°19´10.986N""","102°58´28.046W""",25.319718,-102.974457,1108,G13D37,0,0,0,0
50360210,,5,Coahuila de Zaragoza,Coah.,36,Viesca,210,Sector Tres Gabino Vázquez,R,"25°27´57.040N""","103°04´35.730W""",25.465844,-103.076591,1108,G13D36,0,0,0,0
50360211,,5,Coahuila de Zaragoza,Coah.,36,Viesca,211,Sector Cuatro Gabino Vázquez,R,"25°27´23.440N""","103°04´53.910W""",25.456511,-103.081641,1109,G13D36,1,*,*,1
50360212,,5,Coahuila de Zaragoza,Coah.,36,Viesca,212,Zapopan,R,"25°22´08.820N""","103°20´28.960W""",25.369116,-103.341377,1169,G13D35,6,*,*,1
50360213,,5,Coahuila de Zaragoza,Coah.,36,Viesca,213,La Fe [Empacadora],R,"25°23´10.260N""","103°08´11.220W""",25.386183,-103.13645,1114,G13D36,2,*,*,2
50360214,,5,Coahuila de Zaragoza,Coah.,36,Viesca,214,El Alto del Palomillo,R,"25°14´51.400N""","103°12´29.920W""",25.247611,-103.208311,1244,G13D46,0,0,0,0
50360215,,5,Coahuila de Zaragoza,Coah.,36,Viesca,215,Empaque Dos (Enrique Vargas),R,"25°20´28.980N""","103°17´17.420W""",25.341383,-103.288172,1142,G13D36,11,*,*,1
50360216,,5,Coahuila de Zaragoza,Coah.,36,Viesca,216,Empaque Uno (Uriel Vargas),R,"25°20´50.043N""","103°17´30.733W""",25.347234,-103.29187,1135,G13D36,7,4,3,4
50360217,,5,Coahuila de Zaragoza,Coah.,36,Viesca,217,Manuel Delgado,R,"25°18´15.317N""","103°28´46.483W""",25.304255,-103.479578,1186,G13D35,4,*,*,1
50360218,,5,Coahuila de Zaragoza,Coah.,36,Viesca,218,Don Víctor,R,"25°22´51.770N""","103°25´29.500W""",25.381047,-103.42486,1178,G13D35,0,0,0,0
