MAPA,Estatus,CVE_ENT,NOM_ENT,NOM_ABR,CVE_MUN,NOM_MUN,CVE_LOC,NOM_LOC,AMBITO,LATITUD,LONGITUD,LAT_DECIMAL,LON_DECIMAL,ALTITUD,CVE_CARTA,POB_TOTAL,POB_MASCULINA,POB_FEMENINA,TOTAL DE VIVIENDAS HABITADAS
50030001,,5,Coahuila de Zaragoza,Coah.,3,Allende,1,Allende,U,"28°20´50.000N""","100°51´15.000W""",28.347222,-100.854167,378,H14C74,21376,10600,10776,6321
50030002,,5,Coahuila de Zaragoza,Coah.,3,Allende,2,Allende,R,"28°21´13.084N""","100°47´57.673W""",28.353634,-100.799353,357,H14C74,0,0,0,0
50030004,,5,Coahuila de Zaragoza,Coah.,3,Allende,4,Chamacuero (El Seis),R,"28°15´20.980N""","100°53´42.540W""",28.255828,-100.89515,433,H14C74,52,29,23,28
50030007,,5,Coahuila de Zaragoza,Coah.,3,Allende,7,Santa Margarita,R,"28°17´55.818N""","100°57´36.459W""",28.298838,-100.960128,427,H14C74,0,0,0,0
50030012,,5,Coahuila de Zaragoza,Coah.,3,Allende,12,Palomas y Dolores,R,"28°17´55.190N""","100°53´23.799W""",28.298664,-100.889944,418,H14C74,0,0,0,0
50030013,,5,Coahuila de Zaragoza,Coah.,3,Allende,13,Palomas y Dolores,R,"28°17´11.293N""","100°53´20.288W""",28.28647,-100.888969,420,H14C74,2,*,*,1
50030014,,5,Coahuila de Zaragoza,Coah.,3,Allende,14,El Pato,R,"28°15´53.039N""","100°57´34.580W""",28.264733,-100.959606,456,H14C74,1,*,*,1
50030016,,5,Coahuila de Zaragoza,Coah.,3,Allende,16,Río Bravo,R,"28°18´39.459N""","100°55´12.879W""",28.310961,-100.920244,423,H14C74,1190,591,599,361
50030020,,5,Coahuila de Zaragoza,Coah.,3,Allende,20,La Tembladora,R,"28°19´41.039N""","100°54´40.569W""",28.328066,-100.911269,402,H14C74,0,0,0,0
50030024,,5,Coahuila de Zaragoza,Coah.,3,Allende,24,El Abuelo (El Bosque),R,"28°19´27.869N""","100°52´44.794W""",28.324407,-100.879109,397,H14C74,2,*,*,1
50030025,,5,Coahuila de Zaragoza,Coah.,3,Allende,25,El Milagro,R,"28°19´34.652N""","100°52´49.988W""",28.326292,-100.880552,396,H14C74,0,0,0,0
50030027,,5,Coahuila de Zaragoza,Coah.,3,Allende,27,Santa Martha,R,"28°21´34.989N""","100°51´23.720W""",28.359719,-100.856589,375,H14C74,0,0,0,0
50030028,,5,Coahuila de Zaragoza,Coah.,3,Allende,28,Don Pedro,R,"28°21´46.550N""","100°51´33.322W""",28.362931,-100.859256,375,H14C74,0,0,0,0
50030031,,5,Coahuila de Zaragoza,Coah.,3,Allende,31,Las Marías (Ojo de Agua),R,"28°19´49.562N""","100°56´28.467W""",28.330433,-100.941241,411,H14C74,6,*,*,1
50030032,,5,Coahuila de Zaragoza,Coah.,3,Allende,32,Siete Torres,R,"28°21´02.679N""","100°52´56.319W""",28.350744,-100.88231,388,H14C74,0,0,0,0
50030034,,5,Coahuila de Zaragoza,Coah.,3,Allende,34,El Cincuenta,R,"28°20´57.138N""","100°49´54.764W""",28.349205,-100.831878,369,H14C74,0,0,0,0
50030036,,5,Coahuila de Zaragoza,Coah.,3,Allende,36,Mi Ranchito,R,"28°22´03.830N""","100°51´35.930W""",28.36773,-100.859981,374,H14C74,1,*,*,1
50030037,,5,Coahuila de Zaragoza,Coah.,3,Allende,37,La Liebre,R,"28°21´49.870N""","100°50´52.019W""",28.363853,-100.847783,370,H14C74,0,0,0,0
50030038,,5,Coahuila de Zaragoza,Coah.,3,Allende,38,Poco Bueno,R,"28°17´55.929N""","100°57´17.560W""",28.298869,-100.954878,426,H14C74,1,*,*,1
50030040,,5,Coahuila de Zaragoza,Coah.,3,Allende,40,El Indio,R,"28°22´20.370N""","100°49´17.429W""",28.372324,-100.821507,358,H14C74,0,0,0,0
50030041,,5,Coahuila de Zaragoza,Coah.,3,Allende,41,La Molinera,R,"28°20´11.069N""","100°52´08.349W""",28.336408,-100.868985,390,H14C74,0,0,0,0
50030043,,5,Coahuila de Zaragoza,Coah.,3,Allende,43,La Huizachada (La Hacienda),R,"28°19´36.371N""","100°50´16.074W""",28.326769,-100.837798,379,H14C74,0,0,0,0
50030045,,5,Coahuila de Zaragoza,Coah.,3,Allende,45,El Jardín,R,"28°20´40.350N""","100°49´43.983W""",28.344541,-100.828884,371,H14C74,0,0,0,0
50030048,,5,Coahuila de Zaragoza,Coah.,3,Allende,48,Mariano Flores (San José),R,"28°22´01.288N""","100°49´34.902W""",28.367024,-100.826361,362,H14C74,0,0,0,0
50030049,,5,Coahuila de Zaragoza,Coah.,3,Allende,49,Los Corrales,R,"28°20´59.809N""","100°48´44.947W""",28.349947,-100.812485,363,H14C74,0,0,0,0
50030052,,5,Coahuila de Zaragoza,Coah.,3,Allende,52,El Comanche,R,"28°19´01.440N""","100°54´59.730W""",28.317066,-100.916592,409,H14C74,0,0,0,0
50030053,,5,Coahuila de Zaragoza,Coah.,3,Allende,53,Ojo de Agua (El Consuelo),R,"28°17´44.090N""","100°57´51.509W""",28.29558,-100.964308,429,H14C74,0,0,0,0
50030056,,5,Coahuila de Zaragoza,Coah.,3,Allende,56,Villa de Guadalupe,R,"28°17´46.519N""","100°57´26.679W""",28.296255,-100.957411,427,H14C74,4,*,*,1
50030057,,5,Coahuila de Zaragoza,Coah.,3,Allende,57,La Mota,R,"28°19´45.990N""","100°52´31.709W""",28.329441,-100.875474,394,H14C74,3,*,*,1
50030058,,5,Coahuila de Zaragoza,Coah.,3,Allende,58,Enrique Navarro Montemayor (Santa Cecilia),R,"28°19´09.990N""","100°53´39.339W""",28.319441,-100.894261,403,H14C74,0,0,0,0
50030063,,5,Coahuila de Zaragoza,Coah.,3,Allende,63,El Paraíso,R,"28°18´07.180N""","100°56´57.804W""",28.301994,-100.94939,421,H14C74,0,0,0,0
50030065,,5,Coahuila de Zaragoza,Coah.,3,Allende,65,Los Pinos,R,"28°18´56.919N""","100°54´02.589W""",28.315811,-100.900719,407,H14C74,0,0,0,0
50030066,,5,Coahuila de Zaragoza,Coah.,3,Allende,66,Casa Blanca,R,"28°19´10.565N""","100°53´30.686W""",28.319601,-100.891857,402,H14C74,4,*,*,1
50030067,,5,Coahuila de Zaragoza,Coah.,3,Allende,67,Los Nogalitos,R,"28°19´27.890N""","100°52´55.650W""",28.324413,-100.882124,397,H14C74,0,0,0,0
50030068,,5,Coahuila de Zaragoza,Coah.,3,Allende,68,El Salitre Tres (Monsiváis),R,"28°14´24.680N""","100°54´24.950W""",28.240189,-100.906931,445,H14C84,0,0,0,0
50030069,,5,Coahuila de Zaragoza,Coah.,3,Allende,69,Los Galindo,R,"28°13´21.029N""","100°56´39.580W""",28.222507,-100.944327,470,H14C84,0,0,0,0
50030070,,5,Coahuila de Zaragoza,Coah.,3,Allende,70,El Encino,R,"28°16´27.719N""","100°59´12.680W""",28.274366,-100.986855,448,H14C74,0,0,0,0
50030071,,5,Coahuila de Zaragoza,Coah.,3,Allende,71,El Centenario,R,"28°17´34.100N""","100°58´31.209W""",28.292805,-100.975335,430,H14C74,2,*,*,1
50030072,,5,Coahuila de Zaragoza,Coah.,3,Allende,72,La Ladrillera,R,"28°19´44.150N""","100°52´07.719W""",28.32893,-100.86881,392,H14C74,0,0,0,0
50030073,,5,Coahuila de Zaragoza,Coah.,3,Allende,73,Bakará [Centro Nocturno],R,"28°19´42.290N""","100°52´15.350W""",28.328413,-100.87093,393,H14C74,0,0,0,0
50030074,,5,Coahuila de Zaragoza,Coah.,3,Allende,74,Río Vista (Parque Paraíso) [Motel],R,"28°17´29.879N""","100°57´39.769W""",28.291633,-100.961047,432,H14C74,2,*,*,1
50030075,,5,Coahuila de Zaragoza,Coah.,3,Allende,75,Tomás Navarro Valdez,R,"28°19´15.020N""","100°53´43.760W""",28.320838,-100.895489,403,H14C74,0,0,0,0
50030076,,5,Coahuila de Zaragoza,Coah.,3,Allende,76,Las Playas [Zona de Tolerancia],R,"28°20´31.417N""","100°49´50.132W""",28.34206,-100.830592,372,H14C74,0,0,0,0
50030080,,5,Coahuila de Zaragoza,Coah.,3,Allende,80,El Galeno,R,"28°16´36.329N""","100°58´38.269W""",28.276757,-100.977296,446,H14C74,4,*,*,1
50030081,,5,Coahuila de Zaragoza,Coah.,3,Allende,81,San Ángel [Mini Súper],R,"28°19´20.394N""","100°53´20.168W""",28.322331,-100.888935,399,H14C74,0,0,0,0
50030082,,5,Coahuila de Zaragoza,Coah.,3,Allende,82,María Isabel (El Encino) [Restaurante],R,"28°16´57.259N""","100°58´59.409W""",28.282571,-100.983169,441,H14C74,0,0,0,0
50030084,,5,Coahuila de Zaragoza,Coah.,3,Allende,84,Hipólito Peña,R,"28°21´48.440N""","100°51´38.409W""",28.363456,-100.860669,376,H14C74,0,0,0,0
50030086,,5,Coahuila de Zaragoza,Coah.,3,Allende,86,El Pesebre,R,"28°20´04.589N""","100°55´34.770W""",28.334608,-100.926324,410,H14C74,0,0,0,0
50030087,,5,Coahuila de Zaragoza,Coah.,3,Allende,87,Carolina,R,"28°19´03.929N""","100°54´23.370W""",28.317757,-100.906492,406,H14C74,1,*,*,1
50030088,,5,Coahuila de Zaragoza,Coah.,3,Allende,88,La Muralla,R,"28°18´14.389N""","100°52´07.060W""",28.303997,-100.868627,405,H14C74,0,0,0,0
50030089,,5,Coahuila de Zaragoza,Coah.,3,Allende,89,Ninguno [Aduana],R,"28°19´02.769N""","100°53´58.329W""",28.317435,-100.899536,405,H14C74,0,0,0,0
50030091,,5,Coahuila de Zaragoza,Coah.,3,Allende,91,Ojo de Esteban,R,"28°20´57.570N""","100°53´26.379W""",28.349325,-100.890661,390,H14C74,0,0,0,0
50030092,,5,Coahuila de Zaragoza,Coah.,3,Allende,92,Los Tres Fresnos,R,"28°19´55.840N""","100°53´56.630W""",28.332177,-100.899064,400,H14C74,0,0,0,0
50030093,,5,Coahuila de Zaragoza,Coah.,3,Allende,93,Palomas,R,"28°18´16.819N""","100°53´27.589W""",28.304672,-100.890997,412,H14C74,0,0,0,0
50030095,,5,Coahuila de Zaragoza,Coah.,3,Allende,95,El Ranchito,R,"28°20´17.638N""","100°50´08.430W""",28.338232,-100.835675,376,H14C74,1,*,*,1
50030096,,5,Coahuila de Zaragoza,Coah.,3,Allende,96,Rancho Chiquito,R,"28°17´14.084N""","100°57´59.979W""",28.287245,-100.966661,434,H14C74,1,*,*,1
50030099,,5,Coahuila de Zaragoza,Coah.,3,Allende,99,El Salitre,R,"28°14´21.702N""","100°55´34.449W""",28.239361,-100.926235,453,H14C84,0,0,0,0
50030101,,5,Coahuila de Zaragoza,Coah.,3,Allende,101,La Tembladora,R,"28°18´54.479N""","100°54´45.450W""",28.315133,-100.912625,410,H14C74,262,129,133,75
50030107,,5,Coahuila de Zaragoza,Coah.,3,Allende,107,Siete Once [Depósito],R,"28°19´58.540N""","100°53´00.359W""",28.332927,-100.883433,393,H14C74,0,0,0,0
50030109,,5,Coahuila de Zaragoza,Coah.,3,Allende,109,Fracción los Medina,R,"28°21´45.199N""","100°49´56.740W""",28.362555,-100.832427,365,H14C74,0,0,0,0
50030111,,5,Coahuila de Zaragoza,Coah.,3,Allende,111,Los Compadres [Restaurante],R,"28°21´59.369N""","100°52´11.579W""",28.366491,-100.869882,379,H14C74,2,*,*,1
50030112,,5,Coahuila de Zaragoza,Coah.,3,Allende,112,Santa Rosa,R,"28°21´13.979N""","100°50´34.259W""",28.353883,-100.842849,372,H14C74,0,0,0,0
50030114,,5,Coahuila de Zaragoza,Coah.,3,Allende,114,Los Pepes,R,"28°21´29.800N""","100°49´46.610W""",28.358278,-100.829613,366,H14C74,0,0,0,0
50030115,,5,Coahuila de Zaragoza,Coah.,3,Allende,115,Jesús Canales,R,"28°21´11.779N""","100°48´33.860W""",28.353272,-100.809406,360,H14C74,0,0,0,0
50030116,,5,Coahuila de Zaragoza,Coah.,3,Allende,116,Los Sauces,R,"28°21´02.234N""","100°48´54.267W""",28.350621,-100.815074,363,H14C74,0,0,0,0
50030124,,5,Coahuila de Zaragoza,Coah.,3,Allende,124,Moreno [Transcarga de Ganado],R,"28°19´48.979N""","100°52´08.289W""",28.330271,-100.868969,392,H14C74,0,0,0,0
50030127,,5,Coahuila de Zaragoza,Coah.,3,Allende,127,Oscar Barrón,R,"28°19´01.970N""","100°54´00.719W""",28.317213,-100.9002,406,H14C74,6,*,*,1
50030129,,5,Coahuila de Zaragoza,Coah.,3,Allende,129,Elizondo [Triturados],R,"28°19´04.601N""","100°53´53.990W""",28.317944,-100.89833,405,H14C74,2,*,*,1
50030130,,5,Coahuila de Zaragoza,Coah.,3,Allende,130,Ignacio Salazar,R,"28°20´05.045N""","100°53´44.532W""",28.334734,-100.895703,400,H14C74,0,0,0,0
50030131,,5,Coahuila de Zaragoza,Coah.,3,Allende,131,Huerta Quinta María Teresa (Guillermo Álvarez),R,"28°19´14.700N""","100°53´30.090W""",28.320749,-100.891691,401,H14C74,2,*,*,1
50030136,,5,Coahuila de Zaragoza,Coah.,3,Allende,136,Enrique Lira (Osmar),R,"28°18´20.779N""","100°56´30.450W""",28.305772,-100.941791,419,H14C74,0,0,0,0
50030138,,5,Coahuila de Zaragoza,Coah.,3,Allende,138,El Dorado (Jesús López),R,"28°22´24.430N""","100°50´10.759W""",28.373452,-100.836322,362,H14C74,0,0,0,0
50030139,,5,Coahuila de Zaragoza,Coah.,3,Allende,139,Santa Martha Dos,R,"28°21´55.087N""","100°50´54.456W""",28.365302,-100.84846,369,H14C74,0,0,0,0
50030141,,5,Coahuila de Zaragoza,Coah.,3,Allende,141,El Papalote (Emilio Treviño),R,"28°19´17.320N""","100°51´15.249W""",28.321477,-100.854236,389,H14C74,1,*,*,1
50030142,,5,Coahuila de Zaragoza,Coah.,3,Allende,142,José Martín Trinidad Maltos,R,"28°19´36.369N""","100°50´59.939W""",28.326769,-100.849983,385,H14C74,1,*,*,1
50030145,,5,Coahuila de Zaragoza,Coah.,3,Allende,145,Silicas Independientes de Coahuila [Molino],R,"28°21´55.259N""","100°51´32.159W""",28.36535,-100.858933,374,H14C74,0,0,0,0
50030146,,5,Coahuila de Zaragoza,Coah.,3,Allende,146,Martha Rodríguez,R,"28°21´04.948N""","100°48´38.556W""",28.351374,-100.81071,361,H14C74,0,0,0,0
50030147,,5,Coahuila de Zaragoza,Coah.,3,Allende,147,La Esmeralda,R,"28°22´00.716N""","100°46´46.971W""",28.366865,-100.779714,346,H14C74,0,0,0,0
50030149,,5,Coahuila de Zaragoza,Coah.,3,Allende,149,El Picadero,R,"28°19´35.869N""","100°50´48.900W""",28.32663,-100.846916,384,H14C74,0,0,0,0
50030150,,5,Coahuila de Zaragoza,Coah.,3,Allende,150,Alfonso Valdez,R,"28°22´13.664N""","100°47´22.248W""",28.370462,-100.789513,349,H14C74,0,0,0,0
50030151,,5,Coahuila de Zaragoza,Coah.,3,Allende,151,Los Tres Potrillos,R,"28°22´19.963N""","100°48´31.029W""",28.372211,-100.808619,351,H14C74,0,0,0,0
50030152,,5,Coahuila de Zaragoza,Coah.,3,Allende,152,San José,R,"28°22´40.314N""","100°48´48.180W""",28.377864,-100.813383,353,H14C74,0,0,0,0
50030154,,5,Coahuila de Zaragoza,Coah.,3,Allende,154,Jesús Ibarra,R,"28°19´27.281N""","100°50´33.580W""",28.324244,-100.842661,382,H14C74,2,*,*,1
50030156,,5,Coahuila de Zaragoza,Coah.,3,Allende,156,Antonio Trujillo,R,"28°20´23.409N""","100°54´00.069W""",28.339836,-100.900019,400,H14C74,0,0,0,0
50030157,,5,Coahuila de Zaragoza,Coah.,3,Allende,157,Gaspar Apolinar Casa Nova,R,"28°20´35.459N""","100°52´50.459W""",28.343183,-100.880682,390,H14C74,0,0,0,0
50030158,,5,Coahuila de Zaragoza,Coah.,3,Allende,158,Nueva Frontera,R,"28°21´37.749N""","100°52´26.510W""",28.360486,-100.87403,383,H14C74,48,22,26,14
50030159,,5,Coahuila de Zaragoza,Coah.,3,Allende,159,Nicolás Portales,R,"28°21´34.939N""","100°50´44.319W""",28.359705,-100.845644,370,H14C74,5,*,*,1
50030160,,5,Coahuila de Zaragoza,Coah.,3,Allende,160,Los Cuatro Vientos [Bar],R,"28°19´38.129N""","100°52´32.580W""",28.327257,-100.875716,395,H14C74,0,0,0,0
50030162,,5,Coahuila de Zaragoza,Coah.,3,Allende,162,Valle Verde,R,"28°16´42.839N""","100°58´17.910W""",28.278566,-100.971641,443,H14C74,0,0,0,0
50030164,,5,Coahuila de Zaragoza,Coah.,3,Allende,164,José Moreno,R,"28°15´56.090N""","100°53´52.590W""",28.265581,-100.897941,431,H14C74,0,0,0,0
50030165,,5,Coahuila de Zaragoza,Coah.,3,Allende,165,Elsa Nélida Flores de Lozano (Palomas),R,"28°18´21.549N""","100°53´23.529W""",28.305986,-100.889869,410,H14C74,0,0,0,0
50030166,,5,Coahuila de Zaragoza,Coah.,3,Allende,166,Joaquín Guzmán,R,"28°18´17.920N""","100°52´56.330W""",28.304978,-100.882313,407,H14C74,0,0,0,0
50030167,,5,Coahuila de Zaragoza,Coah.,3,Allende,167,Ismael Martínez Franco (Palomas y Dolores),R,"28°18´38.699N""","100°52´43.600W""",28.31075,-100.878777,404,H14C74,0,0,0,0
50030168,,5,Coahuila de Zaragoza,Coah.,3,Allende,168,Ábrego,R,"28°19´05.199N""","100°53´13.279W""",28.31811,-100.887022,400,H14C74,0,0,0,0
50030169,,5,Coahuila de Zaragoza,Coah.,3,Allende,169,Juan Ortiz,R,"28°19´43.398N""","100°53´35.990W""",28.328721,-100.89333,400,H14C74,0,0,0,0
50030170,,5,Coahuila de Zaragoza,Coah.,3,Allende,170,Marco Antonio Mendoza,R,"28°19´50.709N""","100°54´03.708W""",28.330752,-100.90103,400,H14C74,0,0,0,0
50030171,,5,Coahuila de Zaragoza,Coah.,3,Allende,171,La Tembladora,R,"28°20´01.469N""","100°55´27.109W""",28.333741,-100.924196,410,H14C74,5,*,*,1
50030174,,5,Coahuila de Zaragoza,Coah.,3,Allende,174,Los Laureles,R,"28°19´41.189N""","100°53´24.550W""",28.328107,-100.890152,398,H14C74,0,0,0,0
50030175,,5,Coahuila de Zaragoza,Coah.,3,Allende,175,Benjamín Realme,R,"28°19´22.140N""","100°53´55.690W""",28.322816,-100.898802,403,H14C74,0,0,0,0
50030176,,5,Coahuila de Zaragoza,Coah.,3,Allende,176,Macario Trujillo,R,"28°19´59.440N""","100°54´40.827W""",28.333177,-100.911341,403,H14C74,0,0,0,0
50030177,,5,Coahuila de Zaragoza,Coah.,3,Allende,177,La Mariposa,R,"28°18´44.193N""","100°55´25.533W""",28.312276,-100.923759,413,H14C74,0,0,0,0
50030178,,5,Coahuila de Zaragoza,Coah.,3,Allende,178,Raúl López de Luna (Ojo de Agua),R,"28°18´51.210N""","100°56´09.930W""",28.314225,-100.936091,414,H14C74,1,*,*,1
50030179,,5,Coahuila de Zaragoza,Coah.,3,Allende,179,San Fernando,R,"28°12´50.789N""","100°58´36.639W""",28.214108,-100.976844,499,H14C84,0,0,0,0
50030180,,5,Coahuila de Zaragoza,Coah.,3,Allende,180,El Gavilán,R,"28°12´08.499N""","100°57´23.919W""",28.202361,-100.956644,479,H14C84,0,0,0,0
50030181,,5,Coahuila de Zaragoza,Coah.,3,Allende,181,San Isidro (Elías Galindo),R,"28°12´58.889N""","100°55´24.189W""",28.216358,-100.923385,460,H14C84,0,0,0,0
50030182,,5,Coahuila de Zaragoza,Coah.,3,Allende,182,La Piedra,R,"28°14´15.860N""","101°01´42.009W""",28.237739,-101.028335,519,H14C83,8,4,4,4
50030185,,5,Coahuila de Zaragoza,Coah.,3,Allende,185,Indalecio López Arizpe,R,"28°18´10.879N""","100°53´32.380W""",28.303022,-100.892327,415,H14C74,5,3,2,3
50030186,,5,Coahuila de Zaragoza,Coah.,3,Allende,186,El Coyotillo,R,"28°14´52.378N""","100°53´31.401W""",28.247882,-100.892056,439,H14C84,0,0,0,0
50030187,,5,Coahuila de Zaragoza,Coah.,3,Allende,187,JZG,R,"28°21´46.509N""","100°52´14.779W""",28.362919,-100.870771,381,H14C74,0,0,0,0
50030188,,5,Coahuila de Zaragoza,Coah.,3,Allende,188,Efraín Fuentes,R,"28°20´17.689N""","100°52´52.039W""",28.338247,-100.881121,391,H14C74,0,0,0,0
50030189,,5,Coahuila de Zaragoza,Coah.,3,Allende,189,La Gallera,R,"28°21´10.280N""","100°52´30.060W""",28.352856,-100.875016,382,H14C74,1,*,*,1
50030190,,5,Coahuila de Zaragoza,Coah.,3,Allende,190,Antonio Hernández Ortiz,R,"28°21´35.039N""","100°48´34.099W""",28.359733,-100.809472,358,H14C74,0,0,0,0
50030191,,5,Coahuila de Zaragoza,Coah.,3,Allende,191,Baldo Valdez,R,"28°19´35.181N""","100°52´48.520W""",28.326439,-100.880144,395,H14C74,2,*,*,1
50030192,,5,Coahuila de Zaragoza,Coah.,3,Allende,192,Don Casimiro,R,"28°16´46.329N""","100°55´51.629W""",28.279535,-100.931007,445,H14C74,0,0,0,0
50030193,,5,Coahuila de Zaragoza,Coah.,3,Allende,193,Fermín Segura,R,"28°20´44.914N""","100°49´34.186W""",28.345809,-100.826162,370,H14C74,0,0,0,0
50030194,,5,Coahuila de Zaragoza,Coah.,3,Allende,194,Gonzalo de Luna,R,"28°19´07.639N""","100°54´10.248W""",28.318788,-100.902847,406,H14C74,0,0,0,0
50030195,,5,Coahuila de Zaragoza,Coah.,3,Allende,195,Guadalupe Reyna Navarro,R,"28°19´19.160N""","100°55´00.630W""",28.321988,-100.916841,408,H14C74,8,4,4,3
50030196,,5,Coahuila de Zaragoza,Coah.,3,Allende,196,San Fernando,R,"28°19´00.580N""","100°54´26.690W""",28.316827,-100.907414,407,H14C74,1,*,*,1
50030197,,5,Coahuila de Zaragoza,Coah.,3,Allende,197,Jaime López Muñoz,R,"28°21´36.675N""","100°47´57.883W""",28.360188,-100.799412,355,H14C74,0,0,0,0
50030198,,5,Coahuila de Zaragoza,Coah.,3,Allende,198,Jesús Sánchez Mejía,R,"28°22´19.725N""","100°47´34.868W""",28.372145,-100.793019,349,H14C74,0,0,0,0
50030199,,5,Coahuila de Zaragoza,Coah.,3,Allende,199,José María Moreno Ramírez,R,"28°18´28.522N""","100°56´07.802W""",28.307923,-100.9355,416,H14C74,0,0,0,0
50030200,,5,Coahuila de Zaragoza,Coah.,3,Allende,200,José Zertuche,R,"28°21´40.119N""","100°52´19.049W""",28.361144,-100.871957,382,H14C74,0,0,0,0
50030201,,5,Coahuila de Zaragoza,Coah.,3,Allende,201,Juan Hernández,R,"28°19´09.509N""","100°54´56.210W""",28.319307,-100.915614,407,H14C74,5,*,*,1
50030202,,5,Coahuila de Zaragoza,Coah.,3,Allende,202,Juan Román Martínez,R,"28°20´42.999N""","100°49´37.323W""",28.345277,-100.827034,370,H14C74,0,0,0,0
50030203,,5,Coahuila de Zaragoza,Coah.,3,Allende,203,Las Margaritas,R,"28°20´56.119N""","100°53´36.719W""",28.348922,-100.893533,393,H14C74,0,0,0,0
50030204,,5,Coahuila de Zaragoza,Coah.,3,Allende,204,María Victoria de Cintas,R,"28°21´51.620N""","100°52´13.109W""",28.364339,-100.870307,380,H14C74,1,*,*,1
50030205,,5,Coahuila de Zaragoza,Coah.,3,Allende,205,Mario Camarillo Zertuche,R,"28°20´06.090N""","100°55´22.439W""",28.335025,-100.922899,406,H14C74,0,0,0,0
50030207,,5,Coahuila de Zaragoza,Coah.,3,Allende,207,Pablo González,R,"28°21´37.540N""","100°50´12.210W""",28.360428,-100.836725,367,H14C74,0,0,0,0
50030208,,5,Coahuila de Zaragoza,Coah.,3,Allende,208,Los Pinos (González),R,"28°19´02.420N""","100°54´49.550W""",28.317338,-100.913764,408,H14C74,1,*,*,1
50030209,,5,Coahuila de Zaragoza,Coah.,3,Allende,209,Refugio Buentello Aguilar (San José),R,"28°19´09.773N""","100°53´41.667W""",28.319381,-100.894907,404,H14C74,0,0,0,0
50030210,,5,Coahuila de Zaragoza,Coah.,3,Allende,210,Rodolfo Riojas Coronado,R,"28°22´00.398N""","100°48´18.365W""",28.366777,-100.805101,352,H14C74,0,0,0,0
50030211,,5,Coahuila de Zaragoza,Coah.,3,Allende,211,Rogelio Lira López,R,"28°20´39.564N""","100°49´57.156W""",28.344323,-100.832543,372,H14C74,2,*,*,1
50030212,,5,Coahuila de Zaragoza,Coah.,3,Allende,212,El Sauz,R,"28°20´03.940N""","100°54´06.009W""",28.334427,-100.901669,400,H14C74,0,0,0,0
50030213,,5,Coahuila de Zaragoza,Coah.,3,Allende,213,Simón Oliden,R,"28°22´08.710N""","100°48´23.106W""",28.369085,-100.806418,351,H14C74,0,0,0,0
50030214,,5,Coahuila de Zaragoza,Coah.,3,Allende,214,Gardea [Sociedad de Producción Rural],R,"28°17´15.839N""","100°58´01.760W""",28.287733,-100.967155,432,H14C74,0,0,0,0
50030215,,5,Coahuila de Zaragoza,Coah.,3,Allende,215,El Trece (Jesús Treviño),R,"28°20´37.930N""","100°49´43.240W""",28.343869,-100.828677,371,H14C74,0,0,0,0
50030216,,5,Coahuila de Zaragoza,Coah.,3,Allende,216,Los Tres Gerardos,R,"28°20´03.270N""","100°49´49.450W""",28.334241,-100.830402,372,H14C74,0,0,0,0
50030217,,5,Coahuila de Zaragoza,Coah.,3,Allende,217,Valeriano Hernández Lira,R,"28°18´45.619N""","100°52´52.169W""",28.312672,-100.881157,405,H14C74,1,*,*,1
50030218,,5,Coahuila de Zaragoza,Coah.,3,Allende,218,Vicente González Muñoz,R,"28°18´59.121N""","100°54´55.922W""",28.316423,-100.915534,410,H14C74,2,*,*,1
50030219,,5,Coahuila de Zaragoza,Coah.,3,Allende,219,Enrique Jiménez,R,"28°21´51.499N""","100°44´19.629W""",28.364305,-100.738786,327,H14C74,0,0,0,0
50030221,,5,Coahuila de Zaragoza,Coah.,3,Allende,221,El Nogal,R,"28°19´05.549N""","100°53´50.139W""",28.318207,-100.897261,405,H14C74,6,*,*,1
50030222,,5,Coahuila de Zaragoza,Coah.,3,Allende,222,El Durazno,R,"28°21´31.839N""","100°51´51.609W""",28.358844,-100.864336,380,H14C74,2,*,*,1
50030223,,5,Coahuila de Zaragoza,Coah.,3,Allende,223,El Ingeniero,R,"28°19´04.050N""","100°55´11.769W""",28.317791,-100.919935,409,H14C74,0,0,0,0
50030224,,5,Coahuila de Zaragoza,Coah.,3,Allende,224,Armando Guerra,R,"28°19´14.559N""","100°55´02.979W""",28.32071,-100.917494,408,H14C74,0,0,0,0
50030225,,5,Coahuila de Zaragoza,Coah.,3,Allende,225,Antonio López,R,"28°19´24.049N""","100°54´22.539W""",28.323346,-100.906261,403,H14C74,0,0,0,0
50030226,,5,Coahuila de Zaragoza,Coah.,3,Allende,226,Elída González García,R,"28°16´05.139N""","100°53´59.449W""",28.268094,-100.899847,429,H14C74,0,0,0,0
50030227,,5,Coahuila de Zaragoza,Coah.,3,Allende,227,Emiliano Zapata,R,"28°21´04.813N""","100°52´23.698W""",28.351337,-100.873249,383,H14C74,4,*,*,1
50030228,,5,Coahuila de Zaragoza,Coah.,3,Allende,228,Fernando González (Nano),R,"28°18´50.080N""","100°55´30.440W""",28.313911,-100.925122,411,H14C74,0,0,0,0
50030229,,5,Coahuila de Zaragoza,Coah.,3,Allende,229,Jesús Flores,R,"28°19´34.650N""","100°55´03.230W""",28.326291,-100.917563,407,H14C74,7,*,*,2
50030230,,5,Coahuila de Zaragoza,Coah.,3,Allende,230,Alicia Posada Reyna,R,"28°19´28.050N""","100°55´03.090W""",28.324458,-100.917524,408,H14C74,2,*,*,1
50030231,,5,Coahuila de Zaragoza,Coah.,3,Allende,231,Casa Blanca,R,"28°18´29.510N""","100°53´36.960W""",28.308197,-100.8936,411,H14C74,0,0,0,0
50030232,,5,Coahuila de Zaragoza,Coah.,3,Allende,232,El Tres,R,"28°20´01.980N""","100°50´23.020W""",28.333883,-100.839727,378,H14C74,5,*,*,1
50030233,,5,Coahuila de Zaragoza,Coah.,3,Allende,233,Galindo Uno,R,"28°21´14.460N""","100°49´17.150W""",28.354017,-100.82143,364,H14C74,2,*,*,1
50030234,,5,Coahuila de Zaragoza,Coah.,3,Allende,234,El Refugio,R,"28°21´54.360N""","100°49´41.770W""",28.3651,-100.828269,363,H14C74,1,*,*,1
50030235,,5,Coahuila de Zaragoza,Coah.,3,Allende,235,Tercia de Sotas,R,"28°18´59.920N""","100°52´27.200W""",28.316644,-100.874222,398,H14C74,0,0,0,0
50030236,,5,Coahuila de Zaragoza,Coah.,3,Allende,236,San Ramón 2,R,"28°11´57.470N""","101°00´10.150W""",28.199297,-101.002819,542,H14C83,0,0,0,0
