MAPA,Estatus,CVE_ENT,NOM_ENT,NOM_ABR,CVE_MUN,NOM_MUN,CVE_LOC,NOM_LOC,AMBITO,LATITUD,LONGITUD,LAT_DECIMAL,LON_DECIMAL,ALTITUD,CVE_CARTA,POB_TOTAL,POB_MASCULINA,POB_FEMENINA,TOTAL DE VIVIENDAS HABITADAS
50020001,,5,Coahuila de Zaragoza,Coah.,2,Acuña,1,Ciudad Acuña,U,"29°19´48.020N""","100°58´41.730W""",29.330005,-100.978258,291,H14C34,160225,80426,79799,46387
50020002,,5,Coahuila de Zaragoza,Coah.,2,Acuña,2,Agua Verde,R,"29°48´11.390N""","102°09´55.103W""",29.803164,-102.165306,433,H13D19,0,0,0,0
50020004,,5,Coahuila de Zaragoza,Coah.,2,Acuña,4,Los Ángeles,R,"29°30´07.184N""","101°40´43.873W""",29.501996,-101.678853,540,H14C21,1,*,*,1
50020005,,5,Coahuila de Zaragoza,Coah.,2,Acuña,5,Balcones,R,"29°16´47.286N""","100°52´47.319W""",29.279801,-100.87981,270,H14C34,300,151,149,80
50020006,,5,Coahuila de Zaragoza,Coah.,2,Acuña,6,Buena Vista,R,"29°14´50.427N""","100°54´37.398W""",29.247341,-100.910388,320,H14C44,134,68,66,33
50020007,,5,Coahuila de Zaragoza,Coah.,2,Acuña,7,El Bonito (El Cañón Bonito),R,"29°01´06.363N""","102°01´05.428W""",29.018434,-102.018174,1300,H13D49,4,*,*,1
50020010,,5,Coahuila de Zaragoza,Coah.,2,Acuña,10,El Cedrito,R,"29°13´18.630N""","101°52´50.930W""",29.221841,-101.880813,932,H14C41,2,*,*,1
50020011,,5,Coahuila de Zaragoza,Coah.,2,Acuña,11,El Cedroso,R,"29°39´24.052N""","101°31´01.361W""",29.656681,-101.517044,429,H14C22,1,*,*,1
50020012,,5,Coahuila de Zaragoza,Coah.,2,Acuña,12,El Cíbolo,R,"29°30´32.452N""","102°21´56.609W""",29.509014,-102.365725,1049,H13D28,1,*,*,1
50020013,,5,Coahuila de Zaragoza,Coah.,2,Acuña,13,Mariano Escobedo,R,"29°16´12.399N""","102°10´04.320W""",29.27011,-102.167866,1056,H13D39,3,*,*,1
50020015,,5,Coahuila de Zaragoza,Coah.,2,Acuña,15,Braulio Fernández Aguirre (El Paso),R,"29°25´35.720N""","101°57´30.160W""",29.426588,-101.958378,742,H14C31,0,0,0,0
50020016,,5,Coahuila de Zaragoza,Coah.,2,Acuña,16,El Cuatralbo,R,"29°10´26.348N""","101°55´53.261W""",29.173985,-101.931461,1081,H14C41,1,*,*,1
50020017,,5,Coahuila de Zaragoza,Coah.,2,Acuña,17,Cuatro Palmas,R,"29°17´18.529N""","102°33´36.299W""",29.28848,-102.560083,1180,H13D38,1,*,*,1
50020019,,5,Coahuila de Zaragoza,Coah.,2,Acuña,19,José Chávez Ortiz (Las Cuevas),R,"29°18´51.500N""","100°58´23.250W""",29.314306,-100.973124,282,H14C34,0,0,0,0
50020020,,5,Coahuila de Zaragoza,Coah.,2,Acuña,20,Las Cuevas,R,"29°17´43.969N""","100°58´13.009W""",29.295547,-100.97028,296,H14C34,559,284,275,143
50020022,,5,Coahuila de Zaragoza,Coah.,2,Acuña,22,Chupadero del Caballo,R,"29°23´20.609N""","101°48´41.150W""",29.389058,-101.811431,639,H14C31,1,*,*,1
50020023,,5,Coahuila de Zaragoza,Coah.,2,Acuña,23,La Esmeralda,R,"29°14´49.963N""","100°56´14.683W""",29.247212,-100.937412,323,H14C44,71,43,28,19
50020025,,5,Coahuila de Zaragoza,Coah.,2,Acuña,25,La Herradura,R,"29°43´11.299N""","101°42´00.910W""",29.719805,-101.700253,423,H14C21,1,*,*,1
50020027,,5,Coahuila de Zaragoza,Coah.,2,Acuña,27,El Venadito,R,"29°13´56.017N""","100°52´33.073W""",29.232226,-100.875853,294,H14C44,148,73,75,39
50020029,,5,Coahuila de Zaragoza,Coah.,2,Acuña,29,La Linda,R,"29°27´01.779N""","102°49´01.207W""",29.450494,-102.817001,530,H13D37,0,0,0,0
50020032,,5,Coahuila de Zaragoza,Coah.,2,Acuña,32,Mal Abrigo (Antonio Castillo),R,"29°20´32.679N""","102°31´57.699W""",29.342411,-102.532694,1215,H13D38,0,0,0,0
50020033,,5,Coahuila de Zaragoza,Coah.,2,Acuña,33,El Nopal,R,"29°28´04.696N""","101°44´53.791W""",29.46797,-101.748275,603,H14C31,1,*,*,1
50020035,,5,Coahuila de Zaragoza,Coah.,2,Acuña,35,Rancho Nuevo,R,"29°27´02.689N""","102°34´05.559W""",29.450747,-102.56821,884,H13D38,1,*,*,1
50020037,,5,Coahuila de Zaragoza,Coah.,2,Acuña,37,Valle de la Palma (Las Palmas),R,"29°08´18.849N""","102°01´35.473W""",29.138569,-102.02652,1361,H13D49,1,*,*,1
50020039,,5,Coahuila de Zaragoza,Coah.,2,Acuña,39,Pico Etéreo,R,"29°20´43.705N""","102°34´17.475W""",29.345473,-102.57152,1129,H13D38,1,*,*,1
50020042,,5,Coahuila de Zaragoza,Coah.,2,Acuña,42,El Pilar,R,"29°14´12.107N""","100°56´58.702W""",29.236696,-100.949639,326,H14C44,53,27,26,16
50020046,,5,Coahuila de Zaragoza,Coah.,2,Acuña,46,El Salado,R,"29°38´24.444N""","101°45´38.987W""",29.640123,-101.76083,493,H14C21,2,*,*,2
50020047,,5,Coahuila de Zaragoza,Coah.,2,Acuña,47,San Fernando,R,"29°24´48.629N""","101°42´41.609W""",29.413508,-101.711558,596,H14C31,2,*,*,1
50020048,,5,Coahuila de Zaragoza,Coah.,2,Acuña,48,San Ignacio,R,"29°40´32.049N""","101°36´25.750W""",29.675569,-101.607153,499,H14C22,1,*,*,1
50020049,,5,Coahuila de Zaragoza,Coah.,2,Acuña,49,San Juan del Río,R,"29°32´10.178N""","101°19´25.444W""",29.53616,-101.323734,400,H14C23,0,0,0,0
50020052,,5,Coahuila de Zaragoza,Coah.,2,Acuña,52,Santa Ana,R,"29°34´28.829N""","101°51´12.679W""",29.574674,-101.853522,580,H14C21,0,0,0,0
50020053,,5,Coahuila de Zaragoza,Coah.,2,Acuña,53,Santa Rosa,R,"29°38´05.115N""","101°28´10.337W""",29.634754,-101.469537,413,H14C22,2,*,*,2
50020055,,5,Coahuila de Zaragoza,Coah.,2,Acuña,55,Santo Toribio,R,"29°26´09.030N""","101°56´01.659W""",29.435841,-101.933794,739,H14C31,5,*,*,1
50020058,,5,Coahuila de Zaragoza,Coah.,2,Acuña,58,Venustiano Carranza,R,"29°11´54.710N""","102°24´23.494W""",29.19853,-102.406526,1032,H13D48,5,*,*,1
50020059,,5,Coahuila de Zaragoza,Coah.,2,Acuña,59,Dolores Valencia,R,"29°19´58.401N""","102°21´29.114W""",29.332889,-102.358087,947,H13D38,5,*,*,2
50020061,,5,Coahuila de Zaragoza,Coah.,2,Acuña,61,José María Morelos,R,"29°06´02.314N""","102°26´02.080W""",29.100643,-102.433911,1150,H13D48,8,4,4,3
50020062,,5,Coahuila de Zaragoza,Coah.,2,Acuña,62,San Esteban,R,"29°28´58.919N""","102°01´47.379W""",29.483032,-102.029827,726,H13D39,1,*,*,1
50020063,,5,Coahuila de Zaragoza,Coah.,2,Acuña,63,San Esteban de Egipto (El Barcino),R,"29°29´41.129N""","102°11´12.500W""",29.494758,-102.186805,795,H13D39,0,0,0,0
50020064,,5,Coahuila de Zaragoza,Coah.,2,Acuña,64,Alfredo V. Bonfil,R,"29°34´58.260N""","101°20´56.900W""",29.582849,-101.349139,358,H14C22,1,*,*,1
50020067,,5,Coahuila de Zaragoza,Coah.,2,Acuña,67,El Rey,R,"29°32´25.760N""","101°27´07.800W""",29.540489,-101.452167,408,H14C22,2,*,*,2
50020071,,5,Coahuila de Zaragoza,Coah.,2,Acuña,71,El Coyote,R,"29°45´00.023N""","101°57´35.643W""",29.750006,-101.959901,580,H14C11,1,*,*,1
50020072,,5,Coahuila de Zaragoza,Coah.,2,Acuña,72,El Moro (Paso del Moro),R,"29°44´22.189N""","102°03´02.049W""",29.739497,-102.050569,492,H13D29,1,*,*,1
50020073,,5,Coahuila de Zaragoza,Coah.,2,Acuña,73,La Reforma,R,"29°41´38.270N""","101°52´41.441W""",29.693964,-101.878177,580,H14C21,1,*,*,1
50020075,,5,Coahuila de Zaragoza,Coah.,2,Acuña,75,San José (El Cíbolo),R,"29°38´37.500N""","102°20´24.399W""",29.64375,-102.340111,764,H13D28,1,*,*,1
50020076,,5,Coahuila de Zaragoza,Coah.,2,Acuña,76,Los Buras (Llano de los Buras),R,"29°30´25.864N""","102°29´34.012W""",29.507184,-102.492781,942,H13D28,0,0,0,0
50020078,,5,Coahuila de Zaragoza,Coah.,2,Acuña,78,La Peña,R,"29°33´11.632N""","102°31´10.034W""",29.553231,-102.519453,912,H13D28,1,*,*,1
50020079,,5,Coahuila de Zaragoza,Coah.,2,Acuña,79,Ojo de Agua (San Gregorio),R,"29°22´21.699N""","101°20´18.939W""",29.372694,-101.338594,408,H14C32,5,5,0,3
50020080,,5,Coahuila de Zaragoza,Coah.,2,Acuña,80,El Veinte (La Lupe),R,"29°19´29.960N""","102°41´50.610W""",29.324988,-102.697391,822,H13D37,0,0,0,0
50020081,,5,Coahuila de Zaragoza,Coah.,2,Acuña,81,Melchor Múzquiz (Las Vegas de Steelwell),R,"29°24´36.474N""","102°49´55.160W""",29.410132,-102.831988,543,H13D37,0,0,0,0
50020082,,5,Coahuila de Zaragoza,Coah.,2,Acuña,82,San Lorenzo,R,"29°18´20.661N""","101°05´32.523W""",29.305739,-101.092367,331,H14C33,3,*,*,1
50020086,,5,Coahuila de Zaragoza,Coah.,2,Acuña,86,Los Albertos (Los Cuates),R,"29°34´51.831N""","101°38´22.866W""",29.581064,-101.639685,541,H14C22,1,*,*,1
50020089,,5,Coahuila de Zaragoza,Coah.,2,Acuña,89,La Huérfana,R,"29°20´22.167N""","101°43´25.357W""",29.339491,-101.72371,672,H14C31,1,*,*,1
50020090,,5,Coahuila de Zaragoza,Coah.,2,Acuña,90,El Pira,R,"29°20´54.390N""","101°38´22.539W""",29.348441,-101.639594,620,H14C32,1,*,*,1
50020092,,5,Coahuila de Zaragoza,Coah.,2,Acuña,92,La Esperanza,R,"29°23´41.589N""","101°27´27.659W""",29.394886,-101.457683,480,H14C32,1,*,*,1
50020093,,5,Coahuila de Zaragoza,Coah.,2,Acuña,93,Rancho Seco,R,"29°24´43.080N""","101°24´43.539W""",29.411967,-101.412094,423,H14C32,3,3,0,3
50020094,,5,Coahuila de Zaragoza,Coah.,2,Acuña,94,El Olmo,R,"29°22´54.230N""","101°08´25.990W""",29.38173,-101.140552,353,H14C33,3,3,0,3
50020095,,5,Coahuila de Zaragoza,Coah.,2,Acuña,95,Santa Elena,R,"29°38´06.860N""","101°53´28.309W""",29.635239,-101.891197,559,H14C21,0,0,0,0
50020096,,5,Coahuila de Zaragoza,Coah.,2,Acuña,96,Santa María,R,"29°33´16.457N""","101°54´12.015W""",29.554571,-101.903338,602,H14C21,2,*,*,2
50020098,,5,Coahuila de Zaragoza,Coah.,2,Acuña,98,Buenavista,R,"29°04´59.009N""","102°16´04.310W""",29.083057,-102.267863,1288,H13D49,0,0,0,0
50020107,,5,Coahuila de Zaragoza,Coah.,2,Acuña,107,El Consuelo,R,"29°40´16.112N""","102°08´15.553W""",29.671142,-102.137653,548,H13D29,3,*,*,1
50020108,,5,Coahuila de Zaragoza,Coah.,2,Acuña,108,La Chulita,R,"29°48´24.159N""","102°15´49.340W""",29.806711,-102.263706,905,H13D19,0,0,0,0
50020112,,5,Coahuila de Zaragoza,Coah.,2,Acuña,112,La Pileta,R,"29°16´10.710N""","100°54´28.560W""",29.269641,-100.907933,320,H14C34,2,*,*,1
50020119,,5,Coahuila de Zaragoza,Coah.,2,Acuña,119,La Borrada,R,"29°20´43.519N""","102°36´33.990W""",29.345422,-102.609442,1036,H13D38,0,0,0,0
50020120,,5,Coahuila de Zaragoza,Coah.,2,Acuña,120,San Judas Tadeo (La Treinta y Uno),R,"29°22´25.775N""","101°01´19.700W""",29.373826,-101.022138,290,H14C33,4,*,*,2
50020121,,5,Coahuila de Zaragoza,Coah.,2,Acuña,121,El Palmar,R,"29°34´32.180N""","102°15´26.200W""",29.575605,-102.257278,781,H13D29,0,0,0,0
50020122,,5,Coahuila de Zaragoza,Coah.,2,Acuña,122,Agua Chile [Mina],R,"29°15´23.419N""","102°32´44.040W""",29.256505,-102.545566,1340,H13D38,1,*,*,1
50020124,,5,Coahuila de Zaragoza,Coah.,2,Acuña,124,El Alambre,R,"29°16´16.781N""","101°15´01.170W""",29.271327,-101.250325,450,H14C33,1,*,*,1
50020125,,5,Coahuila de Zaragoza,Coah.,2,Acuña,125,Altamira,R,"29°22´34.640N""","102°07´35.870W""",29.376288,-102.12663,1005,H13D39,1,*,*,1
50020134,,5,Coahuila de Zaragoza,Coah.,2,Acuña,134,El Buey,R,"29°20´46.246N""","101°12´45.489W""",29.346179,-101.212636,404,H14C33,0,0,0,0
50020135,,5,Coahuila de Zaragoza,Coah.,2,Acuña,135,El Caballo,R,"29°14´03.869N""","100°53´52.436W""",29.234408,-100.897899,293,H14C44,-,-,-,-
50020138,,5,Coahuila de Zaragoza,Coah.,2,Acuña,138,Calles,R,"29°13´55.260N""","100°53´32.298W""",29.232016,-100.892305,298,H14C44,361,181,180,99
50020139,,5,Coahuila de Zaragoza,Coah.,2,Acuña,139,Ninguno [Estación de Salvamento],R,"29°26´47.498N""","101°04´35.423W""",29.446527,-101.076506,330,H14C33,0,0,0,0
50020143,,5,Coahuila de Zaragoza,Coah.,2,Acuña,143,Casa Blanca (Cerro el Salado),R,"29°22´10.450N""","102°42´14.040W""",29.369569,-102.7039,760,H13D37,0,0,0,0
50020145,,5,Coahuila de Zaragoza,Coah.,2,Acuña,145,Acalachi,R,"29°20´41.709N""","101°03´27.569W""",29.344919,-101.057658,330,H14C33,0,0,0,0
50020148,,5,Coahuila de Zaragoza,Coah.,2,Acuña,148,La Chuparrosa,R,"29°28´29.746N""","101°14´16.017W""",29.474929,-101.237782,362,H14C33,1,*,*,1
50020149,,5,Coahuila de Zaragoza,Coah.,2,Acuña,149,El Cinco,R,"29°24´26.169N""","101°14´47.739W""",29.407269,-101.246594,420,H14C33,0,0,0,0
50020151,,5,Coahuila de Zaragoza,Coah.,2,Acuña,151,Conchos,R,"29°17´15.579N""","101°13´08.060W""",29.287661,-101.218905,436,H14C33,2,*,*,1
50020156,,5,Coahuila de Zaragoza,Coah.,2,Acuña,156,Cenobio Uribe Zapata (Las Cuevas),R,"29°19´03.990N""","100°58´38.560W""",29.317774,-100.977377,280,H14C34,6,4,2,3
50020160,,5,Coahuila de Zaragoza,Coah.,2,Acuña,160,Ramiro Guzmán,R,"29°14´40.503N""","100°53´58.952W""",29.244584,-100.899709,293,H14C44,2,*,*,1
50020161,,5,Coahuila de Zaragoza,Coah.,2,Acuña,161,La Mona,R,"29°15´56.115N""","100°52´36.318W""",29.265588,-100.876754,280,H14C34,0,0,0,0
50020162,,5,Coahuila de Zaragoza,Coah.,2,Acuña,162,La Fortuna,R,"29°23´22.895N""","102°30´01.122W""",29.389693,-102.500312,993,H13D38,1,*,*,1
50020165,,5,Coahuila de Zaragoza,Coah.,2,Acuña,165,Las Glorias,R,"29°17´54.520N""","100°53´43.860W""",29.298477,-100.895516,275,H14C34,5,*,*,1
50020166,,5,Coahuila de Zaragoza,Coah.,2,Acuña,166,Alfonso González (Los González),R,"29°14´55.613N""","100°53´56.843W""",29.248781,-100.899123,302,H14C44,0,0,0,0
50020167,,5,Coahuila de Zaragoza,Coah.,2,Acuña,167,La Herradura,R,"29°28´04.900N""","102°32´53.630W""",29.468027,-102.54823,925,H13D38,1,*,*,1
50020169,,5,Coahuila de Zaragoza,Coah.,2,Acuña,169,José Salinas Sánchez,R,"29°19´48.529N""","101°02´51.259W""",29.330146,-101.047572,324,H14C33,0,0,0,0
50020171,,5,Coahuila de Zaragoza,Coah.,2,Acuña,171,Los Indios,R,"29°37´36.319N""","102°08´53.170W""",29.626755,-102.148102,600,H13D29,1,*,*,1
50020176,,5,Coahuila de Zaragoza,Coah.,2,Acuña,176,Las Norias,R,"29°13´35.779N""","102°22´10.917W""",29.226605,-102.369699,1002,H13D48,0,0,0,0
50020177,,5,Coahuila de Zaragoza,Coah.,2,Acuña,177,Mesas Coloradas,R,"29°08´34.648N""","102°06´53.405W""",29.142957,-102.114835,1439,H13D49,0,0,0,0
50020178,,5,Coahuila de Zaragoza,Coah.,2,Acuña,178,El Mirador,R,"29°26´36.008N""","101°03´40.898W""",29.443335,-101.061361,316,H14C33,0,0,0,0
50020183,,5,Coahuila de Zaragoza,Coah.,2,Acuña,183,Noria el Cíbolo (El Cíbolito),R,"29°32´58.279N""","102°09´28.399W""",29.549522,-102.157889,700,H13D29,0,0,0,0
50020184,,5,Coahuila de Zaragoza,Coah.,2,Acuña,184,La Noria del Palmar,R,"29°35´18.681N""","102°13´57.433W""",29.588522,-102.23262,740,H13D29,0,0,0,0
50020187,,5,Coahuila de Zaragoza,Coah.,2,Acuña,187,La Panela,R,"29°25´18.211N""","101°07´23.665W""",29.421725,-101.12324,339,H14C33,1,*,*,1
50020188,,5,Coahuila de Zaragoza,Coah.,2,Acuña,188,El Paraíso,R,"29°18´19.354N""","101°53´05.382W""",29.305376,-101.884828,774,H14C31,1,*,*,1
50020191,,5,Coahuila de Zaragoza,Coah.,2,Acuña,191,La Peña,R,"29°18´48.515N""","102°12´33.593W""",29.313476,-102.209331,1177,H13D39,0,0,0,0
50020192,,5,Coahuila de Zaragoza,Coah.,2,Acuña,192,Piedra Azul,R,"29°08´49.139N""","102°35´28.050W""",29.146983,-102.591125,1340,H13D48,1,*,*,1
50020193,,5,Coahuila de Zaragoza,Coah.,2,Acuña,193,Piedra Blanca,R,"29°03´38.927N""","102°28´13.582W""",29.060813,-102.470439,1282,H13D48,1,*,*,1
50020195,,5,Coahuila de Zaragoza,Coah.,2,Acuña,195,La Pirámide Vieja,R,"29°35´31.712N""","102°27´58.763W""",29.592142,-102.466323,832,H13D28,0,0,0,0
50020196,,5,Coahuila de Zaragoza,Coah.,2,Acuña,196,La Pistola,R,"29°38´05.129N""","101°24´10.659W""",29.634758,-101.402961,419,H14C22,1,*,*,1
50020198,,5,Coahuila de Zaragoza,Coah.,2,Acuña,198,El Puesto Hípico (El Potrero),R,"29°13´18.189N""","101°00´26.759W""",29.221719,-101.007433,332,H14C43,0,0,0,0
50020203,,5,Coahuila de Zaragoza,Coah.,2,Acuña,203,El Oso (La Rosita),R,"29°17´04.499N""","102°19´03.150W""",29.284583,-102.317541,1025,H13D39,0,0,0,0
50020207,,5,Coahuila de Zaragoza,Coah.,2,Acuña,207,Santa Catalina,R,"29°15´01.190N""","101°06´35.600W""",29.250331,-101.109889,400,H14C33,2,*,*,1
50020210,,5,Coahuila de Zaragoza,Coah.,2,Acuña,210,San Gustavo,R,"29°18´22.936N""","101°14´19.372W""",29.306371,-101.238714,450,H14C33,2,*,*,1
50020213,,5,Coahuila de Zaragoza,Coah.,2,Acuña,213,El Faisán,R,"29°20´08.790N""","101°06´26.450W""",29.335775,-101.107347,355,H14C33,3,*,*,1
50020215,,5,Coahuila de Zaragoza,Coah.,2,Acuña,215,La Comisaría (San Rosendo),R,"29°37´38.622N""","102°33´20.697W""",29.627394,-102.555749,820,H13D28,0,0,0,0
50020218,,5,Coahuila de Zaragoza,Coah.,2,Acuña,218,La Cruz,R,"29°16´19.110N""","100°58´19.060W""",29.271974,-100.97196,300,H14C34,2,*,*,1
50020219,,5,Coahuila de Zaragoza,Coah.,2,Acuña,219,Santa Margarita,R,"29°28´35.839N""","101°29´45.260W""",29.476621,-101.495905,460,H14C32,1,*,*,1
50020220,,5,Coahuila de Zaragoza,Coah.,2,Acuña,220,Santa María,R,"29°19´09.305N""","101°08´52.675W""",29.319251,-101.147965,380,H14C33,2,*,*,1
50020226,,5,Coahuila de Zaragoza,Coah.,2,Acuña,226,El Solito,R,"29°22´06.690N""","101°18´35.780W""",29.368524,-101.309939,420,H14C33,3,*,*,1
50020228,,5,Coahuila de Zaragoza,Coah.,2,Acuña,228,La Tinaja,R,"29°27´01.180N""","102°48´11.549W""",29.450328,-102.803208,540,H13D37,1,*,*,1
50020229,,5,Coahuila de Zaragoza,Coah.,2,Acuña,229,Los Papalotes,R,"29°14´30.609N""","102°08´44.869W""",29.241836,-102.145797,1048,H13D49,1,*,*,1
50020234,,5,Coahuila de Zaragoza,Coah.,2,Acuña,234,La Venada,R,"29°23´59.804N""","101°05´19.564W""",29.399945,-101.088767,330,H14C33,2,*,*,1
50020238,,5,Coahuila de Zaragoza,Coah.,2,Acuña,238,Viento Negro,R,"29°39´15.750N""","101°58´56.849W""",29.654375,-101.982457,600,H14C21,0,0,0,0
50020239,,5,Coahuila de Zaragoza,Coah.,2,Acuña,239,La Virgen,R,"29°22´16.849N""","102°09´59.079W""",29.371346,-102.166411,1036,H13D39,6,*,*,2
50020249,,5,Coahuila de Zaragoza,Coah.,2,Acuña,249,Juana Hernández Lozano (La Palapa),R,"29°14´46.569N""","100°51´36.399W""",29.246269,-100.860111,278,H14C44,4,*,*,1
50020258,,5,Coahuila de Zaragoza,Coah.,2,Acuña,258,Los Corrales,R,"29°22´37.879N""","101°57´33.175W""",29.377188,-101.959215,796,H14C31,2,*,*,1
50020259,,5,Coahuila de Zaragoza,Coah.,2,Acuña,259,Los Laureles,R,"29°14´41.217N""","100°53´54.821W""",29.244782,-100.898561,294,H14C44,4,*,*,1
50020265,,5,Coahuila de Zaragoza,Coah.,2,Acuña,265,Doctor Narváez (La Pila),R,"29°20´05.598N""","101°02´23.871W""",29.334888,-101.039964,323,H14C33,2,*,*,1
50020266,,5,Coahuila de Zaragoza,Coah.,2,Acuña,266,Manuel González (El Trébol),R,"29°20´14.848N""","101°02´41.478W""",29.337457,-101.044855,322,H14C33,2,*,*,1
50020267,,5,Coahuila de Zaragoza,Coah.,2,Acuña,267,El Mosco (George Hargrove),R,"29°29´47.019N""","102°02´57.729W""",29.496394,-102.049369,721,H13D39,2,*,*,1
50020268,,5,Coahuila de Zaragoza,Coah.,2,Acuña,268,La Palma (La Noria),R,"29°20´56.320N""","102°38´34.773W""",29.348977,-102.642992,899,H13D38,4,*,*,1
50020270,,5,Coahuila de Zaragoza,Coah.,2,Acuña,270,La Salada,R,"29°33´56.360N""","102°03´18.856W""",29.565656,-102.055238,660,H13D29,0,0,0,0
50020271,,5,Coahuila de Zaragoza,Coah.,2,Acuña,271,San Agustín,R,"29°19´29.439N""","101°02´25.239W""",29.324844,-101.040344,320,H14C33,1,*,*,1
50020275,,5,Coahuila de Zaragoza,Coah.,2,Acuña,275,Francisco Villa,R,"29°10´24.526N""","102°04´15.013W""",29.173479,-102.070836,1336,H13D49,0,0,0,0
50020279,,5,Coahuila de Zaragoza,Coah.,2,Acuña,279,Reinol Torralba Múzquiz,R,"29°20´04.592N""","101°02´52.683W""",29.334609,-101.047967,323,H14C33,2,*,*,1
50020281,,5,Coahuila de Zaragoza,Coah.,2,Acuña,281,Playa Tláloc,R,"29°26´24.877N""","101°07´10.152W""",29.440243,-101.119486,348,H14C33,0,0,0,0
50020284,,5,Coahuila de Zaragoza,Coah.,2,Acuña,284,Francisco Silva Hernández,R,"29°21´13.190N""","100°58´35.370W""",29.353664,-100.976491,276,H14C34,2,*,*,1
50020286,,5,Coahuila de Zaragoza,Coah.,2,Acuña,286,José Eduardo Ramón Valdez,R,"29°21´48.386N""","101°00´10.416W""",29.363441,-101.002893,208,H14C33,1,*,*,1
50020290,,5,Coahuila de Zaragoza,Coah.,2,Acuña,290,Oscar Jiménez,R,"29°21´23.220N""","100°59´11.210W""",29.35645,-100.986447,280,H14C34,1,*,*,1
50020292,,5,Coahuila de Zaragoza,Coah.,2,Acuña,292,Juan Luis Sánchez (La Vega),R,"29°20´37.430N""","100°57´32.360W""",29.34373,-100.958989,271,H14C34,0,0,0,0
50020295,,5,Coahuila de Zaragoza,Coah.,2,Acuña,295,Enrique Bernal Ortiz,R,"29°16´19.670N""","100°59´14.980W""",29.27213,-100.987494,312,H14C34,1,*,*,1
50020298,,5,Coahuila de Zaragoza,Coah.,2,Acuña,298,Salvador Rodríguez Garza (Los Novillos),R,"29°15´30.850N""","100°58´02.420W""",29.258569,-100.967338,310,H14C34,11,5,6,3
50020299,,5,Coahuila de Zaragoza,Coah.,2,Acuña,299,Evaristo Lenin Pérez Rivera,R,"29°15´13.510N""","100°58´03.620W""",29.253753,-100.967672,314,H14C34,4,*,*,1
50020301,,5,Coahuila de Zaragoza,Coah.,2,Acuña,301,Francisco Pérez Escalante,R,"29°16´09.136N""","100°52´46.920W""",29.269204,-100.879699,287,H14C34,4,*,*,1
50020304,,5,Coahuila de Zaragoza,Coah.,2,Acuña,304,Baltazar Ramírez Linares,R,"29°15´58.630N""","100°54´21.650W""",29.266286,-100.906014,312,H14C34,5,*,*,1
50020305,,5,Coahuila de Zaragoza,Coah.,2,Acuña,305,El Capricho,R,"29°15´42.705N""","100°54´18.849W""",29.261863,-100.905236,302,H14C34,6,*,*,1
50020306,,5,Coahuila de Zaragoza,Coah.,2,Acuña,306,El Castillo,R,"29°15´37.932N""","100°52´01.454W""",29.260537,-100.86707,280,H14C34,1,*,*,1
50020307,,5,Coahuila de Zaragoza,Coah.,2,Acuña,307,Domingo Sandate López,R,"29°15´04.219N""","100°53´01.479W""",29.251172,-100.883744,290,H14C34,14,5,9,3
50020308,,5,Coahuila de Zaragoza,Coah.,2,Acuña,308,La Presita,R,"29°16´29.750N""","100°58´00.280W""",29.27493,-100.966744,302,H14C34,0,0,0,0
50020309,,5,Coahuila de Zaragoza,Coah.,2,Acuña,309,Rancho de Contreras,R,"29°14´47.163N""","100°52´12.420W""",29.246434,-100.870116,277,H14C44,0,0,0,0
50020310,,5,Coahuila de Zaragoza,Coah.,2,Acuña,310,Gaspar Balderas Faz,R,"29°15´00.450N""","100°52´24.733W""",29.250125,-100.873536,279,H14C34,2,*,*,1
50020311,,5,Coahuila de Zaragoza,Coah.,2,Acuña,311,Campamento Getsemaní,R,"29°14´58.890N""","100°51´26.150W""",29.249691,-100.857264,281,H14C44,0,0,0,0
50020312,,5,Coahuila de Zaragoza,Coah.,2,Acuña,312,Martina Delgado Flores,R,"29°14´40.477N""","100°53´08.813W""",29.244577,-100.885781,291,H14C44,0,0,0,0
50020313,,5,Coahuila de Zaragoza,Coah.,2,Acuña,313,José Muñoz,R,"29°14´15.769N""","100°53´42.245W""",29.237713,-100.895068,288,H14C44,1,*,*,1
50020314,,5,Coahuila de Zaragoza,Coah.,2,Acuña,314,Juan Manuel Rodríguez,R,"29°15´47.008N""","100°54´17.770W""",29.263058,-100.904936,305,H14C34,0,0,0,0
50020315,,5,Coahuila de Zaragoza,Coah.,2,Acuña,315,El Campanario (Samuel Flores) [Lienzo Charro],R,"29°15´31.390N""","100°53´56.780W""",29.258719,-100.899105,294,H14C34,2,*,*,1
50020316,,5,Coahuila de Zaragoza,Coah.,2,Acuña,316,Manuel Zapata Espinoza,R,"29°15´03.418N""","100°52´24.129W""",29.250949,-100.873369,280,H14C34,5,*,*,1
50020317,,5,Coahuila de Zaragoza,Coah.,2,Acuña,317,Villa Real (Marcos Villarreal),R,"29°14´55.604N""","100°51´39.340W""",29.248779,-100.860928,277,H14C44,1,*,*,1
50020318,,5,Coahuila de Zaragoza,Coah.,2,Acuña,318,María Élida Parga de Rodríguez,R,"29°16´54.720N""","100°54´40.579W""",29.281866,-100.911272,321,H14C34,5,*,*,1
50020319,,5,Coahuila de Zaragoza,Coah.,2,Acuña,319,Los Jaramillo,R,"29°16´55.200N""","100°54´46.310W""",29.281999,-100.912864,325,H14C34,0,0,0,0
50020320,,5,Coahuila de Zaragoza,Coah.,2,Acuña,320,Patricia Guerrero (El Castillo),R,"29°14´41.965N""","100°53´25.383W""",29.24499,-100.890384,293,H14C44,1,*,*,1
50020322,,5,Coahuila de Zaragoza,Coah.,2,Acuña,322,Los Ponce,R,"29°17´33.100N""","100°53´20.410W""",29.292527,-100.889002,263,H14C34,1,*,*,1
50020324,,5,Coahuila de Zaragoza,Coah.,2,Acuña,324,Rafael Contreras Lira,R,"29°15´10.747N""","100°53´19.767W""",29.252985,-100.888824,300,H14C34,0,0,0,0
50020325,,5,Coahuila de Zaragoza,Coah.,2,Acuña,325,San Isidro,R,"29°17´43.680N""","100°53´35.160W""",29.295466,-100.8931,272,H14C34,0,0,0,0
50020326,,5,Coahuila de Zaragoza,Coah.,2,Acuña,326,El Castillo (Vicente Godina Balderas),R,"29°14´50.359N""","100°51´52.899W""",29.247322,-100.864694,277,H14C44,5,*,*,1
50020327,,5,Coahuila de Zaragoza,Coah.,2,Acuña,327,Pedro Zapata Rangel (La Esmeralda),R,"29°14´46.713N""","100°55´22.361W""",29.246309,-100.922877,317,H14C44,7,*,*,2
50020328,,5,Coahuila de Zaragoza,Coah.,2,Acuña,328,Eleodoro García Maldonado,R,"29°14´57.564N""","100°53´27.593W""",29.249323,-100.890998,300,H14C44,0,0,0,0
50020329,,5,Coahuila de Zaragoza,Coah.,2,Acuña,329,Pablo Paz Gómez,R,"29°15´20.689N""","100°52´32.003W""",29.255747,-100.875556,283,H14C34,0,0,0,0
50020330,,5,Coahuila de Zaragoza,Coah.,2,Acuña,330,Evangelina Lino,R,"29°15´30.951N""","100°52´23.567W""",29.258598,-100.873212,280,H14C34,0,0,0,0
50020331,,5,Coahuila de Zaragoza,Coah.,2,Acuña,331,Felícitas Colunga,R,"29°16´07.590N""","100°52´21.259W""",29.268774,-100.872571,278,H14C34,0,0,0,0
50020332,,5,Coahuila de Zaragoza,Coah.,2,Acuña,332,La Escondida,R,"29°20´07.980N""","101°02´54.766W""",29.33555,-101.048546,322,H14C33,2,*,*,1
50020333,,5,Coahuila de Zaragoza,Coah.,2,Acuña,333,Ninguno [Sociedad Cooperativa de Pescadores],R,"29°26´41.600N""","101°07´14.639W""",29.444889,-101.120732,343,H14C33,0,0,0,0
50020334,,5,Coahuila de Zaragoza,Coah.,2,Acuña,334,Beck [Aceros],R,"29°25´07.350N""","101°04´12.752W""",29.418708,-101.070208,324,H14C33,5,4,1,3
50020335,,5,Coahuila de Zaragoza,Coah.,2,Acuña,335,Miguel Muñiz,R,"29°21´46.090N""","100°59´43.230W""",29.362803,-100.995341,202,H14C34,0,0,0,0
50020336,,5,Coahuila de Zaragoza,Coah.,2,Acuña,336,Raúl López (Lote Ciento Doce B),R,"29°15´31.996N""","100°53´06.247W""",29.258888,-100.885068,290,H14C34,0,0,0,0
50020338,,5,Coahuila de Zaragoza,Coah.,2,Acuña,338,Maravillas,R,"29°20´24.448N""","101°26´50.329W""",29.340124,-101.447313,517,H14C32,0,0,0,0
50020339,,5,Coahuila de Zaragoza,Coah.,2,Acuña,339,Eva Ramírez de Flores,R,"29°25´55.610N""","101°09´20.419W""",29.432113,-101.155672,379,H14C33,1,*,*,1
50020340,,5,Coahuila de Zaragoza,Coah.,2,Acuña,340,Reynaldo Villavicencio (La Chuparrosa),R,"29°28´04.277N""","101°14´03.006W""",29.467854,-101.234168,381,H14C33,1,*,*,1
50020341,,5,Coahuila de Zaragoza,Coah.,2,Acuña,341,La Palapa,R,"29°39´18.422N""","101°21´55.423W""",29.655117,-101.365395,352,H14C22,2,*,*,2
50020342,,5,Coahuila de Zaragoza,Coah.,2,Acuña,342,El Coyote,R,"29°37´46.250N""","101°21´17.010W""",29.629513,-101.354725,420,H14C22,2,*,*,2
50020344,,5,Coahuila de Zaragoza,Coah.,2,Acuña,344,Las Cuevas,R,"29°19´34.529N""","101°00´38.366W""",29.326257,-101.010657,308,H14C33,1,*,*,1
50020345,,5,Coahuila de Zaragoza,Coah.,2,Acuña,345,Samuel Lee,R,"29°19´55.610N""","101°03´05.150W""",29.332113,-101.051431,328,H14C33,1,*,*,1
50020346,,5,Coahuila de Zaragoza,Coah.,2,Acuña,346,Palito Verde,R,"29°18´51.319N""","102°13´22.799W""",29.314255,-102.222999,1177,H13D39,0,0,0,0
50020347,,5,Coahuila de Zaragoza,Coah.,2,Acuña,347,La Mula,R,"29°08´52.310N""","102°33´33.297W""",29.147864,-102.559249,1322,H13D48,1,*,*,1
50020349,,5,Coahuila de Zaragoza,Coah.,2,Acuña,349,La Copa,R,"29°35´40.729N""","102°36´20.030W""",29.594647,-102.605564,910,H13D28,1,*,*,1
50020350,,5,Coahuila de Zaragoza,Coah.,2,Acuña,350,El Ocho,R,"29°37´10.329N""","102°28´00.170W""",29.619535,-102.466713,796,H13D28,0,0,0,0
50020353,,5,Coahuila de Zaragoza,Coah.,2,Acuña,353,La Aviación,R,"29°32´45.989N""","101°42´50.590W""",29.546108,-101.714053,598,H14C21,1,*,*,1
50020354,,5,Coahuila de Zaragoza,Coah.,2,Acuña,354,Loma Blanca,R,"29°41´55.239N""","102°07´01.483W""",29.698677,-102.117078,525,H13D29,1,*,*,1
50020355,,5,Coahuila de Zaragoza,Coah.,2,Acuña,355,El Cíbolo,R,"29°28´15.939N""","102°16´49.839W""",29.471094,-102.28051,857,H13D39,0,0,0,0
50020356,,5,Coahuila de Zaragoza,Coah.,2,Acuña,356,El Hangar (La Chulita),R,"29°48´22.830N""","102°17´01.799W""",29.806342,-102.283833,860,H13D19,0,0,0,0
50020357,,5,Coahuila de Zaragoza,Coah.,2,Acuña,357,El Uno (La Chulita),R,"29°50´21.829N""","102°15´47.980W""",29.839397,-102.263328,514,H13D19,0,0,0,0
50020358,,5,Coahuila de Zaragoza,Coah.,2,Acuña,358,El Burro,R,"29°18´03.023N""","101°48´30.155W""",29.30084,-101.808376,735,H14C31,1,*,*,1
50020359,,5,Coahuila de Zaragoza,Coah.,2,Acuña,359,Las Vacas,R,"29°12´33.583N""","101°04´47.361W""",29.209329,-101.079822,382,H14C43,1,*,*,1
50020360,,5,Coahuila de Zaragoza,Coah.,2,Acuña,360,Las Margaritas,R,"29°11´05.129N""","101°09´16.319W""",29.184758,-101.154533,391,H14C43,1,*,*,1
50020361,,5,Coahuila de Zaragoza,Coah.,2,Acuña,361,Feliciano Hernández Esqueda,R,"29°16´03.908N""","100°53´43.658W""",29.267752,-100.89546,311,H14C34,3,*,*,1
50020362,,5,Coahuila de Zaragoza,Coah.,2,Acuña,362,Sunem (Los Hermanos),R,"29°16´07.730N""","100°53´28.790W""",29.268813,-100.89133,300,H14C34,9,*,*,1
50020363,,5,Coahuila de Zaragoza,Coah.,2,Acuña,363,José Luis Hernández,R,"29°16´09.310N""","100°53´23.450W""",29.269252,-100.889847,300,H14C34,6,*,*,1
50020364,,5,Coahuila de Zaragoza,Coah.,2,Acuña,364,Melitón Sánchez Torres,R,"29°15´46.404N""","100°53´23.813W""",29.26289,-100.889948,299,H14C34,4,*,*,1
50020365,,5,Coahuila de Zaragoza,Coah.,2,Acuña,365,Jaime Sánchez Torres,R,"29°15´35.690N""","100°53´36.710W""",29.259914,-100.89353,299,H14C34,3,*,*,1
50020366,,5,Coahuila de Zaragoza,Coah.,2,Acuña,366,Javier Cárdenas,R,"29°16´29.107N""","100°54´04.919W""",29.274751,-100.901366,302,H14C34,1,*,*,1
50020368,,5,Coahuila de Zaragoza,Coah.,2,Acuña,368,La Margarita,R,"29°13´34.191N""","101°14´57.754W""",29.226164,-101.249376,430,H14C43,16,9,7,7
50020370,,5,Coahuila de Zaragoza,Coah.,2,Acuña,370,La Sierra (Los Vaqueros),R,"29°04´01.009N""","102°31´33.599W""",29.066946,-102.525999,1309,H13D48,1,*,*,1
50020373,,5,Coahuila de Zaragoza,Coah.,2,Acuña,373,Jesús Moreno Galicia (Las Cuevas),R,"29°18´23.590N""","100°58´40.160W""",29.306553,-100.977822,284,H14C34,1,*,*,1
50020375,,5,Coahuila de Zaragoza,Coah.,2,Acuña,375,Los Fernández [Granja],R,"29°14´59.468N""","100°57´58.936W""",29.249852,-100.966371,310,H14C44,0,0,0,0
50020376,,5,Coahuila de Zaragoza,Coah.,2,Acuña,376,La Nogalera,R,"29°14´42.744N""","100°57´45.654W""",29.245206,-100.962682,313,H14C44,2,*,*,1
50020377,,5,Coahuila de Zaragoza,Coah.,2,Acuña,377,Omar Pimentel Rodríguez,R,"29°14´31.433N""","100°58´00.970W""",29.242064,-100.966935,317,H14C44,6,*,*,1
50020378,,5,Coahuila de Zaragoza,Coah.,2,Acuña,378,Juan Francisco Ramírez Garza,R,"29°15´15.910N""","100°56´00.750W""",29.254419,-100.933541,322,H14C34,0,0,0,0
50020379,,5,Coahuila de Zaragoza,Coah.,2,Acuña,379,Agua Chile (Doctora Olga),R,"29°13´17.280N""","102°31´58.940W""",29.221466,-102.533038,1141,H13D48,0,0,0,0
50020380,,5,Coahuila de Zaragoza,Coah.,2,Acuña,380,Pico de Altamira,R,"29°21´38.964N""","102°06´55.097W""",29.360823,-102.115305,1033,H13D39,0,0,0,0
50020381,,5,Coahuila de Zaragoza,Coah.,2,Acuña,381,Sion (Antonio Maeda),R,"29°14´34.833N""","100°51´58.268W""",29.243009,-100.866186,278,H14C44,6,*,*,1
50020382,,5,Coahuila de Zaragoza,Coah.,2,Acuña,382,Santa María (Justo Pérez),R,"29°14´28.618N""","100°51´34.799W""",29.241282,-100.859666,279,H14C44,0,0,0,0
50020383,,5,Coahuila de Zaragoza,Coah.,2,Acuña,383,María del Rosario Flores Aguirre,R,"29°15´04.236N""","100°53´31.286W""",29.251177,-100.892024,301,H14C34,0,0,0,0
50020384,,5,Coahuila de Zaragoza,Coah.,2,Acuña,384,Alejandra 138-A (Carlos Flores López),R,"29°15´31.685N""","100°53´04.563W""",29.258801,-100.884601,289,H14C34,0,0,0,0
50020385,,5,Coahuila de Zaragoza,Coah.,2,Acuña,385,Abelardo Pérez Colunga,R,"29°16´04.190N""","100°52´35.595W""",29.26783,-100.876554,280,H14C34,0,0,0,0
50020386,,5,Coahuila de Zaragoza,Coah.,2,Acuña,386,Oscar Rodríguez,R,"29°15´48.240N""","100°55´39.310W""",29.2634,-100.927585,321,H14C34,0,0,0,0
50020388,,5,Coahuila de Zaragoza,Coah.,2,Acuña,388,Señor Robles,R,"29°32´43.193N""","101°23´05.385W""",29.545331,-101.384829,439,H14C22,0,0,0,0
50020389,,5,Coahuila de Zaragoza,Coah.,2,Acuña,389,El Venado,R,"29°33´50.468N""","101°23´09.407W""",29.564019,-101.385946,440,H14C22,1,*,*,1
50020390,,5,Coahuila de Zaragoza,Coah.,2,Acuña,390,San Antonio (Campo San Antonio),R,"29°34´55.974N""","101°22´01.059W""",29.582214,-101.36696,411,H14C22,1,*,*,1
50020392,,5,Coahuila de Zaragoza,Coah.,2,Acuña,392,Guadalupe Mendoza Rodríguez,R,"29°34´40.148N""","101°18´41.715W""",29.577818,-101.311588,351,H14C23,0,0,0,0
50020393,,5,Coahuila de Zaragoza,Coah.,2,Acuña,393,Juan Mendoza Rodríguez (Las Cuatas),R,"29°34´09.560N""","101°17´58.756W""",29.569322,-101.299654,350,H14C23,2,*,*,1
50020394,,5,Coahuila de Zaragoza,Coah.,2,Acuña,394,Eliseo Chaires Rodríguez (La Esmeralda),R,"29°14´41.471N""","100°56´28.630W""",29.244853,-100.941286,324,H14C44,3,*,*,1
50020395,,5,Coahuila de Zaragoza,Coah.,2,Acuña,395,Teodoro Rodríguez,R,"29°14´20.248N""","100°56´13.956W""",29.238957,-100.93721,321,H14C44,2,*,*,1
50020396,,5,Coahuila de Zaragoza,Coah.,2,Acuña,396,El Pilar (José Flores García),R,"29°13´56.707N""","100°56´24.994W""",29.232418,-100.940276,327,H14C44,7,*,*,2
50020397,,5,Coahuila de Zaragoza,Coah.,2,Acuña,397,San José,R,"29°17´50.330N""","100°56´09.350W""",29.297314,-100.93593,320,H14C34,2,*,*,1
50020402,,5,Coahuila de Zaragoza,Coah.,2,Acuña,402,La Casa de la Película,R,"29°25´57.777N""","101°02´57.868W""",29.432715,-101.049407,286,H14C33,0,0,0,0
50020403,,5,Coahuila de Zaragoza,Coah.,2,Acuña,403,Esperanza [Casa Hogar],R,"29°20´28.470N""","101°01´44.389W""",29.341241,-101.028996,330,H14C33,0,0,0,0
50020405,,5,Coahuila de Zaragoza,Coah.,2,Acuña,405,El Teniente,R,"29°17´03.738N""","101°17´53.183W""",29.284371,-101.298106,470,H14C33,2,*,*,1
50020407,,5,Coahuila de Zaragoza,Coah.,2,Acuña,407,Alberto Peña (Lote Ciento Doce A),R,"29°15´26.450N""","100°53´11.429W""",29.257347,-100.886508,290,H14C34,0,0,0,0
50020408,,5,Coahuila de Zaragoza,Coah.,2,Acuña,408,Alfinio Flores,R,"29°14´53.823N""","100°57´54.211W""",29.248284,-100.965059,311,H14C44,0,0,0,0
50020409,,5,Coahuila de Zaragoza,Coah.,2,Acuña,409,La Nogalera,R,"29°15´48.063N""","100°53´49.304W""",29.263351,-100.897029,308,H14C34,4,*,*,1
50020410,,5,Coahuila de Zaragoza,Coah.,2,Acuña,410,Antonio Hernández Sandoval,R,"29°16´31.972N""","100°55´29.748W""",29.275547,-100.924929,307,H14C34,0,0,0,0
50020411,,5,Coahuila de Zaragoza,Coah.,2,Acuña,411,La Candelaria,R,"29°14´56.649N""","100°54´08.817W""",29.249069,-100.902449,305,H14C44,0,0,0,0
50020412,,5,Coahuila de Zaragoza,Coah.,2,Acuña,412,Carlos González Lozano,R,"29°16´21.968N""","100°54´56.145W""",29.272768,-100.915596,320,H14C34,0,0,0,0
50020413,,5,Coahuila de Zaragoza,Coah.,2,Acuña,413,Celestino Correa Galindo,R,"29°15´51.450N""","100°56´25.490W""",29.264292,-100.940414,322,H14C34,0,0,0,0
50020414,,5,Coahuila de Zaragoza,Coah.,2,Acuña,414,Los Corona,R,"29°14´55.265N""","100°58´06.105W""",29.248684,-100.968362,310,H14C44,0,0,0,0
50020415,,5,Coahuila de Zaragoza,Coah.,2,Acuña,415,Patricia Rodríguez Cantú,R,"29°15´25.844N""","100°52´56.072W""",29.257179,-100.882242,289,H14C34,6,*,*,1
50020416,,5,Coahuila de Zaragoza,Coah.,2,Acuña,416,Doctor Efrén Navarro (El Castillo),R,"29°15´23.340N""","100°53´36.100W""",29.256483,-100.893361,290,H14C34,0,0,0,0
50020417,,5,Coahuila de Zaragoza,Coah.,2,Acuña,417,Eduardo Ortiz García,R,"29°14´45.508N""","100°59´05.869W""",29.245974,-100.984963,319,H14C44,0,0,0,0
50020418,,5,Coahuila de Zaragoza,Coah.,2,Acuña,418,Nabor Encinas Macías,R,"29°15´09.862N""","100°52´43.510W""",29.252739,-100.878752,284,H14C34,1,*,*,1
50020419,,5,Coahuila de Zaragoza,Coah.,2,Acuña,419,La Espiga,R,"29°15´32.700N""","100°54´23.320W""",29.259083,-100.906478,296,H14C34,0,0,0,0
50020420,,5,Coahuila de Zaragoza,Coah.,2,Acuña,420,Eulalio Guerrero Chávez,R,"29°15´29.720N""","100°55´47.310W""",29.258256,-100.929808,324,H14C34,16,9,7,4
50020421,,5,Coahuila de Zaragoza,Coah.,2,Acuña,421,Ernesto Mancha Rentería (La Esmeralda),R,"29°15´17.276N""","100°55´25.917W""",29.254799,-100.923865,315,H14C34,0,0,0,0
50020422,,5,Coahuila de Zaragoza,Coah.,2,Acuña,422,Gabino Montes López,R,"29°15´55.772N""","100°55´36.125W""",29.265492,-100.926701,321,H14C34,4,*,*,1
50020423,,5,Coahuila de Zaragoza,Coah.,2,Acuña,423,La Esmeralda,R,"29°14´49.383N""","100°55´41.388W""",29.247051,-100.928163,320,H14C44,0,0,0,0
50020424,,5,Coahuila de Zaragoza,Coah.,2,Acuña,424,Los Ángeles,R,"29°15´08.310N""","100°56´01.200W""",29.252308,-100.933666,324,H14C34,0,0,0,0
50020425,,5,Coahuila de Zaragoza,Coah.,2,Acuña,425,Jorge Fuentes,R,"29°15´57.048N""","100°55´21.883W""",29.265847,-100.922745,322,H14C34,0,0,0,0
50020426,,5,Coahuila de Zaragoza,Coah.,2,Acuña,426,José Juan Cássio Tovar (Buenavista),R,"29°15´15.713N""","100°55´10.729W""",29.254365,-100.919646,311,H14C34,8,*,*,2
50020427,,5,Coahuila de Zaragoza,Coah.,2,Acuña,427,Manuel Argumedo Zavala,R,"29°15´57.090N""","100°56´21.030W""",29.265858,-100.939175,322,H14C34,2,*,*,1
50020428,,5,Coahuila de Zaragoza,Coah.,2,Acuña,428,Jesús Eusebio Navarro Argil,R,"29°18´13.660N""","100°59´33.420W""",29.303794,-100.992616,299,H14C34,9,*,*,2
50020429,,5,Coahuila de Zaragoza,Coah.,2,Acuña,429,Los Frías,R,"29°15´53.490N""","100°55´31.390W""",29.264858,-100.925385,321,H14C34,3,*,*,1
50020430,,5,Coahuila de Zaragoza,Coah.,2,Acuña,430,Juan Hernández Sandoval,R,"29°16´28.633N""","100°54´59.958W""",29.27462,-100.916655,321,H14C34,11,5,6,3
50020431,,5,Coahuila de Zaragoza,Coah.,2,Acuña,431,María de la Luz Frías Enríquez (Los López),R,"29°16´09.340N""","100°55´12.470W""",29.26926,-100.92013,321,H14C34,19,13,6,5
50020432,,5,Coahuila de Zaragoza,Coah.,2,Acuña,432,Palo Blanco,R,"29°16´09.134N""","100°54´35.095W""",29.269203,-100.909749,320,H14C34,0,0,0,0
50020434,,5,Coahuila de Zaragoza,Coah.,2,Acuña,434,Osvaldo Falcón Beltrán,R,"29°15´40.970N""","100°57´49.190W""",29.261381,-100.963664,311,H14C34,0,0,0,0
50020435,,5,Coahuila de Zaragoza,Coah.,2,Acuña,435,Pedro Pérez Frías,R,"29°15´54.336N""","100°54´58.609W""",29.265093,-100.91628,315,H14C34,1,*,*,1
50020437,,5,Coahuila de Zaragoza,Coah.,2,Acuña,437,El Puerto (José Rodríguez Meza),R,"29°16´42.543N""","100°56´14.184W""",29.278484,-100.937273,335,H14C34,1,*,*,1
50020438,,5,Coahuila de Zaragoza,Coah.,2,Acuña,438,Javier Montes (José Montes),R,"29°16´32.370N""","100°55´45.520W""",29.275658,-100.92931,321,H14C34,0,0,0,0
50020439,,5,Coahuila de Zaragoza,Coah.,2,Acuña,439,Raúl Cássio Hernández (Buenavista),R,"29°15´21.410N""","100°54´57.390W""",29.255947,-100.915942,309,H14C34,3,*,*,2
50020440,,5,Coahuila de Zaragoza,Coah.,2,Acuña,440,Raúl Robles Cássio,R,"29°15´29.438N""","100°54´49.102W""",29.258177,-100.913639,302,H14C34,3,*,*,1
50020441,,5,Coahuila de Zaragoza,Coah.,2,Acuña,441,René Lauro de Luna Fuentes,R,"29°15´55.658N""","100°54´39.265W""",29.265461,-100.910907,310,H14C34,0,0,0,0
50020442,,5,Coahuila de Zaragoza,Coah.,2,Acuña,442,María Inés López Rodríguez,R,"29°16´09.480N""","100°54´39.630W""",29.269299,-100.911008,318,H14C34,5,*,*,1
50020443,,5,Coahuila de Zaragoza,Coah.,2,Acuña,443,Santa Ana (Bernardo de la Garza Hernández),R,"29°15´50.726N""","100°55´14.646W""",29.264091,-100.920734,318,H14C34,1,*,*,1
50020444,,5,Coahuila de Zaragoza,Coah.,2,Acuña,444,Santiago Gómez,R,"29°16´20.806N""","100°52´47.864W""",29.272445,-100.879962,288,H14C34,1,*,*,1
50020445,,5,Coahuila de Zaragoza,Coah.,2,Acuña,445,Caty,R,"29°16´10.870N""","100°56´00.750W""",29.269685,-100.933541,320,H14C34,2,*,*,1
50020446,,5,Coahuila de Zaragoza,Coah.,2,Acuña,446,La Candelaria,R,"29°15´15.941N""","100°54´10.793W""",29.254428,-100.902998,290,H14C34,0,0,0,0
50020447,,5,Coahuila de Zaragoza,Coah.,2,Acuña,447,Héctor Martínez,R,"29°16´17.067N""","100°53´32.025W""",29.271407,-100.892229,289,H14C34,0,0,0,0
50020448,,5,Coahuila de Zaragoza,Coah.,2,Acuña,448,Agua Chile,R,"29°13´00.720N""","102°34´34.299W""",29.216866,-102.576194,1120,H13D48,4,*,*,1
50020450,,5,Coahuila de Zaragoza,Coah.,2,Acuña,450,Laguna Seca,R,"29°07´58.760N""","102°17´38.720W""",29.132988,-102.294089,1231,H13D49,0,0,0,0
50020451,,5,Coahuila de Zaragoza,Coah.,2,Acuña,451,Manuel Salas Hernández,R,"29°14´15.912N""","100°56´14.823W""",29.237753,-100.937451,324,H14C44,0,0,0,0
50020452,,5,Coahuila de Zaragoza,Coah.,2,Acuña,452,Ramiro Lerma,R,"29°13´27.896N""","100°55´43.809W""",29.224415,-100.928835,322,H14C44,2,*,*,2
50020453,,5,Coahuila de Zaragoza,Coah.,2,Acuña,453,Sergio Espinoza Escobar (El Pilar),R,"29°13´33.520N""","100°56´42.020W""",29.225977,-100.945005,326,H14C44,3,*,*,1
50020454,,5,Coahuila de Zaragoza,Coah.,2,Acuña,454,Oscar Valdez,R,"29°13´39.226N""","100°55´40.543W""",29.227562,-100.927928,320,H14C44,0,0,0,0
50020455,,5,Coahuila de Zaragoza,Coah.,2,Acuña,455,Las Torres,R,"29°17´13.420N""","100°54´53.410W""",29.287061,-100.914836,318,H14C34,446,221,225,130
50020456,,5,Coahuila de Zaragoza,Coah.,2,Acuña,456,Manuel Zapata,R,"29°16´57.780N""","100°54´41.590W""",29.282716,-100.911553,322,H14C34,0,0,0,0
50020458,,5,Coahuila de Zaragoza,Coah.,2,Acuña,458,Los Novillos,R,"29°16´54.200N""","100°56´20.750W""",29.281722,-100.939097,329,H14C34,0,0,0,0
50020459,,5,Coahuila de Zaragoza,Coah.,2,Acuña,459,José Hernández Pérez,R,"29°15´16.240N""","100°54´30.180W""",29.254511,-100.908383,300,H14C34,6,*,*,2
50020460,,5,Coahuila de Zaragoza,Coah.,2,Acuña,460,Javier Contreras,R,"29°13´32.659N""","100°52´38.727W""",29.225738,-100.877424,311,H14C44,3,*,*,1
50020461,,5,Coahuila de Zaragoza,Coah.,2,Acuña,461,Ricardo Almeda,R,"29°15´13.699N""","100°52´24.269W""",29.253805,-100.873407,280,H14C34,0,0,0,0
50020465,,5,Coahuila de Zaragoza,Coah.,2,Acuña,465,Elva Martínez Rodríguez,R,"29°26´13.514N""","102°19´39.820W""",29.437087,-102.327727,841,H13D39,0,0,0,0
50020466,,5,Coahuila de Zaragoza,Coah.,2,Acuña,466,La Mula,R,"29°17´42.320N""","102°09´04.430W""",29.295089,-102.151231,1081,H13D39,1,*,*,1
50020467,,5,Coahuila de Zaragoza,Coah.,2,Acuña,467,San Juan,R,"29°28´31.239N""","102°01´10.930W""",29.475344,-102.019702,718,H13D39,1,*,*,1
50020468,,5,Coahuila de Zaragoza,Coah.,2,Acuña,468,Los Arcos (Humberto Pérez Ríos),R,"29°16´58.740N""","100°58´35.080W""",29.282983,-100.97641,292,H14C34,10,6,4,3
50020469,,5,Coahuila de Zaragoza,Coah.,2,Acuña,469,Los Pájaros,R,"29°33´26.970N""","102°05´56.879W""",29.557492,-102.099133,688,H13D29,1,*,*,1
50020470,,5,Coahuila de Zaragoza,Coah.,2,Acuña,470,La Salada,R,"29°31´30.230N""","102°00´58.860W""",29.525063,-102.01635,700,H13D29,0,0,0,0
50020475,,5,Coahuila de Zaragoza,Coah.,2,Acuña,475,El Paisano (Arturo Valdez Fuentes),R,"29°15´50.360N""","100°53´46.840W""",29.263989,-100.896344,309,H14C34,1,*,*,1
50020476,,5,Coahuila de Zaragoza,Coah.,2,Acuña,476,Armin Valdez,R,"29°26´07.569N""","101°07´49.879W""",29.435436,-101.130521,370,H14C33,1,*,*,1
50020478,,5,Coahuila de Zaragoza,Coah.,2,Acuña,478,Rubén Moreira,R,"29°17´40.830N""","100°57´08.220W""",29.294675,-100.952283,320,H14C34,34,23,11,10
50020479,,5,Coahuila de Zaragoza,Coah.,2,Acuña,479,Ignacio Frías Sánchez,R,"29°15´55.630N""","100°55´25.469W""",29.265453,-100.923741,323,H14C34,0,0,0,0
50020482,,5,Coahuila de Zaragoza,Coah.,2,Acuña,482,El Centinela,R,"29°04´47.373N""","102°34´31.449W""",29.079825,-102.575402,1513,H13D48,1,*,*,1
50020483,,5,Coahuila de Zaragoza,Coah.,2,Acuña,483,Juventina Guereca Enríquez,R,"29°16´27.032N""","100°52´55.721W""",29.274175,-100.882144,293,H14C34,6,*,*,1
50020484,,5,Coahuila de Zaragoza,Coah.,2,Acuña,484,La Mula (Julián Martínez Salazar),R,"29°09´23.477N""","102°31´05.930W""",29.156521,-102.518313,1289,H13D48,1,*,*,1
50020485,,5,Coahuila de Zaragoza,Coah.,2,Acuña,485,Santiago Hernández Rodríguez,R,"29°10´24.891N""","102°26´49.260W""",29.17358,-102.447016,1116,H13D48,1,*,*,1
50020486,,5,Coahuila de Zaragoza,Coah.,2,Acuña,486,Los Juanes,R,"29°06´48.444N""","102°09´48.687W""",29.113457,-102.163524,1682,H13D49,0,0,0,0
50020487,,5,Coahuila de Zaragoza,Coah.,2,Acuña,487,Ángel Santos Galindo Ramírez,R,"29°28´02.489N""","101°16´33.966W""",29.467357,-101.276101,372,H14C33,1,*,*,1
50020488,,5,Coahuila de Zaragoza,Coah.,2,Acuña,488,Luis Galindo Ramírez,R,"29°28´40.748N""","101°16´35.092W""",29.477985,-101.276414,362,H14C33,1,*,*,1
50020489,,5,Coahuila de Zaragoza,Coah.,2,Acuña,489,Jesús Mendoza Rodríguez,R,"29°26´24.958N""","101°18´30.040W""",29.440266,-101.308344,403,H14C33,1,*,*,1
50020490,,5,Coahuila de Zaragoza,Coah.,2,Acuña,490,Salome Galindo Cárdenas,R,"29°28´53.292N""","101°16´41.214W""",29.481469,-101.278114,370,H14C33,0,0,0,0
50020491,,5,Coahuila de Zaragoza,Coah.,2,Acuña,491,La Candelaria (Edgar Escobedo Quiroz),R,"29°03´32.562N""","102°24´39.343W""",29.059045,-102.410929,1163,H13D48,1,*,*,1
50020492,,5,Coahuila de Zaragoza,Coah.,2,Acuña,492,El Sotol (Lázaro Hernández Gómez),R,"29°04´39.700N""","102°21´00.327W""",29.077694,-102.350091,1139,H13D48,0,0,0,0
50020493,,5,Coahuila de Zaragoza,Coah.,2,Acuña,493,La Candelaria (Clara Dueñez),R,"29°03´21.905N""","102°26´25.645W""",29.056085,-102.440457,1270,H13D48,0,0,0,0
50020494,,5,Coahuila de Zaragoza,Coah.,2,Acuña,494,La Estrella,R,"29°16´53.290N""","100°56´25.200W""",29.281469,-100.940333,335,H14C34,132,65,67,37
50020495,,5,Coahuila de Zaragoza,Coah.,2,Acuña,495,Nuevo Amanecer,R,"29°20´20.170N""","101°02´22.850W""",29.338936,-101.03968,328,H14C33,0,0,0,0
50020496,,5,Coahuila de Zaragoza,Coah.,2,Acuña,496,Mi Gaby,R,"29°19´50.810N""","101°03´12.220W""",29.33078,-101.053394,330,H14C33,0,0,0,0
50020497,,5,Coahuila de Zaragoza,Coah.,2,Acuña,497,Nicolás Pérez Sánchez,R,"29°20´13.320N""","101°01´12.680W""",29.337033,-101.020188,316,H14C33,1,*,*,1
50020498,,5,Coahuila de Zaragoza,Coah.,2,Acuña,498,Pedro Álvarez,R,"29°15´39.100N""","101°01´18.170W""",29.260861,-101.021713,348,H14C33,0,0,0,0
50020499,,5,Coahuila de Zaragoza,Coah.,2,Acuña,499,Saúl Barrios,R,"29°18´14.430N""","101°01´00.160W""",29.304008,-101.01671,333,H14C33,1,*,*,1
50020500,,5,Coahuila de Zaragoza,Coah.,2,Acuña,500,La Parrita,R,"29°17´44.200N""","101°00´08.230W""",29.295611,-101.002286,320,H14C33,5,*,*,1
50020502,,5,Coahuila de Zaragoza,Coah.,2,Acuña,502,Esteban Montelongo Zapata (Las Cuevas),R,"29°18´12.350N""","100°57´20.490W""",29.303431,-100.955692,311,H14C34,8,*,*,2
50020503,,5,Coahuila de Zaragoza,Coah.,2,Acuña,503,Los Temporales (La Esperanza),R,"29°17´02.450N""","100°59´34.810W""",29.284014,-100.993002,340,H14C34,0,0,0,0
50020504,,5,Coahuila de Zaragoza,Coah.,2,Acuña,504,María Jaramillo López,R,"29°15´18.830N""","100°55´50.000W""",29.255231,-100.930555,323,H14C34,2,*,*,1
50020505,,5,Coahuila de Zaragoza,Coah.,2,Acuña,505,Oswaldo Pérez López,R,"29°15´57.930N""","100°54´54.970W""",29.266092,-100.915269,312,H14C34,2,*,*,1
50020506,,5,Coahuila de Zaragoza,Coah.,2,Acuña,506,Gabino Montes Rodríguez,R,"29°16´10.820N""","100°55´34.790W""",29.269672,-100.92633,314,H14C34,0,0,0,0
50020507,,5,Coahuila de Zaragoza,Coah.,2,Acuña,507,Rodolfo Ramos Gallegos,R,"29°16´11.960N""","100°54´20.190W""",29.269988,-100.905608,314,H14C34,0,0,0,0
50020508,,5,Coahuila de Zaragoza,Coah.,2,Acuña,508,Elida González Díaz (Las Marraneras),R,"29°16´06.930N""","100°56´19.090W""",29.268591,-100.938636,323,H14C34,0,0,0,0
50020509,,5,Coahuila de Zaragoza,Coah.,2,Acuña,509,La Rana,R,"29°16´03.234N""","100°56´31.369W""",29.267564,-100.942047,331,H14C34,2,*,*,2
50020510,,5,Coahuila de Zaragoza,Coah.,2,Acuña,510,El Pujido,R,"29°16´34.370N""","100°56´06.340W""",29.276213,-100.935094,324,H14C34,0,0,0,0
50020511,,5,Coahuila de Zaragoza,Coah.,2,Acuña,511,Tomás Bernal,R,"29°16´40.590N""","100°58´01.630W""",29.277941,-100.967119,298,H14C34,7,*,*,1
50020512,,5,Coahuila de Zaragoza,Coah.,2,Acuña,512,Licha Pacheco,R,"29°15´37.010N""","100°58´15.250W""",29.260281,-100.970902,310,H14C34,0,0,0,0
50020513,,5,Coahuila de Zaragoza,Coah.,2,Acuña,513,César García Hernández,R,"29°16´44.140N""","100°57´51.430W""",29.278927,-100.964286,310,H14C34,0,0,0,0
50020514,,5,Coahuila de Zaragoza,Coah.,2,Acuña,514,Ángel Rodríguez González,R,"29°17´03.870N""","100°57´58.680W""",29.284408,-100.9663,300,H14C34,4,*,*,1
50020515,,5,Coahuila de Zaragoza,Coah.,2,Acuña,515,Encarnación Muñoz,R,"29°16´59.870N""","100°58´40.340W""",29.283297,-100.977872,290,H14C34,0,0,0,0
50020516,,5,Coahuila de Zaragoza,Coah.,2,Acuña,516,David Ortiz,R,"29°18´29.460N""","100°58´23.830W""",29.308183,-100.973285,288,H14C34,0,0,0,0
50020517,,5,Coahuila de Zaragoza,Coah.,2,Acuña,517,El Capitán,R,"29°17´51.750N""","100°59´36.210W""",29.297708,-100.993391,304,H14C34,1,*,*,1
50020518,,5,Coahuila de Zaragoza,Coah.,2,Acuña,518,Domingo Torres,R,"29°18´15.460N""","100°58´31.530W""",29.304294,-100.975424,290,H14C34,6,*,*,2
50020519,,5,Coahuila de Zaragoza,Coah.,2,Acuña,519,Las Chimeneas,R,"29°16´51.400N""","101°02´14.820W""",29.280944,-101.03745,350,H14C33,3,*,*,1
50020520,,5,Coahuila de Zaragoza,Coah.,2,Acuña,520,Catalina Ibarra,R,"29°17´55.260N""","100°55´30.910W""",29.298683,-100.925252,291,H14C34,4,*,*,1
50020521,,5,Coahuila de Zaragoza,Coah.,2,Acuña,521,David Ortiz,R,"29°15´21.433N""","100°55´47.437W""",29.255954,-100.929843,323,H14C34,1,*,*,1
50020522,,5,Coahuila de Zaragoza,Coah.,2,Acuña,522,Internacional de Acuña [Parque Industrial],R,"29°16´36.240N""","100°54´25.250W""",29.276733,-100.907014,309,H14C34,1,*,*,1
50020523,,5,Coahuila de Zaragoza,Coah.,2,Acuña,523,Miguel Ángel Riquelme Solís,R,"29°16´09.590N""","100°56´42.845W""",29.26933,-100.945234,340,H14C34,7,*,*,1
50020524,,5,Coahuila de Zaragoza,Coah.,2,Acuña,524,Maquilados Industriales de Acuña,R,"29°25´03.248N""","101°04´07.169W""",29.417568,-101.068657,322,H14C33,0,0,0,0
50020525,,5,Coahuila de Zaragoza,Coah.,2,Acuña,525,Cementos Mexicanos [Concretos],R,"29°20´05.455N""","101°00´49.334W""",29.334848,-101.013704,320,H14C33,0,0,0,0
50020526,,5,Coahuila de Zaragoza,Coah.,2,Acuña,526,La Amistad [Pista de Pruebas],R,"29°21´51.370N""","101°04´48.896W""",29.364269,-101.080248,334,H14C33,0,0,0,0
50020527,,5,Coahuila de Zaragoza,Coah.,2,Acuña,527,Los García,R,"29°15´34.610N""","100°55´51.760W""",29.259614,-100.931044,325,H14C34,16,7,9,4
50020528,,5,Coahuila de Zaragoza,Coah.,2,Acuña,528,La Paloma,R,"29°15´04.000N""","100°53´45.000W""",29.251111,-100.895833,300,H14C34,0,0,0,0
50020529,,5,Coahuila de Zaragoza,Coah.,2,Acuña,529,Doctor Delio Galindo,R,"29°15´19.140N""","100°55´49.320W""",29.255317,-100.930366,323,H14C34,0,0,0,0
50020530,,5,Coahuila de Zaragoza,Coah.,2,Acuña,530,José Luis Delgado,R,"29°16´23.880N""","100°56´03.240W""",29.273299,-100.934233,319,H14C34,0,0,0,0
50020531,,5,Coahuila de Zaragoza,Coah.,2,Acuña,531,Ignacio Santibáñez,R,"29°14´16.520N""","100°53´31.710W""",29.237922,-100.892141,287,H14C44,0,0,0,0
50020532,,5,Coahuila de Zaragoza,Coah.,2,Acuña,532,Las Moras,R,"29°13´59.520N""","100°56´50.830W""",29.233199,-100.947452,324,H14C44,8,*,*,1
50020533,,5,Coahuila de Zaragoza,Coah.,2,Acuña,533,Torre Alta,R,"29°16´56.730N""","100°58´10.090W""",29.282424,-100.969469,292,H14C34,0,0,0,0
50020534,,5,Coahuila de Zaragoza,Coah.,2,Acuña,534,Pedro Chávez,R,"29°17´52.540N""","101°00´22.570W""",29.297927,-101.006269,320,H14C33,0,0,0,0
50020535,,5,Coahuila de Zaragoza,Coah.,2,Acuña,535,La Estrella,R,"29°18´54.950N""","100°58´13.140W""",29.315264,-100.970316,285,H14C34,0,0,0,0
50020536,,5,Coahuila de Zaragoza,Coah.,2,Acuña,536,Gaviro Escobedo,R,"29°16´43.270N""","101°00´24.990W""",29.278685,-101.006942,342,H14C33,0,0,0,0
50020537,,5,Coahuila de Zaragoza,Coah.,2,Acuña,537,Las Cuevas,R,"29°17´38.820N""","101°00´48.000W""",29.294116,-101.013333,330,H14C33,2,*,*,1
50020538,,5,Coahuila de Zaragoza,Coah.,2,Acuña,538,Benito Flores,R,"29°15´42.070N""","100°59´48.220W""",29.261686,-100.996727,340,H14C34,1,*,*,1
50020539,,5,Coahuila de Zaragoza,Coah.,2,Acuña,539,La Aurora,R,"29°20´49.840N""","100°57´02.970W""",29.347177,-100.950825,198,H14C34,0,0,0,0
50020540,,5,Coahuila de Zaragoza,Coah.,2,Acuña,540,Celedino,R,"29°15´21.380N""","100°52´05.290W""",29.255939,-100.868135,278,H14C34,0,0,0,0
50020541,,5,Coahuila de Zaragoza,Coah.,2,Acuña,541,El Oso,R,"29°16´42.117N""","101°00´01.238W""",29.278365,-101.000344,340,H14C33,6,*,*,1
50020542,,5,Coahuila de Zaragoza,Coah.,2,Acuña,542,La Portilla,R,"29°16´44.251N""","101°07´37.205W""",29.278958,-101.127001,391,H14C33,4,*,*,2
50020543,,5,Coahuila de Zaragoza,Coah.,2,Acuña,543,El Potrero (Rafael Falcón),R,"29°01´18.074N""","102°29´52.471W""",29.021687,-102.497908,1380,H13D48,-,-,-,-
50020544,,5,Coahuila de Zaragoza,Coah.,2,Acuña,544,Don Rigo Moreno,R,"29°02´15.256N""","102°30´26.339W""",29.037571,-102.507316,1339,H13D48,-,-,-,-
50020545,,5,Coahuila de Zaragoza,Coah.,2,Acuña,545,San Juditas,R,"29°18´46.483N""","100°58´45.648W""",29.312912,-100.979346,286,H14C34,-,-,-,-
50020546,,5,Coahuila de Zaragoza,Coah.,2,Acuña,546,El Mexicano,R,"29°18´20.869N""","100°58´52.585W""",29.305797,-100.981273,284,H14C34,-,-,-,-
50020547,,5,Coahuila de Zaragoza,Coah.,2,Acuña,547,Eugenio,R,"29°15´34.452N""","100°59´31.927W""",29.25957,-100.992202,337,H14C34,-,-,-,-
50020548,,5,Coahuila de Zaragoza,Coah.,2,Acuña,548,El Girasol (Sergio Chávez),R,"29°15´15.026N""","101°00´52.647W""",29.254174,-101.014624,340,H14C33,-,-,-,-
50020549,,5,Coahuila de Zaragoza,Coah.,2,Acuña,549,La Lolita,R,"29°13´57.876N""","100°52´04.980W""",29.232743,-100.868049,286,H14C44,-,-,-,-
50020550,,5,Coahuila de Zaragoza,Coah.,2,Acuña,550,Gonzalo Rojas,R,"29°13´57.156N""","100°57´36.570W""",29.232543,-100.960158,317,H14C44,-,-,-,-
50020551,,5,Coahuila de Zaragoza,Coah.,2,Acuña,551,Los Sánchez,R,"29°13´42.738N""","100°57´35.712W""",29.228538,-100.95992,325,H14C44,-,-,-,-
50020552,,5,Coahuila de Zaragoza,Coah.,2,Acuña,552,Los Álamos,R,"29°18´31.468N""","100°58´29.470W""",29.308741,-100.974852,286,H14C34,-,-,-,-
50020553,,5,Coahuila de Zaragoza,Coah.,2,Acuña,553,El Pilar (Guadalupe Flores García),R,"29°13´59.196N""","100°56´17.599W""",29.233109,-100.938222,323,H14C44,-,-,-,-
50020554,,5,Coahuila de Zaragoza,Coah.,2,Acuña,554,Las Cuevas,R,"29°14´04.623N""","101°01´02.991W""",29.234617,-101.017497,342,H14C43,-,-,-,-
50020555,,5,Coahuila de Zaragoza,Coah.,2,Acuña,555,El Lucero,R,"29°18´51.381N""","100°58´31.369W""",29.314273,-100.97538,280,H14C34,-,-,-,-
50020556,,5,Coahuila de Zaragoza,Coah.,2,Acuña,556,Jabalí Zorra,R,"29°16´37.476N""","100°56´44.059W""",29.277076,-100.945572,329,H14C34,-,-,-,-
50020557,,5,Coahuila de Zaragoza,Coah.,2,Acuña,557,Leopoldo Falcón Robles,R,"29°16´01.234N""","100°56´46.605W""",29.267009,-100.946279,343,H14C34,-,-,-,-
50020558,,5,Coahuila de Zaragoza,Coah.,2,Acuña,558,Ampliación la Pileta,R,"29°16´41.788N""","100°56´05.056W""",29.278274,-100.934737,330,H14C34,-,-,-,-
50020559,,5,Coahuila de Zaragoza,Coah.,2,Acuña,559,La Pileta,R,"29°16´14.925N""","100°56´25.559W""",29.270812,-100.940433,332,H14C34,-,-,-,-
50020560,,5,Coahuila de Zaragoza,Coah.,2,Acuña,560,El Castillo,R,"29°14´53.312N""","100°52´33.506W""",29.248142,-100.875973,279,H14C44,-,-,-,-
50020561,,5,Coahuila de Zaragoza,Coah.,2,Acuña,561,El Pilar,R,"29°14´35.839N""","100°57´32.470W""",29.243288,-100.959019,320,H14C44,-,-,-,-
50020562,,5,Coahuila de Zaragoza,Coah.,2,Acuña,562,El Campestre,R,"29°18´14.217N""","100°58´41.271W""",29.303949,-100.97813,288,H14C34,-,-,-,-
