MAPA,Estatus,CVE_ENT,NOM_ENT,NOM_ABR,CVE_MUN,NOM_MUN,CVE_LOC,NOM_LOC,AMBITO,LATITUD,LONGITUD,LAT_DECIMAL,LON_DECIMAL,ALTITUD,CVE_CARTA,POB_TOTAL,POB_MASCULINA,POB_FEMENINA,TOTAL DE VIVIENDAS HABITADAS
50100001,,5,Coahuila de Zaragoza,Coah.,10,Frontera,1,Frontera,U,"26°55´34.000N""","101°26´58.000W""",26.92611,-101.449444,590,G14A52,75242,37547,37695,21278
50100002,,5,Coahuila de Zaragoza,Coah.,10,Frontera,2,La Cruz,R,"26°59´36.390N""","101°29´46.579W""",26.993441,-101.496272,532,G14A52,1905,949,956,531
50100003,,5,Coahuila de Zaragoza,Coah.,10,Frontera,3,Nuevo Poblado de Fresnillo (Fresnillo),R,"26°55´03.826N""","101°30´19.125W""",26.917729,-101.505313,606,G14A52,193,103,90,51
50100005,,5,Coahuila de Zaragoza,Coah.,10,Frontera,5,Ocho de Enero,U,"26°59´53.306N""","101°29´52.317W""",26.99814,-101.497866,530,G14A52,1743,886,857,510
50100006,,5,Coahuila de Zaragoza,Coah.,10,Frontera,6,Pozuelos de Abajo,R,"26°57´03.872N""","101°32´10.209W""",26.951076,-101.536169,573,G14A52,0,0,0,0
50100007,,5,Coahuila de Zaragoza,Coah.,10,Frontera,7,Pozuelos de Arriba,R,"26°54´41.282N""","101°34´46.327W""",26.911467,-101.579535,610,G14A52,5,4,1,5
50100009,,5,Coahuila de Zaragoza,Coah.,10,Frontera,9,Colón,R,"26°59´50.187N""","101°31´21.484W""",26.997274,-101.522634,532,G14A52,3,*,*,2
50100010,,5,Coahuila de Zaragoza,Coah.,10,Frontera,10,San Isidro (El Alemán),R,"26°57´59.640N""","101°33´20.540W""",26.966567,-101.555706,570,G14A52,0,0,0,0
50100012,,5,Coahuila de Zaragoza,Coah.,10,Frontera,12,Las Flores,R,"26°57´06.892N""","101°33´34.547W""",26.951914,-101.559596,583,G14A52,0,0,0,0
50100015,,5,Coahuila de Zaragoza,Coah.,10,Frontera,15,La Molienda,R,"26°54´54.994N""","101°34´10.856W""",26.915276,-101.569682,604,G14A52,0,0,0,0
50100018,,5,Coahuila de Zaragoza,Coah.,10,Frontera,18,La Pila,R,"26°55´21.641N""","101°30´48.106W""",26.922677,-101.513363,620,G14A52,0,0,0,0
50100019,,5,Coahuila de Zaragoza,Coah.,10,Frontera,19,El Papalote,R,"26°57´10.417N""","101°30´03.909W""",26.952894,-101.501086,554,G14A52,0,0,0,0
50100021,,5,Coahuila de Zaragoza,Coah.,10,Frontera,21,Fraccionamiento San Antonio,R,"26°59´44.409N""","101°28´41.009W""",26.995669,-101.478057,536,G14A52,39,22,17,16
50100022,,5,Coahuila de Zaragoza,Coah.,10,Frontera,22,La Polka 1,R,"26°57´24.352N""","101°26´05.977W""",26.956764,-101.434993,559,G14A52,0,0,0,0
50100023,,5,Coahuila de Zaragoza,Coah.,10,Frontera,23,La Polka 1 (Las Carmelitas),R,"26°57´58.659N""","101°25´51.779W""",26.966294,-101.431049,550,G14A52,0,0,0,0
50100030,,5,Coahuila de Zaragoza,Coah.,10,Frontera,30,San Juan,R,"26°53´27.123N""","101°29´38.762W""",26.890867,-101.4941,617,G14A52,0,0,0,0
50100031,,5,Coahuila de Zaragoza,Coah.,10,Frontera,31,La Mota,R,"26°52´44.037N""","101°29´38.629W""",26.878899,-101.494063,644,G14A52,0,0,0,0
50100032,,5,Coahuila de Zaragoza,Coah.,10,Frontera,32,El Encino,R,"26°51´26.894N""","101°33´14.710W""",26.857471,-101.554086,692,G14A52,0,0,0,0
50100036,,5,Coahuila de Zaragoza,Coah.,10,Frontera,36,La Escondida,R,"27°00´54.427N""","101°28´37.675W""",27.015119,-101.477131,524,G14A42,0,0,0,0
50100037,,5,Coahuila de Zaragoza,Coah.,10,Frontera,37,Fresnillo (AHMSA),R,"26°56´10.553N""","101°33´07.943W""",26.936264,-101.552206,585,G14A52,0,0,0,0
50100040,,5,Coahuila de Zaragoza,Coah.,10,Frontera,40,La Polka 1 (Mario Villalobos),R,"26°57´18.677N""","101°26´24.832W""",26.955188,-101.440231,560,G14A52,0,0,0,0
50100043,,5,Coahuila de Zaragoza,Coah.,10,Frontera,43,La Polka 1 (Luis Gutiérrez),R,"26°57´45.532N""","101°26´24.538W""",26.962648,-101.440149,560,G14A52,0,0,0,0
50100044,,5,Coahuila de Zaragoza,Coah.,10,Frontera,44,San Pedro (La Polka 1),R,"26°58´16.912N""","101°26´15.024W""",26.971364,-101.437506,550,G14A52,0,0,0,0
50100046,,5,Coahuila de Zaragoza,Coah.,10,Frontera,46,Ninguno [Ciudad Sanitaria],R,"26°58´52.479N""","101°28´20.539W""",26.981244,-101.472371,545,G14A52,0,0,0,0
50100055,,5,Coahuila de Zaragoza,Coah.,10,Frontera,55,Las Moras,R,"26°55´33.758N""","101°29´01.826W""",26.926043,-101.48384,589,G14A52,6,*,*,1
50100056,,5,Coahuila de Zaragoza,Coah.,10,Frontera,56,Roberto Rivera,R,"26°55´24.718N""","101°29´14.275W""",26.923532,-101.487298,594,G14A52,0,0,0,0
50100058,,5,Coahuila de Zaragoza,Coah.,10,Frontera,58,Gustavo García,R,"26°55´26.141N""","101°29´38.413W""",26.923927,-101.494003,591,G14A52,0,0,0,0
50100060,,5,Coahuila de Zaragoza,Coah.,10,Frontera,60,Rancho del Consuelo (Los Mona),R,"26°55´48.729N""","101°30´01.799W""",26.930202,-101.5005,585,G14A52,0,0,0,0
50100064,,5,Coahuila de Zaragoza,Coah.,10,Frontera,64,Los Cárdenas (Marcial Cárdenas Villastrigo),R,"26°59´03.248N""","101°24´57.224W""",26.984235,-101.415896,530,G14A52,0,0,0,0
50100069,,5,Coahuila de Zaragoza,Coah.,10,Frontera,69,Los Álamos,R,"26°58´04.802N""","101°27´00.042W""",26.968,-101.450012,562,G14A52,0,0,0,0
50100071,,5,Coahuila de Zaragoza,Coah.,10,Frontera,71,Quinta José (Alejandro Arroyo Gómez),R,"26°58´30.019N""","101°25´52.740W""",26.975005,-101.431316,542,G14A52,0,0,0,0
50100074,,5,Coahuila de Zaragoza,Coah.,10,Frontera,74,Guillermo Gutiérrez Fraustro (La Aurora),R,"27°00´10.305N""","101°24´39.101W""",27.002863,-101.410861,520,G14A42,0,0,0,0
50100076,,5,Coahuila de Zaragoza,Coah.,10,Frontera,76,Juan Rodríguez,R,"27°00´21.580N""","101°24´39.514W""",27.005994,-101.410976,517,G14A42,0,0,0,0
50100080,,5,Coahuila de Zaragoza,Coah.,10,Frontera,80,Santa Alicia (Reynold Peña Cruz),R,"26°58´47.905N""","101°27´35.476W""",26.979973,-101.459854,552,G14A52,0,0,0,0
50100081,,5,Coahuila de Zaragoza,Coah.,10,Frontera,81,La Polka 1 (Roberto Ortegón),R,"26°58´19.570N""","101°26´12.969W""",26.972102,-101.436936,549,G14A52,0,0,0,0
50100084,,5,Coahuila de Zaragoza,Coah.,10,Frontera,84,Fidencio Mendoza Castillo [Sector de Producción Número 1],R,"26°55´48.845N""","101°29´09.628W""",26.930234,-101.486007,580,G14A52,72,38,34,20
50100088,,5,Coahuila de Zaragoza,Coah.,10,Frontera,88,Miguel Mona,R,"26°56´04.008N""","101°29´59.728W""",26.934446,-101.499924,580,G14A52,0,0,0,0
50100090,,5,Coahuila de Zaragoza,Coah.,10,Frontera,90,Acatlán [Comunidad Agropecuaria],R,"26°56´23.936N""","101°29´18.210W""",26.939982,-101.488391,567,G14A52,7,*,*,2
50100091,,5,Coahuila de Zaragoza,Coah.,10,Frontera,91,Hermosa Provincia,R,"26°57´45.880N""","101°27´57.069W""",26.962744,-101.465853,559,G14A52,44,24,20,14
50100093,,5,Coahuila de Zaragoza,Coah.,10,Frontera,93,Los Auces,R,"26°54´59.136N""","101°29´18.702W""",26.916427,-101.488528,609,G14A52,0,0,0,0
50100094,,5,Coahuila de Zaragoza,Coah.,10,Frontera,94,José Isidro Silva,R,"26°55´33.871N""","101°29´23.862W""",26.926075,-101.489961,588,G14A52,0,0,0,0
50100101,,5,Coahuila de Zaragoza,Coah.,10,Frontera,101,Popa Mona,R,"26°55´56.121N""","101°30´01.189W""",26.932255,-101.50033,582,G14A52,1,*,*,1
50100102,,5,Coahuila de Zaragoza,Coah.,10,Frontera,102,Mona,R,"26°55´49.331N""","101°29´23.242W""",26.930369,-101.489789,580,G14A52,0,0,0,0
50100104,,5,Coahuila de Zaragoza,Coah.,10,Frontera,104,José Arturo Barrera,R,"27°00´38.269N""","101°28´59.350W""",27.01063,-101.483152,526,G14A42,0,0,0,0
50100105,,5,Coahuila de Zaragoza,Coah.,10,Frontera,105,José Ignacio Dávila,R,"27°00´51.657N""","101°28´52.775W""",27.014349,-101.481326,522,G14A42,0,0,0,0
50100106,,5,Coahuila de Zaragoza,Coah.,10,Frontera,106,Jorge de los Santos,R,"26°58´16.099N""","101°27´57.544W""",26.971138,-101.465984,555,G14A52,0,0,0,0
50100107,,5,Coahuila de Zaragoza,Coah.,10,Frontera,107,Los Temporales (Mario Salazar Garza),R,"26°58´26.172N""","101°28´08.170W""",26.973936,-101.468935,552,G14A52,0,0,0,0
50100108,,5,Coahuila de Zaragoza,Coah.,10,Frontera,108,Colonia Doctor Esteban Martínez,R,"26°58´40.663N""","101°28´14.828W""",26.977961,-101.470785,548,G14A52,211,113,98,65
50100110,,5,Coahuila de Zaragoza,Coah.,10,Frontera,110,Estancias de San Juan Bautista,R,"26°59´33.462N""","101°27´39.352W""",26.992628,-101.460931,547,G14A52,0,0,0,0
50100111,,5,Coahuila de Zaragoza,Coah.,10,Frontera,111,Gerardo Galindo Moreno,R,"27°00´33.390N""","101°26´23.273W""",27.009275,-101.439798,540,G14A42,0,0,0,0
50100112,,5,Coahuila de Zaragoza,Coah.,10,Frontera,112,La Polka 1 (La Piedad),R,"26°57´11.589N""","101°26´20.831W""",26.953219,-101.439119,563,G14A52,0,0,0,0
50100113,,5,Coahuila de Zaragoza,Coah.,10,Frontera,113,Quinta la Polka,R,"26°57´05.891N""","101°26´17.912W""",26.951636,-101.438309,569,G14A52,0,0,0,0
50100114,,5,Coahuila de Zaragoza,Coah.,10,Frontera,114,La Polka 1 (Abel Salazar Santos),R,"26°57´00.310N""","101°26´11.025W""",26.950086,-101.436396,569,G14A52,0,0,0,0
50100118,,5,Coahuila de Zaragoza,Coah.,10,Frontera,118,El Milagro (Dennis Coffey),R,"26°58´49.658N""","101°26´20.660W""",26.98046,-101.439072,554,G14A52,0,0,0,0
50100119,,5,Coahuila de Zaragoza,Coah.,10,Frontera,119,El Alto de Estancias (Francisco de Alba),R,"26°59´03.997N""","101°26´22.350W""",26.984443,-101.439541,551,G14A52,1,*,*,1
50100120,,5,Coahuila de Zaragoza,Coah.,10,Frontera,120,Casa Blanca (El Alto),R,"26°58´57.278N""","101°26´05.146W""",26.982577,-101.434762,546,G14A52,0,0,0,0
50100121,,5,Coahuila de Zaragoza,Coah.,10,Frontera,121,Santos Peña,R,"26°59´08.139N""","101°26´20.344W""",26.985594,-101.438984,550,G14A52,0,0,0,0
50100124,,5,Coahuila de Zaragoza,Coah.,10,Frontera,124,Alfredo Paredes,R,"27°00´19.056N""","101°24´33.302W""",27.005293,-101.409251,517,G14A42,0,0,0,0
50100125,,5,Coahuila de Zaragoza,Coah.,10,Frontera,125,Fidencio Rodríguez,R,"27°00´20.060N""","101°24´34.999W""",27.005572,-101.409722,517,G14A42,0,0,0,0
50100128,,5,Coahuila de Zaragoza,Coah.,10,Frontera,128,Lupita,R,"27°00´57.169N""","101°24´15.620W""",27.01588,-101.404339,509,G14A42,0,0,0,0
50100130,,5,Coahuila de Zaragoza,Coah.,10,Frontera,130,Enrique Castillo,R,"27°00´22.121N""","101°25´00.733W""",27.006145,-101.41687,519,G14A42,0,0,0,0
50100133,,5,Coahuila de Zaragoza,Coah.,10,Frontera,133,Las Flores,R,"26°59´42.522N""","101°24´34.870W""",26.995145,-101.409686,523,G14A52,0,0,0,0
50100134,,5,Coahuila de Zaragoza,Coah.,10,Frontera,134,La Polka Dos,R,"27°00´01.467N""","101°24´45.723W""",27.000408,-101.412701,521,G14A42,0,0,0,0
50100137,,5,Coahuila de Zaragoza,Coah.,10,Frontera,137,Fidencio Peña Peña e Hijos,R,"26°58´16.880N""","101°25´26.180W""",26.971355,-101.423938,544,G14A52,0,0,0,0
50100138,,5,Coahuila de Zaragoza,Coah.,10,Frontera,138,El Coyote (Rogelio Córdoba),R,"26°59´37.566N""","101°25´56.094W""",26.993768,-101.432248,540,G14A52,0,0,0,0
50100139,,5,Coahuila de Zaragoza,Coah.,10,Frontera,139,El Refugio (Juan Hermilo Arauza),R,"26°59´28.050N""","101°25´52.460W""",26.991125,-101.431238,540,G14A52,0,0,0,0
50100142,,5,Coahuila de Zaragoza,Coah.,10,Frontera,142,La Lupita,R,"26°58´18.577N""","101°27´18.255W""",26.971826,-101.455071,557,G14A52,0,0,0,0
50100143,,5,Coahuila de Zaragoza,Coah.,10,Frontera,143,La Esperanza (Jaime Mario Castellanos Córdova),R,"26°58´39.699N""","101°27´27.707W""",26.977694,-101.457696,554,G14A52,0,0,0,0
50100144,,5,Coahuila de Zaragoza,Coah.,10,Frontera,144,El Tesoro (Antonio de la Cruz Rodríguez),R,"26°58´04.229N""","101°27´15.859W""",26.967841,-101.454405,560,G14A52,1,*,*,1
50100146,,5,Coahuila de Zaragoza,Coah.,10,Frontera,146,La Puerta,R,"26°55´32.493N""","101°31´45.899W""",26.925692,-101.529416,586,G14A52,0,0,0,0
50100147,,5,Coahuila de Zaragoza,Coah.,10,Frontera,147,San Pedro,R,"26°54´54.420N""","101°33´42.949W""",26.915117,-101.56193,606,G14A52,0,0,0,0
50100148,,5,Coahuila de Zaragoza,Coah.,10,Frontera,148,Santa Anita,R,"26°56´02.090N""","101°34´27.620W""",26.933914,-101.574338,606,G14A52,0,0,0,0
50100149,,5,Coahuila de Zaragoza,Coah.,10,Frontera,149,La Granjita (Hortencia Barajas),R,"26°55´03.646N""","101°34´33.185W""",26.917679,-101.575884,610,G14A52,0,0,0,0
50100150,,5,Coahuila de Zaragoza,Coah.,10,Frontera,150,La Puerta,R,"26°55´46.309N""","101°31´49.973W""",26.92953,-101.530547,581,G14A52,0,0,0,0
50100152,,5,Coahuila de Zaragoza,Coah.,10,Frontera,152,Santa Inés,R,"27°02´49.948N""","101°22´42.811W""",27.047207,-101.378558,489,G14A42,0,0,0,0
50100153,,5,Coahuila de Zaragoza,Coah.,10,Frontera,153,Santa Inés (De la Herradura),R,"27°02´31.638N""","101°22´51.831W""",27.042121,-101.381064,489,G14A42,0,0,0,0
50100154,,5,Coahuila de Zaragoza,Coah.,10,Frontera,154,Orica,R,"27°03´48.612N""","101°21´48.279W""",27.063503,-101.363411,471,G14A42,0,0,0,0
50100155,,5,Coahuila de Zaragoza,Coah.,10,Frontera,155,Santa Inés (Salvador Martínez),R,"27°04´04.893N""","101°23´55.467W""",27.068025,-101.398741,485,G14A42,0,0,0,0
50100157,,5,Coahuila de Zaragoza,Coah.,10,Frontera,157,Ignacio Dávila Guillén,R,"27°00´30.416N""","101°29´15.605W""",27.008449,-101.487668,527,G14A42,0,0,0,0
50100158,,5,Coahuila de Zaragoza,Coah.,10,Frontera,158,La Polka 1 (Beto Garibay Asís),R,"26°56´49.825N""","101°26´12.664W""",26.947173,-101.436851,572,G14A52,0,0,0,0
50100159,,5,Coahuila de Zaragoza,Coah.,10,Frontera,159,Los Pinabetes (Carlos Huerta Moreno),R,"26°57´04.129N""","101°26´28.115W""",26.951147,-101.441143,568,G14A52,0,0,0,0
50100160,,5,Coahuila de Zaragoza,Coah.,10,Frontera,160,Chayín (Eliseo Briones Alcocer),R,"26°57´13.347N""","101°26´39.931W""",26.953708,-101.444425,566,G14A52,0,0,0,0
50100161,,5,Coahuila de Zaragoza,Coah.,10,Frontera,161,Artemio Serna Zamur,R,"27°00´11.170N""","101°25´00.580W""",27.003103,-101.416827,521,G14A42,0,0,0,0
50100164,,5,Coahuila de Zaragoza,Coah.,10,Frontera,164,La Polka 1 (Manuel Flores Guzmán),R,"26°57´10.862N""","101°26´18.709W""",26.953017,-101.43853,564,G14A52,0,0,0,0
50100165,,5,Coahuila de Zaragoza,Coah.,10,Frontera,165,El Venado (Francisco Raúl Ballesteros Peña),R,"26°59´36.349N""","101°24´23.376W""",26.99343,-101.406493,522,G14A52,0,0,0,0
50100166,,5,Coahuila de Zaragoza,Coah.,10,Frontera,166,María Luisa Domínguez García,R,"27°00´07.671N""","101°29´29.258W""",27.002131,-101.49146,530,G14A42,7,*,*,1
50100167,,5,Coahuila de Zaragoza,Coah.,10,Frontera,167,Osvaldo Suárez Salazar,R,"26°59´20.022N""","101°25´01.595W""",26.988895,-101.417109,530,G14A52,0,0,0,0
50100169,,5,Coahuila de Zaragoza,Coah.,10,Frontera,169,Eduardo Alvarado Morones,R,"26°59´22.212N""","101°25´58.252W""",26.989503,-101.432847,544,G14A52,0,0,0,0
50100170,,5,Coahuila de Zaragoza,Coah.,10,Frontera,170,Ninguno [Club To Ton],R,"26°58´27.641N""","101°26´00.456W""",26.974344,-101.43346,547,G14A52,0,0,0,0
50100171,,5,Coahuila de Zaragoza,Coah.,10,Frontera,171,Juan García Venegas,R,"26°59´51.749N""","101°26´49.449W""",26.997708,-101.447069,550,G14A52,0,0,0,0
50100172,,5,Coahuila de Zaragoza,Coah.,10,Frontera,172,Beatriz del Río,R,"26°58´22.329N""","101°25´19.779W""",26.972869,-101.42216,542,G14A52,0,0,0,0
50100173,,5,Coahuila de Zaragoza,Coah.,10,Frontera,173,Francisco Rosciano,R,"26°57´59.370N""","101°25´33.459W""",26.966492,-101.42596,548,G14A52,0,0,0,0
50100175,,5,Coahuila de Zaragoza,Coah.,10,Frontera,175,Jaime Quirino,R,"26°56´15.195N""","101°31´09.730W""",26.937554,-101.519369,591,G14A52,0,0,0,0
50100176,,5,Coahuila de Zaragoza,Coah.,10,Frontera,176,Colonia Diana Laura Riojas de Colosio,R,"26°58´32.775N""","101°28´48.507W""",26.97577,-101.48014,549,G14A52,2589,1341,1248,763
50100177,,5,Coahuila de Zaragoza,Coah.,10,Frontera,177,El Junco,R,"26°56´52.331N""","101°29´19.055W""",26.947869,-101.488626,559,G14A52,0,0,0,0
50100178,,5,Coahuila de Zaragoza,Coah.,10,Frontera,178,Los Panchos,R,"26°55´55.021N""","101°30´43.027W""",26.93195,-101.511952,592,G14A52,0,0,0,0
50100180,,5,Coahuila de Zaragoza,Coah.,10,Frontera,180,San José,R,"26°55´25.193N""","101°30´20.128W""",26.923664,-101.505591,599,G14A52,0,0,0,0
50100182,,5,Coahuila de Zaragoza,Coah.,10,Frontera,182,Antonio Ramos,R,"26°59´34.710N""","101°30´31.981W""",26.992975,-101.508884,532,G14A52,0,0,0,0
50100183,,5,Coahuila de Zaragoza,Coah.,10,Frontera,183,Tomás Escobedo,R,"26°55´07.935N""","101°31´59.752W""",26.91887,-101.533264,593,G14A52,0,0,0,0
50100184,,5,Coahuila de Zaragoza,Coah.,10,Frontera,184,El Borrego (Pueblo Nuevo),R,"26°56´41.250N""","101°30´46.680W""",26.944791,-101.512967,569,G14A52,53,27,26,19
50100185,,5,Coahuila de Zaragoza,Coah.,10,Frontera,185,La Cabaña,R,"26°58´20.038N""","101°28´14.781W""",26.972232,-101.470772,553,G14A52,0,0,0,0
50100187,,5,Coahuila de Zaragoza,Coah.,10,Frontera,187,Corralitos,R,"26°54´59.601N""","101°31´14.935W""",26.916556,-101.520815,593,G14A52,0,0,0,0
50100188,,5,Coahuila de Zaragoza,Coah.,10,Frontera,188,Enrique Martínez y Martínez,R,"26°56´48.301N""","101°28´36.450W""",26.94675,-101.476791,570,G14A52,0,0,0,0
50100189,,5,Coahuila de Zaragoza,Coah.,10,Frontera,189,San Isidro [Confinamiento Industrial],R,"26°54´14.047N""","101°30´05.852W""",26.903902,-101.501626,600,G14A52,2,*,*,1
50100191,,5,Coahuila de Zaragoza,Coah.,10,Frontera,191,Cuatro Caminos (La Hermosa),R,"26°53´15.659N""","101°30´08.349W""",26.887683,-101.502319,622,G14A52,0,0,0,0
50100192,,5,Coahuila de Zaragoza,Coah.,10,Frontera,192,Dámaso González Sánchez,R,"26°59´34.519N""","101°26´36.269W""",26.992922,-101.443408,554,G14A52,0,0,0,0
50100193,,5,Coahuila de Zaragoza,Coah.,10,Frontera,193,David Ramírez,R,"26°52´49.375N""","101°28´44.903W""",26.880381,-101.479139,645,G14A52,0,0,0,0
50100194,,5,Coahuila de Zaragoza,Coah.,10,Frontera,194,Efraín Asís,R,"26°57´41.299N""","101°27´47.310W""",26.961472,-101.463142,561,G14A52,0,0,0,0
50100196,,5,Coahuila de Zaragoza,Coah.,10,Frontera,196,Erika Rocío Rendón Lara,R,"26°59´35.356N""","101°30´55.959W""",26.993154,-101.515544,533,G14A52,0,0,0,0
50100197,,5,Coahuila de Zaragoza,Coah.,10,Frontera,197,Fidencio Martínez,R,"26°57´37.888N""","101°32´25.985W""",26.960524,-101.540551,570,G14A52,0,0,0,0
50100198,,5,Coahuila de Zaragoza,Coah.,10,Frontera,198,Fracción Ejidal Pozuelos de Abajo,R,"26°55´13.440N""","101°30´29.990W""",26.920399,-101.508331,596,G14A52,9,*,*,2
50100199,,5,Coahuila de Zaragoza,Coah.,10,Frontera,199,Gonzalo Castillo Alvarado,R,"26°57´04.705N""","101°29´14.726W""",26.951307,-101.487424,560,G14A52,0,0,0,0
50100200,,5,Coahuila de Zaragoza,Coah.,10,Frontera,200,Guadalupe,R,"26°54´58.626N""","101°33´30.939W""",26.916285,-101.558594,602,G14A52,0,0,0,0
50100201,,5,Coahuila de Zaragoza,Coah.,10,Frontera,201,Hermilo Ramos,R,"26°59´53.229N""","101°30´03.350W""",26.998119,-101.500931,529,G14A52,0,0,0,0
50100202,,5,Coahuila de Zaragoza,Coah.,10,Frontera,202,Candelario Jesús Martínez Pacheco,R,"26°58´36.824N""","101°26´45.840W""",26.976895,-101.446066,561,G14A52,0,0,0,0
50100203,,5,Coahuila de Zaragoza,Coah.,10,Frontera,203,Valle Verde (Álvarez Hernández),R,"26°57´29.579N""","101°31´56.280W""",26.958216,-101.532299,560,G14A52,0,0,0,0
50100204,,5,Coahuila de Zaragoza,Coah.,10,Frontera,204,Manuel Escobedo Arévalo,R,"26°52´31.233N""","101°30´30.296W""",26.875342,-101.508416,662,G14A52,0,0,0,0
50100205,,5,Coahuila de Zaragoza,Coah.,10,Frontera,205,Arturo Reyes,R,"26°57´19.916N""","101°31´22.456W""",26.955532,-101.522904,556,G14A52,0,0,0,0
50100206,,5,Coahuila de Zaragoza,Coah.,10,Frontera,206,La Mota (Nazario Escobedo),R,"26°51´57.021N""","101°31´05.522W""",26.865839,-101.5182,690,G14A52,0,0,0,0
50100209,,5,Coahuila de Zaragoza,Coah.,10,Frontera,209,Pedro Requena,R,"26°55´12.475N""","101°32´21.126W""",26.920131,-101.539201,593,G14A52,2,*,*,1
50100210,,5,Coahuila de Zaragoza,Coah.,10,Frontera,210,La Acerera [Planta de Transmisión de Radio],R,"26°54´51.149N""","101°28´50.040W""",26.914208,-101.480566,609,G14A52,0,0,0,0
50100211,,5,Coahuila de Zaragoza,Coah.,10,Frontera,211,Quinta Nora Patricia,R,"26°55´51.984N""","101°30´28.898W""",26.931106,-101.508027,589,G14A52,0,0,0,0
50100212,,5,Coahuila de Zaragoza,Coah.,10,Frontera,212,Ramiro Castillo Guía,R,"26°55´24.119N""","101°30´24.592W""",26.923366,-101.506831,600,G14A52,1,*,*,1
50100213,,5,Coahuila de Zaragoza,Coah.,10,Frontera,213,René Rivas Urbina,R,"26°53´02.646N""","101°30´24.864W""",26.884068,-101.506907,632,G14A52,0,0,0,0
50100214,,5,Coahuila de Zaragoza,Coah.,10,Frontera,214,El Retiro,R,"26°54´41.709N""","101°30´17.859W""",26.911586,-101.504961,596,G14A52,0,0,0,0
50100215,,5,Coahuila de Zaragoza,Coah.,10,Frontera,215,Los Rodríguez [Fraccionamiento Campestre],R,"26°55´08.403N""","101°33´21.830W""",26.919,-101.556064,597,G14A52,0,0,0,0
50100216,,5,Coahuila de Zaragoza,Coah.,10,Frontera,216,Santa Leticia,R,"26°54´35.589N""","101°30´12.160W""",26.909886,-101.503378,599,G14A52,0,0,0,0
50100218,,5,Coahuila de Zaragoza,Coah.,10,Frontera,218,Carlos Rodríguez,R,"26°58´21.928N""","101°35´41.419W""",26.972757,-101.594838,590,G14A52,0,0,0,0
50100219,,5,Coahuila de Zaragoza,Coah.,10,Frontera,219,Los Juanes,R,"26°56´54.699N""","101°28´22.801W""",26.948527,-101.473,571,G14A52,0,0,0,0
50100221,,5,Coahuila de Zaragoza,Coah.,10,Frontera,221,Los Dávila,R,"26°58´07.020N""","101°28´55.269W""",26.968616,-101.482019,553,G14A52,0,0,0,0
50100222,,5,Coahuila de Zaragoza,Coah.,10,Frontera,222,Ampliación la Cruz Tercer Sector,R,"26°59´16.499N""","101°30´06.254W""",26.987916,-101.501737,535,G14A52,88,39,49,24
50100223,,5,Coahuila de Zaragoza,Coah.,10,Frontera,223,Juana María Suarez Riojas,R,"26°58´36.667N""","101°25´58.883W""",26.976851,-101.433022,546,G14A52,0,0,0,0
50100224,,5,Coahuila de Zaragoza,Coah.,10,Frontera,224,La Villita,R,"26°58´20.110N""","101°26´29.330W""",26.972252,-101.44148,557,G14A52,0,0,0,0
50100226,,5,Coahuila de Zaragoza,Coah.,10,Frontera,226,Luis Gerardo Arocha González,R,"27°00´23.187N""","101°29´14.975W""",27.006441,-101.487493,528,G14A42,0,0,0,0
50100227,,5,Coahuila de Zaragoza,Coah.,10,Frontera,227,José Luis Garza del Toro,R,"27°00´55.776N""","101°28´57.778W""",27.015493,-101.482715,520,G14A42,0,0,0,0
50100228,,5,Coahuila de Zaragoza,Coah.,10,Frontera,228,El Paraíso (Ricardo Medrano),R,"26°58´31.339N""","101°25´44.709W""",26.975371,-101.429085,541,G14A52,0,0,0,0
50100229,,5,Coahuila de Zaragoza,Coah.,10,Frontera,229,El Vivero,R,"26°59´25.829N""","101°30´17.669W""",26.990508,-101.504908,532,G14A52,0,0,0,0
50100230,,5,Coahuila de Zaragoza,Coah.,10,Frontera,230,Jesús Mendoza,R,"27°00´18.859N""","101°29´42.706W""",27.005239,-101.495196,527,G14A42,0,0,0,0
50100231,,5,Coahuila de Zaragoza,Coah.,10,Frontera,231,Quinta Ángeles,R,"26°55´21.674N""","101°29´43.049W""",26.922687,-101.495291,596,G14A52,0,0,0,0
50100232,,5,Coahuila de Zaragoza,Coah.,10,Frontera,232,Rancho de la Pina (Raúl Montemayor Valdés),R,"26°55´03.689N""","101°34´43.012W""",26.917691,-101.578614,612,G14A52,0,0,0,0
50100233,,5,Coahuila de Zaragoza,Coah.,10,Frontera,233,Escobar,R,"26°52´51.958N""","101°29´34.144W""",26.881099,-101.492817,639,G14A52,0,0,0,0
50100234,,5,Coahuila de Zaragoza,Coah.,10,Frontera,234,Rancho 3 R,R,"27°00´00.804N""","101°30´14.729W""",27.000223,-101.504091,528,G14A42,0,0,0,0
50100235,,5,Coahuila de Zaragoza,Coah.,10,Frontera,235,El Pequeño (Jesús Candelario Martínez Pacheco),R,"26°59´43.490N""","101°26´42.299W""",26.995414,-101.445083,552,G14A52,0,0,0,0
50100236,,5,Coahuila de Zaragoza,Coah.,10,Frontera,236,El Topo,R,"26°56´27.559N""","101°30´11.832W""",26.940988,-101.503287,568,G14A52,0,0,0,0
50100237,,5,Coahuila de Zaragoza,Coah.,10,Frontera,237,Francisco Moncada,R,"26°57´10.392N""","101°26´28.843W""",26.952887,-101.441345,566,G14A52,1,*,*,1
50100238,,5,Coahuila de Zaragoza,Coah.,10,Frontera,238,El Encanto (La Bandera),R,"26°58´19.260N""","101°26´06.741W""",26.972016,-101.435206,547,G14A52,0,0,0,0
50100239,,5,Coahuila de Zaragoza,Coah.,10,Frontera,239,José Luis Rodríguez Vázquez,R,"26°58´24.800N""","101°26´08.630W""",26.973555,-101.43573,550,G14A52,9,*,*,1
50100240,,5,Coahuila de Zaragoza,Coah.,10,Frontera,240,El Trébol,R,"26°58´23.165N""","101°26´15.804W""",26.973101,-101.437723,550,G14A52,0,0,0,0
50100241,,5,Coahuila de Zaragoza,Coah.,10,Frontera,241,Monclova [Centro Ecuestre],R,"26°58´16.000N""","101°25´33.343W""",26.97111,-101.425928,545,G14A52,0,0,0,0
50100242,,5,Coahuila de Zaragoza,Coah.,10,Frontera,242,El Chupadero (Salvador Gutiérrez Flores),R,"26°55´27.789N""","101°29´28.950W""",26.924385,-101.491375,590,G14A52,0,0,0,0
50100243,,5,Coahuila de Zaragoza,Coah.,10,Frontera,243,José Alberto Asís Calderón,R,"27°01´14.059N""","101°30´35.020W""",27.020571,-101.509728,517,G14A42,0,0,0,0
50100244,,5,Coahuila de Zaragoza,Coah.,10,Frontera,244,Juan Sifuentes Rodríguez,R,"27°01´10.570N""","101°30´07.314W""",27.019602,-101.502032,518,G14A42,0,0,0,0
50100245,,5,Coahuila de Zaragoza,Coah.,10,Frontera,245,Juan Morín Duarte,R,"27°01´02.760N""","101°30´14.350W""",27.017433,-101.503986,519,G14A42,1,*,*,1
50100246,,5,Coahuila de Zaragoza,Coah.,10,Frontera,246,Obdulia Dávila Gloria,R,"27°00´26.399N""","101°30´01.050W""",27.007333,-101.500292,525,G14A42,0,0,0,0
50100247,,5,Coahuila de Zaragoza,Coah.,10,Frontera,247,Elvia Martínez Guajardo,R,"27°00´36.248N""","101°30´38.858W""",27.010069,-101.510794,523,G14A42,0,0,0,0
50100248,,5,Coahuila de Zaragoza,Coah.,10,Frontera,248,Ramos Ranch (Carlos Ramos Reyes),R,"27°00´33.099N""","101°31´03.550W""",27.009194,-101.517652,524,G14A42,0,0,0,0
50100249,,5,Coahuila de Zaragoza,Coah.,10,Frontera,249,El Paraíso (Héctor Ramón Samaniego Casarez),R,"27°00´16.045N""","101°31´13.261W""",27.004457,-101.52035,527,G14A42,0,0,0,0
50100250,,5,Coahuila de Zaragoza,Coah.,10,Frontera,250,Tres Potrillos,R,"27°00´14.649N""","101°31´29.600W""",27.004069,-101.524888,529,G14A42,0,0,0,0
50100251,,5,Coahuila de Zaragoza,Coah.,10,Frontera,251,Santa Rosa,R,"27°00´17.899N""","101°31´03.619W""",27.004972,-101.517671,527,G14A42,0,0,0,0
50100252,,5,Coahuila de Zaragoza,Coah.,10,Frontera,252,Las Alazanas,R,"27°01´35.449N""","101°29´42.402W""",27.026513,-101.495111,515,G14A42,0,0,0,0
50100253,,5,Coahuila de Zaragoza,Coah.,10,Frontera,253,8 de Enero [Fraccionamiento Campestre],R,"27°00´39.899N""","101°29´20.247W""",27.011083,-101.488957,525,G14A42,1,*,*,1
50100254,,5,Coahuila de Zaragoza,Coah.,10,Frontera,254,Santa Clara,R,"27°00´22.662N""","101°29´58.800W""",27.006295,-101.499666,526,G14A42,5,*,*,1
50100255,,5,Coahuila de Zaragoza,Coah.,10,Frontera,255,Julia Elena Ortega García,R,"27°00´10.159N""","101°29´43.320W""",27.002822,-101.495366,529,G14A42,11,6,5,3
50100256,,5,Coahuila de Zaragoza,Coah.,10,Frontera,256,Cuatro Milpas,R,"27°00´41.019N""","101°30´33.718W""",27.011394,-101.509366,523,G14A42,0,0,0,0
50100257,,5,Coahuila de Zaragoza,Coah.,10,Frontera,257,Los Williamsón,R,"27°02´02.986N""","101°29´11.050W""",27.034162,-101.486402,516,G14A42,0,0,0,0
50100258,,5,Coahuila de Zaragoza,Coah.,10,Frontera,258,El Borrego,R,"27°01´35.918N""","101°29´29.092W""",27.026643,-101.491414,517,G14A42,0,0,0,0
50100259,,5,Coahuila de Zaragoza,Coah.,10,Frontera,259,La Morita,R,"27°01´33.258N""","101°29´21.813W""",27.025904,-101.489392,518,G14A42,0,0,0,0
50100260,,5,Coahuila de Zaragoza,Coah.,10,Frontera,260,Elba Méndez de León,R,"27°01´02.370N""","101°29´21.190W""",27.017324,-101.489219,522,G14A42,0,0,0,0
50100261,,5,Coahuila de Zaragoza,Coah.,10,Frontera,261,Barajas,R,"27°00´47.869N""","101°28´55.539W""",27.013297,-101.482094,524,G14A42,0,0,0,0
50100262,,5,Coahuila de Zaragoza,Coah.,10,Frontera,262,Sandra Luz Méndez González,R,"27°00´35.221N""","101°29´52.118W""",27.009784,-101.49781,524,G14A42,0,0,0,0
50100263,,5,Coahuila de Zaragoza,Coah.,10,Frontera,263,Enrique Martel Sifuentes,R,"27°00´33.700N""","101°29´46.240W""",27.009361,-101.496177,524,G14A42,0,0,0,0
50100264,,5,Coahuila de Zaragoza,Coah.,10,Frontera,264,Eulalio Méndez González,R,"27°00´23.789N""","101°29´48.699W""",27.006608,-101.496861,526,G14A42,0,0,0,0
50100265,,5,Coahuila de Zaragoza,Coah.,10,Frontera,265,Rodolfo González Méndez,R,"27°00´14.569N""","101°29´39.109W""",27.004047,-101.494197,528,G14A42,8,*,*,2
50100266,,5,Coahuila de Zaragoza,Coah.,10,Frontera,266,Juan Pablo Mata Estrada,R,"26°54´08.991N""","101°29´39.985W""",26.902498,-101.49444,615,G14A52,0,0,0,0
50100267,,5,Coahuila de Zaragoza,Coah.,10,Frontera,267,Sagrado Corazón de Jesús,R,"26°56´12.837N""","101°31´03.702W""",26.936899,-101.517694,590,G14A52,0,0,0,0
50100268,,5,Coahuila de Zaragoza,Coah.,10,Frontera,268,Petra Gaytán Orozco,R,"26°55´37.647N""","101°29´39.974W""",26.927124,-101.494437,584,G14A52,1,*,*,1
50100269,,5,Coahuila de Zaragoza,Coah.,10,Frontera,269,Eduardo Gutiérrez Sánchez,R,"26°55´21.670N""","101°28´57.620W""",26.922685,-101.482672,594,G14A52,2,*,*,1
50100270,,5,Coahuila de Zaragoza,Coah.,10,Frontera,270,La Isla (Graciela Rodríguez Moreno),R,"26°55´36.002N""","101°29´31.265W""",26.926667,-101.492018,585,G14A52,2,*,*,1
50100271,,5,Coahuila de Zaragoza,Coah.,10,Frontera,271,El Rosario,R,"26°55´52.990N""","101°29´59.480W""",26.931385,-101.499855,583,G14A52,0,0,0,0
50100272,,5,Coahuila de Zaragoza,Coah.,10,Frontera,272,Magdalena,R,"26°56´17.989N""","101°33´24.998W""",26.93833,-101.556944,590,G14A52,0,0,0,0
50100273,,5,Coahuila de Zaragoza,Coah.,10,Frontera,273,Vanesa Guerrero,R,"26°58´44.691N""","101°28´59.904W""",26.97908,-101.483306,545,G14A52,77,38,39,22
50100274,,5,Coahuila de Zaragoza,Coah.,10,Frontera,274,Villas del Desierto,R,"26°57´30.569N""","101°28´37.437W""",26.958491,-101.477065,561,G14A52,37,20,17,15
50100275,,5,Coahuila de Zaragoza,Coah.,10,Frontera,275,Los González,R,"26°57´42.636N""","101°28´13.124W""",26.961843,-101.470312,562,G14A52,0,0,0,0
50100276,,5,Coahuila de Zaragoza,Coah.,10,Frontera,276,Nacional de Acero,R,"26°53´58.660N""","101°28´30.584W""",26.899627,-101.475162,620,G14A52,0,0,0,0
50100277,,5,Coahuila de Zaragoza,Coah.,10,Frontera,277,Camino a Pozuelos de Abajo,R,"26°55´31.948N""","101°30´38.723W""",26.92554,-101.510756,599,G14A52,24,11,13,9
50100278,,5,Coahuila de Zaragoza,Coah.,10,Frontera,278,Juan Manuel Escobedo Arévalo,R,"26°54´33.800N""","101°28´36.840W""",26.909389,-101.476899,621,G14A52,2,*,*,1
50100279,,5,Coahuila de Zaragoza,Coah.,10,Frontera,279,Jesús Mario Pérez Herrera,R,"26°59´58.100N""","101°31´11.490W""",26.999472,-101.519858,530,G14A52,0,0,0,0
50100280,,5,Coahuila de Zaragoza,Coah.,10,Frontera,280,El Jicote,R,"26°59´49.260N""","101°31´05.670W""",26.997016,-101.518241,531,G14A52,0,0,0,0
50100281,,5,Coahuila de Zaragoza,Coah.,10,Frontera,281,Martín Reyes,R,"26°59´51.250N""","101°31´13.260W""",26.997569,-101.520349,531,G14A52,0,0,0,0
50100282,,5,Coahuila de Zaragoza,Coah.,10,Frontera,282,Villasana Montemayor,R,"26°55´06.750N""","101°34´24.750W""",26.918541,-101.573541,607,G14A52,0,0,0,0
50100283,,5,Coahuila de Zaragoza,Coah.,10,Frontera,283,Gerardo Barajas Rodríguez,R,"26°55´03.062N""","101°33´02.279W""",26.917517,-101.550633,597,G14A52,0,0,0,0
50100284,,5,Coahuila de Zaragoza,Coah.,10,Frontera,284,Coahuiltecos [Fraccionamiento Campestre],R,"26°54´42.530N""","101°34´30.000W""",26.911814,-101.574999,608,G14A52,0,0,0,0
50100285,,5,Coahuila de Zaragoza,Coah.,10,Frontera,285,Sandra Márquez,R,"27°00´11.408N""","101°29´28.450W""",27.003169,-101.491236,529,G14A42,4,*,*,1
50100286,,5,Coahuila de Zaragoza,Coah.,10,Frontera,286,La Quinta,R,"27°00´43.067N""","101°29´42.185W""",27.011963,-101.495051,522,G14A42,0,0,0,0
50100287,,5,Coahuila de Zaragoza,Coah.,10,Frontera,287,Las Cruces [Fraccionamiento Campestre],R,"26°59´19.702N""","101°29´39.477W""",26.988806,-101.494299,535,G14A52,-,-,-,-
50100288,,5,Coahuila de Zaragoza,Coah.,10,Frontera,288,José Ernesto González,R,"27°00´34.409N""","101°30´10.430W""",27.009558,-101.502897,523,G14A42,-,-,-,-
50100289,,5,Coahuila de Zaragoza,Coah.,10,Frontera,289,Victoria [Granja],R,"27°00´38.384N""","101°30´15.297W""",27.010662,-101.504249,522,G14A42,-,-,-,-
