MAPA,Estatus,CVE_ENT,NOM_ENT,NOM_ABR,CVE_MUN,NOM_MUN,CVE_LOC,NOM_LOC,AMBITO,LATITUD,LONGITUD,LAT_DECIMAL,LON_DECIMAL,ALTITUD,CVE_CARTA,POB_TOTAL,POB_MASCULINA,POB_FEMENINA,TOTAL DE VIVIENDAS HABITADAS
50140001,,5,Coahuila de Zaragoza,Coah.,14,Jiménez,1,Jiménez,U,"29°04´13.110N""","100°40´27.219W""",29.070308,-100.674227,247,H14C44,1162,591,571,348
50140002,,5,Coahuila de Zaragoza,Coah.,14,Jiménez,2,El Carmen,R,"28°59´57.918N""","100°56´04.541W""",28.999421,-100.934594,339,H14C54,0,0,0,0
50140003,,5,Coahuila de Zaragoza,Coah.,14,Jiménez,3,Cristales,R,"29°04´43.782N""","101°00´39.113W""",29.078828,-101.010865,341,H14C43,290,160,130,78
50140004,,5,Coahuila de Zaragoza,Coah.,14,Jiménez,4,El Divisadero,R,"29°09´37.449N""","100°58´11.562W""",29.160403,-100.969878,344,H14C44,107,55,52,33
50140005,,5,Coahuila de Zaragoza,Coah.,14,Jiménez,5,Emiliano Zapata (Santa Elena),R,"29°01´18.909N""","100°51´32.769W""",29.021919,-100.859103,317,H14C44,106,65,41,27
50140006,,5,Coahuila de Zaragoza,Coah.,14,Jiménez,6,Madero del Río,R,"29°13´34.189N""","100°49´30.024W""",29.226163,-100.825006,268,H14C44,468,237,231,127
50140007,,5,Coahuila de Zaragoza,Coah.,14,Jiménez,7,La Muralla,R,"29°07´29.566N""","100°56´50.316W""",29.124879,-100.94731,321,H14C44,235,113,122,70
50140008,,5,Coahuila de Zaragoza,Coah.,14,Jiménez,8,La Bandera (Nueva Bandera),R,"29°03´46.232N""","100°54´57.680W""",29.062842,-100.916022,320,H14C44,63,34,29,19
50140009,,5,Coahuila de Zaragoza,Coah.,14,Jiménez,9,Nueva Jarita,R,"28°59´38.990N""","100°48´01.350W""",28.994164,-100.800375,300,H14C54,129,73,56,35
50140010,,5,Coahuila de Zaragoza,Coah.,14,Jiménez,10,Balcones (Nuevos Balcones),R,"29°03´09.444N""","100°53´40.133W""",29.052623,-100.894481,310,H14C44,0,0,0,0
50140011,,5,Coahuila de Zaragoza,Coah.,14,Jiménez,11,El Orégano,R,"29°02´39.443N""","101°02´01.200W""",29.044289,-101.033666,350,H14C43,461,236,225,125
50140013,,5,Coahuila de Zaragoza,Coah.,14,Jiménez,13,Vieja Palestina,R,"29°09´31.940N""","100°59´17.270W""",29.158872,-100.98813,343,H14C44,54,30,24,14
50140014,,5,Coahuila de Zaragoza,Coah.,14,Jiménez,14,Palmira (Victoria),R,"28°59´09.055N""","100°46´44.002W""",28.985848,-100.778889,297,H14C54,370,177,193,108
50140015,,5,Coahuila de Zaragoza,Coah.,14,Jiménez,15,Paso de las Mulas,R,"28°46´37.267N""","100°51´09.344W""",28.777018,-100.852596,312,H14C54,1,*,*,1
50140016,,5,Coahuila de Zaragoza,Coah.,14,Jiménez,16,La Potasa,R,"29°06´44.599N""","100°53´27.777W""",29.112389,-100.891049,321,H14C44,210,106,104,58
50140017,,5,Coahuila de Zaragoza,Coah.,14,Jiménez,17,La Potasa (La Mota),R,"29°07´58.522N""","100°52´15.682W""",29.132922,-100.871022,325,H14C44,0,0,0,0
50140018,,5,Coahuila de Zaragoza,Coah.,14,Jiménez,18,Purísima,R,"29°11´09.169N""","100°47´42.235W""",29.18588,-100.795065,269,H14C44,382,197,185,132
50140020,,5,Coahuila de Zaragoza,Coah.,14,Jiménez,20,San Carlos,U,"29°01´34.882N""","100°54´11.622W""",29.026355,-100.903228,328,H14C44,3303,1622,1681,965
50140022,,5,Coahuila de Zaragoza,Coah.,14,Jiménez,22,Santa María,R,"29°14´30.341N""","100°51´21.197W""",29.241761,-100.855888,276,H14C44,997,518,479,270
50140023,,5,Coahuila de Zaragoza,Coah.,14,Jiménez,23,San Vicente,R,"29°06´49.892N""","100°56´25.091W""",29.113859,-100.940303,317,H14C44,84,41,43,22
50140024,,5,Coahuila de Zaragoza,Coah.,14,Jiménez,24,El Tepeyac,R,"28°59´09.417N""","100°43´11.702W""",28.985949,-100.719917,283,H14C54,0,0,0,0
50140027,,5,Coahuila de Zaragoza,Coah.,14,Jiménez,27,El Cedro,R,"28°50´53.304N""","101°03´58.284W""",28.84814,-101.06619,415,H14C53,0,0,0,0
50140031,,5,Coahuila de Zaragoza,Coah.,14,Jiménez,31,Nueva Palestina [Estación],R,"29°08´15.541N""","100°53´05.903W""",29.13765,-100.884973,330,H14C44,0,0,0,0
50140032,,5,Coahuila de Zaragoza,Coah.,14,Jiménez,32,Los Toritos,R,"29°05´38.713N""","100°53´18.037W""",29.094087,-100.888343,300,H14C44,0,0,0,0
50140033,,5,Coahuila de Zaragoza,Coah.,14,Jiménez,33,San Miguel,R,"29°02´28.849N""","100°56´45.989W""",29.041347,-100.946108,335,H14C44,0,0,0,0
50140034,,5,Coahuila de Zaragoza,Coah.,14,Jiménez,34,El Álamo,R,"29°05´48.500N""","101°11´04.800W""",29.096805,-101.184666,403,H14C43,3,*,*,1
50140036,,5,Coahuila de Zaragoza,Coah.,14,Jiménez,36,San Matías,R,"29°04´18.909N""","100°46´24.470W""",29.071919,-100.773463,270,H14C44,4,3,1,3
50140037,,5,Coahuila de Zaragoza,Coah.,14,Jiménez,37,San José,R,"29°01´22.052N""","100°55´22.775W""",29.022792,-100.922992,333,H14C44,3,*,*,1
50140038,,5,Coahuila de Zaragoza,Coah.,14,Jiménez,38,Cabeceras,R,"29°02´14.747N""","101°05´02.757W""",29.037429,-101.084099,359,H14C43,0,0,0,0
50140046,,5,Coahuila de Zaragoza,Coah.,14,Jiménez,46,Tepeyac (El Capricho),R,"28°58´01.850N""","100°43´46.337W""",28.96718,-100.729537,280,H14C54,142,70,72,42
50140050,,5,Coahuila de Zaragoza,Coah.,14,Jiménez,50,Santa Rosa,R,"29°01´56.470N""","100°40´29.390W""",29.032352,-100.67483,260,H14C44,222,116,106,72
50140051,,5,Coahuila de Zaragoza,Coah.,14,Jiménez,51,Egipto,R,"29°03´54.230N""","100°44´35.530W""",29.065064,-100.743202,270,H14C44,0,0,0,0
50140054,,5,Coahuila de Zaragoza,Coah.,14,Jiménez,54,La Gloria,R,"29°04´09.069N""","100°43´26.900W""",29.069185,-100.724138,255,H14C44,2,*,*,1
50140056,,5,Coahuila de Zaragoza,Coah.,14,Jiménez,56,Madero del Río,R,"29°14´37.143N""","100°48´17.061W""",29.243651,-100.804739,261,H14C44,171,87,84,51
50140058,,5,Coahuila de Zaragoza,Coah.,14,Jiménez,58,Santa María,R,"29°15´23.759N""","100°50´03.279W""",29.2566,-100.834244,262,H14C34,1,*,*,1
50140065,,5,Coahuila de Zaragoza,Coah.,14,Jiménez,65,El Artesano,R,"28°54´50.253N""","101°00´29.599W""",28.913959,-101.008222,376,H14C53,0,0,0,0
50140066,,5,Coahuila de Zaragoza,Coah.,14,Jiménez,66,Balcones,R,"29°03´57.313N""","100°53´57.705W""",29.06592,-100.899362,310,H14C44,3,*,*,1
50140069,,5,Coahuila de Zaragoza,Coah.,14,Jiménez,69,La Bandera,R,"29°02´40.903N""","100°56´34.151W""",29.044695,-100.942819,330,H14C44,0,0,0,0
50140071,,5,Coahuila de Zaragoza,Coah.,14,Jiménez,71,Los Potros (Miguel Lozano Arízpe),R,"29°05´11.610N""","100°48´06.606W""",29.086558,-100.801835,286,H14C44,3,*,*,1
50140073,,5,Coahuila de Zaragoza,Coah.,14,Jiménez,73,La Cascada 1 [Campo de Pensionados],R,"29°05´06.388N""","100°51´53.401W""",29.085107,-100.864834,291,H14C44,0,0,0,0
50140077,,5,Coahuila de Zaragoza,Coah.,14,Jiménez,77,Chapa,R,"29°04´24.260N""","100°42´14.997W""",29.073405,-100.704166,239,H14C44,2,*,*,1
50140081,,5,Coahuila de Zaragoza,Coah.,14,Jiménez,81,El Cuerno,R,"29°04´20.764N""","100°43´47.572W""",29.072434,-100.72988,257,H14C44,0,0,0,0
50140088,,5,Coahuila de Zaragoza,Coah.,14,Jiménez,88,Jarita,R,"29°00´10.783N""","100°47´42.722W""",29.002995,-100.7952,300,H14C44,0,0,0,0
50140089,,5,Coahuila de Zaragoza,Coah.,14,Jiménez,89,María Esthela Santana,R,"29°01´09.837N""","100°49´23.885W""",29.019399,-100.823301,310,H14C44,2,*,*,1
50140090,,5,Coahuila de Zaragoza,Coah.,14,Jiménez,90,La Lajita,R,"28°45´49.646N""","101°04´12.155W""",28.763791,-101.070042,359,H14C53,0,0,0,0
50140091,,5,Coahuila de Zaragoza,Coah.,14,Jiménez,91,Las Lilas,R,"29°09´33.551N""","100°57´50.671W""",29.15932,-100.964075,342,H14C44,0,0,0,0
50140093,,5,Coahuila de Zaragoza,Coah.,14,Jiménez,93,La Lonja,R,"29°00´04.291N""","100°42´10.896W""",29.001192,-100.703027,262,H14C44,1,*,*,1
50140094,,5,Coahuila de Zaragoza,Coah.,14,Jiménez,94,López,R,"29°12´44.622N""","100°48´20.959W""",29.212395,-100.805822,266,H14C44,3,*,*,1
50140095,,5,Coahuila de Zaragoza,Coah.,14,Jiménez,95,Marcelino Cruz,R,"29°07´49.004N""","100°59´30.960W""",29.130278,-100.991933,340,H14C44,0,0,0,0
50140097,,5,Coahuila de Zaragoza,Coah.,14,Jiménez,97,Medina,R,"28°55´03.464N""","101°04´05.343W""",28.917628,-101.06815,411,H14C53,0,0,0,0
50140098,,5,Coahuila de Zaragoza,Coah.,14,Jiménez,98,Menchaca,R,"29°04´37.513N""","100°46´27.347W""",29.077086,-100.774262,271,H14C44,0,0,0,0
50140099,,5,Coahuila de Zaragoza,Coah.,14,Jiménez,99,Miguel Chaidez,R,"29°07´48.228N""","100°59´36.707W""",29.130063,-100.993529,335,H14C44,0,0,0,0
50140100,,5,Coahuila de Zaragoza,Coah.,14,Jiménez,100,El Molino,R,"29°04´24.825N""","100°46´38.746W""",29.073562,-100.777429,272,H14C44,0,0,0,0
50140103,,5,Coahuila de Zaragoza,Coah.,14,Jiménez,103,Nueva Palestina (La Y),R,"29°09´25.466N""","100°53´40.467W""",29.157074,-100.894574,329,H14C44,19,13,6,5
50140104,,5,Coahuila de Zaragoza,Coah.,14,Jiménez,104,Nuevo Miravalles,R,"29°10´27.724N""","100°54´36.851W""",29.174367,-100.910236,337,H14C44,1,*,*,1
50140105,,5,Coahuila de Zaragoza,Coah.,14,Jiménez,105,Antonio Vázquez (Nueva Palestina),R,"29°07´51.861N""","100°54´09.747W""",29.131072,-100.902708,328,H14C44,13,*,*,2
50140106,,5,Coahuila de Zaragoza,Coah.,14,Jiménez,106,El Orégano,R,"29°00´32.040N""","101°03´13.150W""",29.0089,-101.053653,359,H14C43,0,0,0,0
50140107,,5,Coahuila de Zaragoza,Coah.,14,Jiménez,107,El Orégano,R,"28°46´42.280N""","100°59´42.214W""",28.77841,-100.995059,391,H14C54,0,0,0,0
50140108,,5,Coahuila de Zaragoza,Coah.,14,Jiménez,108,Oro Verde,R,"29°05´48.472N""","100°50´13.140W""",29.096797,-100.836983,282,H14C44,0,0,0,0
50140110,,5,Coahuila de Zaragoza,Coah.,14,Jiménez,110,Palmira,R,"29°00´50.299N""","100°46´26.979W""",29.013972,-100.77416,291,H14C44,2,*,*,1
50140111,,5,Coahuila de Zaragoza,Coah.,14,Jiménez,111,Palmira,R,"29°00´13.330N""","100°45´12.309W""",29.003703,-100.753419,286,H14C44,0,0,0,0
50140113,,5,Coahuila de Zaragoza,Coah.,14,Jiménez,113,El Papalote del Venado,R,"28°56´35.580N""","101°02´37.796W""",28.943216,-101.043832,391,H14C53,0,0,0,0
50140114,,5,Coahuila de Zaragoza,Coah.,14,Jiménez,114,Paso los Cristales,R,"29°04´55.218N""","100°58´53.442W""",29.082004,-100.981511,327,H14C44,0,0,0,0
50140116,,5,Coahuila de Zaragoza,Coah.,14,Jiménez,116,El Pelón,R,"29°07´04.130N""","101°15´27.529W""",29.117813,-101.257647,429,H14C43,0,0,0,0
50140118,,5,Coahuila de Zaragoza,Coah.,14,Jiménez,118,El Pinto,R,"29°09´09.167N""","101°11´34.689W""",29.152546,-101.192969,400,H14C43,0,0,0,0
50140119,,5,Coahuila de Zaragoza,Coah.,14,Jiménez,119,El Pinto (Juan Navarro),R,"29°06´57.514N""","101°01´25.844W""",29.115976,-101.023845,349,H14C43,0,0,0,0
50140121,,5,Coahuila de Zaragoza,Coah.,14,Jiménez,121,Alfredo Martínez,R,"29°11´05.676N""","100°54´12.255W""",29.18491,-100.903404,329,H14C44,0,0,0,0
50140125,,5,Coahuila de Zaragoza,Coah.,14,Jiménez,125,El Vado (Los Álamos),R,"29°09´31.861N""","100°57´29.223W""",29.15885,-100.958118,340,H14C44,0,0,0,0
50140127,,5,Coahuila de Zaragoza,Coah.,14,Jiménez,127,Las Flores,R,"28°52´23.050N""","100°57´52.758W""",28.873069,-100.964655,350,H14C54,0,0,0,0
50140128,,5,Coahuila de Zaragoza,Coah.,14,Jiménez,128,El Salto,R,"29°03´53.606N""","100°45´13.149W""",29.064891,-100.753653,269,H14C44,2,*,*,1
50140129,,5,Coahuila de Zaragoza,Coah.,14,Jiménez,129,San Carlos,R,"29°02´05.447N""","100°55´31.427W""",29.034846,-100.925396,329,H14C44,0,0,0,0
50140132,,5,Coahuila de Zaragoza,Coah.,14,Jiménez,132,San Marcos,R,"29°08´46.246N""","101°05´43.785W""",29.146179,-101.095496,369,H14C43,6,*,*,1
50140133,,5,Coahuila de Zaragoza,Coah.,14,Jiménez,133,San Miguel,R,"29°02´18.938N""","100°57´22.697W""",29.038594,-100.956305,345,H14C44,0,0,0,0
50140134,,5,Coahuila de Zaragoza,Coah.,14,Jiménez,134,Rancho de Soto,R,"29°10´19.187N""","100°47´16.723W""",29.171996,-100.787978,270,H14C44,2,*,*,1
50140135,,5,Coahuila de Zaragoza,Coah.,14,Jiménez,135,El Tinaco (Hermín Valdez Torres),R,"29°08´16.600N""","100°53´50.779W""",29.137944,-100.897438,329,H14C44,0,0,0,0
50140149,,5,Coahuila de Zaragoza,Coah.,14,Jiménez,149,El Olmo,R,"29°04´23.458N""","100°43´11.493W""",29.073182,-100.719859,258,H14C44,0,0,0,0
50140151,,5,Coahuila de Zaragoza,Coah.,14,Jiménez,151,Eduardo Tobías,R,"29°04´06.624N""","100°44´07.204W""",29.068506,-100.735334,254,H14C44,0,0,0,0
50140152,,5,Coahuila de Zaragoza,Coah.,14,Jiménez,152,Norberto Tobías Carvajal,R,"29°03´56.080N""","100°44´11.320W""",29.065578,-100.736477,264,H14C44,0,0,0,0
50140153,,5,Coahuila de Zaragoza,Coah.,14,Jiménez,153,Las Palmas,R,"28°57´16.389N""","100°55´11.912W""",28.954553,-100.919975,350,H14C54,0,0,0,0
50140156,,5,Coahuila de Zaragoza,Coah.,14,Jiménez,156,Juan Ramírez,R,"28°58´00.661N""","100°40´39.391W""",28.96685,-100.677608,264,H14C54,0,0,0,0
50140158,,5,Coahuila de Zaragoza,Coah.,14,Jiménez,158,La Fragua,R,"28°49´36.509N""","100°50´17.329W""",28.826807,-100.838147,304,H14C54,0,0,0,0
50140159,,5,Coahuila de Zaragoza,Coah.,14,Jiménez,159,Chupadero,R,"29°05´36.829N""","100°50´31.897W""",29.093563,-100.842193,284,H14C44,6,*,*,1
50140161,,5,Coahuila de Zaragoza,Coah.,14,Jiménez,161,La Cascada,R,"29°05´09.334N""","100°51´24.343W""",29.085926,-100.856762,295,H14C44,0,0,0,0
50140162,,5,Coahuila de Zaragoza,Coah.,14,Jiménez,162,El Hundido,R,"29°05´58.305N""","101°18´20.077W""",29.099529,-101.305577,455,H14C43,0,0,0,0
50140164,,5,Coahuila de Zaragoza,Coah.,14,Jiménez,164,La Magdalena,R,"28°56´44.205N""","100°39´29.554W""",28.945612,-100.658209,246,H14C55,0,0,0,0
50140165,,5,Coahuila de Zaragoza,Coah.,14,Jiménez,165,El Indio,R,"28°57´16.918N""","100°39´22.585W""",28.954699,-100.656274,237,H14C55,0,0,0,0
50140166,,5,Coahuila de Zaragoza,Coah.,14,Jiménez,166,El Viejo Campo Real,R,"28°58´25.995N""","100°39´53.159W""",28.973887,-100.664766,260,H14C55,5,*,*,1
50140167,,5,Coahuila de Zaragoza,Coah.,14,Jiménez,167,Presa Centenario,R,"29°12´55.209N""","100°56´40.599W""",29.215336,-100.944611,334,H14C44,0,0,0,0
50140170,,5,Coahuila de Zaragoza,Coah.,14,Jiménez,170,Ignacio García,R,"29°08´49.584N""","101°00´56.474W""",29.147106,-101.015687,346,H14C43,0,0,0,0
50140171,,5,Coahuila de Zaragoza,Coah.,14,Jiménez,171,Nicolás Molina,R,"29°08´51.794N""","101°00´52.307W""",29.14772,-101.01453,344,H14C43,0,0,0,0
50140172,,5,Coahuila de Zaragoza,Coah.,14,Jiménez,172,Reynaldo Castro,R,"29°09´11.663N""","101°00´33.464W""",29.15324,-101.009296,350,H14C43,4,*,*,2
50140174,,5,Coahuila de Zaragoza,Coah.,14,Jiménez,174,Margarito Tobías,R,"29°03´46.759N""","100°43´53.380W""",29.062989,-100.731494,270,H14C44,0,0,0,0
50140175,,5,Coahuila de Zaragoza,Coah.,14,Jiménez,175,Francisco Huerta,R,"28°58´25.969N""","100°44´54.983W""",28.97388,-100.748606,290,H14C54,5,*,*,1
50140176,,5,Coahuila de Zaragoza,Coah.,14,Jiménez,176,Abundio Medina,R,"28°58´36.985N""","100°44´54.451W""",28.97694,-100.748458,291,H14C54,0,0,0,0
50140177,,5,Coahuila de Zaragoza,Coah.,14,Jiménez,177,Manuela Dávila,R,"28°59´09.863N""","100°45´43.459W""",28.986073,-100.762072,293,H14C54,8,*,*,1
50140178,,5,Coahuila de Zaragoza,Coah.,14,Jiménez,178,Anselma González,R,"28°59´35.986N""","100°45´45.687W""",28.993329,-100.762691,290,H14C54,0,0,0,0
50140179,,5,Coahuila de Zaragoza,Coah.,14,Jiménez,179,Domingo Romero Ibarra,R,"28°59´49.554N""","100°46´04.130W""",28.997098,-100.767813,293,H14C54,1,*,*,1
50140180,,5,Coahuila de Zaragoza,Coah.,14,Jiménez,180,Miguel Hernández,R,"28°59´58.829N""","100°45´41.389W""",28.999674,-100.761497,289,H14C54,0,0,0,0
50140181,,5,Coahuila de Zaragoza,Coah.,14,Jiménez,181,Juan Vázquez Hernández,R,"29°01´27.842N""","100°50´12.267W""",29.0244,-100.836741,317,H14C44,0,0,0,0
50140182,,5,Coahuila de Zaragoza,Coah.,14,Jiménez,182,El Barranqueño,R,"29°04´17.789N""","100°41´37.590W""",29.071607,-100.693775,256,H14C44,0,0,0,0
50140183,,5,Coahuila de Zaragoza,Coah.,14,Jiménez,183,El Coyote Dos,R,"28°57´52.123N""","100°40´18.506W""",28.964479,-100.671807,256,H14C54,0,0,0,0
50140184,,5,Coahuila de Zaragoza,Coah.,14,Jiménez,184,San Pedro,R,"29°08´26.545N""","100°59´19.440W""",29.140707,-100.988733,334,H14C44,0,0,0,0
50140185,,5,Coahuila de Zaragoza,Coah.,14,Jiménez,185,Alejandro Siller,R,"29°08´47.631N""","100°59´36.932W""",29.146564,-100.993592,340,H14C44,4,*,*,1
50140186,,5,Coahuila de Zaragoza,Coah.,14,Jiménez,186,Rogelio Pérez Morales,R,"29°08´04.994N""","101°00´36.470W""",29.13472,-101.010131,340,H14C43,0,0,0,0
50140188,,5,Coahuila de Zaragoza,Coah.,14,Jiménez,188,Felipe Martínez,R,"29°03´41.517N""","100°53´07.853W""",29.061533,-100.885514,307,H14C44,0,0,0,0
50140189,,5,Coahuila de Zaragoza,Coah.,14,Jiménez,189,Aurelio Duarte Loera,R,"29°03´16.059N""","100°53´07.890W""",29.054461,-100.885525,303,H14C44,2,*,*,1
50140190,,5,Coahuila de Zaragoza,Coah.,14,Jiménez,190,Jesús Martínez,R,"29°03´23.610N""","100°52´55.821W""",29.056558,-100.882172,300,H14C44,2,*,*,1
50140191,,5,Coahuila de Zaragoza,Coah.,14,Jiménez,191,El Coyote Uno,R,"28°58´09.873N""","100°40´37.464W""",28.969409,-100.677073,258,H14C54,0,0,0,0
50140192,,5,Coahuila de Zaragoza,Coah.,14,Jiménez,192,El Coyote,R,"28°57´58.491N""","100°38´59.667W""",28.966248,-100.649907,225,H14C55,0,0,0,0
50140193,,5,Coahuila de Zaragoza,Coah.,14,Jiménez,193,Arroyo Blanco (Juan Antonio Cisneros),R,"28°53´37.720N""","100°50´57.044W""",28.893811,-100.849179,303,H14C54,3,*,*,1
50140194,,5,Coahuila de Zaragoza,Coah.,14,Jiménez,194,Albino Varela Herrera,R,"28°55´57.919N""","100°48´02.440W""",28.932755,-100.800678,282,H14C54,0,0,0,0
50140195,,5,Coahuila de Zaragoza,Coah.,14,Jiménez,195,La Salada,R,"28°43´54.225N""","100°56´32.506W""",28.731729,-100.942362,330,H14C64,0,0,0,0
50140196,,5,Coahuila de Zaragoza,Coah.,14,Jiménez,196,El Encinal,R,"29°07´30.855N""","100°55´03.394W""",29.125237,-100.917609,324,H14C44,0,0,0,0
50140197,,5,Coahuila de Zaragoza,Coah.,14,Jiménez,197,El Capricho,R,"29°07´37.021N""","100°56´12.675W""",29.12695,-100.936854,324,H14C44,3,*,*,1
50140198,,5,Coahuila de Zaragoza,Coah.,14,Jiménez,198,Ladislao Villegas R. (El Tranchetero),R,"28°57´19.906N""","100°58´45.295W""",28.955529,-100.979248,367,H14C54,1,*,*,1
50140199,,5,Coahuila de Zaragoza,Coah.,14,Jiménez,199,La Fragua,R,"28°44´21.204N""","100°54´06.876W""",28.739223,-100.90191,320,H14C64,2,*,*,1
50140200,,5,Coahuila de Zaragoza,Coah.,14,Jiménez,200,Rancho Jóvenes del Rey,R,"29°04´39.939N""","100°41´12.360W""",29.07776,-100.686766,250,H14C44,5,*,*,1
50140201,,5,Coahuila de Zaragoza,Coah.,14,Jiménez,201,Rancho Ciudad de Dios,R,"29°04´45.400N""","100°41´18.489W""",29.079277,-100.688469,251,H14C44,20,*,*,2
50140204,,5,Coahuila de Zaragoza,Coah.,14,Jiménez,204,El Pilar (Presa el Centenario),R,"29°13´02.603N""","100°56´49.228W""",29.217389,-100.947007,329,H14C44,7,*,*,1
50140205,,5,Coahuila de Zaragoza,Coah.,14,Jiménez,205,Las Grullas,R,"29°09´43.551N""","100°54´02.921W""",29.162098,-100.900811,330,H14C44,0,0,0,0
50140206,,5,Coahuila de Zaragoza,Coah.,14,Jiménez,206,Gloria Monsiváis,R,"29°09´59.533N""","100°54´08.559W""",29.166537,-100.902378,329,H14C44,5,*,*,1
50140207,,5,Coahuila de Zaragoza,Coah.,14,Jiménez,207,José Luis Sánchez,R,"29°09´29.932N""","100°54´41.781W""",29.158314,-100.911606,338,H14C44,0,0,0,0
50140208,,5,Coahuila de Zaragoza,Coah.,14,Jiménez,208,Juan Rodríguez,R,"29°08´09.297N""","100°59´22.562W""",29.135916,-100.9896,334,H14C44,1,*,*,1
50140209,,5,Coahuila de Zaragoza,Coah.,14,Jiménez,209,León Martínez,R,"29°00´04.520N""","100°45´36.900W""",29.001256,-100.76025,289,H14C44,0,0,0,0
50140210,,5,Coahuila de Zaragoza,Coah.,14,Jiménez,210,Facundo Tobías,R,"28°59´21.416N""","100°46´12.945W""",28.989282,-100.770262,298,H14C54,0,0,0,0
50140211,,5,Coahuila de Zaragoza,Coah.,14,Jiménez,211,Manuel de Jesús Pachicano,R,"29°00´27.082N""","100°48´40.017W""",29.007523,-100.811116,302,H14C44,2,*,*,1
50140212,,5,Coahuila de Zaragoza,Coah.,14,Jiménez,212,José María Gómez,R,"29°02´39.301N""","101°04´13.031W""",29.04425,-101.070286,357,H14C43,0,0,0,0
50140213,,5,Coahuila de Zaragoza,Coah.,14,Jiménez,213,María Susana Ávila,R,"29°03´38.526N""","101°02´21.591W""",29.060702,-101.039331,350,H14C43,0,0,0,0
50140214,,5,Coahuila de Zaragoza,Coah.,14,Jiménez,214,Antonio Ramos Sosa,R,"29°08´18.506N""","100°52´27.740W""",29.138474,-100.874372,322,H14C44,0,0,0,0
50140215,,5,Coahuila de Zaragoza,Coah.,14,Jiménez,215,Alberto Cano,R,"29°10´46.974N""","100°55´23.572W""",29.179714,-100.923214,340,H14C44,0,0,0,0
50140216,,5,Coahuila de Zaragoza,Coah.,14,Jiménez,216,Andrés Flores Castorena,R,"29°13´21.749N""","100°55´54.878W""",29.222707,-100.93191,320,H14C44,19,10,9,5
50140218,,5,Coahuila de Zaragoza,Coah.,14,Jiménez,218,Baldomero Hernández Ordóñez (Balcones),R,"29°02´20.755N""","100°52´39.102W""",29.039098,-100.877528,319,H14C44,0,0,0,0
50140219,,5,Coahuila de Zaragoza,Coah.,14,Jiménez,219,Buena Fe,R,"28°53´55.911N""","101°02´48.966W""",28.898864,-101.046935,411,H14C53,0,0,0,0
50140220,,5,Coahuila de Zaragoza,Coah.,14,Jiménez,220,Buena Suerte,R,"28°57´07.312N""","101°05´42.473W""",28.952031,-101.095131,392,H14C53,0,0,0,0
50140222,,5,Coahuila de Zaragoza,Coah.,14,Jiménez,222,Los Cuatro Vientos (Raymundo Rivero),R,"29°03´08.667N""","100°51´34.094W""",29.052408,-100.859471,314,H14C44,0,0,0,0
50140223,,5,Coahuila de Zaragoza,Coah.,14,Jiménez,223,Eliseo Cervantes Delgado,R,"29°01´55.406N""","100°55´43.773W""",29.032057,-100.928825,330,H14C44,1,*,*,1
50140224,,5,Coahuila de Zaragoza,Coah.,14,Jiménez,224,Gumersindo Martínez Aguilar,R,"29°10´38.362N""","100°54´59.976W""",29.177322,-100.91666,339,H14C44,0,0,0,0
50140225,,5,Coahuila de Zaragoza,Coah.,14,Jiménez,225,Juan García Barrera,R,"29°00´36.032N""","100°47´47.345W""",29.010009,-100.796484,301,H14C44,4,*,*,1
50140226,,5,Coahuila de Zaragoza,Coah.,14,Jiménez,226,Jorge Rodríguez García (Balcones),R,"29°02´55.234N""","100°52´29.495W""",29.048676,-100.874859,316,H14C44,0,0,0,0
50140227,,5,Coahuila de Zaragoza,Coah.,14,Jiménez,227,José Narváez Faz,R,"28°59´49.985N""","100°54´36.044W""",28.997218,-100.910012,339,H14C54,0,0,0,0
50140228,,5,Coahuila de Zaragoza,Coah.,14,Jiménez,228,Lucio Hernández,R,"29°03´41.690N""","100°55´18.608W""",29.061581,-100.921835,320,H14C44,0,0,0,0
50140229,,5,Coahuila de Zaragoza,Coah.,14,Jiménez,229,Miguel García Guerrero,R,"29°13´24.160N""","100°56´13.679W""",29.223377,-100.937133,325,H14C44,0,0,0,0
50140231,,5,Coahuila de Zaragoza,Coah.,14,Jiménez,231,Peñitas,R,"28°45´52.768N""","101°03´14.775W""",28.764658,-101.054104,362,H14C53,0,0,0,0
50140232,,5,Coahuila de Zaragoza,Coah.,14,Jiménez,232,Los Pinos,R,"29°09´29.571N""","100°54´12.378W""",29.158214,-100.903438,333,H14C44,0,0,0,0
50140233,,5,Coahuila de Zaragoza,Coah.,14,Jiménez,233,Presa Centenario,R,"29°11´15.956N""","100°56´19.409W""",29.187765,-100.938724,340,H14C44,0,0,0,0
50140234,,5,Coahuila de Zaragoza,Coah.,14,Jiménez,234,Rancho Gutiérrez,R,"29°09´42.289N""","100°53´37.731W""",29.161747,-100.893814,325,H14C44,0,0,0,0
50140235,,5,Coahuila de Zaragoza,Coah.,14,Jiménez,235,Rancho 2H,R,"29°00´52.237N""","100°54´57.535W""",29.01451,-100.915982,332,H14C44,6,5,1,3
50140236,,5,Coahuila de Zaragoza,Coah.,14,Jiménez,236,El Refugio,R,"29°10´51.326N""","100°53´42.631W""",29.180923,-100.895175,329,H14C44,0,0,0,0
50140237,,5,Coahuila de Zaragoza,Coah.,14,Jiménez,237,Rodolfo Berain,R,"29°11´35.032N""","100°55´48.104W""",29.193064,-100.930028,338,H14C44,0,0,0,0
50140238,,5,Coahuila de Zaragoza,Coah.,14,Jiménez,238,Rogelio García Arévalo,R,"29°13´18.533N""","100°54´53.918W""",29.221814,-100.914977,323,H14C44,1,*,*,1
50140239,,5,Coahuila de Zaragoza,Coah.,14,Jiménez,239,Rubén Pérez,R,"29°09´47.339N""","100°57´58.722W""",29.16315,-100.966312,345,H14C44,0,0,0,0
50140240,,5,Coahuila de Zaragoza,Coah.,14,Jiménez,240,San Diego,R,"29°03´34.138N""","100°54´54.460W""",29.059483,-100.915128,320,H14C44,0,0,0,0
50140241,,5,Coahuila de Zaragoza,Coah.,14,Jiménez,241,San José,R,"29°01´56.777N""","100°54´55.541W""",29.032437,-100.915428,326,H14C44,1,*,*,1
50140242,,5,Coahuila de Zaragoza,Coah.,14,Jiménez,242,Santiago Suárez Ramos,R,"29°00´29.897N""","100°47´27.230W""",29.008305,-100.790897,300,H14C44,0,0,0,0
50140243,,5,Coahuila de Zaragoza,Coah.,14,Jiménez,243,Santos Loera Santillán,R,"29°02´39.714N""","100°52´35.874W""",29.044365,-100.876631,318,H14C44,2,*,*,1
50140244,,5,Coahuila de Zaragoza,Coah.,14,Jiménez,244,Santos Villanueva García,R,"29°00´32.029N""","100°47´37.374W""",29.008897,-100.793715,300,H14C44,2,*,*,1
50140245,,5,Coahuila de Zaragoza,Coah.,14,Jiménez,245,Silvano Martínez Aguilar,R,"29°10´46.636N""","100°55´15.003W""",29.17962,-100.920834,337,H14C44,0,0,0,0
50140246,,5,Coahuila de Zaragoza,Coah.,14,Jiménez,246,Tres Puentes,R,"29°10´56.825N""","100°55´51.115W""",29.182451,-100.930865,339,H14C44,0,0,0,0
50140247,,5,Coahuila de Zaragoza,Coah.,14,Jiménez,247,Alfonzo Treviño Longoria,R,"29°10´53.101N""","100°54´52.820W""",29.181416,-100.914672,332,H14C44,0,0,0,0
50140248,,5,Coahuila de Zaragoza,Coah.,14,Jiménez,248,Los Dos Potrillos,R,"29°00´19.062N""","100°53´30.023W""",29.005295,-100.891673,337,H14C44,0,0,0,0
50140249,,5,Coahuila de Zaragoza,Coah.,14,Jiménez,249,Damacio Díaz,R,"29°00´52.765N""","100°56´14.041W""",29.014657,-100.937233,337,H14C44,0,0,0,0
50140250,,5,Coahuila de Zaragoza,Coah.,14,Jiménez,250,Las Palmas (Jesús Gutiérrez),R,"29°09´01.197N""","100°58´08.840W""",29.150333,-100.969122,335,H14C44,0,0,0,0
50140251,,5,Coahuila de Zaragoza,Coah.,14,Jiménez,251,El Pinto (Josué Santana Hernández),R,"29°08´31.266N""","101°01´30.449W""",29.142018,-101.025124,344,H14C43,0,0,0,0
50140252,,5,Coahuila de Zaragoza,Coah.,14,Jiménez,252,Kilómetro 22 (San Vicente),R,"29°06´27.303N""","100°53´34.136W""",29.107584,-100.892815,320,H14C44,3,*,*,1
50140253,,5,Coahuila de Zaragoza,Coah.,14,Jiménez,253,Ampliación San Carlos,R,"29°02´37.779N""","100°54´34.732W""",29.043827,-100.909648,319,H14C44,30,16,14,10
50140254,,5,Coahuila de Zaragoza,Coah.,14,Jiménez,254,García Lemos,R,"28°59´11.166N""","100°47´45.721W""",28.986435,-100.796033,293,H14C54,14,*,*,2
50140255,,5,Coahuila de Zaragoza,Coah.,14,Jiménez,255,José Moreno,R,"29°06´45.340N""","100°43´01.599W""",29.112594,-100.71711,269,H14C44,0,0,0,0
50140256,,5,Coahuila de Zaragoza,Coah.,14,Jiménez,256,Anzelmo Mata,R,"29°12´30.738N""","100°53´54.038W""",29.208538,-100.898344,336,H14C44,0,0,0,0
50140257,,5,Coahuila de Zaragoza,Coah.,14,Jiménez,257,Casa de Rescate Cristo Vive de México,R,"29°12´07.654N""","100°53´37.773W""",29.202126,-100.893826,335,H14C44,144,*,*,1
50140258,,5,Coahuila de Zaragoza,Coah.,14,Jiménez,258,Candelario Ledezma Hernández,R,"28°57´35.960N""","100°46´58.293W""",28.959989,-100.782859,285,H14C54,2,*,*,1
50140259,,5,Coahuila de Zaragoza,Coah.,14,Jiménez,259,Toritos,R,"29°05´40.890N""","100°53´34.320W""",29.094691,-100.892866,300,H14C44,0,0,0,0
50140260,,5,Coahuila de Zaragoza,Coah.,14,Jiménez,260,Severo Valenzuela,R,"29°03´50.860N""","100°53´53.960W""",29.064128,-100.898322,310,H14C44,1,*,*,1
50140261,,5,Coahuila de Zaragoza,Coah.,14,Jiménez,261,Reynaldo Menchaca,R,"28°58´43.970N""","100°44´47.130W""",28.97888,-100.746425,290,H14C54,5,*,*,1
50140262,,5,Coahuila de Zaragoza,Coah.,14,Jiménez,262,Nuevo Balcones,R,"29°02´13.230N""","100°53´32.440W""",29.037008,-100.892344,320,H14C44,8,*,*,2
50140263,,5,Coahuila de Zaragoza,Coah.,14,Jiménez,263,Rancho 3 V,R,"29°01´37.470N""","100°52´46.800W""",29.027074,-100.879666,320,H14C44,2,*,*,1
50140264,,5,Coahuila de Zaragoza,Coah.,14,Jiménez,264,José Lemus Martínez,R,"29°01´33.430N""","100°52´28.180W""",29.025952,-100.874494,318,H14C44,1,*,*,1
50140265,,5,Coahuila de Zaragoza,Coah.,14,Jiménez,265,Asociación Magisterial,R,"29°09´56.730N""","100°54´00.790W""",29.165758,-100.900219,328,H14C44,0,0,0,0
50140266,,5,Coahuila de Zaragoza,Coah.,14,Jiménez,266,Vallejo,R,"29°08´59.170N""","100°59´31.250W""",29.149769,-100.992014,342,H14C44,1,*,*,1
50140267,,5,Coahuila de Zaragoza,Coah.,14,Jiménez,267,Don Beto,R,"29°09´43.940N""","100°53´13.120W""",29.162206,-100.886977,330,H14C44,1,*,*,1
50140268,,5,Coahuila de Zaragoza,Coah.,14,Jiménez,268,Jesús Calvillo,R,"29°07´56.264N""","100°58´23.500W""",29.132295,-100.973194,330,H14C44,0,0,0,0
50140269,,5,Coahuila de Zaragoza,Coah.,14,Jiménez,269,El Potrillo,R,"29°10´47.960N""","100°54´40.880W""",29.179988,-100.911356,330,H14C44,1,*,*,1
50140270,,5,Coahuila de Zaragoza,Coah.,14,Jiménez,270,La Calamidad,R,"29°10´59.940N""","100°53´50.150W""",29.183316,-100.897264,330,H14C44,3,*,*,1
50140271,,5,Coahuila de Zaragoza,Coah.,14,Jiménez,271,Efraín Martínez,R,"29°11´08.030N""","100°54´25.180W""",29.185564,-100.906994,330,H14C44,1,*,*,1
50140272,,5,Coahuila de Zaragoza,Coah.,14,Jiménez,272,Cuatro More,R,"29°10´22.350N""","100°53´24.050W""",29.172874,-100.890014,330,H14C44,7,*,*,2
50140273,,5,Coahuila de Zaragoza,Coah.,14,Jiménez,273,El Jardín,R,"29°09´31.190N""","100°58´33.360W""",29.158664,-100.975933,345,H14C44,0,0,0,0
50140274,,5,Coahuila de Zaragoza,Coah.,14,Jiménez,274,Rancho de los Santos,R,"29°11´01.850N""","100°53´53.840W""",29.183847,-100.898289,330,H14C44,1,*,*,1
50140275,,5,Coahuila de Zaragoza,Coah.,14,Jiménez,275,El Meño,R,"29°09´09.420N""","100°53´32.750W""",29.152617,-100.89243,324,H14C44,2,*,*,1
50140276,,5,Coahuila de Zaragoza,Coah.,14,Jiménez,276,Los Potrillos,R,"29°09´01.760N""","100°53´31.990W""",29.150489,-100.892219,324,H14C44,1,*,*,1
50140277,,5,Coahuila de Zaragoza,Coah.,14,Jiménez,277,Josué Robles,R,"29°08´44.620N""","101°00´07.380W""",29.145727,-101.00205,340,H14C43,0,0,0,0
50140278,,5,Coahuila de Zaragoza,Coah.,14,Jiménez,278,Santa Bertha,R,"29°11´51.620N""","100°53´13.290W""",29.197672,-100.887025,330,H14C44,4,*,*,1
50140279,,5,Coahuila de Zaragoza,Coah.,14,Jiménez,279,La Resolana,R,"29°09´58.190N""","100°53´54.410W""",29.166164,-100.898447,327,H14C44,4,*,*,1
50140280,,5,Coahuila de Zaragoza,Coah.,14,Jiménez,280,La Finca,R,"29°09´26.459N""","100°54´45.080W""",29.15735,-100.912522,337,H14C44,0,0,0,0
50140281,,5,Coahuila de Zaragoza,Coah.,14,Jiménez,281,José Flores,R,"29°11´16.560N""","100°54´53.450W""",29.187933,-100.914847,332,H14C44,0,0,0,0
50140282,,5,Coahuila de Zaragoza,Coah.,14,Jiménez,282,Santa Eugenia,R,"29°09´05.180N""","100°54´25.410W""",29.151439,-100.907058,333,H14C44,0,0,0,0
50140283,,5,Coahuila de Zaragoza,Coah.,14,Jiménez,283,Gaspar Banderas,R,"29°10´40.460N""","100°53´33.530W""",29.177905,-100.892647,329,H14C44,7,*,*,1
50140284,,5,Coahuila de Zaragoza,Coah.,14,Jiménez,284,Francisco Veloz Garcés,R,"29°02´20.800N""","100°58´15.850W""",29.039111,-100.971069,345,H14C44,1,*,*,1
50140285,,5,Coahuila de Zaragoza,Coah.,14,Jiménez,285,Las Precitas,R,"29°02´21.030N""","100°55´53.350W""",29.039175,-100.931485,328,H14C44,0,0,0,0
50140286,,5,Coahuila de Zaragoza,Coah.,14,Jiménez,286,Mi Jacal,R,"29°02´10.510N""","100°56´15.360W""",29.036252,-100.9376,330,H14C44,0,0,0,0
50140287,,5,Coahuila de Zaragoza,Coah.,14,Jiménez,287,La Ruidosa,R,"29°03´53.280N""","100°54´44.770W""",29.0648,-100.912436,319,H14C44,1,*,*,1
50140288,,5,Coahuila de Zaragoza,Coah.,14,Jiménez,288,Alonso Hernández,R,"29°04´24.730N""","100°42´34.690W""",29.073535,-100.709636,260,H14C44,0,0,0,0
50140289,,5,Coahuila de Zaragoza,Coah.,14,Jiménez,289,Don Chale,R,"29°06´53.850N""","100°45´03.870W""",29.114958,-100.751075,290,H14C44,0,0,0,0
50140290,,5,Coahuila de Zaragoza,Coah.,14,Jiménez,290,La Aviación,R,"29°14´30.870N""","100°48´35.150W""",29.241908,-100.809764,264,H14C44,2,*,*,1
50140291,,5,Coahuila de Zaragoza,Coah.,14,Jiménez,291,Rogelio Estrada Segura,R,"29°14´10.540N""","100°48´49.810W""",29.236261,-100.813836,270,H14C44,0,0,0,0
50140292,,5,Coahuila de Zaragoza,Coah.,14,Jiménez,292,Margarito Salas,R,"29°14´31.710N""","100°50´47.670W""",29.242141,-100.846575,266,H14C44,0,0,0,0
50140293,,5,Coahuila de Zaragoza,Coah.,14,Jiménez,293,Armando Vallejo,R,"29°15´35.680N""","100°50´21.330W""",29.259911,-100.839258,257,H14C34,1,*,*,1
50140294,,5,Coahuila de Zaragoza,Coah.,14,Jiménez,294,San Alberto,R,"29°15´10.080N""","100°51´03.970W""",29.2528,-100.851103,267,H14C34,1,*,*,1
50140295,,5,Coahuila de Zaragoza,Coah.,14,Jiménez,295,El Federal,R,"29°15´29.930N""","100°51´16.720W""",29.258314,-100.854644,269,H14C34,4,*,*,1
50140296,,5,Coahuila de Zaragoza,Coah.,14,Jiménez,296,Rumualdo Sandoval,R,"29°15´18.480N""","100°51´34.990W""",29.255133,-100.859719,273,H14C34,2,*,*,1
50140297,,5,Coahuila de Zaragoza,Coah.,14,Jiménez,297,José López,R,"29°16´18.180N""","100°52´04.880W""",29.271716,-100.868022,272,H14C34,14,6,8,5
50140298,,5,Coahuila de Zaragoza,Coah.,14,Jiménez,298,Cristales (Los Vázquez),R,"29°03´17.760N""","101°02´01.090W""",29.054933,-101.033636,347,H14C43,0,0,0,0
50140299,,5,Coahuila de Zaragoza,Coah.,14,Jiménez,299,Antonio Reveles Vera,R,"29°06´20.790N""","100°55´30.070W""",29.105775,-100.925019,309,H14C44,3,*,*,1
50140300,,5,Coahuila de Zaragoza,Coah.,14,Jiménez,300,María Magdalena González González,R,"29°09´15.600N""","100°58´06.910W""",29.154333,-100.968585,340,H14C44,8,*,*,2
50140301,,5,Coahuila de Zaragoza,Coah.,14,Jiménez,301,El Bajío,R,"29°03´20.430N""","101°04´36.340W""",29.055675,-101.07676,360,H14C43,1,*,*,1
50140302,,5,Coahuila de Zaragoza,Coah.,14,Jiménez,302,Juan Carlos Hernández Ramírez,R,"29°09´28.690N""","100°58´20.980W""",29.157969,-100.972494,343,H14C44,5,*,*,1
50140303,,5,Coahuila de Zaragoza,Coah.,14,Jiménez,303,El Refugio,R,"29°07´22.120N""","100°57´36.190W""",29.12281,-100.960053,321,H14C44,1,*,*,1
50140304,,5,Coahuila de Zaragoza,Coah.,14,Jiménez,304,Pobre Diablo,R,"29°07´28.530N""","100°57´24.170W""",29.124591,-100.956714,323,H14C44,0,0,0,0
50140305,,5,Coahuila de Zaragoza,Coah.,14,Jiménez,305,Guadalupe Hernández,R,"29°07´23.160N""","100°57´19.890W""",29.123099,-100.955525,322,H14C44,9,*,*,2
50140306,,5,Coahuila de Zaragoza,Coah.,14,Jiménez,306,Los Watanabe,R,"29°06´35.290N""","100°56´29.740W""",29.109803,-100.941594,310,H14C44,14,8,6,4
50140307,,5,Coahuila de Zaragoza,Coah.,14,Jiménez,307,Manuel Watanabe,R,"29°06´14.550N""","100°54´57.690W""",29.104042,-100.916025,300,H14C44,0,0,0,0
50140308,,5,Coahuila de Zaragoza,Coah.,14,Jiménez,308,Los Garza,R,"29°05´28.330N""","100°52´59.320W""",29.091202,-100.883144,300,H14C44,0,0,0,0
50140309,,5,Coahuila de Zaragoza,Coah.,14,Jiménez,309,Néstor de la Rosa,R,"29°01´54.010N""","100°55´20.430W""",29.031669,-100.922341,329,H14C44,5,*,*,1
50140310,,5,Coahuila de Zaragoza,Coah.,14,Jiménez,310,Raymundo González,R,"29°01´26.370N""","100°55´11.160W""",29.023991,-100.919766,332,H14C44,0,0,0,0
50140311,,5,Coahuila de Zaragoza,Coah.,14,Jiménez,311,Juan Hernández,R,"29°01´34.260N""","100°55´02.990W""",29.026183,-100.917497,330,H14C44,0,0,0,0
50140312,,5,Coahuila de Zaragoza,Coah.,14,Jiménez,312,El Carmen (José Carlos Martínez),R,"28°59´39.620N""","100°55´20.510W""",28.994339,-100.922363,338,H14C54,1,*,*,1
50140313,,5,Coahuila de Zaragoza,Coah.,14,Jiménez,313,Teodoro Esquivel,R,"29°01´40.770N""","100°54´50.860W""",29.027991,-100.914128,328,H14C44,0,0,0,0
50140314,,5,Coahuila de Zaragoza,Coah.,14,Jiménez,314,Los Dos Hermanos,R,"28°51´32.910N""","100°55´04.350W""",28.859142,-100.917874,343,H14C54,9,5,4,3
50140315,,5,Coahuila de Zaragoza,Coah.,14,Jiménez,315,Hermanos Morales,R,"29°00´11.620N""","100°53´47.250W""",29.003228,-100.896458,336,H14C44,0,0,0,0
50140316,,5,Coahuila de Zaragoza,Coah.,14,Jiménez,316,Los Juanes,R,"29°00´39.530N""","100°54´11.730W""",29.010981,-100.903258,328,H14C44,4,*,*,1
50140317,,5,Coahuila de Zaragoza,Coah.,14,Jiménez,317,El Paraíso,R,"28°58´09.740N""","100°47´05.730W""",28.969372,-100.784925,290,H14C54,2,*,*,1
50140318,,5,Coahuila de Zaragoza,Coah.,14,Jiménez,318,Reyes Gaspar,R,"28°58´27.850N""","100°47´14.680W""",28.974402,-100.787411,290,H14C54,1,*,*,1
50140319,,5,Coahuila de Zaragoza,Coah.,14,Jiménez,319,Francisco Gómez Cruz,R,"28°57´51.740N""","100°46´35.700W""",28.964372,-100.776583,287,H14C54,1,*,*,1
50140320,,5,Coahuila de Zaragoza,Coah.,14,Jiménez,320,Gaspar Martínez,R,"29°00´16.750N""","100°48´10.180W""",29.004653,-100.802828,300,H14C44,0,0,0,0
50140321,,5,Coahuila de Zaragoza,Coah.,14,Jiménez,321,Rolando de la Cruz Barrera,R,"28°58´39.560N""","100°45´56.510W""",28.977655,-100.765697,297,H14C54,6,*,*,1
50140322,,5,Coahuila de Zaragoza,Coah.,14,Jiménez,322,Ernesto Ledezma Alviso,R,"28°58´54.700N""","100°47´00.210W""",28.98186,-100.783391,292,H14C54,2,*,*,1
50140323,,5,Coahuila de Zaragoza,Coah.,14,Jiménez,323,Patricio Cruz González,R,"28°59´35.710N""","100°47´12.400W""",28.993252,-100.786777,299,H14C54,3,*,*,1
50140324,,5,Coahuila de Zaragoza,Coah.,14,Jiménez,324,Gonzalo Ríos Balderas,R,"28°57´54.730N""","100°44´03.580W""",28.965203,-100.734327,279,H14C54,3,*,*,1
50140325,,5,Coahuila de Zaragoza,Coah.,14,Jiménez,325,José Alberto Ríos,R,"28°58´01.950N""","100°44´05.460W""",28.967208,-100.73485,280,H14C54,4,*,*,1
