MAPA,Estatus,CVE_ENT,NOM_ENT,NOM_ABR,CVE_MUN,NOM_MUN,CVE_LOC,NOM_LOC,AMBITO,LATITUD,LONGITUD,LAT_DECIMAL,LON_DECIMAL,ALTITUD,CVE_CARTA,POB_TOTAL,POB_MASCULINA,POB_FEMENINA,TOTAL DE VIVIENDAS HABITADAS
50090001,,5,Coahuila de Zaragoza,Coah.,9,Francisco I. Madero,1,Francisco I. Madero  ,U,"25°46´30.000N""","103°16´23.000W""",25.774999,-103.273055,1111,G13D16,32704,15991,16713,8900
50090003,,5,Coahuila de Zaragoza,Coah.,9,Francisco I. Madero,3,Alamito,R,"25°43´23.330N""","103°18´17.576W""",25.723147,-103.304882,1114,G13D26,709,376,333,172
50090004,,5,Coahuila de Zaragoza,Coah.,9,Francisco I. Madero,4,Alonso Tegui,R,"25°55´04.727N""","103°17´41.844W""",25.917979,-103.294956,1099,G13D16,7,*,*,1
50090005,,5,Coahuila de Zaragoza,Coah.,9,Francisco I. Madero,5,Amabizkar,R,"25°51´49.117N""","103°14´53.256W""",25.863644,-103.248126,1103,G13D16,8,*,*,1
50090006,,5,Coahuila de Zaragoza,Coah.,9,Francisco I. Madero,6,La Aurora,R,"25°56´21.775N""","103°16´59.563W""",25.939382,-103.283211,1098,G13D16,0,0,0,0
50090007,,5,Coahuila de Zaragoza,Coah.,9,Francisco I. Madero,7,Francisco I. Madero (Banco de Londres),R,"25°49´38.783N""","103°15´50.043W""",25.827439,-103.263901,1106,G13D16,183,88,95,57
50090008,,5,Coahuila de Zaragoza,Coah.,9,Francisco I. Madero,8,Batopilas,R,"25°55´51.468N""","103°18´15.907W""",25.930963,-103.304419,1097,G13D16,589,298,291,129
50090010,,5,Coahuila de Zaragoza,Coah.,9,Francisco I. Madero,10,Buenavista de Arriba,R,"25°48´50.730N""","103°18´57.909W""",25.814092,-103.316086,1106,G13D16,1106,577,529,282
50090011,,5,Coahuila de Zaragoza,Coah.,9,Francisco I. Madero,11,El Cántabro,R,"25°55´40.658N""","103°12´04.870W""",25.92796,-103.201353,1099,G13D16,513,262,251,155
50090012,,5,Coahuila de Zaragoza,Coah.,9,Francisco I. Madero,12,Castrejana,R,"25°53´59.542N""","103°19´30.806W""",25.899872,-103.325223,1100,G13D16,0,0,0,0
50090013,,5,Coahuila de Zaragoza,Coah.,9,Francisco I. Madero,13,Colón,R,"25°50´55.484N""","103°15´59.650W""",25.848745,-103.266569,1105,G13D16,841,419,422,230
50090014,,5,Coahuila de Zaragoza,Coah.,9,Francisco I. Madero,14,La Coruña,R,"25°52´50.124N""","103°17´52.879W""",25.880589,-103.298022,1103,G13D16,970,485,485,237
50090016,,5,Coahuila de Zaragoza,Coah.,9,Francisco I. Madero,16,Covadonga,R,"25°55´25.313N""","103°14´50.505W""",25.923697,-103.247362,1099,G13D16,476,236,240,124
50090017,,5,Coahuila de Zaragoza,Coah.,9,Francisco I. Madero,17,El Chaparro,R,"25°56´46.780N""","103°20´35.720W""",25.946327,-103.343255,1096,G13D15,0,0,0,0
50090018,,5,Coahuila de Zaragoza,Coah.,9,Francisco I. Madero,18,Charcos de Risa,R,"26°12´34.869N""","103°06´24.659W""",26.209686,-103.10685,1088,G13B86,196,106,90,52
50090019,,5,Coahuila de Zaragoza,Coah.,9,Francisco I. Madero,19,Dieciocho de Marzo,R,"25°55´42.254N""","103°17´09.789W""",25.928403,-103.286052,1100,G13D16,300,156,144,78
50090020,,5,Coahuila de Zaragoza,Coah.,9,Francisco I. Madero,20,El Ebro,R,"25°56´27.799N""","103°18´43.061W""",25.941055,-103.311961,1095,G13D16,0,0,0,0
50090021,,5,Coahuila de Zaragoza,Coah.,9,Francisco I. Madero,21,Finisterre,R,"25°59´12.065N""","103°13´05.275W""",25.986684,-103.218131,1097,G13D16,479,246,233,130
50090022,,5,Coahuila de Zaragoza,Coah.,9,Francisco I. Madero,22,Florencia,R,"25°50´17.847N""","103°18´30.020W""",25.838291,-103.308339,1104,G13D16,909,456,453,237
50090023,,5,Coahuila de Zaragoza,Coah.,9,Francisco I. Madero,23,La Florida,R,"25°46´07.153N""","103°19´24.956W""",25.768653,-103.323598,1110,G13D16,1445,717,728,430
50090024,,5,Coahuila de Zaragoza,Coah.,9,Francisco I. Madero,24,Guadalupe (Las Lupes),R,"25°55´47.082N""","103°17´34.883W""",25.929744,-103.293023,1099,G13D16,0,0,0,0
50090025,,5,Coahuila de Zaragoza,Coah.,9,Francisco I. Madero,25,Hidalgo,U,"25°49´00.026N""","103°17´01.887W""",25.816673,-103.283857,1107,G13D16,2779,1414,1365,680
50090026,,5,Coahuila de Zaragoza,Coah.,9,Francisco I. Madero,26,Jaboncillo,R,"25°44´51.505N""","103°15´58.822W""",25.74764,-103.266339,1109,G13D26,1025,505,520,271
50090027,,5,Coahuila de Zaragoza,Coah.,9,Francisco I. Madero,27,Lanchares,R,"25°54´25.198N""","103°17´45.987W""",25.906999,-103.296107,1101,G13D16,0,0,0,0
50090028,,5,Coahuila de Zaragoza,Coah.,9,Francisco I. Madero,28,Lequeitio,U,"25°50´38.430N""","103°16´42.135W""",25.844008,-103.27837,1106,G13D16,1557,752,805,445
50090029,,5,Coahuila de Zaragoza,Coah.,9,Francisco I. Madero,29,Marsella (Santa Ligia) [Sociedad de Producción Rural],R,"25°55´54.519N""","103°13´28.109W""",25.93181,-103.224474,1100,G13D16,0,0,0,0
50090030,,5,Coahuila de Zaragoza,Coah.,9,Francisco I. Madero,30,Matienzo (La Ocho),R,"25°56´16.693N""","103°18´59.767W""",25.93797,-103.316602,1096,G13D16,0,0,0,0
50090031,,5,Coahuila de Zaragoza,Coah.,9,Francisco I. Madero,31,Las Mercedes,R,"25°50´21.913N""","103°17´50.314W""",25.83942,-103.297309,1105,G13D16,903,439,464,221
50090036,,5,Coahuila de Zaragoza,Coah.,9,Francisco I. Madero,36,Nuevo León,R,"25°43´05.479N""","103°17´40.613W""",25.718188,-103.294614,1114,G13D26,1385,720,665,332
50090038,,5,Coahuila de Zaragoza,Coah.,9,Francisco I. Madero,38,La Pinta,R,"25°54´10.199N""","103°15´51.478W""",25.902833,-103.264299,1106,G13D16,1027,510,517,287
50090039,,5,Coahuila de Zaragoza,Coah.,9,Francisco I. Madero,39,El Porvenir (El Porvenir de Arriba),R,"25°46´26.991N""","103°19´27.887W""",25.774164,-103.324412,1110,G13D16,1327,667,660,400
50090040,,5,Coahuila de Zaragoza,Coah.,9,Francisco I. Madero,40,El Relicario,R,"25°56´41.691N""","103°16´42.979W""",25.944914,-103.278605,1098,G13D16,0,0,0,0
50090041,,5,Coahuila de Zaragoza,Coah.,9,Francisco I. Madero,41,Ana Victoria,R,"25°51´25.022N""","103°14´27.535W""",25.856951,-103.240982,1103,G13D16,0,0,0,0
50090042,,5,Coahuila de Zaragoza,Coah.,9,Francisco I. Madero,42,Saloña (Tres Norias),R,"25°51´45.770N""","103°18´18.456W""",25.862714,-103.305127,1101,G13D16,150,70,80,45
50090043,,5,Coahuila de Zaragoza,Coah.,9,Francisco I. Madero,43,Saloña,R,"25°53´10.856N""","103°18´19.261W""",25.886349,-103.30535,1102,G13D16,0,0,0,0
50090044,,5,Coahuila de Zaragoza,Coah.,9,Francisco I. Madero,44,San Agustín de Ulúa,R,"25°48´25.658N""","103°13´19.303W""",25.807127,-103.222028,1106,G13D16,275,150,125,83
50090045,,5,Coahuila de Zaragoza,Coah.,9,Francisco I. Madero,45,San Esteban de Egipto,R,"25°44´26.286N""","103°19´56.107W""",25.740635,-103.332251,1114,G13D26,337,173,164,125
50090046,,5,Coahuila de Zaragoza,Coah.,9,Francisco I. Madero,46,San José de la Niña,R,"25°52´24.575N""","103°13´06.190W""",25.873492,-103.218385,1102,G13D16,710,336,374,188
50090047,,5,Coahuila de Zaragoza,Coah.,9,Francisco I. Madero,47,San Juan de Ulúa,R,"25°50´18.771N""","103°15´05.050W""",25.838547,-103.251403,1105,G13D16,300,150,150,71
50090048,,5,Coahuila de Zaragoza,Coah.,9,Francisco I. Madero,48,San Pablo,R,"25°56´26.237N""","103°16´12.171W""",25.940621,-103.270047,1099,G13D16,0,0,0,0
50090049,,5,Coahuila de Zaragoza,Coah.,9,Francisco I. Madero,49,San Salvador de Arriba,R,"25°56´38.138N""","103°13´46.316W""",25.943927,-103.229532,1100,G13D16,759,355,404,240
50090050,,5,Coahuila de Zaragoza,Coah.,9,Francisco I. Madero,50,Santa María (Santa María de Arriba),R,"25°52´05.320N""","103°14´35.788W""",25.868144,-103.243274,1102,G13D16,570,296,274,153
50090053,,5,Coahuila de Zaragoza,Coah.,9,Francisco I. Madero,53,Seis de Octubre (Santo Niño),R,"25°45´51.421N""","103°14´25.408W""",25.764284,-103.240391,1112,G13D16,2016,992,1024,528
50090054,,5,Coahuila de Zaragoza,Coah.,9,Francisco I. Madero,54,El Sella,R,"25°54´17.339N""","103°20´45.130W""",25.904816,-103.345869,1098,G13D15,0,0,0,0
50090055,,5,Coahuila de Zaragoza,Coah.,9,Francisco I. Madero,55,Toberas,R,"25°56´09.381N""","103°17´26.305W""",25.935939,-103.29064,1099,G13D16,0,0,0,0
50090056,,5,Coahuila de Zaragoza,Coah.,9,Francisco I. Madero,56,La Esperanza,R,"25°51´01.520N""","103°14´45.363W""",25.850422,-103.245934,1103,G13D16,6,*,*,1
50090057,,5,Coahuila de Zaragoza,Coah.,9,Francisco I. Madero,57,Vasconia,R,"25°53´28.888N""","103°20´25.099W""",25.891357,-103.340305,1100,G13D15,0,0,0,0
50090058,,5,Coahuila de Zaragoza,Coah.,9,Francisco I. Madero,58,El Venado,R,"25°58´31.212N""","103°09´47.548W""",25.975336,-103.163208,1097,G13D16,121,69,52,36
50090060,,5,Coahuila de Zaragoza,Coah.,9,Francisco I. Madero,60,La Victoria,R,"25°53´08.218N""","103°20´14.353W""",25.885616,-103.33732,1100,G13D15,0,0,0,0
50090062,,5,Coahuila de Zaragoza,Coah.,9,Francisco I. Madero,62,Las Virginias,R,"25°48´03.039N""","103°16´19.151W""",25.800844,-103.271986,1107,G13D16,1425,705,720,334
50090063,,5,Coahuila de Zaragoza,Coah.,9,Francisco I. Madero,63,Yucatán,R,"25°52´48.281N""","103°19´50.736W""",25.880077,-103.330759,1101,G13D16,234,112,122,52
50090068,,5,Coahuila de Zaragoza,Coah.,9,Francisco I. Madero,68,Jacaranda (Filipinas),R,"25°58´56.397N""","103°12´38.325W""",25.982332,-103.210646,1096,G13D16,3,*,*,1
50090069,,5,Coahuila de Zaragoza,Coah.,9,Francisco I. Madero,69,San Gabriel,R,"25°57´10.069N""","103°13´17.649W""",25.952797,-103.221569,1100,G13D16,0,0,0,0
50090072,,5,Coahuila de Zaragoza,Coah.,9,Francisco I. Madero,72,El Dorado,R,"25°59´45.663N""","103°11´34.292W""",25.996017,-103.192859,1098,G13D16,6,*,*,2
50090073,,5,Coahuila de Zaragoza,Coah.,9,Francisco I. Madero,73,El Botecito,R,"25°54´15.139N""","103°13´01.190W""",25.904205,-103.216997,1100,G13D16,0,0,0,0
50090074,,5,Coahuila de Zaragoza,Coah.,9,Francisco I. Madero,74,El Encanto,R,"25°54´15.216N""","103°12´46.384W""",25.904227,-103.212884,1100,G13D16,4,*,*,1
50090077,,5,Coahuila de Zaragoza,Coah.,9,Francisco I. Madero,77,La Estrella,R,"25°47´03.437N""","103°14´33.746W""",25.784288,-103.242707,1107,G13D16,0,0,0,0
50090080,,5,Coahuila de Zaragoza,Coah.,9,Francisco I. Madero,80,Villa Verde,R,"25°54´41.607N""","103°20´22.787W""",25.911558,-103.339663,1097,G13D15,0,0,0,0
50090087,,5,Coahuila de Zaragoza,Coah.,9,Francisco I. Madero,87,El Trebol,R,"25°46´40.010N""","103°14´59.260W""",25.77778,-103.249794,1108,G13D16,0,0,0,0
50090091,,5,Coahuila de Zaragoza,Coah.,9,Francisco I. Madero,91,La Nueva Trinidad,R,"25°56´47.758N""","103°17´00.734W""",25.946599,-103.283537,1098,G13D16,72,36,36,18
50090092,,5,Coahuila de Zaragoza,Coah.,9,Francisco I. Madero,92,Benito Juárez,R,"25°58´55.105N""","103°17´29.894W""",25.981973,-103.291637,1096,G13D16,0,0,0,0
50090094,,5,Coahuila de Zaragoza,Coah.,9,Francisco I. Madero,94,Felipe Ángeles,R,"26°28´40.781N""","103°01´58.248W""",26.477994,-103.032846,1080,G13B76,42,24,18,9
50090095,,5,Coahuila de Zaragoza,Coah.,9,Francisco I. Madero,95,Linda Vista,R,"26°31´49.399N""","103°02´57.524W""",26.530388,-103.049312,1073,G13B66,39,22,17,13
50090096,,5,Coahuila de Zaragoza,Coah.,9,Francisco I. Madero,96,La Pezuña,R,"26°28´17.109N""","103°01´31.529W""",26.471419,-103.025424,1097,G13B76,1,*,*,1
50090097,,5,Coahuila de Zaragoza,Coah.,9,Francisco I. Madero,97,Tres Manantiales (La Parrita),R,"26°22´17.697N""","103°02´32.690W""",26.371582,-103.042414,1098,G13B76,43,24,19,12
50090098,,5,Coahuila de Zaragoza,Coah.,9,Francisco I. Madero,98,Rancho de los Santos,R,"25°58´02.615N""","103°09´36.948W""",25.967392,-103.160263,1098,G13D16,5,*,*,1
50090103,,5,Coahuila de Zaragoza,Coah.,9,Francisco I. Madero,103,Beta San Gabriel,R,"25°48´24.284N""","103°13´30.204W""",25.806746,-103.225056,1106,G13D16,0,0,0,0
50090107,,5,Coahuila de Zaragoza,Coah.,9,Francisco I. Madero,107,El Refugio,R,"25°58´48.989N""","103°10´16.999W""",25.980274,-103.171388,1096,G13D16,0,0,0,0
50090108,,5,Coahuila de Zaragoza,Coah.,9,Francisco I. Madero,108,Río Aguanaval,R,"26°36´46.398N""","103°07´30.436W""",26.612888,-103.12512,1079,G13B66,21,13,8,7
50090110,,5,Coahuila de Zaragoza,Coah.,9,Francisco I. Madero,110,San Isidro,R,"25°57´56.618N""","103°15´21.526W""",25.965727,-103.255979,1099,G13D16,99,51,48,28
50090111,,5,Coahuila de Zaragoza,Coah.,9,Francisco I. Madero,111,San Ramiro,R,"25°47´42.595N""","103°12´48.353W""",25.795165,-103.213431,1107,G13D16,6,*,*,1
50090112,,5,Coahuila de Zaragoza,Coah.,9,Francisco I. Madero,112,Nicolás Muñiz Méndez (Sector Número Uno),R,"25°50´48.873N""","103°20´17.018W""",25.846909,-103.33806,1102,G13D15,0,0,0,0
50090113,,5,Coahuila de Zaragoza,Coah.,9,Francisco I. Madero,113,Ampuero (Las Vegas),R,"25°47´02.730N""","103°16´03.140W""",25.784091,-103.267538,1107,G13D16,6,*,*,2
50090114,,5,Coahuila de Zaragoza,Coah.,9,Francisco I. Madero,114,Cántabro Progreso (El Veintiocho),R,"25°57´49.091N""","103°11´45.979W""",25.963636,-103.196105,1100,G13D16,4,*,*,1
50090117,,5,Coahuila de Zaragoza,Coah.,9,Francisco I. Madero,117,La Marsellita (Marsella Dos),R,"25°55´31.226N""","103°14´18.981W""",25.92534,-103.238606,1100,G13D16,0,0,0,0
50090118,,5,Coahuila de Zaragoza,Coah.,9,Francisco I. Madero,118,San Martín (Covadonga),R,"25°55´04.501N""","103°14´40.440W""",25.917916,-103.244566,1100,G13D16,13,5,8,3
50090119,,5,Coahuila de Zaragoza,Coah.,9,Francisco I. Madero,119,El León,R,"25°57´09.965N""","103°12´58.936W""",25.952768,-103.216371,1100,G13D16,0,0,0,0
50090122,,5,Coahuila de Zaragoza,Coah.,9,Francisco I. Madero,122,Diana,R,"25°59´55.356N""","103°12´26.873W""",25.99871,-103.207465,1099,G13D16,0,0,0,0
50090123,,5,Coahuila de Zaragoza,Coah.,9,Francisco I. Madero,123,Palestina (El Porvenir),R,"25°46´53.913N""","103°19´13.626W""",25.781642,-103.320451,1110,G13D16,6,*,*,2
50090124,,5,Coahuila de Zaragoza,Coah.,9,Francisco I. Madero,124,La Noria,R,"25°46´22.575N""","103°17´45.436W""",25.772937,-103.295954,1110,G13D16,15,8,7,4
50090125,,5,Coahuila de Zaragoza,Coah.,9,Francisco I. Madero,125,La Montañesa (Florida Libertad),R,"25°46´41.094N""","103°18´01.821W""",25.778081,-103.300506,1109,G13D16,9,*,*,1
50090132,,5,Coahuila de Zaragoza,Coah.,9,Francisco I. Madero,132,Noria Florencia,R,"25°49´40.435N""","103°18´52.315W""",25.827898,-103.314532,1104,G13D16,0,0,0,0
50090138,,5,Coahuila de Zaragoza,Coah.,9,Francisco I. Madero,138,Ernesto Sedma (Noria Buenavista),R,"25°49´14.240N""","103°18´46.580W""",25.820622,-103.312939,1105,G13D16,0,0,0,0
50090140,,5,Coahuila de Zaragoza,Coah.,9,Francisco I. Madero,140,Noria las Mercedes,R,"25°50´54.289N""","103°17´58.071W""",25.848413,-103.299464,1104,G13D16,0,0,0,0
50090141,,5,Coahuila de Zaragoza,Coah.,9,Francisco I. Madero,141,La Manada,R,"25°55´58.789N""","103°17´06.619W""",25.932996,-103.285172,1100,G13D16,1,*,*,1
50090142,,5,Coahuila de Zaragoza,Coah.,9,Francisco I. Madero,142,Lequeitio (Víctor Handall),R,"25°51´18.835N""","103°16´59.954W""",25.855232,-103.28332,1106,G13D16,0,0,0,0
50090143,,5,Coahuila de Zaragoza,Coah.,9,Francisco I. Madero,143,El Cerrito,R,"25°51´27.806N""","103°20´32.473W""",25.857724,-103.342353,1103,G13D15,0,0,0,0
50090145,,5,Coahuila de Zaragoza,Coah.,9,Francisco I. Madero,145,Benito Valenzuela,R,"25°50´12.703N""","103°15´20.159W""",25.836862,-103.2556,1105,G13D16,15,*,*,1
50090146,,5,Coahuila de Zaragoza,Coah.,9,Francisco I. Madero,146,Huitrón (Heriberto Ochoa),R,"25°51´48.040N""","103°20´22.645W""",25.863344,-103.339623,1103,G13D15,1,*,*,1
50090148,,5,Coahuila de Zaragoza,Coah.,9,Francisco I. Madero,148,José Cruz Delgado Sonora,R,"25°51´14.882N""","103°19´04.516W""",25.854134,-103.31792,1102,G13D16,0,0,0,0
50090151,,5,Coahuila de Zaragoza,Coah.,9,Francisco I. Madero,151,El Trébol Dos,R,"25°46´58.154N""","103°14´54.772W""",25.78282,-103.248547,1108,G13D16,11,*,*,2
50090152,,5,Coahuila de Zaragoza,Coah.,9,Francisco I. Madero,152,Los Trejo (Los Chiveros),R,"25°47´29.046N""","103°14´57.443W""",25.791401,-103.249289,1107,G13D16,1,*,*,1
50090154,,5,Coahuila de Zaragoza,Coah.,9,Francisco I. Madero,154,Alamito (Ignacio Martínez Tricio),R,"25°43´40.915N""","103°18´02.833W""",25.728031,-103.300787,1114,G13D26,0,0,0,0
50090160,,5,Coahuila de Zaragoza,Coah.,9,Francisco I. Madero,160,La Pompita,R,"25°48´50.506N""","103°12´42.237W""",25.814029,-103.211733,1106,G13D16,0,0,0,0
50090161,,5,Coahuila de Zaragoza,Coah.,9,Francisco I. Madero,161,Francisco de la Torre,R,"25°48´47.767N""","103°12´44.856W""",25.813269,-103.21246,1106,G13D16,0,0,0,0
50090162,,5,Coahuila de Zaragoza,Coah.,9,Francisco I. Madero,162,La Noria Uno,R,"25°48´19.105N""","103°14´38.475W""",25.805307,-103.244021,1107,G13D16,0,0,0,0
50090163,,5,Coahuila de Zaragoza,Coah.,9,Francisco I. Madero,163,La Amapola,R,"25°47´53.510N""","103°17´18.757W""",25.798197,-103.288543,1107,G13D16,0,0,0,0
50090164,,5,Coahuila de Zaragoza,Coah.,9,Francisco I. Madero,164,La Argolla,R,"25°47´48.083N""","103°18´00.392W""",25.796689,-103.300109,1107,G13D16,0,0,0,0
50090166,,5,Coahuila de Zaragoza,Coah.,9,Francisco I. Madero,166,Francisco Lucio,R,"25°46´59.130N""","103°17´18.050W""",25.783091,-103.288347,1109,G13D16,3,*,*,1
50090167,,5,Coahuila de Zaragoza,Coah.,9,Francisco I. Madero,167,Los Cuates,R,"25°46´28.794N""","103°17´44.544W""",25.774664,-103.295706,1110,G13D16,2,*,*,1
50090168,,5,Coahuila de Zaragoza,Coah.,9,Francisco I. Madero,168,Florida Libertad,R,"25°46´21.667N""","103°18´06.344W""",25.772685,-103.301762,1109,G13D16,4,*,*,2
50090177,,5,Coahuila de Zaragoza,Coah.,9,Francisco I. Madero,177,Mena Chiqui,R,"25°53´51.113N""","103°13´34.260W""",25.897531,-103.226183,1101,G13D16,4,*,*,1
50090178,,5,Coahuila de Zaragoza,Coah.,9,Francisco I. Madero,178,Noria Tres,R,"25°50´06.275N""","103°17´07.892W""",25.835076,-103.285525,1107,G13D16,0,0,0,0
50090179,,5,Coahuila de Zaragoza,Coah.,9,Francisco I. Madero,179,Ramón Marrufo,R,"25°51´31.914N""","103°16´26.150W""",25.858865,-103.27393,1106,G13D16,2,*,*,1
50090180,,5,Coahuila de Zaragoza,Coah.,9,Francisco I. Madero,180,Noria de Ramón Marrufo,R,"25°51´55.134N""","103°16´39.660W""",25.865315,-103.277683,1105,G13D16,0,0,0,0
50090181,,5,Coahuila de Zaragoza,Coah.,9,Francisco I. Madero,181,Luz de Luna (Andrés Izaguirre),R,"25°52´15.905N""","103°16´50.555W""",25.871084,-103.280709,1104,G13D16,0,0,0,0
50090183,,5,Coahuila de Zaragoza,Coah.,9,Francisco I. Madero,183,Francisco Aranzaba,R,"25°53´35.549N""","103°17´22.092W""",25.893208,-103.28947,1102,G13D16,0,0,0,0
50090184,,5,Coahuila de Zaragoza,Coah.,9,Francisco I. Madero,184,Sector Dos (Pascual Esparza Soto),R,"25°53´15.941N""","103°15´49.706W""",25.887761,-103.263807,1104,G13D16,0,0,0,0
50090185,,5,Coahuila de Zaragoza,Coah.,9,Francisco I. Madero,185,Grupo Covadonga [Sociedad],R,"25°54´22.541N""","103°15´34.049W""",25.906261,-103.259458,1105,G13D16,2,*,*,1
50090186,,5,Coahuila de Zaragoza,Coah.,9,Francisco I. Madero,186,El Cinco,R,"25°53´42.798N""","103°15´41.315W""",25.895221,-103.261476,1105,G13D16,0,0,0,0
50090187,,5,Coahuila de Zaragoza,Coah.,9,Francisco I. Madero,187,Sector Cuatro,R,"25°53´59.830N""","103°15´06.199W""",25.899952,-103.251722,1105,G13D16,0,0,0,0
50090188,,5,Coahuila de Zaragoza,Coah.,9,Francisco I. Madero,188,Sector Uno,R,"25°54´42.277N""","103°14´31.187W""",25.911744,-103.241996,1101,G13D16,2,*,*,1
50090189,,5,Coahuila de Zaragoza,Coah.,9,Francisco I. Madero,189,Tierra Blanca,R,"25°55´51.374N""","103°14´55.273W""",25.930937,-103.248687,1099,G13D16,0,0,0,0
50090191,,5,Coahuila de Zaragoza,Coah.,9,Francisco I. Madero,191,Sector Número Uno,R,"25°57´07.135N""","103°15´05.639W""",25.951982,-103.251566,1098,G13D16,0,0,0,0
50090193,,5,Coahuila de Zaragoza,Coah.,9,Francisco I. Madero,193,Santa María 2,R,"25°53´23.394N""","103°13´03.323W""",25.889831,-103.217589,1101,G13D16,0,0,0,0
50090195,,5,Coahuila de Zaragoza,Coah.,9,Francisco I. Madero,195,Andalucía,R,"25°58´47.675N""","103°11´28.987W""",25.979909,-103.191385,1098,G13D16,0,0,0,0
50090196,,5,Coahuila de Zaragoza,Coah.,9,Francisco I. Madero,196,El Cañón,R,"25°59´11.379N""","103°11´45.173W""",25.986494,-103.195881,1095,G13D16,0,0,0,0
50090197,,5,Coahuila de Zaragoza,Coah.,9,Francisco I. Madero,197,Otzanduri,R,"25°59´47.050N""","103°10´49.887W""",25.996402,-103.180524,1099,G13D16,0,0,0,0
50090198,,5,Coahuila de Zaragoza,Coah.,9,Francisco I. Madero,198,Providencia del Norte,R,"26°00´21.113N""","103°11´53.859W""",26.005865,-103.198294,1099,G13B86,0,0,0,0
50090199,,5,Coahuila de Zaragoza,Coah.,9,Francisco I. Madero,199,San Gonzalo (La Aurora),R,"25°48´00.533N""","103°19´21.352W""",25.800148,-103.322597,1108,G13D16,0,0,0,0
50090201,,5,Coahuila de Zaragoza,Coah.,9,Francisco I. Madero,201,El Once (Guillermo Garza),R,"25°52´59.833N""","103°17´45.186W""",25.883286,-103.295885,1102,G13D16,0,0,0,0
50090203,,5,Coahuila de Zaragoza,Coah.,9,Francisco I. Madero,203,Francisco Vega,R,"25°55´56.753N""","103°17´07.282W""",25.932431,-103.285356,1100,G13D16,0,0,0,0
50090204,,5,Coahuila de Zaragoza,Coah.,9,Francisco I. Madero,204,Tomasa Alonso,R,"25°51´54.786N""","103°18´10.491W""",25.865218,-103.302914,1101,G13D16,0,0,0,0
50090205,,5,Coahuila de Zaragoza,Coah.,9,Francisco I. Madero,205,Batopilas,R,"25°55´19.163N""","103°18´25.158W""",25.921989,-103.306988,1098,G13D16,1,*,*,1
50090208,,5,Coahuila de Zaragoza,Coah.,9,Francisco I. Madero,208,La Trinidad,R,"25°57´09.892N""","103°16´53.484W""",25.952748,-103.281523,1099,G13D16,33,15,18,8
50090209,,5,Coahuila de Zaragoza,Coah.,9,Francisco I. Madero,209,El Terraceño,R,"25°59´24.891N""","103°18´04.025W""",25.990247,-103.301118,1091,G13D16,7,*,*,2
50090210,,5,Coahuila de Zaragoza,Coah.,9,Francisco I. Madero,210,Nueva Rosita,R,"25°57´01.406N""","103°13´37.007W""",25.950391,-103.226946,1100,G13D16,0,0,0,0
50090212,,5,Coahuila de Zaragoza,Coah.,9,Francisco I. Madero,212,La Negra,R,"25°59´19.116N""","103°13´02.748W""",25.988643,-103.217429,1097,G13D16,0,0,0,0
50090213,,5,Coahuila de Zaragoza,Coah.,9,Francisco I. Madero,213,La Botella,R,"25°58´34.830N""","103°10´00.036W""",25.976341,-103.166676,1097,G13D16,3,*,*,1
50090215,,5,Coahuila de Zaragoza,Coah.,9,Francisco I. Madero,215,La Tres,R,"25°43´20.380N""","103°17´52.239W""",25.722327,-103.297844,1114,G13D26,10,*,*,2
50090216,,5,Coahuila de Zaragoza,Coah.,9,Francisco I. Madero,216,La Caseta Veintinueve más Setecientos,R,"25°43´27.863N""","103°17´39.975W""",25.724406,-103.294437,1114,G13D26,16,7,9,4
50090217,,5,Coahuila de Zaragoza,Coah.,9,Francisco I. Madero,217,Canal Sacramento (El Tajo),R,"25°43´33.236N""","103°17´34.915W""",25.725898,-103.293032,1114,G13D26,15,9,6,5
50090220,,5,Coahuila de Zaragoza,Coah.,9,Francisco I. Madero,220,Noria del Grupo de los Amarillos,R,"25°44´40.998N""","103°17´08.183W""",25.744721,-103.285606,1108,G13D26,0,0,0,0
50090222,,5,Coahuila de Zaragoza,Coah.,9,Francisco I. Madero,222,Noria Sector Ocho (Noria Dos),R,"25°45´52.654N""","103°19´20.286W""",25.764626,-103.322301,1110,G13D16,0,0,0,0
50090223,,5,Coahuila de Zaragoza,Coah.,9,Francisco I. Madero,223,La Bonita (Kilómetro 2.5 Carretera la Florida-Madero),R,"25°46´16.744N""","103°18´18.633W""",25.771317,-103.305176,1109,G13D16,17,9,8,5
50090224,,5,Coahuila de Zaragoza,Coah.,9,Francisco I. Madero,224,San Elías del Álamo,R,"26°02´48.339N""","103°14´29.339W""",26.046761,-103.241483,1097,G13B86,0,0,0,0
50090225,,5,Coahuila de Zaragoza,Coah.,9,Francisco I. Madero,225,El Milagro,R,"26°05´21.490N""","103°18´17.309W""",26.089302,-103.304808,1094,G13B86,1,*,*,1
50090226,,5,Coahuila de Zaragoza,Coah.,9,Francisco I. Madero,226,Trincheras,R,"26°05´34.699N""","103°19´25.039W""",26.092972,-103.323621,1099,G13B86,0,0,0,0
50090227,,5,Coahuila de Zaragoza,Coah.,9,Francisco I. Madero,227,La Liliana,R,"26°09´16.258N""","103°11´38.253W""",26.154516,-103.193959,1150,G13B86,0,0,0,0
50090228,,5,Coahuila de Zaragoza,Coah.,9,Francisco I. Madero,228,La Perlita,R,"26°11´09.549N""","103°11´48.400W""",26.185986,-103.196777,1265,G13B86,0,0,0,0
50090229,,5,Coahuila de Zaragoza,Coah.,9,Francisco I. Madero,229,La Noria,R,"26°15´50.051N""","103°04´52.441W""",26.263903,-103.081233,1091,G13B76,0,0,0,0
50090231,,5,Coahuila de Zaragoza,Coah.,9,Francisco I. Madero,231,San José del Venado,R,"25°59´08.193N""","103°09´13.678W""",25.985609,-103.153799,1098,G13D16,0,0,0,0
50090234,,5,Coahuila de Zaragoza,Coah.,9,Francisco I. Madero,234,El Camarón,R,"26°00´16.989N""","103°08´48.969W""",26.004719,-103.146936,1100,G13B86,0,0,0,0
50090235,,5,Coahuila de Zaragoza,Coah.,9,Francisco I. Madero,235,La Noria de Linda Vista,R,"26°31´34.125N""","103°03´28.072W""",26.526145,-103.057798,1065,G13B66,0,0,0,0
50090236,,5,Coahuila de Zaragoza,Coah.,9,Francisco I. Madero,236,Río Aguanaval,R,"26°38´05.253N""","103°08´24.948W""",26.634792,-103.140263,1086,G13B66,13,7,6,4
50090238,,5,Coahuila de Zaragoza,Coah.,9,Francisco I. Madero,238,Esfuerzo Campesino (Andrés Posada),R,"26°00´19.392N""","103°12´33.693W""",26.005387,-103.209359,1100,G13B86,0,0,0,0
50090241,,5,Coahuila de Zaragoza,Coah.,9,Francisco I. Madero,241,Tolibia [Sociedad de Producción Rural],R,"25°46´21.539N""","103°18´55.730W""",25.772649,-103.315481,1110,G13D16,0,0,0,0
50090244,,5,Coahuila de Zaragoza,Coah.,9,Francisco I. Madero,244,Noria Sector Número Dos,R,"25°49´25.778N""","103°17´06.236W""",25.823827,-103.285065,1108,G13D16,0,0,0,0
50090246,,5,Coahuila de Zaragoza,Coah.,9,Francisco I. Madero,246,Benjamín Rivera González,R,"25°50´16.003N""","103°16´38.190W""",25.837778,-103.277274,1107,G13D16,3,*,*,1
50090247,,5,Coahuila de Zaragoza,Coah.,9,Francisco I. Madero,247,Alberto Ibarra Moreno,R,"25°49´36.921N""","103°16´36.996W""",25.826922,-103.276943,1108,G13D16,6,*,*,1
50090248,,5,Coahuila de Zaragoza,Coah.,9,Francisco I. Madero,248,José Luis Aguilera,R,"25°49´25.543N""","103°16´37.703W""",25.823761,-103.277139,1108,G13D16,0,0,0,0
50090249,,5,Coahuila de Zaragoza,Coah.,9,Francisco I. Madero,249,El Cántabro,R,"25°55´46.798N""","103°12´00.856W""",25.929665,-103.200238,1100,G13D16,0,0,0,0
50090250,,5,Coahuila de Zaragoza,Coah.,9,Francisco I. Madero,250,Sector Uno B Lequeitio (Teodoro López),R,"25°52´03.285N""","103°16´09.586W""",25.867579,-103.269329,1105,G13D16,0,0,0,0
50090253,,5,Coahuila de Zaragoza,Coah.,9,Francisco I. Madero,253,Villas del Fresno,R,"25°45´21.437N""","103°17´15.006W""",25.755955,-103.287501,1109,G13D16,1,*,*,1
50090255,,5,Coahuila de Zaragoza,Coah.,9,Francisco I. Madero,255,Las Tres Nenas,R,"25°45´38.917N""","103°15´15.158W""",25.76081,-103.254211,1110,G13D16,0,0,0,0
50090256,,5,Coahuila de Zaragoza,Coah.,9,Francisco I. Madero,256,Fraccionamiento de los Santos,R,"25°49´08.180N""","103°15´43.879W""",25.818938,-103.262189,1105,G13D16,2,*,*,1
50090259,,5,Coahuila de Zaragoza,Coah.,9,Francisco I. Madero,259,Noria Sector Seis,R,"25°53´39.688N""","103°14´06.352W""",25.894357,-103.235097,1101,G13D16,0,0,0,0
50090264,,5,Coahuila de Zaragoza,Coah.,9,Francisco I. Madero,264,Rubén Castañeda Vázquez,R,"25°49´33.866N""","103°16´33.652W""",25.826073,-103.276014,1108,G13D16,4,*,*,1
50090265,,5,Coahuila de Zaragoza,Coah.,9,Francisco I. Madero,265,Pedro Ramírez Quevedo (El Papalote),R,"25°48´45.689N""","103°14´55.389W""",25.812691,-103.248719,1107,G13D16,4,*,*,2
50090267,,5,Coahuila de Zaragoza,Coah.,9,Francisco I. Madero,267,Noria del Alto,R,"25°47´51.124N""","103°18´33.052W""",25.797534,-103.309181,1107,G13D16,0,0,0,0
50090268,,5,Coahuila de Zaragoza,Coah.,9,Francisco I. Madero,268,Noria del Naranjo,R,"25°47´31.784N""","103°13´37.789W""",25.792162,-103.227163,1107,G13D16,0,0,0,0
50090269,,5,Coahuila de Zaragoza,Coah.,9,Francisco I. Madero,269,Corralitos,R,"25°47´28.020N""","103°16´58.410W""",25.791116,-103.282891,1108,G13D16,0,0,0,0
50090270,,5,Coahuila de Zaragoza,Coah.,9,Francisco I. Madero,270,Lupita [Granja],R,"25°47´06.970N""","103°17´45.170W""",25.785269,-103.29588,1109,G13D16,0,0,0,0
50090271,,5,Coahuila de Zaragoza,Coah.,9,Francisco I. Madero,271,Toro Moro,R,"25°45´01.207N""","103°15´09.493W""",25.750335,-103.252637,1110,G13D16,0,0,0,0
50090275,,5,Coahuila de Zaragoza,Coah.,9,Francisco I. Madero,275,María de Lourdes Encina Bernal,R,"25°48´46.638N""","103°16´37.313W""",25.812955,-103.277031,1107,G13D16,1,*,*,1
50090276,,5,Coahuila de Zaragoza,Coah.,9,Francisco I. Madero,276,Ojo de Agua (Zona de Manantiales),R,"26°21´43.610N""","103°18´57.939W""",26.362114,-103.316094,1222,G13B76,0,0,0,0
50090277,,5,Coahuila de Zaragoza,Coah.,9,Francisco I. Madero,277,Ángel del Hoyo,R,"25°45´24.561N""","103°15´46.259W""",25.756823,-103.26285,1109,G13D16,0,0,0,0
50090278,,5,Coahuila de Zaragoza,Coah.,9,Francisco I. Madero,278,Los Abuelos,R,"25°45´12.565N""","103°16´06.885W""",25.75349,-103.268579,1109,G13D16,2,*,*,1
50090280,,5,Coahuila de Zaragoza,Coah.,9,Francisco I. Madero,280,Oscar Javier Campos Sifuentes,R,"25°47´21.016N""","103°16´34.015W""",25.789171,-103.276115,1107,G13D16,22,11,11,4
50090281,,5,Coahuila de Zaragoza,Coah.,9,Francisco I. Madero,281,Quinta Don Pancho,R,"25°47´53.199N""","103°16´56.169W""",25.798111,-103.282269,1108,G13D16,2,*,*,1
50090283,,5,Coahuila de Zaragoza,Coah.,9,Francisco I. Madero,283,Noé Saldaña,R,"25°45´46.089N""","103°14´53.235W""",25.762803,-103.248121,1111,G13D16,2,*,*,1
50090284,,5,Coahuila de Zaragoza,Coah.,9,Francisco I. Madero,284,José Ángel García Cabrera,R,"25°46´18.389N""","103°14´45.191W""",25.771774,-103.245886,1109,G13D16,5,*,*,1
50090286,,5,Coahuila de Zaragoza,Coah.,9,Francisco I. Madero,286,Pequeña Santo Niño,R,"25°45´59.640N""","103°13´51.277W""",25.766567,-103.23091,1109,G13D16,0,0,0,0
50090289,,5,Coahuila de Zaragoza,Coah.,9,Francisco I. Madero,289,Lazarín González,R,"25°45´38.987N""","103°14´37.856W""",25.76083,-103.243849,1113,G13D16,21,12,9,6
50090290,,5,Coahuila de Zaragoza,Coah.,9,Francisco I. Madero,290,Vidal Vázquez Barrios,R,"25°50´28.694N""","103°16´35.269W""",25.841304,-103.276463,1106,G13D16,0,0,0,0
50090291,,5,Coahuila de Zaragoza,Coah.,9,Francisco I. Madero,291,J. Jesús Ramírez Hernández,R,"25°50´01.112N""","103°16´37.035W""",25.833642,-103.276954,1107,G13D16,1,*,*,1
50090293,,5,Coahuila de Zaragoza,Coah.,9,Francisco I. Madero,293,Ana Carmen Tricio Haro,R,"25°48´55.194N""","103°19´07.642W""",25.815332,-103.318789,1106,G13D16,0,0,0,0
50090294,,5,Coahuila de Zaragoza,Coah.,9,Francisco I. Madero,294,Muba,R,"25°50´44.337N""","103°20´02.282W""",25.845649,-103.333967,1102,G13D15,0,0,0,0
50090295,,5,Coahuila de Zaragoza,Coah.,9,Francisco I. Madero,295,Nogalera (César Muñiz),R,"25°50´46.168N""","103°20´17.693W""",25.846157,-103.338248,1102,G13D15,0,0,0,0
50090296,,5,Coahuila de Zaragoza,Coah.,9,Francisco I. Madero,296,Caseta Treinta y Cinco más 432,R,"25°45´14.926N""","103°14´52.495W""",25.754146,-103.247915,1110,G13D16,0,0,0,0
50090297,,5,Coahuila de Zaragoza,Coah.,9,Francisco I. Madero,297,Granja Axa,R,"25°53´25.670N""","103°15´39.489W""",25.890464,-103.260969,1104,G13D16,0,0,0,0
50090298,,5,Coahuila de Zaragoza,Coah.,9,Francisco I. Madero,298,La Pinta,R,"25°53´42.551N""","103°14´48.339W""",25.895153,-103.246761,1103,G13D16,0,0,0,0
50090299,,5,Coahuila de Zaragoza,Coah.,9,Francisco I. Madero,299,WX,R,"25°53´46.559N""","103°15´06.525W""",25.896266,-103.251813,1104,G13D16,0,0,0,0
50090300,,5,Coahuila de Zaragoza,Coah.,9,Francisco I. Madero,300,Nuevo Lequeitio,R,"25°51´00.971N""","103°16´34.793W""",25.85027,-103.276331,1107,G13D16,8,*,*,2
50090301,,5,Coahuila de Zaragoza,Coah.,9,Francisco I. Madero,301,Francisco Rodríguez Delgado,R,"25°51´45.267N""","103°18´32.241W""",25.862574,-103.308956,1101,G13D16,4,*,*,2
50090302,,5,Coahuila de Zaragoza,Coah.,9,Francisco I. Madero,302,David Flores,R,"25°48´54.169N""","103°13´05.109W""",25.815047,-103.218085,1105,G13D16,0,0,0,0
50090303,,5,Coahuila de Zaragoza,Coah.,9,Francisco I. Madero,303,Norias de Felipe Ángeles,R,"26°28´59.710N""","103°02´12.476W""",26.483252,-103.036799,1076,G13B76,0,0,0,0
50090304,,5,Coahuila de Zaragoza,Coah.,9,Francisco I. Madero,304,Noria Santo Niño,R,"25°46´40.570N""","103°13´55.288W""",25.777935,-103.232024,1108,G13D16,0,0,0,0
50090305,,5,Coahuila de Zaragoza,Coah.,9,Francisco I. Madero,305,Roberto Pamanes,R,"25°43´47.045N""","103°19´55.078W""",25.729734,-103.331965,1115,G13D26,0,0,0,0
50090306,,5,Coahuila de Zaragoza,Coah.,9,Francisco I. Madero,306,La Vieja Trinidad,R,"25°56´49.274N""","103°16´13.448W""",25.94702,-103.270402,1100,G13D16,6,*,*,2
50090307,,5,Coahuila de Zaragoza,Coah.,9,Francisco I. Madero,307,Javier Martínez Payán,R,"26°29´07.441N""","103°02´15.411W""",26.4854,-103.037614,1075,G13B76,0,0,0,0
50090308,,5,Coahuila de Zaragoza,Coah.,9,Francisco I. Madero,308,Javier Martínez Payán,R,"26°18´17.066N""","103°03´55.304W""",26.304741,-103.065362,1082,G13B76,0,0,0,0
50090309,,5,Coahuila de Zaragoza,Coah.,9,Francisco I. Madero,309,Israel Chavarría,R,"25°50´06.800N""","103°16´37.210W""",25.835222,-103.277002,1107,G13D16,5,*,*,1
50090310,,5,Coahuila de Zaragoza,Coah.,9,Francisco I. Madero,310,Vicente Villegas (Hidalgo),R,"25°49´49.000N""","103°16´36.290W""",25.830277,-103.276747,1108,G13D16,2,*,*,1
50090311,,5,Coahuila de Zaragoza,Coah.,9,Francisco I. Madero,311,Noria Número 987 (Colón),R,"25°51´30.926N""","103°15´47.413W""",25.858591,-103.26317,1105,G13D16,0,0,0,0
50090312,,5,Coahuila de Zaragoza,Coah.,9,Francisco I. Madero,312,Andrés Silva Ruiz,R,"25°50´25.020N""","103°15´19.420W""",25.840283,-103.255394,1105,G13D16,0,0,0,0
50090313,,5,Coahuila de Zaragoza,Coah.,9,Francisco I. Madero,313,José Méndez Valdez,R,"25°48´15.900N""","103°15´43.680W""",25.804417,-103.262133,1106,G13D16,6,*,*,1
50090314,,5,Coahuila de Zaragoza,Coah.,9,Francisco I. Madero,314,La Ladrillera,R,"25°47´20.790N""","103°17´41.209W""",25.789108,-103.29478,1108,G13D16,0,0,0,0
50090315,,5,Coahuila de Zaragoza,Coah.,9,Francisco I. Madero,315,Juan Colorado,R,"25°47´22.060N""","103°17´29.830W""",25.789461,-103.291619,1109,G13D16,0,0,0,0
50090316,,5,Coahuila de Zaragoza,Coah.,9,Francisco I. Madero,316,Tomás Díaz González,R,"25°47´21.640N""","103°17´15.770W""",25.789344,-103.287714,1108,G13D16,0,0,0,0
50090317,,5,Coahuila de Zaragoza,Coah.,9,Francisco I. Madero,317,El Atardecer,R,"25°52´49.860N""","103°18´06.350W""",25.880516,-103.301764,1103,G13D16,3,*,*,1
50090318,,5,Coahuila de Zaragoza,Coah.,9,Francisco I. Madero,318,Francisco I. Madero [Parque Industrial],R,"25°45´12.000N""","103°16´00.030W""",25.753333,-103.266674,1109,G13D16,0,0,0,0
50090319,,5,Coahuila de Zaragoza,Coah.,9,Francisco I. Madero,319,Jesús Garza Martínez,R,"25°48´39.580N""","103°16´34.100W""",25.810994,-103.276138,1107,G13D16,1,*,*,1
50090320,,5,Coahuila de Zaragoza,Coah.,9,Francisco I. Madero,320,El Faro,R,"25°47´43.100N""","103°15´20.550W""",25.795305,-103.255708,1107,G13D16,5,*,*,1
50090321,,5,Coahuila de Zaragoza,Coah.,9,Francisco I. Madero,321,Isidro Jaramillo Celaya,R,"25°52´22.480N""","103°19´23.890W""",25.87291,-103.323302,1100,G13D16,6,*,*,2
50090322,,5,Coahuila de Zaragoza,Coah.,9,Francisco I. Madero,322,Humberto Martínez Payán,R,"25°59´53.780N""","103°17´47.940W""",25.998272,-103.29665,1092,G13D16,4,*,*,1
50090323,,5,Coahuila de Zaragoza,Coah.,9,Francisco I. Madero,323,Colón [Granja Avícola],R,"25°50´32.700N""","103°15´38.190W""",25.842416,-103.260608,1104,G13D16,0,0,0,0
50090324,,5,Coahuila de Zaragoza,Coah.,9,Francisco I. Madero,324,Noria Villa Verde,R,"25°54´30.180N""","103°17´10.910W""",25.908383,-103.286364,1101,G13D16,5,*,*,1
50090325,,5,Coahuila de Zaragoza,Coah.,9,Francisco I. Madero,325,Fresno del Norte (José Guadalupe Villegas),R,"25°45´59.400N""","103°17´14.770W""",25.7665,-103.287436,1110,G13D16,5,*,*,1
50090326,,5,Coahuila de Zaragoza,Coah.,9,Francisco I. Madero,326,Mevi,R,"25°44´17.670N""","103°17´00.440W""",25.738241,-103.283455,1114,G13D26,0,0,0,0
50090327,,5,Coahuila de Zaragoza,Coah.,9,Francisco I. Madero,327,La Noria,R,"26°38´23.930N""","103°08´38.510W""",26.63998,-103.14403,1083,G13B66,0,0,0,0
50090328,,5,Coahuila de Zaragoza,Coah.,9,Francisco I. Madero,328,Tres Manantiales,R,"26°16´55.050N""","103°04´20.110W""",26.281958,-103.072252,1086,G13B76,0,0,0,0
50090329,,5,Coahuila de Zaragoza,Coah.,9,Francisco I. Madero,329,Claudio Sepúlveda Villarreal,R,"25°52´01.520N""","103°14´44.640W""",25.867088,-103.245733,1103,G13D16,0,0,0,0
50090330,,5,Coahuila de Zaragoza,Coah.,9,Francisco I. Madero,330,El Trébol,R,"25°46´39.732N""","103°15´26.116W""",25.777703,-103.257254,1108,G13D16,0,0,0,0
50090331,,5,Coahuila de Zaragoza,Coah.,9,Francisco I. Madero,331,4 Hermanos,R,"25°45´20.152N""","103°18´25.903W""",25.755598,-103.307195,1111,G13D16,-,-,-,-
