MAPA,Estatus,CVE_ENT,NOM_ENT,NOM_ABR,CVE_MUN,NOM_MUN,CVE_LOC,NOM_LOC,AMBITO,LATITUD,LONGITUD,LAT_DECIMAL,LON_DECIMAL,ALTITUD,CVE_CARTA,POB_TOTAL,POB_MASCULINA,POB_FEMENINA,TOTAL DE VIVIENDAS HABITADAS
50190001,,5,Coahuila de Zaragoza,Coah.,19,Morelos,1,Morelos,U,"28°24´36.376N""","100°53´11.873W""",28.410104,-100.886631,368,H14C74,6720,3300,3420,2005
50190004,,5,Coahuila de Zaragoza,Coah.,19,Morelos,4,Los Álamos,R,"28°21´21.702N""","100°56´43.715W""",28.356028,-100.945476,409,H14C74,1005,515,490,267
50190010,,5,Coahuila de Zaragoza,Coah.,19,Morelos,10,La Estrella,R,"28°16´54.313N""","101°03´11.135W""",28.281753,-101.053093,464,H14C73,1,*,*,1
50190013,,5,Coahuila de Zaragoza,Coah.,19,Morelos,13,Guadalupe (Arsenio de Hoyos),R,"28°19´01.693N""","100°57´59.375W""",28.317136,-100.966493,429,H14C74,0,0,0,0
50190020,,5,Coahuila de Zaragoza,Coah.,19,Morelos,20,Ojo de San Ildefonso,R,"28°24´17.340N""","100°57´21.809W""",28.404817,-100.956058,392,H14C74,0,0,0,0
50190021,,5,Coahuila de Zaragoza,Coah.,19,Morelos,21,Rancherías,R,"28°17´31.315N""","101°04´09.567W""",28.292032,-101.069324,460,H14C73,0,0,0,0
50190022,,5,Coahuila de Zaragoza,Coah.,19,Morelos,22,Rancho Nuevo,R,"28°17´52.009N""","101°00´16.480W""",28.29778,-101.004578,440,H14C73,0,0,0,0
50190023,,5,Coahuila de Zaragoza,Coah.,19,Morelos,23,Antonio Bueno (La Concepción),R,"28°25´16.109N""","100°50´09.303W""",28.421141,-100.835917,348,H14C74,0,0,0,0
50190024,,5,Coahuila de Zaragoza,Coah.,19,Morelos,24,Los Álamos,R,"28°20´58.773N""","100°56´51.105W""",28.349659,-100.947529,409,H14C74,0,0,0,0
50190025,,5,Coahuila de Zaragoza,Coah.,19,Morelos,25,Los Ayajiles,R,"28°21´25.329N""","100°58´19.499W""",28.357036,-100.972082,417,H14C74,0,0,0,0
50190027,,5,Coahuila de Zaragoza,Coah.,19,Morelos,27,Las Bacinicas,R,"28°20´50.280N""","101°00´42.630W""",28.3473,-101.011842,428,H14C73,2,*,*,1
50190028,,5,Coahuila de Zaragoza,Coah.,19,Morelos,28,Bermudas,R,"28°25´23.299N""","100°52´25.761W""",28.423138,-100.873822,359,H14C74,4,*,*,1
50190029,,5,Coahuila de Zaragoza,Coah.,19,Morelos,29,Las Conchas,R,"28°18´59.028N""","101°05´58.021W""",28.316397,-101.09945,479,H14C73,0,0,0,0
50190030,,5,Coahuila de Zaragoza,Coah.,19,Morelos,30,Corrientes,R,"28°17´17.949N""","101°00´23.529W""",28.288319,-101.006536,445,H14C73,0,0,0,0
50190032,,5,Coahuila de Zaragoza,Coah.,19,Morelos,32,La Concepción,R,"28°25´54.369N""","100°49´37.700W""",28.431769,-100.827138,340,H14C74,0,0,0,0
50190033,,5,Coahuila de Zaragoza,Coah.,19,Morelos,33,Las Compuertas,R,"28°20´00.419N""","100°57´15.969W""",28.333449,-100.954436,417,H14C74,1,*,*,1
50190035,,5,Coahuila de Zaragoza,Coah.,19,Morelos,35,Ninguno [Ferrocarriles Nacionales de México],R,"28°24´45.115N""","100°52´11.203W""",28.412532,-100.869778,361,H14C74,0,0,0,0
50190036,,5,Coahuila de Zaragoza,Coah.,19,Morelos,36,Enrique de Luna,R,"28°20´41.279N""","100°56´46.229W""",28.344799,-100.946174,411,H14C74,1,*,*,1
50190038,,5,Coahuila de Zaragoza,Coah.,19,Morelos,38,La Flor,R,"28°22´59.322N""","100°53´44.322W""",28.383144,-100.895645,382,H14C74,0,0,0,0
50190041,,5,Coahuila de Zaragoza,Coah.,19,Morelos,41,Jaco Primero,R,"28°19´24.538N""","101°03´06.711W""",28.323482,-101.051864,459,H14C73,0,0,0,0
50190043,,5,Coahuila de Zaragoza,Coah.,19,Morelos,43,La Lajita,R,"28°19´01.589N""","100°58´32.959W""",28.317107,-100.975821,429,H14C74,0,0,0,0
50190044,,5,Coahuila de Zaragoza,Coah.,19,Morelos,44,Las Norias,R,"28°25´46.509N""","100°51´17.150W""",28.429585,-100.854764,351,H14C74,0,0,0,0
50190046,,5,Coahuila de Zaragoza,Coah.,19,Morelos,46,Roberto Rodríguez,R,"28°20´06.510N""","100°57´02.940W""",28.335141,-100.950817,415,H14C74,0,0,0,0
50190047,,5,Coahuila de Zaragoza,Coah.,19,Morelos,47,La Nogalera,R,"28°24´16.359N""","100°54´24.059W""",28.404544,-100.906683,382,H14C74,0,0,0,0
50190049,,5,Coahuila de Zaragoza,Coah.,19,Morelos,49,Puente de Madera,R,"28°21´44.668N""","100°55´13.449W""",28.362408,-100.920402,400,H14C74,0,0,0,0
50190051,,5,Coahuila de Zaragoza,Coah.,19,Morelos,51,Paso de Piedra,R,"28°18´46.819N""","100°58´06.449W""",28.313005,-100.968457,429,H14C74,5,3,2,3
50190052,,5,Coahuila de Zaragoza,Coah.,19,Morelos,52,Los Abuelos,R,"28°23´30.235N""","100°54´03.284W""",28.391732,-100.900912,381,H14C74,0,0,0,0
50190057,,5,Coahuila de Zaragoza,Coah.,19,Morelos,57,San Jorge,R,"28°25´28.400N""","100°48´51.840W""",28.424555,-100.8144,337,H14C74,0,0,0,0
50190058,,5,Coahuila de Zaragoza,Coah.,19,Morelos,58,La Fuente (Fernando Garza González),R,"28°25´27.180N""","100°54´11.170W""",28.424216,-100.903103,371,H14C74,1,*,*,1
50190061,,5,Coahuila de Zaragoza,Coah.,19,Morelos,61,La Lomita,R,"28°24´17.939N""","100°54´00.389W""",28.404983,-100.900108,378,H14C74,0,0,0,0
50190062,,5,Coahuila de Zaragoza,Coah.,19,Morelos,62,Huerta Viola,R,"28°26´17.120N""","100°53´50.390W""",28.438089,-100.89733,365,H14C74,5,*,*,1
50190064,,5,Coahuila de Zaragoza,Coah.,19,Morelos,64,Los Martínez,R,"28°24´40.309N""","100°54´06.980W""",28.411197,-100.901939,377,H14C74,0,0,0,0
50190065,,5,Coahuila de Zaragoza,Coah.,19,Morelos,65,Hacienda Cuajimulco,R,"28°22´23.339N""","100°55´08.450W""",28.373149,-100.919013,395,H14C74,0,0,0,0
50190066,,5,Coahuila de Zaragoza,Coah.,19,Morelos,66,Praderas de Tarango,R,"28°18´52.380N""","100°57´36.569W""",28.31455,-100.960158,441,H14C74,0,0,0,0
50190067,,5,Coahuila de Zaragoza,Coah.,19,Morelos,67,El Campamento,R,"28°20´29.349N""","100°56´55.039W""",28.341486,-100.948622,413,H14C74,0,0,0,0
50190068,,5,Coahuila de Zaragoza,Coah.,19,Morelos,68,Las Palmas,R,"28°25´54.925N""","100°53´41.085W""",28.431923,-100.894746,365,H14C74,6,*,*,1
50190069,,5,Coahuila de Zaragoza,Coah.,19,Morelos,69,San Ángel,R,"28°19´12.312N""","101°10´34.605W""",28.320086,-101.176279,516,H14C73,0,0,0,0
50190070,,5,Coahuila de Zaragoza,Coah.,19,Morelos,70,Rancho Nuevo Número Dos,R,"28°17´42.089N""","101°00´31.078W""",28.295024,-101.008633,442,H14C73,0,0,0,0
50190073,,5,Coahuila de Zaragoza,Coah.,19,Morelos,73,Mi Ranchito,R,"28°24´43.229N""","100°52´04.095W""",28.412008,-100.867804,360,H14C74,13,8,5,4
50190075,,5,Coahuila de Zaragoza,Coah.,19,Morelos,75,Huerta Jiménez,R,"28°25´10.440N""","100°50´42.380W""",28.419566,-100.845105,351,H14C74,0,0,0,0
50190076,,5,Coahuila de Zaragoza,Coah.,19,Morelos,76,Doctor Barrera,R,"28°25´00.209N""","100°50´35.850W""",28.416724,-100.843291,351,H14C74,0,0,0,0
50190077,,5,Coahuila de Zaragoza,Coah.,19,Morelos,77,Javier Cuellar,R,"28°24´45.989N""","100°50´28.550W""",28.412775,-100.841264,352,H14C74,0,0,0,0
50190079,,5,Coahuila de Zaragoza,Coah.,19,Morelos,79,La Ilusión,R,"28°25´38.349N""","100°49´05.837W""",28.427319,-100.818287,338,H14C74,2,*,*,1
50190080,,5,Coahuila de Zaragoza,Coah.,19,Morelos,80,La Tierra Seca,R,"28°24´59.990N""","100°50´20.443W""",28.416664,-100.839012,350,H14C74,0,0,0,0
50190081,,5,Coahuila de Zaragoza,Coah.,19,Morelos,81,Sergio Figueroa,R,"28°25´51.279N""","100°50´26.469W""",28.43091,-100.840686,346,H14C74,3,*,*,1
50190082,,5,Coahuila de Zaragoza,Coah.,19,Morelos,82,Itamar de Luna,R,"28°25´25.259N""","100°50´29.919W""",28.423682,-100.841644,349,H14C74,2,*,*,1
50190083,,5,Coahuila de Zaragoza,Coah.,19,Morelos,83,Las Raíces,R,"28°26´03.820N""","100°52´07.384W""",28.434394,-100.868717,354,H14C74,1,*,*,1
50190084,,5,Coahuila de Zaragoza,Coah.,19,Morelos,84,"Lunas, Flores y Rosas",R,"28°26´51.619N""","100°52´29.489W""",28.447672,-100.874857,355,H14C74,4,*,*,1
50190085,,5,Coahuila de Zaragoza,Coah.,19,Morelos,85,Santa Teresita,R,"28°27´02.591N""","100°52´06.003W""",28.45072,-100.868334,353,H14C74,0,0,0,0
50190086,,5,Coahuila de Zaragoza,Coah.,19,Morelos,86,Luis Ángeles,R,"28°25´09.789N""","100°50´10.039W""",28.419385,-100.836122,348,H14C74,2,*,*,1
50190087,,5,Coahuila de Zaragoza,Coah.,19,Morelos,87,Porfirio Cedillo,R,"28°23´23.629N""","100°54´53.190W""",28.389897,-100.914775,390,H14C74,0,0,0,0
50190088,,5,Coahuila de Zaragoza,Coah.,19,Morelos,88,La Esperanza,R,"28°20´16.770N""","100°57´01.959W""",28.337991,-100.950544,414,H14C74,1,*,*,1
50190089,,5,Coahuila de Zaragoza,Coah.,19,Morelos,89,La Herradura,R,"28°20´50.346N""","100°56´14.215W""",28.347318,-100.937282,409,H14C74,0,0,0,0
50190090,,5,Coahuila de Zaragoza,Coah.,19,Morelos,90,Los Arados,R,"28°23´17.750N""","100°54´58.730W""",28.388264,-100.916314,390,H14C74,0,0,0,0
50190091,,5,Coahuila de Zaragoza,Coah.,19,Morelos,91,Noé Garza Flores,R,"28°21´52.570N""","100°53´51.240W""",28.364603,-100.897566,391,H14C74,0,0,0,0
50190092,,5,Coahuila de Zaragoza,Coah.,19,Morelos,92,Santa Julia,R,"28°21´35.420N""","100°55´51.920W""",28.359839,-100.931088,404,H14C74,0,0,0,0
50190094,,5,Coahuila de Zaragoza,Coah.,19,Morelos,94,La Calera,R,"28°23´44.930N""","100°54´20.660W""",28.395814,-100.905739,384,H14C74,0,0,0,0
50190095,,5,Coahuila de Zaragoza,Coah.,19,Morelos,95,Huerta Patricia,R,"28°23´06.140N""","100°54´35.669W""",28.385039,-100.909908,388,H14C74,0,0,0,0
50190097,,5,Coahuila de Zaragoza,Coah.,19,Morelos,97,Jaco Segundo,R,"28°21´31.141N""","101°06´50.454W""",28.35865,-101.114015,520,H14C73,0,0,0,0
50190098,,5,Coahuila de Zaragoza,Coah.,19,Morelos,98,Los Nogales,R,"28°22´22.311N""","100°55´33.385W""",28.372864,-100.92594,400,H14C74,0,0,0,0
50190101,,5,Coahuila de Zaragoza,Coah.,19,Morelos,101,El Papalote,R,"28°23´50.960N""","100°50´22.250W""",28.397489,-100.839514,353,H14C74,2,*,*,1
50190102,,5,Coahuila de Zaragoza,Coah.,19,Morelos,102,La Pila (Mario Martínez González),R,"28°23´11.900N""","100°51´04.129W""",28.386639,-100.851147,363,H14C74,0,0,0,0
50190103,,5,Coahuila de Zaragoza,Coah.,19,Morelos,103,Tronco Mocho,R,"28°24´01.154N""","100°49´53.303W""",28.400321,-100.831472,351,H14C74,2,*,*,1
50190105,,5,Coahuila de Zaragoza,Coah.,19,Morelos,105,San Carlos,R,"28°22´43.546N""","100°53´18.895W""",28.378762,-100.888582,380,H14C74,0,0,0,0
50190108,,5,Coahuila de Zaragoza,Coah.,19,Morelos,108,El Consuelo,R,"28°21´07.919N""","100°56´09.039W""",28.3522,-100.935844,407,H14C74,0,0,0,0
50190109,,5,Coahuila de Zaragoza,Coah.,19,Morelos,109,Martín de Hoyos,R,"28°23´29.920N""","100°52´06.644W""",28.391644,-100.868512,366,H14C74,0,0,0,0
50190110,,5,Coahuila de Zaragoza,Coah.,19,Morelos,110,Los Alamitos,R,"28°21´19.275N""","100°55´29.844W""",28.355354,-100.924956,403,H14C74,0,0,0,0
50190114,,5,Coahuila de Zaragoza,Coah.,19,Morelos,114,Rodolfo Galindo,R,"28°23´51.014N""","100°50´18.102W""",28.397504,-100.838361,353,H14C74,0,0,0,0
50190115,,5,Coahuila de Zaragoza,Coah.,19,Morelos,115,Domingo Estrada,R,"28°24´14.169N""","100°53´51.150W""",28.403936,-100.897541,377,H14C74,0,0,0,0
50190116,,5,Coahuila de Zaragoza,Coah.,19,Morelos,116,Las Jaulas (Eduardo Lafuente) [Restaurante],R,"28°22´45.327N""","100°51´11.989W""",28.379257,-100.85333,366,H14C74,0,0,0,0
50190117,,5,Coahuila de Zaragoza,Coah.,19,Morelos,117,Santa María,R,"28°23´55.640N""","100°50´11.860W""",28.398789,-100.836627,352,H14C74,0,0,0,0
50190118,,5,Coahuila de Zaragoza,Coah.,19,Morelos,118,Los Puente,R,"28°25´25.747N""","100°48´40.790W""",28.423818,-100.811331,336,H14C74,0,0,0,0
50190119,,5,Coahuila de Zaragoza,Coah.,19,Morelos,119,San Francisco,R,"28°24´04.006N""","100°51´22.559W""",28.401113,-100.856266,359,H14C74,0,0,0,0
50190120,,5,Coahuila de Zaragoza,Coah.,19,Morelos,120,María de la Luz Lara Zamarripa,R,"28°23´42.460N""","100°52´10.369W""",28.395127,-100.869546,365,H14C74,0,0,0,0
50190121,,5,Coahuila de Zaragoza,Coah.,19,Morelos,121,Rumaldo de Hoyos,R,"28°20´22.980N""","100°56´59.139W""",28.339716,-100.949761,414,H14C74,3,*,*,1
50190122,,5,Coahuila de Zaragoza,Coah.,19,Morelos,122,Luis Cervantes Molina,R,"28°23´36.110N""","100°54´26.790W""",28.393364,-100.907442,386,H14C74,3,*,*,1
50190123,,5,Coahuila de Zaragoza,Coah.,19,Morelos,123,José Ramón Garza,R,"28°24´59.010N""","100°51´30.340W""",28.416392,-100.858428,356,H14C74,0,0,0,0
50190124,,5,Coahuila de Zaragoza,Coah.,19,Morelos,124,El Huizache,R,"28°21´36.180N""","100°57´33.839W""",28.36005,-100.9594,413,H14C74,0,0,0,0
50190125,,5,Coahuila de Zaragoza,Coah.,19,Morelos,125,Santa Rita,R,"28°17´11.724N""","101°06´04.775W""",28.28659,-101.101326,476,H14C73,0,0,0,0
50190126,,5,Coahuila de Zaragoza,Coah.,19,Morelos,126,Leobardo Delgado,R,"28°23´48.130N""","100°54´16.909W""",28.396702,-100.904697,383,H14C74,4,*,*,1
50190127,,5,Coahuila de Zaragoza,Coah.,19,Morelos,127,Antonia,R,"28°23´05.314N""","100°52´39.746W""",28.384809,-100.877707,371,H14C74,1,*,*,1
50190128,,5,Coahuila de Zaragoza,Coah.,19,Morelos,128,Gonzalo Treviño (Alamitos),R,"28°22´17.718N""","100°53´29.909W""",28.371588,-100.891641,385,H14C74,0,0,0,0
50190129,,5,Coahuila de Zaragoza,Coah.,19,Morelos,129,Álvaro Luna,R,"28°22´22.510N""","100°53´13.005W""",28.372919,-100.886946,382,H14C74,0,0,0,0
50190130,,5,Coahuila de Zaragoza,Coah.,19,Morelos,130,Isidro Yáñez,R,"28°25´10.679N""","100°55´26.540W""",28.419632,-100.924038,380,H14C74,0,0,0,0
50190131,,5,Coahuila de Zaragoza,Coah.,19,Morelos,131,Jesús Rodríguez Galindo,R,"28°24´36.929N""","100°54´42.919W""",28.410258,-100.911922,381,H14C74,4,*,*,2
50190132,,5,Coahuila de Zaragoza,Coah.,19,Morelos,132,Eutimio Cuéllar,R,"28°24´38.894N""","100°54´12.023W""",28.410804,-100.90334,377,H14C74,0,0,0,0
50190134,,5,Coahuila de Zaragoza,Coah.,19,Morelos,134,Jesús Rodríguez,R,"28°24´00.460N""","100°53´48.680W""",28.400128,-100.896855,377,H14C74,0,0,0,0
50190135,,5,Coahuila de Zaragoza,Coah.,19,Morelos,135,Román Aguilar,R,"28°23´49.999N""","100°54´59.659W""",28.397222,-100.916572,389,H14C74,0,0,0,0
50190140,,5,Coahuila de Zaragoza,Coah.,19,Morelos,140,San Ángel Viejo (Rancho Viejo),R,"28°22´03.051N""","101°12´28.407W""",28.367514,-101.207891,543,H14C73,0,0,0,0
50190141,,5,Coahuila de Zaragoza,Coah.,19,Morelos,141,El Sauz,R,"28°16´10.668N""","101°08´17.178W""",28.269629,-101.138105,507,H14C73,0,0,0,0
50190142,,5,Coahuila de Zaragoza,Coah.,19,Morelos,142,Beatriz Fernández Cárdenas,R,"28°17´24.510N""","101°00´20.639W""",28.290141,-101.005733,443,H14C73,0,0,0,0
50190143,,5,Coahuila de Zaragoza,Coah.,19,Morelos,143,El Palmito,R,"28°16´15.600N""","101°00´29.750W""",28.270999,-101.008264,457,H14C73,2,*,*,1
50190144,,5,Coahuila de Zaragoza,Coah.,19,Morelos,144,Saldívar,R,"28°15´34.295N""","101°06´43.146W""",28.259526,-101.111985,517,H14C73,0,0,0,0
50190145,,5,Coahuila de Zaragoza,Coah.,19,Morelos,145,Campamento Venustiano Carranza,R,"28°24´59.770N""","100°48´38.040W""",28.416603,-100.810567,338,H14C74,21,10,11,7
50190146,,5,Coahuila de Zaragoza,Coah.,19,Morelos,146,Los Tecolotes,R,"28°17´52.943N""","100°59´23.999W""",28.298039,-100.989999,437,H14C74,0,0,0,0
50190147,,5,Coahuila de Zaragoza,Coah.,19,Morelos,147,Hugo López,R,"28°16´54.889N""","100°59´42.810W""",28.281913,-100.995225,447,H14C74,0,0,0,0
50190148,,5,Coahuila de Zaragoza,Coah.,19,Morelos,148,El Perro,R,"28°19´03.262N""","101°13´55.725W""",28.317572,-101.232145,579,H14C73,0,0,0,0
50190149,,5,Coahuila de Zaragoza,Coah.,19,Morelos,149,La Salada,R,"28°15´46.889N""","101°17´44.184W""",28.263025,-101.295606,520,H14C73,0,0,0,0
50190150,,5,Coahuila de Zaragoza,Coah.,19,Morelos,150,Albino Pérez Ramos,R,"28°21´53.290N""","100°57´25.310W""",28.364803,-100.957031,411,H14C74,0,0,0,0
50190151,,5,Coahuila de Zaragoza,Coah.,19,Morelos,151,Lázaro García,R,"28°23´29.918N""","100°58´26.519W""",28.391644,-100.974032,400,H14C74,0,0,0,0
50190152,,5,Coahuila de Zaragoza,Coah.,19,Morelos,152,El Toro,R,"28°23´10.600N""","100°58´46.890W""",28.386277,-100.979691,403,H14C74,0,0,0,0
50190153,,5,Coahuila de Zaragoza,Coah.,19,Morelos,153,Rancho de Beto,R,"28°23´29.040N""","100°59´31.380W""",28.3914,-100.99205,403,H14C74,0,0,0,0
50190154,,5,Coahuila de Zaragoza,Coah.,19,Morelos,154,San Rafael,R,"28°23´22.930N""","100°59´54.430W""",28.389702,-100.998452,403,H14C74,0,0,0,0
50190155,,5,Coahuila de Zaragoza,Coah.,19,Morelos,155,Las Cabeceras del Río Escondido,R,"28°23´35.379N""","100°59´39.149W""",28.393161,-100.994208,400,H14C74,1,*,*,1
50190156,,5,Coahuila de Zaragoza,Coah.,19,Morelos,156,Apolinar Arriaga,R,"28°21´59.460N""","100°57´40.470W""",28.366517,-100.961242,411,H14C74,0,0,0,0
50190157,,5,Coahuila de Zaragoza,Coah.,19,Morelos,157,Fernando Moreno,R,"28°23´12.140N""","100°56´42.830W""",28.386705,-100.94523,400,H14C74,0,0,0,0
50190158,,5,Coahuila de Zaragoza,Coah.,19,Morelos,158,José Benito Garza,R,"28°26´21.260N""","100°52´53.349W""",28.439239,-100.881485,358,H14C74,0,0,0,0
50190159,,5,Coahuila de Zaragoza,Coah.,19,Morelos,159,José María Pérez,R,"28°26´25.355N""","100°53´59.581W""",28.440376,-100.899883,366,H14C74,0,0,0,0
50190160,,5,Coahuila de Zaragoza,Coah.,19,Morelos,160,El Papalote,R,"28°26´21.833N""","100°54´37.773W""",28.439398,-100.910493,370,H14C74,0,0,0,0
50190162,,5,Coahuila de Zaragoza,Coah.,19,Morelos,162,Ninguno [Ciudad Sanitaria],R,"28°25´24.639N""","100°51´30.380W""",28.42351,-100.858439,355,H14C74,0,0,0,0
50190163,,5,Coahuila de Zaragoza,Coah.,19,Morelos,163,Tres Banderas (Genaro Urdiales),R,"28°23´55.719N""","100°51´28.599W""",28.398811,-100.857944,360,H14C74,0,0,0,0
50190164,,5,Coahuila de Zaragoza,Coah.,19,Morelos,164,José Isaac de Luna,R,"28°25´37.548N""","100°50´49.586W""",28.427096,-100.847107,350,H14C74,0,0,0,0
50190165,,5,Coahuila de Zaragoza,Coah.,19,Morelos,165,Zeferino Garza de Hoyos,R,"28°24´51.877N""","100°53´50.664W""",28.41441,-100.897406,372,H14C74,4,*,*,1
50190166,,5,Coahuila de Zaragoza,Coah.,19,Morelos,166,Ninguno [Lienzo Charro],R,"28°25´33.539N""","100°53´36.589W""",28.425982,-100.893497,367,H14C74,1,*,*,1
50190167,,5,Coahuila de Zaragoza,Coah.,19,Morelos,167,Eleazar Omar Rodríguez,R,"28°26´07.643N""","100°54´01.221W""",28.435456,-100.900339,366,H14C74,0,0,0,0
50190169,,5,Coahuila de Zaragoza,Coah.,19,Morelos,169,San José,R,"28°25´14.880N""","100°52´46.802W""",28.420799,-100.879667,361,H14C74,2,*,*,1
50190171,,5,Coahuila de Zaragoza,Coah.,19,Morelos,171,Alfredo Hernández,R,"28°23´04.803N""","100°49´53.649W""",28.384667,-100.831569,357,H14C74,0,0,0,0
50190172,,5,Coahuila de Zaragoza,Coah.,19,Morelos,172,Armando Guadiana Tijerina,R,"28°25´47.010N""","100°52´57.730W""",28.429724,-100.882702,360,H14C74,0,0,0,0
50190173,,5,Coahuila de Zaragoza,Coah.,19,Morelos,173,Aroldo de Hoyos,R,"28°25´03.230N""","100°51´07.719W""",28.417563,-100.852144,354,H14C74,0,0,0,0
50190174,,5,Coahuila de Zaragoza,Coah.,19,Morelos,174,Los Compadres,R,"28°24´15.910N""","100°49´36.965W""",28.404419,-100.826934,347,H14C74,0,0,0,0
50190175,,5,Coahuila de Zaragoza,Coah.,19,Morelos,175,Cipriano Delgado Alejandro,R,"28°22´35.304N""","100°51´24.213W""",28.376473,-100.856726,368,H14C74,0,0,0,0
50190177,,5,Coahuila de Zaragoza,Coah.,19,Morelos,177,Domingo Rodríguez,R,"28°22´34.219N""","100°50´07.050W""",28.376171,-100.835291,361,H14C74,0,0,0,0
50190178,,5,Coahuila de Zaragoza,Coah.,19,Morelos,178,Ninguno [Estación de Servicio Pemex],R,"28°22´38.870N""","100°51´29.620W""",28.377463,-100.858228,368,H14C74,0,0,0,0
50190180,,5,Coahuila de Zaragoza,Coah.,19,Morelos,180,Hermila de Hoyos,R,"28°23´45.409N""","100°54´18.240W""",28.395947,-100.905067,383,H14C74,0,0,0,0
50190181,,5,Coahuila de Zaragoza,Coah.,19,Morelos,181,Hilario Avitia,R,"28°23´27.342N""","100°50´20.414W""",28.390928,-100.839004,357,H14C74,0,0,0,0
50190182,,5,Coahuila de Zaragoza,Coah.,19,Morelos,182,Javier Rosas,R,"28°24´50.079N""","100°50´30.490W""",28.413911,-100.841802,352,H14C74,0,0,0,0
50190183,,5,Coahuila de Zaragoza,Coah.,19,Morelos,183,Jesús Orozco Rubio,R,"28°23´44.909N""","100°56´52.199W""",28.395808,-100.947833,396,H14C74,0,0,0,0
50190184,,5,Coahuila de Zaragoza,Coah.,19,Morelos,184,Leonardo Villarreal,R,"28°22´52.470N""","100°57´58.780W""",28.381241,-100.966328,402,H14C74,0,0,0,0
50190185,,5,Coahuila de Zaragoza,Coah.,19,Morelos,185,Lucas de Hoyos Olivares,R,"28°23´00.003N""","100°53´10.056W""",28.383334,-100.886126,377,H14C74,0,0,0,0
50190186,,5,Coahuila de Zaragoza,Coah.,19,Morelos,186,Manuel Galván,R,"28°21´33.869N""","100°55´20.300W""",28.359408,-100.922305,402,H14C74,0,0,0,0
50190187,,5,Coahuila de Zaragoza,Coah.,19,Morelos,187,Monasterio de las Carmelitas Descalzas,R,"28°22´53.630N""","100°55´33.939W""",28.381563,-100.926094,396,H14C74,0,0,0,0
50190188,,5,Coahuila de Zaragoza,Coah.,19,Morelos,188,Odilón de Paz Machado,R,"28°23´29.540N""","100°54´37.010W""",28.391539,-100.910281,388,H14C74,2,*,*,1
50190189,,5,Coahuila de Zaragoza,Coah.,19,Morelos,189,Oscar Rodríguez,R,"28°22´21.359N""","100°57´24.320W""",28.372599,-100.956756,407,H14C74,0,0,0,0
50190190,,5,Coahuila de Zaragoza,Coah.,19,Morelos,190,7 Mares [Restaurante Pescadería],R,"28°22´43.523N""","100°51´28.365W""",28.378756,-100.857879,366,H14C74,0,0,0,0
50190191,,5,Coahuila de Zaragoza,Coah.,19,Morelos,191,René González González,R,"28°23´00.940N""","100°53´50.330W""",28.383594,-100.897314,382,H14C74,0,0,0,0
50190192,,5,Coahuila de Zaragoza,Coah.,19,Morelos,192,El Reparo,R,"28°24´41.649N""","100°49´27.379W""",28.411569,-100.824271,344,H14C74,3,*,*,1
50190193,,5,Coahuila de Zaragoza,Coah.,19,Morelos,193,Sergio Zúñiga,R,"28°23´50.930N""","100°51´40.730W""",28.39748,-100.861314,362,H14C74,0,0,0,0
50190194,,5,Coahuila de Zaragoza,Coah.,19,Morelos,194,Los Albañiles,R,"28°22´35.500N""","100°51´37.360W""",28.376527,-100.860378,370,H14C74,3,*,*,1
50190195,,5,Coahuila de Zaragoza,Coah.,19,Morelos,195,Florentino Pérez,R,"28°22´50.109N""","100°50´18.959W""",28.380585,-100.838599,361,H14C74,0,0,0,0
50190196,,5,Coahuila de Zaragoza,Coah.,19,Morelos,196,Fernando Garza,R,"28°26´17.670N""","100°54´07.809W""",28.438241,-100.902169,367,H14C74,0,0,0,0
50190197,,5,Coahuila de Zaragoza,Coah.,19,Morelos,197,Mi Ranchito,R,"28°24´01.040N""","100°52´26.199W""",28.400289,-100.873944,365,H14C74,0,0,0,0
50190198,,5,Coahuila de Zaragoza,Coah.,19,Morelos,198,Santa Rita,R,"28°24´04.290N""","100°51´16.930W""",28.401192,-100.854703,359,H14C74,0,0,0,0
50190199,,5,Coahuila de Zaragoza,Coah.,19,Morelos,199,Eleazar Barrientos,R,"28°24´06.659N""","100°51´36.709W""",28.40185,-100.860197,360,H14C74,3,*,*,1
50190200,,5,Coahuila de Zaragoza,Coah.,19,Morelos,200,Víctor Puentes,R,"28°24´46.807N""","100°52´16.460W""",28.413002,-100.871238,361,H14C74,0,0,0,0
50190203,,5,Coahuila de Zaragoza,Coah.,19,Morelos,203,El Primo,R,"28°23´01.919N""","100°51´09.690W""",28.383866,-100.852692,364,H14C74,0,0,0,0
50190204,,5,Coahuila de Zaragoza,Coah.,19,Morelos,204,Ernesto Aguilar,R,"28°23´52.670N""","100°54´55.569W""",28.397964,-100.915436,388,H14C74,0,0,0,0
50190205,,5,Coahuila de Zaragoza,Coah.,19,Morelos,205,Fernando Santos,R,"28°22´46.810N""","100°51´26.560W""",28.379669,-100.857378,366,H14C74,2,*,*,1
50190206,,5,Coahuila de Zaragoza,Coah.,19,Morelos,206,Joben [Granja],R,"28°23´23.830N""","100°54´15.080W""",28.389952,-100.904189,383,H14C74,0,0,0,0
50190207,,5,Coahuila de Zaragoza,Coah.,19,Morelos,207,Jaime de Hoyos,R,"28°26´25.626N""","100°54´01.816W""",28.440451,-100.900504,366,H14C74,0,0,0,0
50190210,,5,Coahuila de Zaragoza,Coah.,19,Morelos,210,Manuel Esparza,R,"28°26´16.882N""","100°54´10.737W""",28.438022,-100.902983,367,H14C74,0,0,0,0
50190211,,5,Coahuila de Zaragoza,Coah.,19,Morelos,211,Los Nietos,R,"28°22´34.121N""","100°52´12.414W""",28.376144,-100.870114,373,H14C74,0,0,0,0
50190212,,5,Coahuila de Zaragoza,Coah.,19,Morelos,212,Real [Palenque],R,"28°22´32.753N""","100°51´35.230W""",28.375764,-100.859786,370,H14C74,0,0,0,0
50190214,,5,Coahuila de Zaragoza,Coah.,19,Morelos,214,San Antonio,R,"28°23´09.620N""","100°53´18.976W""",28.386005,-100.888604,378,H14C74,0,0,0,0
50190215,,5,Coahuila de Zaragoza,Coah.,19,Morelos,215,Casa Hogar Getsemaní,R,"28°25´08.599N""","100°53´44.239W""",28.419055,-100.895622,370,H14C74,45,*,*,2
50190216,,5,Coahuila de Zaragoza,Coah.,19,Morelos,216,Natividad Urdiales,R,"28°24´46.990N""","100°51´52.729W""",28.413053,-100.864647,359,H14C74,2,*,*,1
50190217,,5,Coahuila de Zaragoza,Coah.,19,Morelos,217,Jesús Martínez,R,"28°22´44.849N""","100°54´16.440W""",28.379124,-100.904567,385,H14C74,4,*,*,1
50190218,,5,Coahuila de Zaragoza,Coah.,19,Morelos,218,El Huracán,R,"28°23´02.005N""","100°53´46.187W""",28.38389,-100.896163,382,H14C74,0,0,0,0
50190219,,5,Coahuila de Zaragoza,Coah.,19,Morelos,219,Santa María,R,"28°22´31.589N""","100°51´29.819W""",28.375441,-100.858283,369,H14C74,1,*,*,1
50190220,,5,Coahuila de Zaragoza,Coah.,19,Morelos,220,Paredes,R,"28°23´25.469N""","100°53´04.989W""",28.390408,-100.884719,371,H14C74,1,*,*,1
50190222,,5,Coahuila de Zaragoza,Coah.,19,Morelos,222,Rancho de Fé,R,"28°25´10.086N""","100°49´42.475W""",28.419468,-100.828465,345,H14C74,2,*,*,1
50190223,,5,Coahuila de Zaragoza,Coah.,19,Morelos,223,Santo Cristo,R,"28°20´44.770N""","100°55´44.920W""",28.345769,-100.929144,407,H14C74,5,*,*,1
50190224,,5,Coahuila de Zaragoza,Coah.,19,Morelos,224,Kilómetro 101 [Lotes Campestres],R,"28°25´22.090N""","100°50´03.340W""",28.422802,-100.834261,346,H14C74,10,5,5,3
50190225,,5,Coahuila de Zaragoza,Coah.,19,Morelos,225,El Cuatro,R,"28°25´07.310N""","100°49´15.280W""",28.418697,-100.82091,340,H14C74,5,*,*,1
50190226,,5,Coahuila de Zaragoza,Coah.,19,Morelos,226,El Manantial [Huerta],R,"28°25´19.540N""","100°53´28.610W""",28.422094,-100.89128,367,H14C74,6,*,*,2
50190227,,5,Coahuila de Zaragoza,Coah.,19,Morelos,227,La Victoria,R,"28°24´47.040N""","100°51´07.670W""",28.413067,-100.852131,355,H14C74,5,*,*,2
