MAPA,Estatus,CVE_ENT,NOM_ENT,NOM_ABR,CVE_MUN,NOM_MUN,CVE_LOC,NOM_LOC,AMBITO,LATITUD,LONGITUD,LAT_DECIMAL,LON_DECIMAL,ALTITUD,CVE_CARTA,POB_TOTAL,POB_MASCULINA,POB_FEMENINA,TOTAL DE VIVIENDAS HABITADAS
50010001,,5,Coahuila de Zaragoza,Coah.,1,Abasolo,1,Abasolo,U,"27°10´55.000N""","101°25´35.000W""",27.181944,-101.426388,435,G14A42,735,373,362,252
50010002,,5,Coahuila de Zaragoza,Coah.,1,Abasolo,2,Las Adjuntas,R,"27°07´08.050N""","101°16´34.169W""",27.118902,-101.276157,421,G14A43,3,*,*,1
50010003,,5,Coahuila de Zaragoza,Coah.,1,Abasolo,3,El Huracán,R,"27°10´38.691N""","101°14´34.901W""",27.177414,-101.243028,395,G14A43,0,0,0,0
50010004,,5,Coahuila de Zaragoza,Coah.,1,Abasolo,4,El Indio,R,"27°02´27.961N""","101°09´45.800W""",27.0411,-101.162722,449,G14A43,0,0,0,0
50010005,,5,Coahuila de Zaragoza,Coah.,1,Abasolo,5,Pájaros Azules,R,"27°06´20.309N""","101°02´09.632W""",27.105641,-101.036009,510,G14A43,9,5,4,3
50010006,,5,Coahuila de Zaragoza,Coah.,1,Abasolo,6,Los Pozos,R,"27°04´40.769N""","101°20´18.700W""",27.077991,-101.338527,458,G14A42,5,*,*,1
50010007,,5,Coahuila de Zaragoza,Coah.,1,Abasolo,7,Los Rodríguez,R,"27°12´01.018N""","101°21´27.277W""",27.200283,-101.357577,415,G14A42,231,131,100,92
50010008,,5,Coahuila de Zaragoza,Coah.,1,Abasolo,8,San Antonio,R,"27°04´58.603N""","101°12´09.621W""",27.082945,-101.202673,430,G14A43,0,0,0,0
50010009,,5,Coahuila de Zaragoza,Coah.,1,Abasolo,9,El Arco (El Arco de Babiácora),R,"27°06´51.414N""","101°10´27.975W""",27.114282,-101.174437,428,G14A43,0,0,0,0
50010011,,5,Coahuila de Zaragoza,Coah.,1,Abasolo,11,Buena Suerte (Los García),R,"27°04´05.707N""","101°19´25.357W""",27.068251,-101.32371,451,G14A43,9,*,*,2
50010012,,5,Coahuila de Zaragoza,Coah.,1,Abasolo,12,San Ángel,R,"27°03´56.579N""","101°20´52.796W""",27.065716,-101.347999,467,G14A42,9,*,*,2
50010014,,5,Coahuila de Zaragoza,Coah.,1,Abasolo,14,La Unión,R,"27°11´27.510N""","101°24´21.520W""",27.190975,-101.405978,432,G14A42,0,0,0,0
50010015,,5,Coahuila de Zaragoza,Coah.,1,Abasolo,15,San Pablo,R,"27°08´15.194N""","101°14´43.038W""",27.137554,-101.245288,407,G14A43,4,*,*,1
50010018,,5,Coahuila de Zaragoza,Coah.,1,Abasolo,18,Los Arcos,R,"27°08´53.326N""","101°15´52.960W""",27.148146,-101.264711,414,G14A43,0,0,0,0
50010019,,5,Coahuila de Zaragoza,Coah.,1,Abasolo,19,Casa Blanca [Centro de Mejoramiento Genético],R,"27°07´56.373N""","101°16´06.896W""",27.132325,-101.268582,420,G14A43,0,0,0,0
50010024,,5,Coahuila de Zaragoza,Coah.,1,Abasolo,24,Vitali,R,"27°06´50.265N""","101°16´48.621W""",27.113963,-101.280172,428,G14A43,2,*,*,1
50010025,,5,Coahuila de Zaragoza,Coah.,1,Abasolo,25,El Paraíso,R,"27°06´16.986N""","101°17´23.122W""",27.104718,-101.289756,432,G14A43,3,*,*,1
50010029,,5,Coahuila de Zaragoza,Coah.,1,Abasolo,29,Oscar Jiménez Pérez,R,"27°11´54.840N""","101°22´12.119W""",27.198566,-101.370032,419,G14A42,0,0,0,0
50010030,,5,Coahuila de Zaragoza,Coah.,1,Abasolo,30,Lozano,R,"27°11´18.062N""","101°23´19.183W""",27.18835,-101.388662,426,G14A42,0,0,0,0
50010031,,5,Coahuila de Zaragoza,Coah.,1,Abasolo,31,El Orejas,R,"27°11´03.039N""","101°24´40.716W""",27.184177,-101.41131,433,G14A42,0,0,0,0
50010033,,5,Coahuila de Zaragoza,Coah.,1,Abasolo,33,Pájaros Azules (La Pancha),R,"27°03´53.931N""","101°00´18.764W""",27.064981,-101.005212,538,G14A43,0,0,0,0
50010034,,5,Coahuila de Zaragoza,Coah.,1,Abasolo,34,José Treviño Ibarra,R,"27°13´01.039N""","101°16´54.069W""",27.216955,-101.281685,400,G14A43,0,0,0,0
50010035,,5,Coahuila de Zaragoza,Coah.,1,Abasolo,35,Rubén Maldonado,R,"27°13´27.810N""","101°18´01.485W""",27.224391,-101.300413,406,G14A43,0,0,0,0
50010036,,5,Coahuila de Zaragoza,Coah.,1,Abasolo,36,Oscar García Valdez,R,"27°13´43.879N""","101°18´38.688W""",27.228855,-101.310747,407,G14A43,0,0,0,0
50010037,,5,Coahuila de Zaragoza,Coah.,1,Abasolo,37,Manuel Ibarra,R,"27°14´04.340N""","101°19´52.604W""",27.234539,-101.331278,409,G14A43,0,0,0,0
50010039,,5,Coahuila de Zaragoza,Coah.,1,Abasolo,39,La Tinaja,R,"27°10´51.358N""","101°25´55.814W""",27.180932,-101.43217,436,G14A42,2,*,*,1
50010040,,5,Coahuila de Zaragoza,Coah.,1,Abasolo,40,Hidilio de Hoyos,R,"27°10´41.789N""","101°25´45.909W""",27.178274,-101.429419,435,G14A42,1,*,*,1
50010041,,5,Coahuila de Zaragoza,Coah.,1,Abasolo,41,Los Ángeles (Osvaldo Mata),R,"27°10´37.065N""","101°25´40.817W""",27.176962,-101.428004,434,G14A42,2,*,*,1
50010042,,5,Coahuila de Zaragoza,Coah.,1,Abasolo,42,Los Vargas,R,"27°11´04.524N""","101°24´14.873W""",27.18459,-101.404131,430,G14A42,0,0,0,0
50010043,,5,Coahuila de Zaragoza,Coah.,1,Abasolo,43,Rogelio Medrano Rodríguez,R,"27°10´44.019N""","101°25´55.480W""",27.178894,-101.432077,435,G14A42,0,0,0,0
50010044,,5,Coahuila de Zaragoza,Coah.,1,Abasolo,44,El Rosario,R,"27°05´19.930N""","101°18´12.949W""",27.088869,-101.303597,440,G14A43,0,0,0,0
50010045,,5,Coahuila de Zaragoza,Coah.,1,Abasolo,45,Santa Elvira,R,"27°05´48.344N""","101°17´52.424W""",27.096762,-101.297895,438,G14A43,0,0,0,0
50010046,,5,Coahuila de Zaragoza,Coah.,1,Abasolo,46,Roberto Valdés,R,"27°12´57.720N""","101°18´57.362W""",27.216033,-101.315934,402,G14A43,0,0,0,0
50010047,,5,Coahuila de Zaragoza,Coah.,1,Abasolo,47,La Chimenea,R,"27°08´00.382N""","101°16´12.011W""",27.133439,-101.270002,419,G14A43,0,0,0,0
50010049,,5,Coahuila de Zaragoza,Coah.,1,Abasolo,49,Los Pozos Dos,R,"27°06´47.831N""","101°18´42.175W""",27.113286,-101.311715,438,G14A43,0,0,0,0
50010050,,5,Coahuila de Zaragoza,Coah.,1,Abasolo,50,Lupita,R,"27°11´05.621N""","101°24´27.544W""",27.184894,-101.407651,431,G14A42,2,*,*,1
50010051,,5,Coahuila de Zaragoza,Coah.,1,Abasolo,51,Los Fresnos,R,"27°07´38.568N""","101°16´25.080W""",27.127379,-101.273633,422,G14A43,0,0,0,0
50010052,,5,Coahuila de Zaragoza,Coah.,1,Abasolo,52,El Nogal,R,"27°10´36.679N""","101°25´21.990W""",27.176855,-101.422774,433,G14A42,2,*,*,1
50010053,,5,Coahuila de Zaragoza,Coah.,1,Abasolo,53,San Isidro,R,"27°07´25.931N""","101°16´39.888W""",27.123869,-101.277746,420,G14A43,1,*,*,1
50010054,,5,Coahuila de Zaragoza,Coah.,1,Abasolo,54,Antonio de Hoyos (Kilómetro 24) [Taller],R,"27°04´35.572N""","101°18´26.668W""",27.076547,-101.307408,451,G14A43,2,*,*,1
50010055,,5,Coahuila de Zaragoza,Coah.,1,Abasolo,55,Don Carlos,R,"27°11´10.980N""","101°25´26.130W""",27.186383,-101.423924,435,G14A42,0,0,0,0
