MAPA,Estatus,CVE_ENT,NOM_ENT,NOM_ABR,CVE_MUN,NOM_MUN,CVE_LOC,NOM_LOC,AMBITO,LATITUD,LONGITUD,LAT_DECIMAL,LON_DECIMAL,ALTITUD,CVE_CARTA,POB_TOTAL,POB_MASCULINA,POB_FEMENINA,TOTAL DE VIVIENDAS HABITADAS
50080001,,5,Coahuila de Zaragoza,Coah.,8,Escobedo,1,Escobedo,U,"27°14´05.000N""","101°24´45.000W""",27.234722,-101.4125,448,G14A42,541,292,249,172
50080002,,5,Coahuila de Zaragoza,Coah.,8,Escobedo,2,Loma el Briseño,R,"27°20´40.044N""","101°15´17.103W""",27.344456,-101.254751,376,G14A33,0,0,0,0
50080004,,5,Coahuila de Zaragoza,Coah.,8,Escobedo,4,Estación Hermanas,R,"27°13´12.196N""","101°13´37.409W""",27.220054,-101.227057,398,G14A43,143,75,68,37
50080006,,5,Coahuila de Zaragoza,Coah.,8,Escobedo,6,San Benito (La Luz),R,"27°21´13.730N""","101°17´39.353W""",27.353814,-101.294264,411,G14A33,0,0,0,0
50080007,,5,Coahuila de Zaragoza,Coah.,8,Escobedo,7,San Isidro (El Mimbre),R,"27°20´07.557N""","101°18´19.619W""",27.335432,-101.30545,448,G14A33,0,0,0,0
50080008,,5,Coahuila de Zaragoza,Coah.,8,Escobedo,8,Obayos,R,"27°26´17.447N""","101°21´50.854W""",27.438179,-101.364126,450,G14A32,351,185,166,108
50080009,,5,Coahuila de Zaragoza,Coah.,8,Escobedo,9,Primero de Mayo,R,"27°14´11.315N""","101°13´28.281W""",27.236476,-101.224522,392,G14A43,1766,859,907,511
50080011,,5,Coahuila de Zaragoza,Coah.,8,Escobedo,11,Veintinueve de Noviembre (Borregas),R,"27°26´02.395N""","101°28´19.152W""",27.433998,-101.471986,568,G14A32,19,10,9,8
50080013,,5,Coahuila de Zaragoza,Coah.,8,Escobedo,13,Agua de la Herradura,R,"27°13´43.472N""","101°08´57.846W""",27.228742,-101.149401,400,G14A43,189,83,106,57
50080014,,5,Coahuila de Zaragoza,Coah.,8,Escobedo,14,La Ciénega,R,"27°25´17.829N""","101°25´15.591W""",27.421619,-101.420997,503,G14A32,0,0,0,0
50080015,,5,Coahuila de Zaragoza,Coah.,8,Escobedo,15,Chacón,R,"27°18´14.294N""","101°26´09.071W""",27.303971,-101.435853,476,G14A32,0,0,0,0
50080018,,5,Coahuila de Zaragoza,Coah.,8,Escobedo,18,El Salado,R,"27°21´53.444N""","101°14´35.397W""",27.364846,-101.243166,360,G14A33,0,0,0,0
50080020,,5,Coahuila de Zaragoza,Coah.,8,Escobedo,20,Colonia Menonita (La Gaviota),R,"27°20´34.454N""","101°13´31.141W""",27.342904,-101.225316,355,G14A33,2,*,*,1
50080022,,5,Coahuila de Zaragoza,Coah.,8,Escobedo,22,La Blanca (Tierra Blanca),R,"27°15´56.270N""","101°08´13.310W""",27.265631,-101.13703,418,G14A33,2,*,*,1
50080025,,5,Coahuila de Zaragoza,Coah.,8,Escobedo,25,El Mimbre (Los Amaya),R,"27°20´02.267N""","101°16´15.065W""",27.333963,-101.270851,383,G14A33,0,0,0,0
50080026,,5,Coahuila de Zaragoza,Coah.,8,Escobedo,26,Benigno Franco Anaya,R,"27°19´34.951N""","101°16´07.135W""",27.326375,-101.268648,381,G14A33,0,0,0,0
50080028,,5,Coahuila de Zaragoza,Coah.,8,Escobedo,28,El Potrero (Las Potrancas),R,"27°22´39.192N""","101°24´09.857W""",27.377553,-101.402738,532,G14A32,0,0,0,0
50080031,,5,Coahuila de Zaragoza,Coah.,8,Escobedo,31,El Tulillo,R,"27°12´59.709N""","101°07´37.148W""",27.216586,-101.126985,410,G14A43,8,*,*,2
50080034,,5,Coahuila de Zaragoza,Coah.,8,Escobedo,34,El Paraíso,R,"27°26´02.141N""","101°26´38.354W""",27.433928,-101.443987,540,G14A32,0,0,0,0
50080035,,5,Coahuila de Zaragoza,Coah.,8,Escobedo,35,Sanguijuelas,R,"27°29´28.758N""","101°22´58.387W""",27.491321,-101.382885,459,G14A32,0,0,0,0
50080036,,5,Coahuila de Zaragoza,Coah.,8,Escobedo,36,Cañón de Borregas,R,"27°30´03.774N""","101°24´08.819W""",27.501048,-101.40245,492,G14A22,2,*,*,1
50080037,,5,Coahuila de Zaragoza,Coah.,8,Escobedo,37,El Caracol,R,"27°08´13.074N""","101°03´43.083W""",27.136965,-101.061968,480,G14A43,0,0,0,0
50080039,,5,Coahuila de Zaragoza,Coah.,8,Escobedo,39,El Huizache,R,"27°10´14.116N""","101°08´52.874W""",27.170587,-101.14802,419,G14A43,0,0,0,0
50080040,,5,Coahuila de Zaragoza,Coah.,8,Escobedo,40,Lampazos (Lampacitos),R,"27°18´30.539N""","101°15´03.449W""",27.308483,-101.250958,370,G14A33,0,0,0,0
50080041,,5,Coahuila de Zaragoza,Coah.,8,Escobedo,41,Lampacitos Nuevo,R,"27°17´45.896N""","101°15´34.626W""",27.296082,-101.259618,397,G14A33,0,0,0,0
50080042,,5,Coahuila de Zaragoza,Coah.,8,Escobedo,42,El Puerto,R,"27°25´48.362N""","101°22´59.431W""",27.4301,-101.383175,470,G14A32,0,0,0,0
50080043,,5,Coahuila de Zaragoza,Coah.,8,Escobedo,43,Sanguijuela (Ecoturístico Coahuila),R,"27°29´08.968N""","101°24´58.453W""",27.485824,-101.416237,527,G14A32,4,*,*,1
50080044,,5,Coahuila de Zaragoza,Coah.,8,Escobedo,44,El Tecolote,R,"27°16´46.826N""","101°25´31.946W""",27.279673,-101.42554,466,G14A32,0,0,0,0
50080045,,5,Coahuila de Zaragoza,Coah.,8,Escobedo,45,El Temporal,R,"27°15´42.897N""","101°25´50.067W""",27.261916,-101.430574,465,G14A32,0,0,0,0
50080049,,5,Coahuila de Zaragoza,Coah.,8,Escobedo,49,Isaías Torres S.,R,"27°25´44.034N""","101°25´52.489W""",27.428898,-101.431246,520,G14A32,0,0,0,0
50080051,,5,Coahuila de Zaragoza,Coah.,8,Escobedo,51,Guadalupe,R,"27°20´22.627N""","101°17´51.084W""",27.339618,-101.297523,430,G14A33,0,0,0,0
50080053,,5,Coahuila de Zaragoza,Coah.,8,Escobedo,53,Toño Ibarra,R,"27°12´45.541N""","101°24´06.384W""",27.21265,-101.401773,435,G14A42,0,0,0,0
50080054,,5,Coahuila de Zaragoza,Coah.,8,Escobedo,54,Ramón García,R,"27°13´11.764N""","101°23´38.292W""",27.219934,-101.39397,438,G14A42,0,0,0,0
50080055,,5,Coahuila de Zaragoza,Coah.,8,Escobedo,55,El Mimbre,R,"27°19´18.475N""","101°19´13.369W""",27.321798,-101.32038,516,G14A33,0,0,0,0
50080057,,5,Coahuila de Zaragoza,Coah.,8,Escobedo,57,Luis Arturo Gutiérrez,R,"27°25´16.884N""","101°24´23.667W""",27.421356,-101.406574,494,G14A32,0,0,0,0
50080058,,5,Coahuila de Zaragoza,Coah.,8,Escobedo,58,Juan Ríos Ruiz,R,"27°25´32.617N""","101°26´14.198W""",27.425726,-101.437277,520,G14A32,0,0,0,0
50080059,,5,Coahuila de Zaragoza,Coah.,8,Escobedo,59,El Sheroko,R,"27°25´44.133N""","101°27´14.928W""",27.428925,-101.454147,541,G14A32,0,0,0,0
50080060,,5,Coahuila de Zaragoza,Coah.,8,Escobedo,60,Sanguijuela (Eleuterio Maltos),R,"27°29´01.887N""","101°25´01.970W""",27.483857,-101.417213,520,G14A32,1,*,*,1
50080061,,5,Coahuila de Zaragoza,Coah.,8,Escobedo,61,Emérico Rivera,R,"27°26´01.311N""","101°28´42.122W""",27.433697,-101.478367,590,G14A32,1,*,*,1
50080062,,5,Coahuila de Zaragoza,Coah.,8,Escobedo,62,Las Delicias,R,"27°18´09.134N""","101°25´55.803W""",27.302537,-101.432167,473,G14A32,0,0,0,0
50080063,,5,Coahuila de Zaragoza,Coah.,8,Escobedo,63,El Potrero,R,"27°24´51.445N""","101°24´00.555W""",27.41429,-101.400154,487,G14A32,0,0,0,0
50080064,,5,Coahuila de Zaragoza,Coah.,8,Escobedo,64,Obayos [Estación],R,"27°26´28.202N""","101°18´03.851W""",27.441167,-101.30107,398,G14A33,0,0,0,0
50080069,,5,Coahuila de Zaragoza,Coah.,8,Escobedo,69,María Sánchez de Ibarra,R,"27°16´16.640N""","101°09´16.809W""",27.271288,-101.154669,393,G14A33,0,0,0,0
50080071,,5,Coahuila de Zaragoza,Coah.,8,Escobedo,71,Anastacio Daniel,R,"27°14´26.997N""","101°12´35.795W""",27.240832,-101.209943,376,G14A43,0,0,0,0
50080072,,5,Coahuila de Zaragoza,Coah.,8,Escobedo,72,María Elena Sánchez,R,"27°11´26.333N""","101°25´42.973W""",27.190648,-101.428603,437,G14A42,0,0,0,0
50080073,,5,Coahuila de Zaragoza,Coah.,8,Escobedo,73,Juan Manuel Cavana,R,"27°11´49.229N""","101°25´32.160W""",27.197008,-101.425599,438,G14A42,0,0,0,0
50080074,,5,Coahuila de Zaragoza,Coah.,8,Escobedo,74,El Vaquero,R,"27°12´20.153N""","101°25´00.259W""",27.205598,-101.416738,438,G14A42,0,0,0,0
50080075,,5,Coahuila de Zaragoza,Coah.,8,Escobedo,75,Ramón Daniel Sánchez,R,"27°13´15.499N""","101°25´04.346W""",27.220971,-101.417873,443,G14A42,2,*,*,1
50080076,,5,Coahuila de Zaragoza,Coah.,8,Escobedo,76,La Mota,R,"27°30´08.565N""","101°25´39.227W""",27.502379,-101.427562,529,G14A22,0,0,0,0
50080077,,5,Coahuila de Zaragoza,Coah.,8,Escobedo,77,Ceferino Sánchez Vázquez,R,"27°13´40.749N""","101°26´02.689W""",27.227985,-101.43408,452,G14A42,0,0,0,0
50080079,,5,Coahuila de Zaragoza,Coah.,8,Escobedo,79,El Rosario (Sergio Martínez),R,"27°16´08.156N""","101°27´06.783W""",27.268932,-101.451884,471,G14A32,0,0,0,0
50080080,,5,Coahuila de Zaragoza,Coah.,8,Escobedo,80,Los Valdez (Rancho los Valdez),R,"27°11´52.564N""","101°25´25.300W""",27.197934,-101.423694,438,G14A42,0,0,0,0
50080081,,5,Coahuila de Zaragoza,Coah.,8,Escobedo,81,Oscar González,R,"27°15´14.072N""","101°09´52.601W""",27.253909,-101.164611,383,G14A33,0,0,0,0
50080082,,5,Coahuila de Zaragoza,Coah.,8,Escobedo,82,Rancho Verde (Los Morales),R,"27°18´06.872N""","101°17´13.374W""",27.301909,-101.287048,446,G14A33,0,0,0,0
50080083,,5,Coahuila de Zaragoza,Coah.,8,Escobedo,83,Las Seis Mariposas (Jorge Maldonado),R,"27°13´33.368N""","101°11´14.008W""",27.225935,-101.187224,379,G14A43,3,*,*,2
50080085,,5,Coahuila de Zaragoza,Coah.,8,Escobedo,85,Saca la Villa (Gonzalo Ramírez),R,"27°13´28.120N""","101°23´32.313W""",27.224477,-101.392309,436,G14A42,1,*,*,1
50080086,,5,Coahuila de Zaragoza,Coah.,8,Escobedo,86,Santos Vargas,R,"27°17´29.280N""","101°12´56.469W""",27.291466,-101.215686,360,G14A33,0,0,0,0
50080087,,5,Coahuila de Zaragoza,Coah.,8,Escobedo,87,Las Palmitas,R,"27°18´40.640N""","101°13´50.435W""",27.311289,-101.230676,361,G14A33,0,0,0,0
50080088,,5,Coahuila de Zaragoza,Coah.,8,Escobedo,88,Los Pinos,R,"27°13´17.598N""","101°11´31.835W""",27.221554,-101.192176,381,G14A43,0,0,0,0
50080089,,5,Coahuila de Zaragoza,Coah.,8,Escobedo,89,Ángel Huitrón,R,"27°13´38.210N""","101°09´22.470W""",27.22728,-101.156242,398,G14A43,4,*,*,1
50080090,,5,Coahuila de Zaragoza,Coah.,8,Escobedo,90,José Díaz,R,"27°14´28.880N""","101°24´27.860W""",27.241355,-101.407739,445,G14A42,0,0,0,0
50080091,,5,Coahuila de Zaragoza,Coah.,8,Escobedo,91,La Purificación,R,"27°12´25.460N""","101°25´22.360W""",27.207072,-101.422877,441,G14A42,0,0,0,0
50080092,,5,Coahuila de Zaragoza,Coah.,8,Escobedo,92,Ernesto Pérez,R,"27°15´46.070N""","101°09´51.940W""",27.262797,-101.164428,383,G14A33,5,*,*,1
50080093,,5,Coahuila de Zaragoza,Coah.,8,Escobedo,93,Everardo García Tijerina,R,"27°25´06.010N""","101°23´40.140W""",27.418335,-101.394483,490,G14A32,3,*,*,1
50080094,,5,Coahuila de Zaragoza,Coah.,8,Escobedo,94,El Rincón,R,"27°11´13.136N""","101°25´49.512W""",27.186982,-101.430419,437,G14A42,0,0,0,0
