MAPA,Estatus,CVE_ENT,NOM_ENT,NOM_ABR,CVE_MUN,NOM_MUN,CVE_LOC,NOM_LOC,AMBITO,LATITUD,LONGITUD,LAT_DECIMAL,LON_DECIMAL,ALTITUD,CVE_CARTA,POB_TOTAL,POB_MASCULINA,POB_FEMENINA,TOTAL DE VIVIENDAS HABITADAS
50240001,,5,Coahuila de Zaragoza,Coah.,24,Parras,1,Parras de la Fuente,U,"25°26´14.570N""","102°11´03.008W""",25.43738,-102.184169,1536,G13D39,34798,17339,17459,10006
50240002,,5,Coahuila de Zaragoza,Coah.,24,Parras,2,Las Abras,R,"25°06´38.276N""","101°41´10.454W""",25.110632,-101.686237,1728,G14C41,3,*,*,2
50240003,,5,Coahuila de Zaragoza,Coah.,24,Parras,3,Abrevadero,R,"25°24´25.057N""","102°03´50.384W""",25.40696,-102.063996,1673,G13D39,425,222,203,110
50240004,,5,Coahuila de Zaragoza,Coah.,24,Parras,4,Viñedos del Álamo (La Pila),R,"25°38´42.361N""","102°01´07.361W""",25.6451,-102.018711,1184,G13D29,2,*,*,1
50240005,,5,Coahuila de Zaragoza,Coah.,24,Parras,5,El Amparo (La Peña),R,"25°27´08.169N""","102°35´12.647W""",25.452269,-102.586846,1204,G13D38,57,29,28,15
50240006,,5,Coahuila de Zaragoza,Coah.,24,Parras,6,Las Ánimas,R,"24°53´22.007N""","101°41´36.732W""",24.889446,-101.693536,1893,G14C51,27,17,10,7
50240007,,5,Coahuila de Zaragoza,Coah.,24,Parras,7,Las Artemisas,R,"25°34´10.535N""","102°11´28.116W""",25.569592,-102.191143,1275,G13D29,0,0,0,0
50240008,,5,Coahuila de Zaragoza,Coah.,24,Parras,8,Balbuena,R,"25°36´20.340N""","102°08´18.690W""",25.60565,-102.138525,1230,G13D29,3,*,*,1
50240009,,5,Coahuila de Zaragoza,Coah.,24,Parras,9,Boquillas del Refugio,R,"25°33´11.067N""","102°28´13.824W""",25.553074,-102.470506,1251,G13D28,70,40,30,21
50240011,,5,Coahuila de Zaragoza,Coah.,24,Parras,11,Cadillal,R,"25°32´34.900N""","102°21´47.300W""",25.543027,-102.363139,1359,G13D28,5,*,*,1
50240013,,5,Coahuila de Zaragoza,Coah.,24,Parras,13,Bajío del Calabacillal,R,"25°28´57.858N""","101°59´10.712W""",25.482738,-101.986309,1622,G14C31,26,17,9,7
50240014,,5,Coahuila de Zaragoza,Coah.,24,Parras,14,La Candelaria,R,"25°45´57.260N""","102°15´49.926W""",25.765906,-102.263868,1116,G13D19,67,30,37,20
50240015,,5,Coahuila de Zaragoza,Coah.,24,Parras,15,La Candelaria de los Yeguales,R,"25°17´00.300N""","102°02´55.100W""",25.283416,-102.048639,1787,G13D39,0,0,0,0
50240016,,5,Coahuila de Zaragoza,Coah.,24,Parras,16,El Capulín,R,"25°22´55.359N""","102°14´33.910W""",25.382044,-102.242752,1936,G13D39,0,0,0,0
50240017,,5,Coahuila de Zaragoza,Coah.,24,Parras,17,El Carmen,R,"25°39´21.899N""","101°54´28.299W""",25.656083,-101.907861,1182,G14C21,49,21,28,9
50240018,,5,Coahuila de Zaragoza,Coah.,24,Parras,18,Santa Cecilia (La Cecilia),R,"25°34´28.831N""","101°54´55.925W""",25.574675,-101.915535,1247,G14C21,131,67,64,36
50240020,,5,Coahuila de Zaragoza,Coah.,24,Parras,20,Cerritos,R,"25°43´19.176N""","102°03´49.016W""",25.721993,-102.063616,1142,G13D29,1,*,*,1
50240021,,5,Coahuila de Zaragoza,Coah.,24,Parras,21,Cerro Bola,R,"25°34´47.229N""","102°43´28.789W""",25.579785,-102.724663,1097,G13D27,0,0,0,0
50240022,,5,Coahuila de Zaragoza,Coah.,24,Parras,22,Cerro Colorado,R,"25°28´56.632N""","102°15´27.604W""",25.482397,-102.257668,1461,G13D39,11,6,5,7
50240023,,5,Coahuila de Zaragoza,Coah.,24,Parras,23,Ciénega del Carmen,R,"25°33´17.132N""","101°56´49.505W""",25.554759,-101.947084,1301,G14C21,86,48,38,27
50240024,,5,Coahuila de Zaragoza,Coah.,24,Parras,24,El Cinco (Cinco de Mayo),R,"25°11´10.060N""","101°38´29.860W""",25.186127,-101.641627,2124,G14C42,35,20,15,6
50240027,,5,Coahuila de Zaragoza,Coah.,24,Parras,27,La Constancia,R,"25°08´48.547N""","102°01´31.345W""",25.146818,-102.025373,1357,G13D49,210,113,97,55
50240028,,5,Coahuila de Zaragoza,Coah.,24,Parras,28,Las Coquenas,R,"25°40´58.630N""","102°19´59.459W""",25.682952,-102.333182,1117,G13D29,9,*,*,2
50240029,,5,Coahuila de Zaragoza,Coah.,24,Parras,29,Cruz Verde,R,"25°31´27.856N""","102°03´13.531W""",25.524404,-102.053759,1504,G13D29,129,76,53,34
50240030,,5,Coahuila de Zaragoza,Coah.,24,Parras,30,Cuatro de Marzo,R,"25°33´50.198N""","102°33´56.358W""",25.563944,-102.565655,1170,G13D28,42,27,15,14
50240031,,5,Coahuila de Zaragoza,Coah.,24,Parras,31,El Durazno,R,"25°27´03.174N""","102°06´48.638W""",25.450882,-102.113511,1515,G13D39,147,73,74,40
50240032,,5,Coahuila de Zaragoza,Coah.,24,Parras,32,La Encantada,R,"25°28´58.130N""","102°10´21.180W""",25.482813,-102.172549,1434,G13D39,0,0,0,0
50240033,,5,Coahuila de Zaragoza,Coah.,24,Parras,33,Ganivete,R,"25°32´43.123N""","102°07´09.615W""",25.545312,-102.119337,1320,G13D29,121,55,66,35
50240034,,5,Coahuila de Zaragoza,Coah.,24,Parras,34,Garambullo,R,"25°03´45.472N""","101°29´26.086W""",25.062631,-101.490579,2053,G14C42,230,120,110,75
50240035,,5,Coahuila de Zaragoza,Coah.,24,Parras,35,Guadalupe,R,"25°46´22.534N""","102°09´27.830W""",25.772925,-102.157731,1123,G13D19,7,*,*,2
50240036,,5,Coahuila de Zaragoza,Coah.,24,Parras,36,La Guadiana,R,"25°45´11.300N""","102°18´20.700W""",25.753139,-102.30575,1108,G13D19,0,0,0,0
50240037,,5,Coahuila de Zaragoza,Coah.,24,Parras,37,Los Hoyos (El Potrero),R,"25°24´27.758N""","102°00´08.344W""",25.407711,-102.002318,1692,G13D39,269,143,126,62
50240038,,5,Coahuila de Zaragoza,Coah.,24,Parras,38,Huariche,R,"25°20´07.799N""","101°50´20.500W""",25.335499,-101.839027,1690,G14C31,441,230,211,118
50240039,,5,Coahuila de Zaragoza,Coah.,24,Parras,39,Jalapa,R,"24°53´22.257N""","101°33´26.142W""",24.889516,-101.557262,1657,G14C52,31,23,8,11
50240040,,5,Coahuila de Zaragoza,Coah.,24,Parras,40,Jazminal,R,"25°22´19.809N""","101°49´22.959W""",25.372169,-101.823044,1606,G14C31,26,18,8,7
50240042,,5,Coahuila de Zaragoza,Coah.,24,Parras,42,Loma Bonita (La Vega),R,"25°39´08.180N""","101°57´55.979W""",25.652272,-101.96555,1180,G14C21,12,7,5,4
50240043,,5,Coahuila de Zaragoza,Coah.,24,Parras,43,La Luz,R,"25°46´57.599N""","102°15´46.546W""",25.782666,-102.262929,1112,G13D19,5,*,*,1
50240044,,5,Coahuila de Zaragoza,Coah.,24,Parras,44,Las Palmas Segundo Sector (La Macarena),R,"25°42´44.104N""","102°16´29.393W""",25.712251,-102.274831,1123,G13D29,0,0,0,0
50240045,,5,Coahuila de Zaragoza,Coah.,24,Parras,45,Madero [Estación],R,"25°43´13.595N""","102°11´18.784W""",25.720442,-102.188551,1143,G13D29,334,165,169,83
50240046,,5,Coahuila de Zaragoza,Coah.,24,Parras,46,Las Magdalenas,R,"25°41´51.650N""","102°18´29.909W""",25.69768,-102.308308,1118,G13D29,4,*,*,1
50240047,,5,Coahuila de Zaragoza,Coah.,24,Parras,47,Las Maravillas (Providencia),R,"25°46´26.526N""","102°18´02.073W""",25.774034,-102.300576,1106,G13D19,0,0,0,0
50240049,,5,Coahuila de Zaragoza,Coah.,24,Parras,49,Menchaca (Tanque de Menchaca),R,"25°16´36.573N""","102°18´07.141W""",25.276825,-102.301984,1178,G13D39,0,0,0,0
50240050,,5,Coahuila de Zaragoza,Coah.,24,Parras,50,El Mesteño,R,"25°32´12.496N""","101°52´09.625W""",25.536804,-101.86934,1291,G14C21,168,93,75,53
50240051,,5,Coahuila de Zaragoza,Coah.,24,Parras,51,El Mimbre,R,"25°40´09.360N""","102°21´32.739W""",25.669266,-102.359094,1132,G13D28,157,77,80,47
50240052,,5,Coahuila de Zaragoza,Coah.,24,Parras,52,El Mimbre Antiguo (El Mimbre Viejo),R,"25°38´31.353N""","102°21´59.173W""",25.642042,-102.366437,1174,G13D28,0,0,0,0
50240054,,5,Coahuila de Zaragoza,Coah.,24,Parras,54,El Mogote,R,"25°44´39.051N""","102°01´54.466W""",25.744181,-102.031795,1130,G13D29,0,0,0,0
50240055,,5,Coahuila de Zaragoza,Coah.,24,Parras,55,Molino Viejo (San Lorenzo),R,"25°29´23.920N""","102°10´25.179W""",25.489977,-102.17366,1412,G13D39,18,11,7,8
50240056,,5,Coahuila de Zaragoza,Coah.,24,Parras,56,Las Nieves,R,"25°43´46.115N""","102°00´41.357W""",25.729476,-102.011488,1140,G13D29,0,0,0,0
50240058,,5,Coahuila de Zaragoza,Coah.,24,Parras,58,Notillas,R,"25°04´17.748N""","101°23´10.747W""",25.071596,-101.386318,2036,G14C42,87,53,34,28
50240059,,5,Coahuila de Zaragoza,Coah.,24,Parras,59,La Paila,R,"25°43´50.482N""","101°59´40.655W""",25.730689,-101.994626,1139,G14C21,0,0,0,0
50240060,,5,Coahuila de Zaragoza,Coah.,24,Parras,60,Paila,R,"25°38´59.526N""","102°08´48.621W""",25.649868,-102.146839,1193,G13D29,5,*,*,2
50240061,,5,Coahuila de Zaragoza,Coah.,24,Parras,61,Las Palmas,R,"25°45´42.999N""","102°15´29.499W""",25.761944,-102.258194,1118,G13D19,0,0,0,0
50240063,,5,Coahuila de Zaragoza,Coah.,24,Parras,63,Palo Alto (El Carrizal),R,"25°30´30.921N""","101°57´16.240W""",25.508589,-101.954511,1467,G14C21,32,18,14,10
50240066,,5,Coahuila de Zaragoza,Coah.,24,Parras,66,Piedra Blanca,R,"25°39´28.500N""","101°52´50.800W""",25.657917,-101.880777,1189,G14C21,439,238,201,113
50240067,,5,Coahuila de Zaragoza,Coah.,24,Parras,67,Pomona II,R,"25°43´45.807N""","102°18´03.964W""",25.72939,-102.301101,1115,G13D29,81,42,39,18
50240069,,5,Coahuila de Zaragoza,Coah.,24,Parras,69,El Porvenir de Abajo,R,"25°38´36.391N""","102°02´24.090W""",25.643442,-102.040025,1200,G13D29,178,100,78,41
50240070,,5,Coahuila de Zaragoza,Coah.,24,Parras,70,Presa de San Antonio,R,"25°28´15.805N""","101°44´33.464W""",25.471056,-101.742629,1381,G14C31,69,41,28,21
50240071,,5,Coahuila de Zaragoza,Coah.,24,Parras,71,La Presa,R,"25°20´21.244N""","101°50´11.801W""",25.339234,-101.836611,1688,G14C31,131,70,61,38
50240073,,5,Coahuila de Zaragoza,Coah.,24,Parras,73,El Refugio (La Quiroga),R,"25°45´35.100N""","102°09´38.300W""",25.75975,-102.160639,1128,G13D19,3,*,*,1
50240076,,5,Coahuila de Zaragoza,Coah.,24,Parras,76,La Requena (La Requena de Fátima),R,"25°45´51.191N""","102°14´43.462W""",25.76422,-102.245406,1118,G13D19,71,36,35,17
50240078,,5,Coahuila de Zaragoza,Coah.,24,Parras,78,El Rosario,R,"25°42´12.900N""","102°21´49.020W""",25.703583,-102.363617,1109,G13D28,4,*,*,2
50240079,,5,Coahuila de Zaragoza,Coah.,24,Parras,79,Nuevo Sabanilla (Sabanilla),R,"25°05´02.638N""","101°45´31.099W""",25.084066,-101.758639,1639,G14C41,210,108,102,69
50240081,,5,Coahuila de Zaragoza,Coah.,24,Parras,81,San Carlos,R,"25°37´48.709N""","102°07´55.449W""",25.630196,-102.132069,1205,G13D29,0,0,0,0
50240082,,5,Coahuila de Zaragoza,Coah.,24,Parras,82,Veinte de Noviembre (Veinte de Noviembre Nuevo),R,"25°44´59.995N""","101°58´14.886W""",25.749998,-101.970801,1134,G14C21,25,16,9,9
50240083,,5,Coahuila de Zaragoza,Coah.,24,Parras,83,San Francisco del Progreso,R,"25°35´41.399N""","102°10´13.339W""",25.594833,-102.170371,1244,G13D29,628,329,299,189
50240084,,5,Coahuila de Zaragoza,Coah.,24,Parras,84,San Francisco del Barrial,R,"25°11´09.174N""","102°08´14.588W""",25.185881,-102.137385,1266,G13D49,141,86,55,37
50240085,,5,Coahuila de Zaragoza,Coah.,24,Parras,85,San Isidro,R,"25°32´48.499N""","102°26´41.266W""",25.546805,-102.444796,1281,G13D28,81,40,41,25
50240086,,5,Coahuila de Zaragoza,Coah.,24,Parras,86,El Progreso (San Isidro del Progreso),R,"25°45´51.321N""","102°14´28.886W""",25.764256,-102.241357,1119,G13D19,79,45,34,22
50240087,,5,Coahuila de Zaragoza,Coah.,24,Parras,87,San Jerónimo,R,"24°59´14.323N""","101°29´36.641W""",24.987312,-101.493511,1938,G14C52,0,0,0,0
50240089,,5,Coahuila de Zaragoza,Coah.,24,Parras,89,San José de la Unión,R,"25°04´00.518N""","101°26´36.048W""",25.06681,-101.443346,2111,G14C42,32,20,12,16
50240090,,5,Coahuila de Zaragoza,Coah.,24,Parras,90,San José de Mahoma,R,"25°46´57.500N""","102°16´17.100W""",25.782638,-102.271416,1110,G13D19,54,30,24,16
50240091,,5,Coahuila de Zaragoza,Coah.,24,Parras,91,San José de Patagalana,R,"25°24´24.149N""","101°55´23.350W""",25.406708,-101.923152,1678,G14C31,314,166,148,78
50240092,,5,Coahuila de Zaragoza,Coah.,24,Parras,92,San Juan,R,"25°45´30.999N""","102°16´37.300W""",25.758611,-102.277027,1114,G13D19,0,0,0,0
50240094,,5,Coahuila de Zaragoza,Coah.,24,Parras,94,Hacienda San Lorenzo (Casa Madero),R,"25°29´59.070N""","102°11´32.660W""",25.499741,-102.192405,1388,G13D39,0,0,0,0
50240095,,5,Coahuila de Zaragoza,Coah.,24,Parras,95,San Luis,R,"25°45´35.315N""","102°20´23.092W""",25.75981,-102.339747,1101,G13D18,0,0,0,0
50240096,,5,Coahuila de Zaragoza,Coah.,24,Parras,96,San Miguel,R,"25°22´30.970N""","101°48´46.194W""",25.375269,-101.812832,1600,G14C31,3,*,*,1
50240098,,5,Coahuila de Zaragoza,Coah.,24,Parras,98,San Rafael de la Hedionda,R,"25°31´59.256N""","102°20´55.641W""",25.533126,-102.348789,1382,G13D28,42,23,19,13
50240099,,5,Coahuila de Zaragoza,Coah.,24,Parras,99,San Rafael de los Milagros,R,"25°39´59.927N""","102°30´18.716W""",25.666646,-102.505199,1101,G13D28,79,41,38,20
50240100,,5,Coahuila de Zaragoza,Coah.,24,Parras,100,San Rafael de los Yeguales,R,"25°16´31.699N""","102°02´09.999W""",25.275471,-102.036111,1742,G13D39,56,35,21,19
50240101,,5,Coahuila de Zaragoza,Coah.,24,Parras,101,Santa Inés,R,"25°28´47.060N""","102°14´00.790W""",25.479738,-102.233552,1440,G13D39,0,0,0,0
50240102,,5,Coahuila de Zaragoza,Coah.,24,Parras,102,Santa Isabel y Santa Rita,R,"25°32´47.699N""","102°11´50.099W""",25.546583,-102.197249,1311,G13D29,123,59,64,36
50240103,,5,Coahuila de Zaragoza,Coah.,24,Parras,103,Santa María (Santa María Número Tres),R,"25°46´01.030N""","102°16´20.584W""",25.766952,-102.272384,1114,G13D19,74,40,34,22
50240106,,5,Coahuila de Zaragoza,Coah.,24,Parras,106,Seguín,R,"25°27´01.222N""","101°46´46.503W""",25.450339,-101.779584,1398,G14C31,244,138,106,72
50240108,,5,Coahuila de Zaragoza,Coah.,24,Parras,108,Seis de Enero,R,"25°25´25.499N""","102°04´54.800W""",25.423749,-102.081888,1606,G13D39,419,216,203,125
50240109,,5,Coahuila de Zaragoza,Coah.,24,Parras,109,El Siete de Enero (El Mezquite),R,"25°13´01.973N""","101°57´35.175W""",25.217214,-101.959771,1500,G14C41,137,89,48,43
50240111,,5,Coahuila de Zaragoza,Coah.,24,Parras,111,El Sol,R,"25°37´19.247N""","102°37´19.408W""",25.622012,-102.622057,1106,G13D28,73,42,31,23
50240112,,5,Coahuila de Zaragoza,Coah.,24,Parras,112,Sombreretillo,R,"25°23´43.365N""","101°50´34.918W""",25.395379,-101.843032,1580,G14C31,123,71,52,31
50240113,,5,Coahuila de Zaragoza,Coah.,24,Parras,113,Talía,R,"25°43´53.609N""","102°24´48.790W""",25.731557,-102.413553,1097,G13D28,111,57,54,34
50240115,,5,Coahuila de Zaragoza,Coah.,24,Parras,115,Tanque Nuevo,R,"25°15´56.111N""","101°43´52.313W""",25.265586,-101.731197,1947,G14C31,201,107,94,50
50240116,,5,Coahuila de Zaragoza,Coah.,24,Parras,116,Tizoc,R,"25°42´20.829N""","101°58´39.136W""",25.705786,-101.977537,1150,G14C21,53,27,26,18
50240117,,5,Coahuila de Zaragoza,Coah.,24,Parras,117,Trincheras,R,"25°36´26.300N""","101°58´53.699W""",25.607306,-101.981582,1226,G14C21,123,59,64,33
50240119,,5,Coahuila de Zaragoza,Coah.,24,Parras,119,Veinte de Noviembre (Veinte de Noviembre Viejo),R,"25°49´42.139N""","101°59´18.133W""",25.828371,-101.98837,1119,G14C11,1,*,*,1
50240120,,5,Coahuila de Zaragoza,Coah.,24,Parras,120,Veintiocho de Agosto,R,"25°38´39.110N""","102°06´42.623W""",25.644197,-102.11184,1193,G13D29,430,222,208,121
50240122,,5,Coahuila de Zaragoza,Coah.,24,Parras,122,La Virgen,R,"25°35´57.664N""","102°39´57.876W""",25.599351,-102.666077,1099,G13D28,3,*,*,1
50240125,,5,Coahuila de Zaragoza,Coah.,24,Parras,125,El Ángel,R,"25°10´01.016N""","101°51´51.809W""",25.166948,-101.864391,1649,G14C41,3,*,*,1
50240127,,5,Coahuila de Zaragoza,Coah.,24,Parras,127,Los Ángeles,R,"25°32´44.696N""","102°09´53.874W""",25.545749,-102.164965,1291,G13D29,0,0,0,0
50240129,,5,Coahuila de Zaragoza,Coah.,24,Parras,129,La Casita de la Cuesta,R,"25°19´54.178N""","102°09´35.829W""",25.331715,-102.159953,1859,G13D39,0,0,0,0
50240130,,5,Coahuila de Zaragoza,Coah.,24,Parras,130,El Catorce,R,"25°45´18.390N""","102°10´27.779W""",25.755108,-102.174382,1129,G13D19,1,*,*,1
50240133,,5,Coahuila de Zaragoza,Coah.,24,Parras,133,El Corralero,R,"25°37´53.783N""","101°56´21.951W""",25.631606,-101.939431,1196,G14C21,0,0,0,0
50240134,,5,Coahuila de Zaragoza,Coah.,24,Parras,134,La Cueva Ahumada,R,"25°29´25.360N""","102°17´21.358W""",25.490377,-102.289266,1508,G13D39,0,0,0,0
50240138,,5,Coahuila de Zaragoza,Coah.,24,Parras,138,La Encantada,R,"25°45´45.696N""","102°12´29.596W""",25.762693,-102.208221,1123,G13D19,0,0,0,0
50240139,,5,Coahuila de Zaragoza,Coah.,24,Parras,139,Encinillas,R,"25°26´30.650N""","102°01´48.560W""",25.441847,-102.030155,1581,G13D39,0,0,0,0
50240143,,5,Coahuila de Zaragoza,Coah.,24,Parras,143,Héroes de la Revolución,R,"25°14´34.852N""","102°31´04.066W""",25.243014,-102.517795,1122,G13D48,3,3,0,3
50240146,,5,Coahuila de Zaragoza,Coah.,24,Parras,146,Lagunilla,R,"25°27´51.079N""","101°52´08.345W""",25.464189,-101.868984,1490,G14C31,4,*,*,2
50240147,,5,Coahuila de Zaragoza,Coah.,24,Parras,147,Las Liebres,R,"25°47´50.207N""","101°54´06.706W""",25.797279,-101.901863,1133,G14C11,3,*,*,1
50240152,,5,Coahuila de Zaragoza,Coah.,24,Parras,152,El Milagro (San Francisco),R,"25°46´09.099N""","102°10´04.149W""",25.769194,-102.167819,1124,G13D19,3,*,*,2
50240154,,5,Coahuila de Zaragoza,Coah.,24,Parras,154,Navidad,R,"25°45´33.479N""","102°09´09.699W""",25.7593,-102.152694,1128,G13D19,4,*,*,1
50240155,,5,Coahuila de Zaragoza,Coah.,24,Parras,155,Los Tajos,R,"25°25´11.373N""","102°08´50.449W""",25.419825,-102.147347,1576,G13D39,0,0,0,0
50240159,,5,Coahuila de Zaragoza,Coah.,24,Parras,159,La Pila (La Encantada),R,"25°29´31.036N""","102°10´35.962W""",25.491954,-102.176655,1410,G13D39,0,0,0,0
50240161,,5,Coahuila de Zaragoza,Coah.,24,Parras,161,Providencia (Maravillas Uno),R,"25°46´06.218N""","102°17´29.548W""",25.768393,-102.291541,1109,G13D19,49,27,22,10
50240165,,5,Coahuila de Zaragoza,Coah.,24,Parras,165,El Retiro,R,"25°47´02.031N""","102°14´00.110W""",25.783897,-102.233364,1111,G13D19,0,0,0,0
50240168,,5,Coahuila de Zaragoza,Coah.,24,Parras,168,El Romeral,R,"25°36´53.758N""","102°09´46.199W""",25.614933,-102.162833,1222,G13D29,0,0,0,0
50240169,,5,Coahuila de Zaragoza,Coah.,24,Parras,169,El Sacramento (Sacramento de la Jarosa),R,"25°43´54.319N""","102°09´03.020W""",25.731755,-102.150839,1142,G13D29,105,54,51,24
50240170,,5,Coahuila de Zaragoza,Coah.,24,Parras,170,La Salada,R,"25°38´59.128N""","101°55´34.761W""",25.649757,-101.926322,1181,G14C21,0,0,0,0
50240172,,5,Coahuila de Zaragoza,Coah.,24,Parras,172,San Benito (San Roberto),R,"25°32´00.146N""","102°19´52.616W""",25.533374,-102.331282,1394,G13D29,0,0,0,0
50240173,,5,Coahuila de Zaragoza,Coah.,24,Parras,173,Ciénega del Carmen,R,"25°33´48.272N""","101°58´14.779W""",25.563409,-101.970771,1289,G14C21,1,*,*,1
50240174,,5,Coahuila de Zaragoza,Coah.,24,Parras,174,San Ignacio,R,"25°45´11.496N""","102°18´56.948W""",25.753193,-102.315819,1106,G13D19,0,0,0,0
50240175,,5,Coahuila de Zaragoza,Coah.,24,Parras,175,El Oasis,R,"25°42´55.280N""","102°18´24.180W""",25.715356,-102.306717,1116,G13D29,0,0,0,0
50240176,,5,Coahuila de Zaragoza,Coah.,24,Parras,176,San Lorenzo,R,"25°31´23.649N""","102°11´42.460W""",25.523235,-102.195127,1333,G13D29,448,240,208,116
50240177,,5,Coahuila de Zaragoza,Coah.,24,Parras,177,Santa Paulina,R,"25°46´15.549N""","102°15´41.261W""",25.770985,-102.261461,1115,G13D19,1,*,*,1
50240179,,5,Coahuila de Zaragoza,Coah.,24,Parras,179,Pomona II (San Miguel),R,"25°44´40.307N""","102°18´21.056W""",25.744529,-102.305849,1110,G13D29,0,0,0,0
50240180,,5,Coahuila de Zaragoza,Coah.,24,Parras,180,San Rafael de los Taráis,R,"25°23´51.299N""","102°26´33.209W""",25.397583,-102.442558,1514,G13D38,0,0,0,0
50240181,,5,Coahuila de Zaragoza,Coah.,24,Parras,181,Santa Edwviges (Los González),R,"25°33´12.899N""","102°09´14.680W""",25.553583,-102.154078,1287,G13D29,5,*,*,1
50240182,,5,Coahuila de Zaragoza,Coah.,24,Parras,182,Santa María del Carmen,R,"25°37´46.991N""","101°54´50.202W""",25.629719,-101.913945,1195,G14C21,0,0,0,0
50240183,,5,Coahuila de Zaragoza,Coah.,24,Parras,183,Santa Rosa (La Paila),R,"25°44´17.198N""","101°59´41.572W""",25.73811,-101.994881,1133,G14C21,0,0,0,0
50240190,,5,Coahuila de Zaragoza,Coah.,24,Parras,190,El Toboso,R,"25°44´07.649N""","102°20´37.510W""",25.735458,-102.343752,1103,G13D28,0,0,0,0
50240196,,5,Coahuila de Zaragoza,Coah.,24,Parras,196,El Venado,R,"25°28´06.650N""","101°58´11.267W""",25.468513,-101.969796,1639,G14C31,0,0,0,0
50240199,,5,Coahuila de Zaragoza,Coah.,24,Parras,199,El Zorrillo,R,"25°23´40.706N""","102°15´41.490W""",25.39464,-102.261525,1980,G13D39,0,0,0,0
50240203,,5,Coahuila de Zaragoza,Coah.,24,Parras,203,Sabanilla Dos (Sabanilla del Tapón),R,"25°00´08.021N""","101°47´52.273W""",25.002228,-101.797853,1605,G14C41,23,16,7,9
50240205,,5,Coahuila de Zaragoza,Coah.,24,Parras,205,El Saucillo,R,"25°28´23.393N""","101°51´25.363W""",25.473164,-101.857045,1430,G14C31,17,7,10,6
50240206,,5,Coahuila de Zaragoza,Coah.,24,Parras,206,El Molino,R,"25°35´08.719N""","102°10´29.939W""",25.585755,-102.174982,1260,G13D29,0,0,0,0
50240208,,5,Coahuila de Zaragoza,Coah.,24,Parras,208,San Vicente (Doña Pila),R,"25°39´27.579N""","102°15´21.369W""",25.657661,-102.255936,1150,G13D29,1,*,*,1
50240209,,5,Coahuila de Zaragoza,Coah.,24,Parras,209,El Nogal,R,"25°44´57.636N""","102°12´27.741W""",25.749343,-102.207706,1129,G13D29,14,10,4,4
50240212,,5,Coahuila de Zaragoza,Coah.,24,Parras,212,Santa María de las Esperanzas,R,"25°37´57.332N""","102°07´46.384W""",25.632592,-102.12955,1200,G13D29,90,43,47,23
50240214,,5,Coahuila de Zaragoza,Coah.,24,Parras,214,Palo Verde,R,"25°32´45.160N""","102°10´15.149W""",25.545877,-102.170874,1290,G13D29,0,0,0,0
50240217,,5,Coahuila de Zaragoza,Coah.,24,Parras,217,El Corral de Elvira,R,"25°26´42.540N""","102°09´41.900W""",25.44515,-102.161639,1506,G13D39,0,0,0,0
50240220,,5,Coahuila de Zaragoza,Coah.,24,Parras,220,Tanque de Manchuria,R,"25°07´39.100N""","102°17´28.330W""",25.127527,-102.291202,1240,G13D49,0,0,0,0
50240223,,5,Coahuila de Zaragoza,Coah.,24,Parras,223,General Cruz Maltos,R,"25°08´19.664N""","102°21´38.009W""",25.138795,-102.360558,1231,G13D48,0,0,0,0
50240225,,5,Coahuila de Zaragoza,Coah.,24,Parras,225,La Vega,R,"25°39´08.113N""","101°57´04.093W""",25.652254,-101.951137,1179,G14C21,88,43,45,24
50240227,,5,Coahuila de Zaragoza,Coah.,24,Parras,227,El Alazán,R,"25°45´08.161N""","102°09´14.767W""",25.752267,-102.154102,1130,G13D19,0,0,0,0
50240230,,5,Coahuila de Zaragoza,Coah.,24,Parras,230,El Barreal,R,"25°39´44.510N""","102°16´22.860W""",25.662364,-102.273016,1140,G13D29,22,*,*,2
50240238,,5,Coahuila de Zaragoza,Coah.,24,Parras,238,El Gran Chaparral,R,"25°40´23.949N""","102°26´15.129W""",25.673319,-102.437536,1110,G13D28,1,*,*,1
50240243,,5,Coahuila de Zaragoza,Coah.,24,Parras,243,Las Esperanzas,R,"25°42´08.849N""","102°10´33.039W""",25.702458,-102.175844,1155,G13D29,2,*,*,1
50240247,,5,Coahuila de Zaragoza,Coah.,24,Parras,247,Las Garzas,R,"25°41´11.432N""","102°20´41.573W""",25.686509,-102.344881,1116,G13D28,0,0,0,0
50240248,,5,Coahuila de Zaragoza,Coah.,24,Parras,248,Las Gordas (Las Conchas),R,"25°37´46.599N""","102°09´26.539W""",25.62961,-102.157372,1208,G13D29,92,48,44,22
50240249,,5,Coahuila de Zaragoza,Coah.,24,Parras,249,Pequeña Coss,R,"25°36´55.313N""","102°37´16.105W""",25.615365,-102.62114,1110,G13D28,0,0,0,0
50240255,,5,Coahuila de Zaragoza,Coah.,24,Parras,255,Palos Altos,R,"25°01´46.527N""","101°43´16.278W""",25.02959,-101.721188,1592,G14C41,4,4,0,3
50240256,,5,Coahuila de Zaragoza,Coah.,24,Parras,256,Parras el Alto (La Hacienda),R,"25°22´07.231N""","101°54´30.471W""",25.368675,-101.908464,1692,G14C31,0,0,0,0
50240264,,5,Coahuila de Zaragoza,Coah.,24,Parras,264,San Francisco (Las Conchas),R,"25°45´23.130N""","102°12´54.740W""",25.756425,-102.215206,1124,G13D19,0,0,0,0
50240267,,5,Coahuila de Zaragoza,Coah.,24,Parras,267,El Triunfo (Shangay),R,"25°44´08.370N""","102°04´22.007W""",25.735658,-102.072779,1136,G13D29,0,0,0,0
50240268,,5,Coahuila de Zaragoza,Coah.,24,Parras,268,La Soledad,R,"25°31´58.360N""","102°05´17.940W""",25.532877,-102.088316,1363,G13D29,2,*,*,1
50240273,,5,Coahuila de Zaragoza,Coah.,24,Parras,273,El Vado,R,"25°40´11.440N""","102°21´58.240W""",25.669844,-102.366178,1129,G13D28,1,*,*,1
50240274,,5,Coahuila de Zaragoza,Coah.,24,Parras,274,La Herradura,R,"25°00´08.539N""","101°36´26.120W""",25.002372,-101.607256,1816,G14C42,0,0,0,0
50240275,,5,Coahuila de Zaragoza,Coah.,24,Parras,275,Santa Isabel y Santa Rita Dos,R,"25°36´35.099N""","102°11´23.819W""",25.60975,-102.189949,1222,G13D29,7,*,*,2
50240276,,5,Coahuila de Zaragoza,Coah.,24,Parras,276,Los Arrepentidos,R,"25°43´33.669N""","102°15´53.030W""",25.726019,-102.264731,1125,G13D29,0,0,0,0
50240278,,5,Coahuila de Zaragoza,Coah.,24,Parras,278,Santa Librada,R,"25°42´51.532N""","102°17´13.282W""",25.714314,-102.287022,1122,G13D29,12,*,*,2
50240279,,5,Coahuila de Zaragoza,Coah.,24,Parras,279,El No que No,R,"25°45´03.506N""","102°00´42.624W""",25.750974,-102.01184,1130,G13D19,1,*,*,1
50240280,,5,Coahuila de Zaragoza,Coah.,24,Parras,280,La Trinidad (El Valle),R,"25°46´39.399N""","102°12´31.479W""",25.77761,-102.208744,1118,G13D19,4,*,*,2
50240282,,5,Coahuila de Zaragoza,Coah.,24,Parras,282,Los Castro,R,"25°21´37.419N""","101°54´42.390W""",25.360394,-101.911775,1695,G14C31,17,10,7,5
50240284,,5,Coahuila de Zaragoza,Coah.,24,Parras,284,Los Pirineos,R,"25°32´53.729N""","102°10´38.619W""",25.548258,-102.177394,1290,G13D29,0,0,0,0
50240289,,5,Coahuila de Zaragoza,Coah.,24,Parras,289,Los Refugios,R,"26°00´39.274N""","102°10´22.677W""",26.010909,-102.172965,1208,G13B89,0,0,0,0
50240299,,5,Coahuila de Zaragoza,Coah.,24,Parras,299,El Cuervo,R,"25°03´55.630N""","101°35´01.089W""",25.065453,-101.583636,1920,G14C42,1,*,*,1
50240300,,5,Coahuila de Zaragoza,Coah.,24,Parras,300,La Pepeñita,R,"25°34´53.389N""","102°29´10.060W""",25.581496,-102.486127,1219,G13D28,0,0,0,0
50240303,,5,Coahuila de Zaragoza,Coah.,24,Parras,303,Quinta Palmira,R,"25°22´27.801N""","101°48´56.052W""",25.374389,-101.81557,1598,G14C31,0,0,0,0
50240305,,5,Coahuila de Zaragoza,Coah.,24,Parras,305,Loma Bonita (Felipe Reyna),R,"25°38´53.010N""","101°57´36.068W""",25.648058,-101.960019,1182,G14C21,3,*,*,2
50240306,,5,Coahuila de Zaragoza,Coah.,24,Parras,306,Sombreretillo,R,"25°19´33.037N""","101°46´41.799W""",25.325843,-101.778277,1832,G14C31,0,0,0,0
50240307,,5,Coahuila de Zaragoza,Coah.,24,Parras,307,Loma Bonita,R,"25°39´02.980N""","101°58´07.730W""",25.650828,-101.968813,1182,G14C21,3,*,*,1
50240308,,5,Coahuila de Zaragoza,Coah.,24,Parras,308,La Majada de la Ternera,R,"24°53´12.938N""","101°43´20.012W""",24.886927,-101.722225,1932,G14C51,0,0,0,0
50240309,,5,Coahuila de Zaragoza,Coah.,24,Parras,309,Cerros Güeros,R,"24°56´02.909N""","101°30´14.808W""",24.934141,-101.504113,1709,G14C52,1,*,*,1
50240310,,5,Coahuila de Zaragoza,Coah.,24,Parras,310,La Majada de Margarito,R,"25°03´03.648N""","101°27´33.252W""",25.051013,-101.459237,2148,G14C42,1,*,*,1
50240311,,5,Coahuila de Zaragoza,Coah.,24,Parras,311,Los Desmontes,R,"25°03´30.541N""","101°32´47.005W""",25.058484,-101.54639,1950,G14C42,0,0,0,0
50240312,,5,Coahuila de Zaragoza,Coah.,24,Parras,312,Las Playas,R,"25°08´21.500N""","101°37´21.389W""",25.139305,-101.622607,2264,G14C42,1,*,*,1
50240313,,5,Coahuila de Zaragoza,Coah.,24,Parras,313,Desmonte el Venado,R,"25°02´40.728N""","101°32´58.177W""",25.044646,-101.549493,1966,G14C42,0,0,0,0
50240314,,5,Coahuila de Zaragoza,Coah.,24,Parras,314,Valle de la Gracia (Juan Berlanga),R,"25°04´40.019N""","101°38´58.830W""",25.077782,-101.649675,1817,G14C42,0,0,0,0
50240315,,5,Coahuila de Zaragoza,Coah.,24,Parras,315,Vicente García,R,"25°03´44.442N""","101°48´43.793W""",25.062345,-101.812165,1524,G14C41,0,0,0,0
50240316,,5,Coahuila de Zaragoza,Coah.,24,Parras,316,La Barranca,R,"25°04´06.005N""","101°50´42.725W""",25.068334,-101.845201,1500,G14C41,0,0,0,0
50240317,,5,Coahuila de Zaragoza,Coah.,24,Parras,317,Las Parcelas,R,"25°03´13.371N""","101°47´44.840W""",25.053714,-101.795789,1552,G14C41,0,0,0,0
50240319,,5,Coahuila de Zaragoza,Coah.,24,Parras,319,La Difunta,R,"25°11´40.995N""","101°42´42.066W""",25.194721,-101.711685,2040,G14C41,0,0,0,0
50240320,,5,Coahuila de Zaragoza,Coah.,24,Parras,320,La Panocha,R,"25°13´27.098N""","101°43´43.628W""",25.224193,-101.728785,1915,G14C41,0,0,0,0
50240321,,5,Coahuila de Zaragoza,Coah.,24,Parras,321,Piloncillos,R,"25°11´40.161N""","101°44´29.498W""",25.194489,-101.741527,1962,G14C41,0,0,0,0
50240323,,5,Coahuila de Zaragoza,Coah.,24,Parras,323,Ascensión Ramírez,R,"25°16´57.103N""","101°48´21.277W""",25.282528,-101.80591,1892,G14C31,6,*,*,2
50240325,,5,Coahuila de Zaragoza,Coah.,24,Parras,325,San Antonio,R,"25°22´18.138N""","101°48´11.489W""",25.371704,-101.803191,1619,G14C31,0,0,0,0
50240326,,5,Coahuila de Zaragoza,Coah.,24,Parras,326,El Tunal,R,"25°19´01.039N""","101°53´50.579W""",25.316955,-101.897383,1863,G14C31,0,0,0,0
50240327,,5,Coahuila de Zaragoza,Coah.,24,Parras,327,Pedro Delgado Muñoz,R,"25°21´15.580N""","101°55´40.010W""",25.354328,-101.92778,1697,G14C31,0,0,0,0
50240328,,5,Coahuila de Zaragoza,Coah.,24,Parras,328,El Potrero,R,"25°22´13.915N""","101°56´44.282W""",25.370531,-101.945634,1690,G14C31,0,0,0,0
50240329,,5,Coahuila de Zaragoza,Coah.,24,Parras,329,La Norita,R,"25°23´04.764N""","101°57´26.944W""",25.384656,-101.957484,1698,G14C31,0,0,0,0
50240330,,5,Coahuila de Zaragoza,Coah.,24,Parras,330,Los Gatica,R,"25°23´38.074N""","101°57´24.880W""",25.393909,-101.956911,1689,G14C31,0,0,0,0
50240332,,5,Coahuila de Zaragoza,Coah.,24,Parras,332,Casa Blanca,R,"25°37´32.199N""","101°54´35.409W""",25.62561,-101.909836,1199,G14C21,1,*,*,1
50240335,,5,Coahuila de Zaragoza,Coah.,24,Parras,335,La Carrera,R,"25°18´32.320N""","102°04´18.886W""",25.308978,-102.071912,1871,G13D39,0,0,0,0
50240336,,5,Coahuila de Zaragoza,Coah.,24,Parras,336,El Porvenir,R,"25°26´48.715N""","102°01´41.082W""",25.446865,-102.028078,1606,G13D39,0,0,0,0
50240337,,5,Coahuila de Zaragoza,Coah.,24,Parras,337,Ninguno [Operadora de Recursos Administrativos del Norte],R,"25°24´06.735N""","102°01´47.728W""",25.401871,-102.029924,1731,G13D39,0,0,0,0
50240338,,5,Coahuila de Zaragoza,Coah.,24,Parras,338,Ojuelos,R,"25°25´39.914N""","102°05´04.685W""",25.427753,-102.084634,1585,G13D39,1,*,*,1
50240341,,5,Coahuila de Zaragoza,Coah.,24,Parras,341,La Huerta,R,"25°29´54.160N""","102°15´23.039W""",25.498377,-102.2564,1411,G13D39,0,0,0,0
50240342,,5,Coahuila de Zaragoza,Coah.,24,Parras,342,Cerro Alto del Jazminal,R,"25°31´20.944N""","102°17´41.090W""",25.522484,-102.294747,1425,G13D29,1,*,*,1
50240344,,5,Coahuila de Zaragoza,Coah.,24,Parras,344,San Antonio,R,"25°18´56.146N""","102°29´55.580W""",25.315596,-102.498772,1118,G13D38,0,0,0,0
50240345,,5,Coahuila de Zaragoza,Coah.,24,Parras,345,Sofía,R,"25°27´15.286N""","102°38´53.239W""",25.454246,-102.648122,1091,G13D38,0,0,0,0
50240346,,5,Coahuila de Zaragoza,Coah.,24,Parras,346,El Corazón,R,"25°20´20.264N""","102°10´14.640W""",25.338962,-102.170733,1905,G13D39,0,0,0,0
50240347,,5,Coahuila de Zaragoza,Coah.,24,Parras,347,La Majada,R,"25°22´38.294N""","102°11´24.463W""",25.377303,-102.190128,1899,G13D39,2,*,*,1
50240348,,5,Coahuila de Zaragoza,Coah.,24,Parras,348,La Lima,R,"25°23´05.463N""","102°12´11.156W""",25.384851,-102.203099,1893,G13D39,0,0,0,0
50240350,,5,Coahuila de Zaragoza,Coah.,24,Parras,350,El Barbecho Grande,R,"25°31´24.727N""","102°24´28.027W""",25.523535,-102.407785,1352,G13D28,0,0,0,0
50240351,,5,Coahuila de Zaragoza,Coah.,24,Parras,351,San Antonio de los Ramos,R,"25°35´12.801N""","102°27´22.579W""",25.586889,-102.456272,1243,G13D28,0,0,0,0
50240354,,5,Coahuila de Zaragoza,Coah.,24,Parras,354,El Pozo,R,"25°37´30.150N""","102°36´58.895W""",25.625041,-102.61636,1106,G13D28,0,0,0,0
50240355,,5,Coahuila de Zaragoza,Coah.,24,Parras,355,La Herradura (La Victoria),R,"25°37´45.630N""","102°36´43.179W""",25.629341,-102.611994,1104,G13D28,0,0,0,0
50240358,,5,Coahuila de Zaragoza,Coah.,24,Parras,358,Las Norias de San Rafael,R,"25°40´51.370N""","102°26´43.860W""",25.680935,-102.445516,1099,G13D28,0,0,0,0
50240363,,5,Coahuila de Zaragoza,Coah.,24,Parras,363,La Vaquilla (Prudencio Cerda),R,"25°37´43.889N""","102°16´23.890W""",25.628857,-102.273302,1155,G13D29,0,0,0,0
50240364,,5,Coahuila de Zaragoza,Coah.,24,Parras,364,Fidel Cázares,R,"25°37´37.636N""","102°16´12.368W""",25.62712,-102.270102,1157,G13D29,0,0,0,0
50240365,,5,Coahuila de Zaragoza,Coah.,24,Parras,365,Manuel Guerrero,R,"25°38´39.471N""","102°15´10.855W""",25.644297,-102.253015,1156,G13D29,0,0,0,0
50240367,,5,Coahuila de Zaragoza,Coah.,24,Parras,367,San Esaú (Isaac Gallardo),R,"25°38´27.833N""","102°13´37.580W""",25.641064,-102.227105,1175,G13D29,6,*,*,1
50240370,,5,Coahuila de Zaragoza,Coah.,24,Parras,370,La Tintorera,R,"25°28´49.664N""","102°10´07.280W""",25.480462,-102.168688,1434,G13D39,0,0,0,0
50240371,,5,Coahuila de Zaragoza,Coah.,24,Parras,371,José Mata,R,"25°29´05.677N""","102°10´21.641W""",25.48491,-102.172677,1421,G13D39,0,0,0,0
50240372,,5,Coahuila de Zaragoza,Coah.,24,Parras,372,Dos Águilas,R,"25°30´19.339N""","102°11´00.849W""",25.505372,-102.183569,1364,G13D29,0,0,0,0
50240373,,5,Coahuila de Zaragoza,Coah.,24,Parras,373,El Manar,R,"25°32´47.634N""","102°11´07.947W""",25.546565,-102.185541,1297,G13D29,0,0,0,0
50240374,,5,Coahuila de Zaragoza,Coah.,24,Parras,374,El Romeral (Antonio Pérez Medina),R,"25°36´51.704N""","102°09´43.426W""",25.614362,-102.162063,1223,G13D29,2,*,*,1
50240375,,5,Coahuila de Zaragoza,Coah.,24,Parras,375,Santa Irene (San Judas),R,"25°35´26.449N""","102°10´28.410W""",25.59068,-102.174558,1250,G13D29,0,0,0,0
50240376,,5,Coahuila de Zaragoza,Coah.,24,Parras,376,San José de la Jaroza,R,"25°44´57.174N""","102°09´10.601W""",25.749215,-102.152945,1131,G13D29,1,*,*,1
50240377,,5,Coahuila de Zaragoza,Coah.,24,Parras,377,El General (La Jococa),R,"25°46´07.696N""","101°59´48.424W""",25.768804,-101.996784,1127,G14C11,1,*,*,1
50240378,,5,Coahuila de Zaragoza,Coah.,24,Parras,378,Juan Guardiola (Chile Verde),R,"25°52´33.780N""","102°06´50.505W""",25.876049,-102.114029,1105,G13D19,0,0,0,0
50240379,,5,Coahuila de Zaragoza,Coah.,24,Parras,379,Javier Molina (Tanque Nuevo),R,"25°52´49.814N""","102°10´29.692W""",25.880503,-102.174914,1100,G13D19,0,0,0,0
50240380,,5,Coahuila de Zaragoza,Coah.,24,Parras,380,San Juan,R,"25°58´49.238N""","102°08´28.776W""",25.980343,-102.141326,1208,G13D19,0,0,0,0
50240382,,5,Coahuila de Zaragoza,Coah.,24,Parras,382,Las Bombas (Cristóbal Chávez),R,"25°30´24.069N""","102°14´34.929W""",25.506686,-102.243036,1385,G13D29,1,*,*,1
50240384,,5,Coahuila de Zaragoza,Coah.,24,Parras,384,Barrio Lomas de San Isidro,R,"25°27´22.359N""","102°13´29.039W""",25.456211,-102.224732,1483,G13D39,0,0,0,0
50240386,,5,Coahuila de Zaragoza,Coah.,24,Parras,386,Loma Espinosa,R,"25°27´55.990N""","102°12´07.340W""",25.465553,-102.202039,1458,G13D39,0,0,0,0
50240387,,5,Coahuila de Zaragoza,Coah.,24,Parras,387,El Delfín,R,"25°28´17.100N""","102°11´53.030W""",25.471416,-102.198064,1446,G13D39,2,*,*,1
50240388,,5,Coahuila de Zaragoza,Coah.,24,Parras,388,Francisco Fuantos,R,"25°28´32.490N""","102°12´29.180W""",25.475691,-102.208106,1432,G13D39,0,0,0,0
50240389,,5,Coahuila de Zaragoza,Coah.,24,Parras,389,Campirano,R,"25°28´59.109N""","102°11´46.550W""",25.483085,-102.196264,1423,G13D39,2,*,*,1
50240390,,5,Coahuila de Zaragoza,Coah.,24,Parras,390,Silvino Morales,R,"25°28´16.280N""","102°11´16.149W""",25.471188,-102.187819,1446,G13D39,0,0,0,0
50240391,,5,Coahuila de Zaragoza,Coah.,24,Parras,391,Rosalío García García,R,"25°28´03.709N""","102°08´43.029W""",25.467696,-102.145286,1462,G13D39,0,0,0,0
50240392,,5,Coahuila de Zaragoza,Coah.,24,Parras,392,El Mitote,R,"25°27´06.984N""","102°08´56.467W""",25.45194,-102.149018,1480,G13D39,0,0,0,0
50240394,,5,Coahuila de Zaragoza,Coah.,24,Parras,394,Salvador Rodríguez López (Santa Fe),R,"25°25´45.890N""","102°08´35.720W""",25.429413,-102.143255,1543,G13D39,0,0,0,0
50240395,,5,Coahuila de Zaragoza,Coah.,24,Parras,395,Pozo 2 [Caseta Simas],R,"25°24´57.184N""","102°11´24.101W""",25.415884,-102.190028,1632,G13D39,0,0,0,0
50240396,,5,Coahuila de Zaragoza,Coah.,24,Parras,396,Barrial del Ojo de Agua,R,"25°24´38.750N""","102°10´19.539W""",25.410764,-102.172094,1621,G13D39,2,*,*,1
50240397,,5,Coahuila de Zaragoza,Coah.,24,Parras,397,Fernando Orozco,R,"25°24´19.590N""","102°10´23.030W""",25.405442,-102.173063,1633,G13D39,2,*,*,1
50240398,,5,Coahuila de Zaragoza,Coah.,24,Parras,398,Versalles (Faustino Mendoza),R,"25°29´03.440N""","102°11´34.516W""",25.484289,-102.192921,1419,G13D39,0,0,0,0
50240399,,5,Coahuila de Zaragoza,Coah.,24,Parras,399,Mauricio,R,"25°27´17.209N""","102°10´14.030W""",25.45478,-102.170563,1490,G13D39,0,0,0,0
50240400,,5,Coahuila de Zaragoza,Coah.,24,Parras,400,La Encantada,R,"25°34´34.380N""","102°11´39.519W""",25.576216,-102.194311,1271,G13D29,4,*,*,1
50240401,,5,Coahuila de Zaragoza,Coah.,24,Parras,401,El Tanque Rojo,R,"25°42´24.140N""","102°11´06.020W""",25.706706,-102.185005,1152,G13D29,0,0,0,0
50240402,,5,Coahuila de Zaragoza,Coah.,24,Parras,402,El Brinquito,R,"25°39´15.040N""","102°31´46.195W""",25.654178,-102.529498,1117,G13D28,1,*,*,1
50240406,,5,Coahuila de Zaragoza,Coah.,24,Parras,406,Cuatro Hermanos (El Sol),R,"25°37´15.977N""","102°37´20.943W""",25.621104,-102.622484,1107,G13D28,31,16,15,12
50240407,,5,Coahuila de Zaragoza,Coah.,24,Parras,407,El Jaguar,R,"25°33´57.118N""","102°11´13.535W""",25.565866,-102.187093,1279,G13D29,1,*,*,1
50240408,,5,Coahuila de Zaragoza,Coah.,24,Parras,408,San Miguel el Alto,R,"25°21´47.406N""","101°49´40.456W""",25.363168,-101.827904,1637,G14C31,64,36,28,20
50240411,,5,Coahuila de Zaragoza,Coah.,24,Parras,411,La Paloma,R,"25°39´12.669N""","101°56´30.235W""",25.653519,-101.941732,1181,G14C21,0,0,0,0
50240412,,5,Coahuila de Zaragoza,Coah.,24,Parras,412,El Caprichito (Juan Ojeda),R,"25°39´08.416N""","101°56´18.443W""",25.652338,-101.938456,1183,G14C21,1,*,*,1
50240413,,5,Coahuila de Zaragoza,Coah.,24,Parras,413,La Hacienda,R,"25°39´28.370N""","101°52´54.660W""",25.657881,-101.881849,1185,G14C21,0,0,0,0
50240415,,5,Coahuila de Zaragoza,Coah.,24,Parras,415,Los Gavilanes,R,"25°29´07.352N""","101°57´03.850W""",25.485375,-101.951069,1599,G14C31,0,0,0,0
50240416,,5,Coahuila de Zaragoza,Coah.,24,Parras,416,Los Rodríguez,R,"25°32´16.505N""","102°08´48.871W""",25.537918,-102.146908,1312,G13D29,0,0,0,0
50240417,,5,Coahuila de Zaragoza,Coah.,24,Parras,417,Las Norias (Cristóbal González Alvarado),R,"25°31´00.270N""","102°14´16.599W""",25.516741,-102.237944,1368,G13D29,0,0,0,0
50240418,,5,Coahuila de Zaragoza,Coah.,24,Parras,418,El Kilo (La Cunetilla),R,"25°29´30.879N""","102°15´01.170W""",25.491911,-102.250325,1419,G13D39,4,*,*,1
50240419,,5,Coahuila de Zaragoza,Coah.,24,Parras,419,El Jazminal,R,"25°31´15.610N""","102°18´10.169W""",25.521002,-102.302825,1436,G13D29,0,0,0,0
50240421,,5,Coahuila de Zaragoza,Coah.,24,Parras,421,La Casita,R,"25°26´52.349N""","102°09´34.369W""",25.447874,-102.159547,1495,G13D39,0,0,0,0
50240422,,5,Coahuila de Zaragoza,Coah.,24,Parras,422,La Noria,R,"25°25´41.369N""","102°11´17.739W""",25.428157,-102.188261,1593,G13D39,1,*,*,1
50240423,,5,Coahuila de Zaragoza,Coah.,24,Parras,423,El Patolillo,R,"25°32´35.230N""","102°05´18.687W""",25.543119,-102.088524,1361,G13D29,0,0,0,0
50240424,,5,Coahuila de Zaragoza,Coah.,24,Parras,424,Elsa,R,"25°39´09.196N""","102°32´02.262W""",25.652554,-102.533961,1118,G13D28,2,*,*,1
50240425,,5,Coahuila de Zaragoza,Coah.,24,Parras,425,Santa María (Las Esperanzas),R,"25°39´22.573N""","102°08´32.248W""",25.65627,-102.142291,1187,G13D29,4,*,*,2
50240426,,5,Coahuila de Zaragoza,Coah.,24,Parras,426,Valle de San José,R,"25°26´51.569N""","102°09´09.910W""",25.447658,-102.152753,1489,G13D39,0,0,0,0
50240427,,5,Coahuila de Zaragoza,Coah.,24,Parras,427,El Cuarto de Don Benjamín,R,"25°03´52.753N""","101°32´18.916W""",25.064654,-101.538587,1973,G14C42,1,*,*,1
50240428,,5,Coahuila de Zaragoza,Coah.,24,Parras,428,José Juan Rodríguez Moreno,R,"25°13´01.819N""","101°37´50.509W""",25.217171,-101.630696,2071,G14C42,0,0,0,0
50240433,,5,Coahuila de Zaragoza,Coah.,24,Parras,433,Pichichoelas,R,"24°59´49.016N""","101°49´30.856W""",24.996949,-101.825237,1605,G14C51,0,0,0,0
50240434,,5,Coahuila de Zaragoza,Coah.,24,Parras,434,El Área,R,"25°34´31.049N""","101°59´11.639W""",25.575291,-101.986566,1272,G14C21,0,0,0,0
50240435,,5,Coahuila de Zaragoza,Coah.,24,Parras,435,San Alejo (La Paila),R,"25°43´15.950N""","101°59´12.732W""",25.721097,-101.98687,1144,G14C21,0,0,0,0
50240437,,5,Coahuila de Zaragoza,Coah.,24,Parras,437,San Luis,R,"26°03´04.028N""","101°50´09.860W""",26.051119,-101.836072,1375,G14A81,0,0,0,0
50240438,,5,Coahuila de Zaragoza,Coah.,24,Parras,438,Tres de Marzo,R,"26°00´37.175N""","101°48´06.519W""",26.010326,-101.801811,1388,G14A81,0,0,0,0
50240439,,5,Coahuila de Zaragoza,Coah.,24,Parras,439,Cuatro Caminos,R,"25°45´32.934N""","102°20´52.536W""",25.759148,-102.347926,1100,G13D18,0,0,0,0
50240440,,5,Coahuila de Zaragoza,Coah.,24,Parras,440,Rancho Ganadero Hans,R,"25°51´12.110N""","102°32´14.439W""",25.853364,-102.537344,1087,G13D18,0,0,0,0
50240441,,5,Coahuila de Zaragoza,Coah.,24,Parras,441,El Porvenir,R,"25°46´35.410N""","102°13´38.229W""",25.776502,-102.227285,1115,G13D19,0,0,0,0
50240442,,5,Coahuila de Zaragoza,Coah.,24,Parras,442,Rancho Grande,R,"25°45´10.223N""","102°08´51.234W""",25.75284,-102.147565,1130,G13D19,0,0,0,0
50240443,,5,Coahuila de Zaragoza,Coah.,24,Parras,443,San Patricio,R,"25°46´08.366N""","102°14´05.085W""",25.76899,-102.234746,1118,G13D19,0,0,0,0
50240444,,5,Coahuila de Zaragoza,Coah.,24,Parras,444,Santa Elena,R,"25°45´50.149N""","102°13´55.710W""",25.76393,-102.232141,1120,G13D19,8,*,*,2
50240445,,5,Coahuila de Zaragoza,Coah.,24,Parras,445,El Tepehuaje,R,"25°46´01.778N""","102°17´09.723W""",25.76716,-102.286034,1110,G13D19,0,0,0,0
50240446,,5,Coahuila de Zaragoza,Coah.,24,Parras,446,La Bodega,R,"25°41´57.969N""","102°23´51.950W""",25.699436,-102.397764,1107,G13D28,0,0,0,0
50240447,,5,Coahuila de Zaragoza,Coah.,24,Parras,447,La Granja [Sociedad Productora de Leche y Cabrito],R,"25°36´50.453N""","102°38´26.618W""",25.614015,-102.640727,1102,G13D28,0,0,0,0
50240448,,5,Coahuila de Zaragoza,Coah.,24,Parras,448,El Pitayo,R,"25°41´11.027N""","102°26´17.984W""",25.686396,-102.438329,1101,G13D28,0,0,0,0
50240449,,5,Coahuila de Zaragoza,Coah.,24,Parras,449,Rancho Ganadero Hans,R,"25°44´15.960N""","102°25´43.910W""",25.737766,-102.428863,1092,G13D28,0,0,0,0
50240451,,5,Coahuila de Zaragoza,Coah.,24,Parras,451,San José,R,"25°38´12.899N""","102°34´34.839W""",25.636916,-102.576344,1105,G13D28,2,*,*,1
50240452,,5,Coahuila de Zaragoza,Coah.,24,Parras,452,Nazario Luna,R,"25°33´45.509N""","102°25´14.584W""",25.562641,-102.420717,1290,G13D28,0,0,0,0
50240453,,5,Coahuila de Zaragoza,Coah.,24,Parras,453,Los Arenales,R,"25°29´57.689N""","102°15´01.969W""",25.499358,-102.250547,1403,G13D39,0,0,0,0
50240454,,5,Coahuila de Zaragoza,Coah.,24,Parras,454,Barrio del Refugio,R,"25°29´48.670N""","102°11´57.189W""",25.496852,-102.199219,1395,G13D39,0,0,0,0
50240455,,5,Coahuila de Zaragoza,Coah.,24,Parras,455,El Carmen,R,"25°28´26.450N""","102°12´07.369W""",25.474013,-102.202047,1439,G13D39,2,*,*,1
50240456,,5,Coahuila de Zaragoza,Coah.,24,Parras,456,Las Cruces,R,"25°27´04.298N""","102°03´20.211W""",25.451194,-102.055614,1542,G13D39,0,0,0,0
50240457,,5,Coahuila de Zaragoza,Coah.,24,Parras,457,Dos Hermanos,R,"25°26´06.420N""","102°05´28.219W""",25.435116,-102.091172,1562,G13D39,1,*,*,1
50240458,,5,Coahuila de Zaragoza,Coah.,24,Parras,458,La Gloria Escondida,R,"25°27´24.382N""","102°09´16.014W""",25.456773,-102.154448,1471,G13D39,0,0,0,0
50240459,,5,Coahuila de Zaragoza,Coah.,24,Parras,459,La Joya,R,"25°25´33.780N""","102°08´40.710W""",25.426049,-102.144641,1551,G13D39,0,0,0,0
50240460,,5,Coahuila de Zaragoza,Coah.,24,Parras,460,El Polvorín,R,"25°29´21.649N""","102°14´39.620W""",25.489347,-102.244339,1417,G13D39,1,*,*,1
50240461,,5,Coahuila de Zaragoza,Coah.,24,Parras,461,El Saucito,R,"25°28´02.839N""","102°12´36.889W""",25.467455,-102.210247,1448,G13D39,6,*,*,1
50240462,,5,Coahuila de Zaragoza,Coah.,24,Parras,462,Buena Fe,R,"25°26´20.168N""","102°08´42.205W""",25.438935,-102.145057,1512,G13D39,3,*,*,1
50240463,,5,Coahuila de Zaragoza,Coah.,24,Parras,463,Antonio González Ramos,R,"25°28´03.789N""","102°07´54.260W""",25.467719,-102.131738,1487,G13D39,0,0,0,0
50240464,,5,Coahuila de Zaragoza,Coah.,24,Parras,464,Tano Reina,R,"25°26´45.062N""","102°07´40.797W""",25.44585,-102.127999,1506,G13D39,0,0,0,0
50240465,,5,Coahuila de Zaragoza,Coah.,24,Parras,465,Gustavo Arriaga,R,"25°26´12.580N""","102°07´46.629W""",25.436827,-102.129619,1518,G13D39,0,0,0,0
50240466,,5,Coahuila de Zaragoza,Coah.,24,Parras,466,Humberto Luna,R,"25°23´25.030N""","102°00´31.788W""",25.390286,-102.00883,1733,G13D39,0,0,0,0
50240467,,5,Coahuila de Zaragoza,Coah.,24,Parras,467,El Álamo (Juan Alonso),R,"25°30´28.019N""","102°13´18.019W""",25.507783,-102.221671,1370,G13D29,0,0,0,0
50240468,,5,Coahuila de Zaragoza,Coah.,24,Parras,468,El Álamo (Silvestre Contreras),R,"25°30´28.599N""","102°13´12.110W""",25.507944,-102.22003,1369,G13D29,0,0,0,0
50240469,,5,Coahuila de Zaragoza,Coah.,24,Parras,469,La Cascajera (Lote 36 San Vicente),R,"25°39´16.588N""","102°15´43.021W""",25.654608,-102.26195,1148,G13D29,0,0,0,0
50240470,,5,Coahuila de Zaragoza,Coah.,24,Parras,470,El Cerro (El Mogote),R,"25°43´23.897N""","102°02´43.618W""",25.723304,-102.045449,1140,G13D29,0,0,0,0
50240471,,5,Coahuila de Zaragoza,Coah.,24,Parras,471,Guerrero,R,"25°33´24.515N""","102°11´21.697W""",25.55681,-102.18936,1289,G13D29,0,0,0,0
50240472,,5,Coahuila de Zaragoza,Coah.,24,Parras,472,La Joya,R,"25°30´20.132N""","102°17´47.070W""",25.505592,-102.296408,1471,G13D29,0,0,0,0
50240474,,5,Coahuila de Zaragoza,Coah.,24,Parras,474,Los Cuarteles,R,"25°30´39.679N""","102°13´52.880W""",25.511022,-102.231355,1368,G13D29,2,*,*,1
50240475,,5,Coahuila de Zaragoza,Coah.,24,Parras,475,Ernesto Medrano Gutiérrez,R,"25°33´26.216N""","102°12´21.091W""",25.557282,-102.205859,1298,G13D29,0,0,0,0
50240477,,5,Coahuila de Zaragoza,Coah.,24,Parras,477,Luis Macías,R,"25°30´22.820N""","102°14´24.519W""",25.506339,-102.240144,1382,G13D29,0,0,0,0
50240478,,5,Coahuila de Zaragoza,Coah.,24,Parras,478,Mario Segura,R,"25°33´34.096N""","102°11´15.415W""",25.559471,-102.187615,1285,G13D29,0,0,0,0
50240479,,5,Coahuila de Zaragoza,Coah.,24,Parras,479,José Viera Cerda,R,"25°38´36.504N""","102°17´26.610W""",25.643473,-102.290725,1143,G13D29,0,0,0,0
50240483,,5,Coahuila de Zaragoza,Coah.,24,Parras,483,Patagalana,R,"25°18´53.179N""","101°46´41.731W""",25.314772,-101.778258,1852,G14C31,0,0,0,0
50240484,,5,Coahuila de Zaragoza,Coah.,24,Parras,484,Hermilo Villalobos,R,"25°24´54.533N""","102°08´38.412W""",25.415148,-102.144003,1580,G13D39,0,0,0,0
50240485,,5,Coahuila de Zaragoza,Coah.,24,Parras,485,Rancho Ganadero Hans,R,"25°40´44.353N""","102°28´17.542W""",25.678986,-102.471539,1099,G13D28,0,0,0,0
50240486,,5,Coahuila de Zaragoza,Coah.,24,Parras,486,La Cebada,R,"24°49´13.951N""","101°34´28.132W""",24.820541,-101.57448,1827,G14C52,0,0,0,0
50240487,,5,Coahuila de Zaragoza,Coah.,24,Parras,487,Cerritos Blancos,R,"24°48´37.193N""","101°35´20.738W""",24.810331,-101.589094,1904,G14C52,2,*,*,1
50240488,,5,Coahuila de Zaragoza,Coah.,24,Parras,488,El Diablo,R,"25°02´55.676N""","101°58´13.053W""",25.048799,-101.970292,1481,G14C41,1,*,*,1
50240489,,5,Coahuila de Zaragoza,Coah.,24,Parras,489,La Morita,R,"24°49´06.609N""","101°35´35.643W""",24.818502,-101.593234,1889,G14C52,53,34,19,12
50240490,,5,Coahuila de Zaragoza,Coah.,24,Parras,490,La Boquilla,R,"24°50´33.290N""","101°34´51.357W""",24.84258,-101.580932,1814,G14C52,0,0,0,0
50240491,,5,Coahuila de Zaragoza,Coah.,24,Parras,491,San Valentín,R,"25°25´23.459N""","102°07´55.739W""",25.423182,-102.132149,1551,G13D39,1,*,*,1
50240492,,5,Coahuila de Zaragoza,Coah.,24,Parras,492,Catarino Olivares Magayán,R,"25°25´46.316N""","102°07´16.581W""",25.429532,-102.121272,1538,G13D39,0,0,0,0
50240493,,5,Coahuila de Zaragoza,Coah.,24,Parras,493,Heriberto de la Rosa Arroyo,R,"25°26´28.240N""","102°08´27.669W""",25.441177,-102.141019,1510,G13D39,0,0,0,0
50240494,,5,Coahuila de Zaragoza,Coah.,24,Parras,494,La Majada (José de Jesús Venegas Fuantos),R,"25°26´29.201N""","102°06´04.225W""",25.441444,-102.101174,1541,G13D39,0,0,0,0
50240495,,5,Coahuila de Zaragoza,Coah.,24,Parras,495,La Tomatera,R,"25°27´18.483N""","102°08´05.229W""",25.455134,-102.134786,1484,G13D39,4,*,*,1
50240496,,5,Coahuila de Zaragoza,Coah.,24,Parras,496,Ninguno [Especies y Condimentos del Semidesierto],R,"25°39´09.686N""","102°32´06.386W""",25.652691,-102.535107,1118,G13D28,0,0,0,0
50240497,,5,Coahuila de Zaragoza,Coah.,24,Parras,497,San Jorge,R,"25°43´41.963N""","102°21´12.814W""",25.728322,-102.353559,1103,G13D28,7,3,4,3
50240498,,5,Coahuila de Zaragoza,Coah.,24,Parras,498,El Manantial,R,"25°45´11.930N""","102°20´45.340W""",25.753314,-102.345927,1100,G13D18,5,*,*,1
50240499,,5,Coahuila de Zaragoza,Coah.,24,Parras,499,4 Ángeles,R,"25°36´13.470N""","102°08´40.470W""",25.603742,-102.144575,1229,G13D29,0,0,0,0
50240500,,5,Coahuila de Zaragoza,Coah.,24,Parras,500,Gerardo González Elicerio,R,"25°41´33.844N""","102°05´03.075W""",25.692734,-102.084187,1156,G13D29,7,*,*,1
50240501,,5,Coahuila de Zaragoza,Coah.,24,Parras,501,Parras Valley Tomatoes,R,"25°31´43.016N""","102°11´13.453W""",25.528615,-102.18707,1359,G13D29,0,0,0,0
50240502,,5,Coahuila de Zaragoza,Coah.,24,Parras,502,Loma Linda [Sociedad Penial Agro],R,"25°38´13.015N""","101°58´30.794W""",25.636948,-101.97522,1196,G14C21,0,0,0,0
50240503,,5,Coahuila de Zaragoza,Coah.,24,Parras,503,Santa Lucia,R,"25°38´37.182N""","101°58´55.690W""",25.643661,-101.982135,1190,G14C21,1,*,*,1
50240504,,5,Coahuila de Zaragoza,Coah.,24,Parras,504,El Arco,R,"25°24´57.270N""","102°04´27.580W""",25.415908,-102.074327,1641,G13D39,0,0,0,0
50240505,,5,Coahuila de Zaragoza,Coah.,24,Parras,505,El Profe,R,"25°24´29.540N""","102°04´31.636W""",25.408206,-102.075454,1663,G13D39,1,*,*,1
50240506,,5,Coahuila de Zaragoza,Coah.,24,Parras,506,Monsivais,R,"25°24´30.607N""","102°04´35.388W""",25.408502,-102.076496,1663,G13D39,5,*,*,1
50240507,,5,Coahuila de Zaragoza,Coah.,24,Parras,507,El Bosque,R,"25°28´23.709N""","102°09´28.060W""",25.473252,-102.157794,1452,G13D39,0,0,0,0
50240508,,5,Coahuila de Zaragoza,Coah.,24,Parras,508,Heriberto de la Rosa Córdova,R,"25°28´14.710N""","102°08´55.960W""",25.470752,-102.148877,1459,G13D39,0,0,0,0
50240509,,5,Coahuila de Zaragoza,Coah.,24,Parras,509,El Bosque,R,"25°27´51.800N""","102°08´50.540W""",25.464389,-102.147372,1464,G13D39,0,0,0,0
50240510,,5,Coahuila de Zaragoza,Coah.,24,Parras,510,Alfredo Tello Ibarra,R,"25°27´48.447N""","102°08´45.356W""",25.463458,-102.145932,1466,G13D39,0,0,0,0
50240511,,5,Coahuila de Zaragoza,Coah.,24,Parras,511,El Papalote (Raymundo Beltrán Esquivel),R,"25°27´03.283N""","102°08´06.543W""",25.450912,-102.135151,1491,G13D39,0,0,0,0
50240512,,5,Coahuila de Zaragoza,Coah.,24,Parras,512,Señor Puente,R,"25°27´04.880N""","102°07´56.480W""",25.451356,-102.132355,1496,G13D39,0,0,0,0
50240513,,5,Coahuila de Zaragoza,Coah.,24,Parras,513,Parras Cuatro,R,"25°26´46.990N""","102°08´13.260W""",25.446386,-102.137016,1496,G13D39,0,0,0,0
50240514,,5,Coahuila de Zaragoza,Coah.,24,Parras,514,Casa Blanca,R,"25°26´43.159N""","102°08´04.830W""",25.445322,-102.134675,1499,G13D39,9,*,*,1
50240515,,5,Coahuila de Zaragoza,Coah.,24,Parras,515,Quinta los Arenales,R,"25°26´43.114N""","102°07´56.453W""",25.445309,-102.132347,1500,G13D39,0,0,0,0
50240516,,5,Coahuila de Zaragoza,Coah.,24,Parras,516,José Magdaleno Rendón Sustaite,R,"25°26´51.900N""","102°07´50.700W""",25.44775,-102.130749,1500,G13D39,0,0,0,0
50240517,,5,Coahuila de Zaragoza,Coah.,24,Parras,517,Lorenzo Oviedo,R,"25°26´51.225N""","102°07´36.660W""",25.447562,-102.126849,1509,G13D39,0,0,0,0
50240518,,5,Coahuila de Zaragoza,Coah.,24,Parras,518,La Pila,R,"25°26´42.140N""","102°07´24.910W""",25.445039,-102.123585,1522,G13D39,0,0,0,0
50240519,,5,Coahuila de Zaragoza,Coah.,24,Parras,519,Iván de Jesús López Moreno,R,"25°26´44.895N""","102°07´34.023W""",25.445804,-102.126117,1518,G13D39,0,0,0,0
50240520,,5,Coahuila de Zaragoza,Coah.,24,Parras,520,Los Arenales,R,"25°26´33.869N""","102°08´04.546W""",25.442741,-102.134596,1505,G13D39,0,0,0,0
50240521,,5,Coahuila de Zaragoza,Coah.,24,Parras,521,Durazno Sur,R,"25°26´39.316N""","102°07´03.694W""",25.444254,-102.117692,1538,G13D39,0,0,0,0
50240522,,5,Coahuila de Zaragoza,Coah.,24,Parras,522,Martín Velázquez Puente,R,"25°26´45.032N""","102°06´17.919W""",25.445842,-102.104978,1532,G13D39,0,0,0,0
50240523,,5,Coahuila de Zaragoza,Coah.,24,Parras,523,San Juditas,R,"25°26´31.880N""","102°06´04.750W""",25.442189,-102.101319,1539,G13D39,1,*,*,1
50240524,,5,Coahuila de Zaragoza,Coah.,24,Parras,524,Candelario Osoria,R,"25°24´41.125N""","102°04´11.026W""",25.411424,-102.069729,1653,G13D39,0,0,0,0
50240525,,5,Coahuila de Zaragoza,Coah.,24,Parras,525,Bosque Encinos,R,"25°32´15.450N""","102°06´09.410W""",25.537625,-102.102614,1347,G13D29,0,0,0,0
50240526,,5,Coahuila de Zaragoza,Coah.,24,Parras,526,El Centenario,R,"25°32´00.402N""","102°05´59.778W""",25.533445,-102.099938,1356,G13D29,4,*,*,1
50240528,,5,Coahuila de Zaragoza,Coah.,24,Parras,528,El Cielo (Rodrigo Torres Ramírez),R,"25°25´45.930N""","102°08´43.480W""",25.429424,-102.145411,1539,G13D39,0,0,0,0
50240529,,5,Coahuila de Zaragoza,Coah.,24,Parras,529,Salvador Chávez,R,"25°30´20.410N""","102°13´03.572W""",25.505669,-102.217658,1372,G13D29,1,*,*,1
50240530,,5,Coahuila de Zaragoza,Coah.,24,Parras,530,Gerardo Fuantos,R,"25°29´16.410N""","102°14´32.820W""",25.487891,-102.24245,1418,G13D39,3,*,*,1
50240531,,5,Coahuila de Zaragoza,Coah.,24,Parras,531,El Murillo,R,"25°36´49.865N""","102°09´39.318W""",25.613851,-102.160922,1224,G13D29,5,*,*,1
50240532,,5,Coahuila de Zaragoza,Coah.,24,Parras,532,Paulino González,R,"25°37´12.010N""","102°09´18.320W""",25.620002,-102.155089,1218,G13D29,0,0,0,0
50240533,,5,Coahuila de Zaragoza,Coah.,24,Parras,533,San Charbel,R,"25°23´56.541N""","102°00´59.897W""",25.399039,-102.016638,1714,G13D39,0,0,0,0
50240534,,5,Coahuila de Zaragoza,Coah.,24,Parras,534,La Sotolera,R,"25°36´58.550N""","102°09´40.200W""",25.616264,-102.161167,1221,G13D29,0,0,0,0
50240535,,5,Coahuila de Zaragoza,Coah.,24,Parras,535,El Arco (Marcelo Infante),R,"25°25´05.500N""","102°04´28.260W""",25.418194,-102.074516,1631,G13D39,0,0,0,0
50240536,,5,Coahuila de Zaragoza,Coah.,24,Parras,536,Manuel Cerda,R,"25°23´53.100N""","102°00´35.450W""",25.398083,-102.009847,1710,G13D39,0,0,0,0
50240537,,5,Coahuila de Zaragoza,Coah.,24,Parras,537,Cipriano Ortiz López,R,"25°26´19.370N""","102°05´10.180W""",25.438714,-102.086161,1570,G13D39,0,0,0,0
50240538,,5,Coahuila de Zaragoza,Coah.,24,Parras,538,Jesús Zúñiga,R,"25°26´12.480N""","102°05´51.000W""",25.4368,-102.0975,1558,G13D39,0,0,0,0
50240539,,5,Coahuila de Zaragoza,Coah.,24,Parras,539,José Luis Torres,R,"25°25´57.810N""","102°05´20.260W""",25.432724,-102.088961,1571,G13D39,0,0,0,0
50240540,,5,Coahuila de Zaragoza,Coah.,24,Parras,540,Don Nico,R,"25°25´54.440N""","102°05´16.570W""",25.431788,-102.087936,1580,G13D39,0,0,0,0
50240541,,5,Coahuila de Zaragoza,Coah.,24,Parras,541,Enrique Martínez,R,"25°25´10.210N""","102°05´12.980W""",25.419502,-102.086939,1611,G13D39,0,0,0,0
50240542,,5,Coahuila de Zaragoza,Coah.,24,Parras,542,Rubén Chávez Santana,R,"25°25´12.080N""","102°04´55.420W""",25.420022,-102.08206,1614,G13D39,1,*,*,1
50240543,,5,Coahuila de Zaragoza,Coah.,24,Parras,543,La Alcantarilla,R,"25°24´54.880N""","102°05´03.450W""",25.415244,-102.084291,1626,G13D39,0,0,0,0
50240544,,5,Coahuila de Zaragoza,Coah.,24,Parras,544,El Arco,R,"25°24´56.120N""","102°04´19.200W""",25.415589,-102.071999,1633,G13D39,0,0,0,0
50240545,,5,Coahuila de Zaragoza,Coah.,24,Parras,545,Jesús de la Garza,R,"25°24´53.150N""","102°04´52.100W""",25.414764,-102.081138,1634,G13D39,0,0,0,0
50240546,,5,Coahuila de Zaragoza,Coah.,24,Parras,546,Santo Madero,R,"25°25´40.090N""","101°58´23.660W""",25.427802,-101.973238,1680,G14C31,0,0,0,0
50240547,,5,Coahuila de Zaragoza,Coah.,24,Parras,547,La Fiera (San Gerardo),R,"25°23´58.400N""","101°58´23.670W""",25.399555,-101.973241,1696,G14C31,3,*,*,1
50240548,,5,Coahuila de Zaragoza,Coah.,24,Parras,548,Las Albardas,R,"25°28´32.120N""","101°58´45.410W""",25.475588,-101.97928,1631,G14C31,0,0,0,0
50240549,,5,Coahuila de Zaragoza,Coah.,24,Parras,549,Manuel Medrano,R,"25°24´17.700N""","102°04´37.900W""",25.404917,-102.077194,1665,G13D39,0,0,0,0
50240550,,5,Coahuila de Zaragoza,Coah.,24,Parras,550,Antonio García Eliserio,R,"25°24´10.790N""","102°04´12.420W""",25.402997,-102.070116,1673,G13D39,0,0,0,0
50240551,,5,Coahuila de Zaragoza,Coah.,24,Parras,551,Marco Antonio,R,"25°29´02.610N""","101°59´51.620W""",25.484058,-101.997672,1616,G14C31,0,0,0,0
50240552,,5,Coahuila de Zaragoza,Coah.,24,Parras,552,El Durazno Segundo,R,"25°24´27.410N""","101°58´08.460W""",25.407614,-101.969016,1688,G14C31,0,0,0,0
50240554,,5,Coahuila de Zaragoza,Coah.,24,Parras,554,Rogelio de León,R,"25°35´44.410N""","102°10´01.070W""",25.595669,-102.166963,1241,G13D29,0,0,0,0
50240555,,5,Coahuila de Zaragoza,Coah.,24,Parras,555,José Verástegui,R,"25°33´02.698N""","102°27´30.028W""",25.550749,-102.458341,1258,G13D28,0,0,0,0
50240556,,5,Coahuila de Zaragoza,Coah.,24,Parras,556,Francisco Javier Salazar Solís,R,"25°39´13.210N""","101°54´19.520W""",25.653669,-101.905422,1179,G14C21,1,*,*,1
50240557,,5,Coahuila de Zaragoza,Coah.,24,Parras,557,José Ascención Contreras,R,"25°39´27.510N""","101°52´27.920W""",25.657642,-101.874422,1189,G14C21,12,*,*,1
50240558,,5,Coahuila de Zaragoza,Coah.,24,Parras,558,El Establo (Yolanda Sánchez Elías),R,"25°39´04.880N""","101°52´11.160W""",25.651356,-101.869766,1184,G14C21,3,*,*,1
50240559,,5,Coahuila de Zaragoza,Coah.,24,Parras,559,El Paraíso,R,"25°26´14.790N""","102°08´03.150W""",25.437441,-102.134208,1517,G13D39,2,*,*,1
50240560,,5,Coahuila de Zaragoza,Coah.,24,Parras,560,Global de México,R,"25°26´12.420N""","102°08´10.130W""",25.436783,-102.136147,1518,G13D39,3,*,*,1
50240561,,5,Coahuila de Zaragoza,Coah.,24,Parras,561,Porfirio Vázquez García,R,"25°26´08.510N""","102°08´05.060W""",25.435697,-102.134739,1521,G13D39,0,0,0,0
50240562,,5,Coahuila de Zaragoza,Coah.,24,Parras,562,Barreal del Ojo de Agua [Pequeñas Propiedades],R,"25°25´08.850N""","102°10´24.970W""",25.419124,-102.173602,1598,G13D39,0,0,0,0
50240563,,5,Coahuila de Zaragoza,Coah.,24,Parras,563,Solís,R,"25°24´59.850N""","102°11´01.210W""",25.416625,-102.183669,1628,G13D39,0,0,0,0
50240564,,5,Coahuila de Zaragoza,Coah.,24,Parras,564,La Pedrera,R,"25°25´47.210N""","102°12´32.480W""",25.42978,-102.209022,1601,G13D39,0,0,0,0
50240565,,5,Coahuila de Zaragoza,Coah.,24,Parras,565,El Abuelo,R,"25°27´14.310N""","102°13´22.880W""",25.453975,-102.223022,1483,G13D39,0,0,0,0
50240566,,5,Coahuila de Zaragoza,Coah.,24,Parras,566,Jorge Banda,R,"25°25´55.580N""","102°08´53.900W""",25.432105,-102.148305,1528,G13D39,1,*,*,1
50240567,,5,Coahuila de Zaragoza,Coah.,24,Parras,567,Valentín Quiroz,R,"24°49´12.600N""","101°36´09.310W""",24.820166,-101.602586,1903,G14C52,0,0,0,0
50240568,,5,Coahuila de Zaragoza,Coah.,24,Parras,568,Juan Leza,R,"25°28´07.070N""","102°11´43.990W""",25.46863,-102.195552,1452,G13D39,1,*,*,1
50240569,,5,Coahuila de Zaragoza,Coah.,24,Parras,569,Juan Sifuentes Vielma,R,"25°27´52.010N""","102°11´41.170W""",25.464447,-102.194769,1462,G13D39,0,0,0,0
50240570,,5,Coahuila de Zaragoza,Coah.,24,Parras,570,Alejandro Gil Juárez,R,"25°28´26.445N""","102°09´36.818W""",25.474012,-102.160227,1450,G13D39,1,*,*,1
50240571,,5,Coahuila de Zaragoza,Coah.,24,Parras,571,Rosendo Rendón Rivera,R,"25°28´17.594N""","102°08´59.663W""",25.471553,-102.149906,1457,G13D39,0,0,0,0
50240572,,5,Coahuila de Zaragoza,Coah.,24,Parras,572,Armando Veloz Torres,R,"25°26´47.541N""","102°08´25.615W""",25.446539,-102.140448,1493,G13D39,0,0,0,0
50240573,,5,Coahuila de Zaragoza,Coah.,24,Parras,573,José Lomas,R,"25°27´54.789N""","102°09´17.759W""",25.465219,-102.154933,1461,G13D39,5,*,*,1
50240574,,5,Coahuila de Zaragoza,Coah.,24,Parras,574,Juan Gallegos Hernández,R,"25°30´34.402N""","102°15´07.634W""",25.509556,-102.252121,1391,G13D29,2,*,*,1
50240575,,5,Coahuila de Zaragoza,Coah.,24,Parras,575,Jorge Corrales Arriaga,R,"25°31´06.097N""","102°15´25.181W""",25.51836,-102.256995,1383,G13D29,4,*,*,1
50240576,,5,Coahuila de Zaragoza,Coah.,24,Parras,576,Julia Juárez González,R,"25°29´29.100N""","102°15´10.840W""",25.491416,-102.253011,1425,G13D39,1,*,*,1
50240577,,5,Coahuila de Zaragoza,Coah.,24,Parras,577,Benjamín Pachicano,R,"25°36´14.706N""","102°09´40.615W""",25.604085,-102.161282,1233,G13D29,0,0,0,0
50240578,,5,Coahuila de Zaragoza,Coah.,24,Parras,578,Gabino Martínez Eliserio,R,"25°24´38.947N""","102°03´55.861W""",25.410819,-102.065517,1666,G13D39,0,0,0,0
50240579,,5,Coahuila de Zaragoza,Coah.,24,Parras,579,El Fuerte de Santa Rosa,R,"25°36´07.250N""","102°51´18.430W""",25.602014,-102.855119,1121,G13D27,0,0,0,0
50240580,,5,Coahuila de Zaragoza,Coah.,24,Parras,580,Ángel,R,"25°32´46.700N""","101°52´35.270W""",25.546305,-101.876463,1275,G14C21,0,0,0,0
50240581,,5,Coahuila de Zaragoza,Coah.,24,Parras,581,El Papalote,R,"25°35´41.430N""","102°36´19.290W""",25.594841,-102.605358,1126,G13D28,0,0,0,0
50240582,,5,Coahuila de Zaragoza,Coah.,24,Parras,582,Teresa Reina Reyes,R,"25°40´45.660N""","102°08´52.150W""",25.679349,-102.147819,1170,G13D29,0,0,0,0
50240583,,5,Coahuila de Zaragoza,Coah.,24,Parras,583,Luis Gerardo Pachicano Rodríguez,R,"25°39´00.280N""","102°09´33.370W""",25.650078,-102.159269,1192,G13D29,0,0,0,0
