MAPA,Estatus,CVE_ENT,NOM_ENT,NOM_ABR,CVE_MUN,NOM_MUN,CVE_LOC,NOM_LOC,AMBITO,LATITUD,LONGITUD,LAT_DECIMAL,LON_DECIMAL,ALTITUD,CVE_CARTA,POB_TOTAL,POB_MASCULINA,POB_FEMENINA,TOTAL DE VIVIENDAS HABITADAS
50220001,,5,Coahuila de Zaragoza,Coah.,22,Nava,1,Nava,U,"28°25´18.749N""","100°46´03.193W""",28.421874,-100.767553,327,H14C74,26963,13447,13516,7609
50220004,,5,Coahuila de Zaragoza,Coah.,22,Nava,4,El Avileño,R,"28°24´30.246N""","100°47´48.861W""",28.408402,-100.796906,335,H14C74,0,0,0,0
50220007,,5,Coahuila de Zaragoza,Coah.,22,Nava,7,La Casa de Piedra,R,"28°28´22.789N""","100°45´18.270W""",28.472996,-100.755075,318,H14C74,0,0,0,0
50220010,,5,Coahuila de Zaragoza,Coah.,22,Nava,10,Ninguno [Fábrica de Hielo],R,"28°25´02.259N""","100°47´05.082W""",28.417294,-100.784745,329,H14C74,2,*,*,2
50220011,,5,Coahuila de Zaragoza,Coah.,22,Nava,11,El Fénix,R,"28°32´00.010N""","100°38´43.160W""",28.533336,-100.645322,289,H14C65,2,*,*,1
50220013,,5,Coahuila de Zaragoza,Coah.,22,Nava,13,El Gavilán,R,"28°30´44.697N""","100°44´57.786W""",28.512416,-100.749385,310,H14C64,0,0,0,0
50220017,,5,Coahuila de Zaragoza,Coah.,22,Nava,17,Américo Sánchez,R,"28°25´12.123N""","100°41´22.156W""",28.420034,-100.689487,301,H14C74,0,0,0,0
50220018,,5,Coahuila de Zaragoza,Coah.,22,Nava,18,Ojo de Agua,R,"28°37´30.251N""","100°35´50.031W""",28.625069,-100.597231,260,H14C65,0,0,0,0
50220021,,5,Coahuila de Zaragoza,Coah.,22,Nava,21,La Medalla,R,"28°28´39.104N""","100°44´30.407W""",28.477528,-100.741779,316,H14C74,0,0,0,0
50220024,,5,Coahuila de Zaragoza,Coah.,22,Nava,24,El Porvenir,R,"28°26´27.005N""","100°36´42.106W""",28.440834,-100.611696,288,H14C75,0,0,0,0
50220026,,5,Coahuila de Zaragoza,Coah.,22,Nava,26,Rancho Largo,R,"28°28´54.276N""","100°43´11.434W""",28.481743,-100.719842,309,H14C74,0,0,0,0
50220033,,5,Coahuila de Zaragoza,Coah.,22,Nava,33,Adán Ruiz,R,"28°23´25.260N""","100°45´05.299W""",28.39035,-100.751472,327,H14C74,0,0,0,0
50220034,,5,Coahuila de Zaragoza,Coah.,22,Nava,34,El Cedrito (San Fernando),R,"28°26´47.860N""","100°29´59.911W""",28.446627,-100.499975,269,H14C75,0,0,0,0
50220036,,5,Coahuila de Zaragoza,Coah.,22,Nava,36,Rancho Nuevo,R,"28°34´10.389N""","100°33´22.036W""",28.569552,-100.556121,280,H14C65,2,*,*,1
50220037,,5,Coahuila de Zaragoza,Coah.,22,Nava,37,Santa Gertrudis,R,"28°29´27.313N""","100°35´37.773W""",28.49092,-100.593826,287,H14C75,0,0,0,0
50220038,,5,Coahuila de Zaragoza,Coah.,22,Nava,38,Gregorio González (Santo Domingo),R,"28°35´13.136N""","100°25´50.790W""",28.586982,-100.430774,229,H14C65,0,0,0,0
50220040,,5,Coahuila de Zaragoza,Coah.,22,Nava,40,El Saucito,R,"28°25´17.815N""","100°48´05.263W""",28.421615,-100.801462,334,H14C74,0,0,0,0
50220043,,5,Coahuila de Zaragoza,Coah.,22,Nava,43,Las Trampas,R,"28°32´13.324N""","100°35´02.986W""",28.537034,-100.584162,280,H14C65,23,14,9,8
50220044,,5,Coahuila de Zaragoza,Coah.,22,Nava,44,El Mosco,R,"28°30´52.039N""","100°35´55.935W""",28.514455,-100.598871,285,H14C65,0,0,0,0
50220050,,5,Coahuila de Zaragoza,Coah.,22,Nava,50,La Puerta Palo Blanco,R,"28°24´57.023N""","100°37´24.657W""",28.41584,-100.623515,293,H14C75,0,0,0,0
50220051,,5,Coahuila de Zaragoza,Coah.,22,Nava,51,Colonia Venustiano Carranza,U,"28°38´22.220N""","100°33´27.360W""",28.639505,-100.5576,260,H14C65,5250,2662,2588,1482
50220052,,5,Coahuila de Zaragoza,Coah.,22,Nava,52,La Bandera,R,"28°25´16.140N""","100°33´58.150W""",28.421149,-100.566153,282,H14C75,0,0,0,0
50220053,,5,Coahuila de Zaragoza,Coah.,22,Nava,53,Juan Antonio Osuna Cárdenas,R,"28°24´06.307N""","100°44´09.036W""",28.401752,-100.735843,317,H14C74,0,0,0,0
50220054,,5,Coahuila de Zaragoza,Coah.,22,Nava,54,La Noria (Norias Viejas),R,"28°31´08.251N""","100°32´21.725W""",28.518958,-100.539368,277,H14C65,0,0,0,0
50220058,,5,Coahuila de Zaragoza,Coah.,22,Nava,58,La Chiripa,R,"28°25´14.279N""","100°38´33.320W""",28.420632,-100.642589,296,H14C75,0,0,0,0
50220061,,5,Coahuila de Zaragoza,Coah.,22,Nava,61,Las Galeras,R,"28°22´32.890N""","100°35´22.890W""",28.375802,-100.589691,290,H14C75,0,0,0,0
50220065,,5,Coahuila de Zaragoza,Coah.,22,Nava,65,El Nogalito (Humberto Rosales),R,"28°25´01.843N""","100°39´55.285W""",28.417178,-100.665357,300,H14C75,0,0,0,0
50220067,,5,Coahuila de Zaragoza,Coah.,22,Nava,67,Juvey Garza,R,"28°24´40.337N""","100°40´29.556W""",28.411205,-100.674876,302,H14C74,0,0,0,0
50220068,,5,Coahuila de Zaragoza,Coah.,22,Nava,68,Silvestre Sánchez,R,"28°24´25.443N""","100°41´14.932W""",28.407068,-100.687481,304,H14C74,0,0,0,0
50220074,,5,Coahuila de Zaragoza,Coah.,22,Nava,74,Armando Garza,R,"28°28´25.576N""","100°47´40.025W""",28.47377,-100.794451,327,H14C74,0,0,0,0
50220076,,5,Coahuila de Zaragoza,Coah.,22,Nava,76,Blanca Elena (Los Villa),R,"28°24´30.259N""","100°40´44.820W""",28.408405,-100.679116,303,H14C74,0,0,0,0
50220079,,5,Coahuila de Zaragoza,Coah.,22,Nava,79,Los Pereda,R,"28°30´29.270N""","100°40´59.740W""",28.508131,-100.68326,298,H14C64,0,0,0,0
50220082,,5,Coahuila de Zaragoza,Coah.,22,Nava,82,Gilberto Mata,R,"28°34´12.458N""","100°36´31.934W""",28.570127,-100.608871,277,H14C65,0,0,0,0
50220091,,5,Coahuila de Zaragoza,Coah.,22,Nava,91,Fracción el Fénix,R,"28°33´59.810N""","100°39´25.170W""",28.566614,-100.656992,287,H14C65,0,0,0,0
50220106,,5,Coahuila de Zaragoza,Coah.,22,Nava,106,Jesús Mata,R,"28°33´44.733N""","100°37´00.651W""",28.562426,-100.616847,280,H14C65,0,0,0,0
50220116,,5,Coahuila de Zaragoza,Coah.,22,Nava,116,San José,R,"28°25´32.777N""","100°47´18.723W""",28.425771,-100.788534,328,H14C74,0,0,0,0
50220118,,5,Coahuila de Zaragoza,Coah.,22,Nava,118,Los Uribe (La Morita),R,"28°35´10.439N""","100°37´48.470W""",28.586233,-100.63013,280,H14C65,0,0,0,0
50220119,,5,Coahuila de Zaragoza,Coah.,22,Nava,119,La Yolanda,R,"28°35´20.806N""","100°39´05.873W""",28.589112,-100.651631,283,H14C65,4,*,*,2
50220122,,5,Coahuila de Zaragoza,Coah.,22,Nava,122,Los Vázquez (Las Torres),R,"28°34´38.697N""","100°37´42.342W""",28.577415,-100.628428,280,H14C65,0,0,0,0
50220124,,5,Coahuila de Zaragoza,Coah.,22,Nava,124,Las Praderas,R,"28°23´22.687N""","100°41´42.653W""",28.389635,-100.695181,308,H14C74,0,0,0,0
50220125,,5,Coahuila de Zaragoza,Coah.,22,Nava,125,El Potro,R,"28°22´47.475N""","100°45´40.827W""",28.379854,-100.761341,334,H14C74,0,0,0,0
50220126,,5,Coahuila de Zaragoza,Coah.,22,Nava,126,El Diamante,R,"28°36´02.004N""","100°33´39.309W""",28.600557,-100.560919,280,H14C65,0,0,0,0
50220127,,5,Coahuila de Zaragoza,Coah.,22,Nava,127,Las Moras,R,"28°30´53.472N""","100°32´49.684W""",28.514853,-100.547134,278,H14C65,0,0,0,0
50220129,,5,Coahuila de Zaragoza,Coah.,22,Nava,129,Eugenio Guillén,R,"28°35´20.641N""","100°25´18.284W""",28.589067,-100.421745,221,H14C65,9,*,*,1
50220130,,5,Coahuila de Zaragoza,Coah.,22,Nava,130,Rincón de Santo Domingo,R,"28°32´06.779N""","100°32´26.138W""",28.535216,-100.540594,277,H14C65,0,0,0,0
50220131,,5,Coahuila de Zaragoza,Coah.,22,Nava,131,Santa Gabriela,R,"28°31´46.802N""","100°32´32.891W""",28.529667,-100.542469,278,H14C65,0,0,0,0
50220132,,5,Coahuila de Zaragoza,Coah.,22,Nava,132,La Morita,R,"28°32´49.150N""","100°32´56.745W""",28.546986,-100.549096,277,H14C65,0,0,0,0
50220133,,5,Coahuila de Zaragoza,Coah.,22,Nava,133,Raúl Ribe,R,"28°34´11.257N""","100°25´13.557W""",28.569793,-100.420432,219,H14C65,0,0,0,0
50220135,,5,Coahuila de Zaragoza,Coah.,22,Nava,135,La Piedra 2,R,"28°34´23.031N""","100°25´30.721W""",28.573064,-100.4252,225,H14C65,0,0,0,0
50220136,,5,Coahuila de Zaragoza,Coah.,22,Nava,136,Buenos Aires,R,"28°33´15.916N""","100°34´29.785W""",28.554421,-100.57494,279,H14C65,0,0,0,0
50220138,,5,Coahuila de Zaragoza,Coah.,22,Nava,138,El Huizachal,R,"28°35´29.003N""","100°33´02.016W""",28.591389,-100.55056,281,H14C65,0,0,0,0
50220139,,5,Coahuila de Zaragoza,Coah.,22,Nava,139,San José,R,"28°34´07.629N""","100°31´44.638W""",28.568785,-100.529065,279,H14C65,0,0,0,0
50220140,,5,Coahuila de Zaragoza,Coah.,22,Nava,140,El Zancudo,R,"28°30´40.939N""","100°35´23.792W""",28.511372,-100.589942,285,H14C65,0,0,0,0
50220142,,5,Coahuila de Zaragoza,Coah.,22,Nava,142,La Colmena,R,"28°34´26.464N""","100°26´21.942W""",28.574017,-100.439428,240,H14C65,0,0,0,0
50220143,,5,Coahuila de Zaragoza,Coah.,22,Nava,143,El Mexiquito (Ganadería las Palomas),R,"28°34´56.618N""","100°33´38.866W""",28.582393,-100.560796,282,H14C65,1,*,*,1
50220152,,5,Coahuila de Zaragoza,Coah.,22,Nava,152,Tres Caminos,R,"28°34´06.129N""","100°29´45.436W""",28.568369,-100.495954,273,H14C65,3,*,*,1
50220154,,5,Coahuila de Zaragoza,Coah.,22,Nava,154,Agua de Afuera,R,"28°28´16.929N""","100°37´55.769W""",28.471369,-100.632157,293,H14C75,0,0,0,0
50220162,,5,Coahuila de Zaragoza,Coah.,22,Nava,162,Cortinas,R,"28°28´37.170N""","100°37´08.514W""",28.476991,-100.619031,290,H14C75,0,0,0,0
50220163,,5,Coahuila de Zaragoza,Coah.,22,Nava,163,Efraín López (El Encino),R,"28°29´58.794N""","100°44´38.346W""",28.499665,-100.743985,312,H14C74,0,0,0,0
50220171,,5,Coahuila de Zaragoza,Coah.,22,Nava,171,Andrés Valdez (Mota Cortada),R,"28°27´15.078N""","100°49´04.741W""",28.454188,-100.817983,335,H14C74,0,0,0,0
50220172,,5,Coahuila de Zaragoza,Coah.,22,Nava,172,La Bandera,R,"28°23´55.946N""","100°31´37.275W""",28.398874,-100.52702,277,H14C75,0,0,0,0
50220173,,5,Coahuila de Zaragoza,Coah.,22,Nava,173,Río Escondido [Mina],R,"28°37´25.123N""","100°37´24.532W""",28.623645,-100.62348,271,H14C65,0,0,0,0
50220175,,5,Coahuila de Zaragoza,Coah.,22,Nava,175,Carlona,R,"28°29´07.738N""","100°46´52.872W""",28.485482,-100.781353,323,H14C74,0,0,0,0
50220176,,5,Coahuila de Zaragoza,Coah.,22,Nava,176,Carmelita,R,"28°29´59.285N""","100°29´21.725W""",28.499801,-100.489368,271,H14C75,3,*,*,1
50220182,,5,Coahuila de Zaragoza,Coah.,22,Nava,182,El Fénix,R,"28°32´55.896N""","100°40´29.659W""",28.54886,-100.674905,293,H14C64,0,0,0,0
50220185,,5,Coahuila de Zaragoza,Coah.,22,Nava,185,Las Golondrinas,R,"28°30´15.659N""","100°30´52.424W""",28.50435,-100.514562,275,H14C65,0,0,0,0
50220187,,5,Coahuila de Zaragoza,Coah.,22,Nava,187,El Huizache,R,"28°33´11.292N""","100°29´16.560W""",28.553137,-100.487933,270,H14C65,0,0,0,0
50220188,,5,Coahuila de Zaragoza,Coah.,22,Nava,188,Arturo Ibarra,R,"28°36´05.112N""","100°34´23.643W""",28.60142,-100.573234,282,H14C65,0,0,0,0
50220191,,5,Coahuila de Zaragoza,Coah.,22,Nava,191,La Miseria,R,"28°35´20.167N""","100°31´14.340W""",28.588935,-100.520649,278,H14C65,7,3,4,4
50220197,,5,Coahuila de Zaragoza,Coah.,22,Nava,197,El Potosino,R,"28°26´55.127N""","100°33´00.606W""",28.448646,-100.550168,277,H14C75,0,0,0,0
50220198,,5,Coahuila de Zaragoza,Coah.,22,Nava,198,La Morita,R,"28°24´44.194N""","100°43´02.325W""",28.412276,-100.717312,310,H14C74,2,*,*,1
50220199,,5,Coahuila de Zaragoza,Coah.,22,Nava,199,Felipe Surola (Mota Cortada),R,"28°27´36.040N""","100°48´14.971W""",28.460011,-100.804159,330,H14C74,0,0,0,0
50220200,,5,Coahuila de Zaragoza,Coah.,22,Nava,200,Mota de Alejo (Los Bermea),R,"28°28´21.874N""","100°39´03.056W""",28.472742,-100.650849,298,H14C75,0,0,0,0
50220206,,5,Coahuila de Zaragoza,Coah.,22,Nava,206,Palo Blanco,R,"28°25´45.844N""","100°36´25.457W""",28.4294,-100.607071,288,H14C75,0,0,0,0
50220210,,5,Coahuila de Zaragoza,Coah.,22,Nava,210,Las Praderas [Fraccionamiento],R,"28°36´12.505N""","100°34´18.886W""",28.603474,-100.571912,281,H14C65,46,20,26,11
50220211,,5,Coahuila de Zaragoza,Coah.,22,Nava,211,Los Ramírez,R,"28°30´45.247N""","100°30´27.222W""",28.512569,-100.507562,273,H14C65,0,0,0,0
50220213,,5,Coahuila de Zaragoza,Coah.,22,Nava,213,San Francisco,R,"28°31´34.350N""","100°30´24.643W""",28.526208,-100.506845,270,H14C65,0,0,0,0
50220214,,5,Coahuila de Zaragoza,Coah.,22,Nava,214,Don Jesús [Granja],R,"28°33´12.325N""","100°29´47.716W""",28.553424,-100.496587,272,H14C65,0,0,0,0
50220215,,5,Coahuila de Zaragoza,Coah.,22,Nava,215,Laguna del Tigre,R,"28°33´56.388N""","100°31´36.656W""",28.565663,-100.526848,278,H14C65,0,0,0,0
50220216,,5,Coahuila de Zaragoza,Coah.,22,Nava,216,Rancho Viejo,R,"28°35´20.184N""","100°31´42.734W""",28.58894,-100.528537,280,H14C65,0,0,0,0
50220226,,5,Coahuila de Zaragoza,Coah.,22,Nava,226,San Joaquín,R,"28°35´48.776N""","100°28´04.483W""",28.596882,-100.467911,241,H14C65,0,0,0,0
50220227,,5,Coahuila de Zaragoza,Coah.,22,Nava,227,Rodolfo Fernández y Asociados (Lotes Campestres),R,"28°35´33.440N""","100°30´00.385W""",28.592622,-100.500107,266,H14C65,6,*,*,2
50220229,,5,Coahuila de Zaragoza,Coah.,22,Nava,229,La Candelaria Dos (El Veinte),R,"28°22´13.680N""","100°32´45.060W""",28.370466,-100.54585,281,H14C75,0,0,0,0
50220231,,5,Coahuila de Zaragoza,Coah.,22,Nava,231,Los Leones,R,"28°26´41.060N""","100°48´22.849W""",28.444739,-100.806347,333,H14C74,0,0,0,0
50220232,,5,Coahuila de Zaragoza,Coah.,22,Nava,232,Colonia Sanitaria,R,"28°24´28.239N""","100°47´12.999W""",28.407844,-100.786944,333,H14C74,0,0,0,0
50220233,,5,Coahuila de Zaragoza,Coah.,22,Nava,233,Los González,R,"28°26´41.380N""","100°46´42.645W""",28.444827,-100.778512,325,H14C74,0,0,0,0
50220234,,5,Coahuila de Zaragoza,Coah.,22,Nava,234,El Indio,R,"28°26´53.311N""","100°46´34.793W""",28.448142,-100.776331,325,H14C74,0,0,0,0
50220235,,5,Coahuila de Zaragoza,Coah.,22,Nava,235,Emeterio Salinas,R,"28°33´50.929N""","100°37´48.652W""",28.564147,-100.63018,283,H14C65,0,0,0,0
50220236,,5,Coahuila de Zaragoza,Coah.,22,Nava,236,El Minero,R,"28°36´22.816N""","100°33´37.304W""",28.606338,-100.560362,277,H14C65,0,0,0,0
50220238,,5,Coahuila de Zaragoza,Coah.,22,Nava,238,Carlos Cabello,R,"28°35´48.052N""","100°34´26.051W""",28.596681,-100.573902,283,H14C65,2,*,*,1
50220239,,5,Coahuila de Zaragoza,Coah.,22,Nava,239,Armando Ibarra,R,"28°35´33.772N""","100°34´49.433W""",28.592714,-100.580397,282,H14C65,0,0,0,0
50220240,,5,Coahuila de Zaragoza,Coah.,22,Nava,240,San Juan (Humberto Villarreal),R,"28°34´34.340N""","100°32´03.879W""",28.576205,-100.534411,280,H14C65,0,0,0,0
50220241,,5,Coahuila de Zaragoza,Coah.,22,Nava,241,Nogalera el Papalote,R,"28°25´57.640N""","100°44´00.579W""",28.432677,-100.733494,313,H14C74,0,0,0,0
50220242,,5,Coahuila de Zaragoza,Coah.,22,Nava,242,Criadero San Juan,R,"28°26´12.845N""","100°44´30.626W""",28.436901,-100.74184,314,H14C74,0,0,0,0
50220243,,5,Coahuila de Zaragoza,Coah.,22,Nava,243,Horacio Valencia,R,"28°25´01.330N""","100°39´59.480W""",28.417035,-100.666522,300,H14C75,0,0,0,0
50220245,,5,Coahuila de Zaragoza,Coah.,22,Nava,245,El Papalote,R,"28°25´45.850N""","100°45´10.380W""",28.429402,-100.752883,319,H14C74,0,0,0,0
50220246,,5,Coahuila de Zaragoza,Coah.,22,Nava,246,Las Bodegas,R,"28°22´34.081N""","100°40´03.141W""",28.376133,-100.667539,310,H14C74,0,0,0,0
50220249,,5,Coahuila de Zaragoza,Coah.,22,Nava,249,El Pantano,R,"28°24´33.586N""","100°43´49.056W""",28.409329,-100.730293,315,H14C74,0,0,0,0
50220250,,5,Coahuila de Zaragoza,Coah.,22,Nava,250,Ismael Rodríguez,R,"28°25´29.975N""","100°41´20.157W""",28.424992,-100.688932,302,H14C74,0,0,0,0
50220251,,5,Coahuila de Zaragoza,Coah.,22,Nava,251,Andrés Guardiola Garza,R,"28°23´39.879N""","100°46´07.889W""",28.394411,-100.768857,330,H14C74,0,0,0,0
50220253,,5,Coahuila de Zaragoza,Coah.,22,Nava,253,La Piedra,R,"28°22´51.319N""","100°46´15.650W""",28.380921,-100.771013,338,H14C74,0,0,0,0
50220254,,5,Coahuila de Zaragoza,Coah.,22,Nava,254,La Esperanza,R,"28°23´01.479N""","100°38´20.069W""",28.383744,-100.638908,299,H14C75,0,0,0,0
50220255,,5,Coahuila de Zaragoza,Coah.,22,Nava,255,La Anacua,R,"28°23´38.220N""","100°39´47.035W""",28.39395,-100.663065,304,H14C75,1,*,*,1
50220256,,5,Coahuila de Zaragoza,Coah.,22,Nava,256,Santos Aguilar Bernal,R,"28°24´34.038N""","100°43´18.785W""",28.409455,-100.721884,313,H14C74,0,0,0,0
50220258,,5,Coahuila de Zaragoza,Coah.,22,Nava,258,Graciela (Santa Graciela),R,"28°27´14.901N""","100°44´45.170W""",28.454139,-100.74588,318,H14C74,2,*,*,1
50220259,,5,Coahuila de Zaragoza,Coah.,22,Nava,259,La Cascajera,R,"28°24´46.868N""","100°44´49.611W""",28.413019,-100.747114,318,H14C74,58,34,24,20
50220260,,5,Coahuila de Zaragoza,Coah.,22,Nava,260,San Vicente,R,"28°26´12.189N""","100°37´40.649W""",28.436719,-100.627957,291,H14C75,0,0,0,0
50220262,,5,Coahuila de Zaragoza,Coah.,22,Nava,262,José Fausto Suárez,R,"28°33´37.372N""","100°37´43.531W""",28.560381,-100.628758,283,H14C65,1,*,*,1
50220265,,5,Coahuila de Zaragoza,Coah.,22,Nava,265,Kilómetro Veintiuno,R,"28°33´27.861N""","100°37´44.597W""",28.557739,-100.629054,283,H14C65,0,0,0,0
50220275,,5,Coahuila de Zaragoza,Coah.,22,Nava,275,Los Arrieros (Andrés Medellín Salas),R,"28°28´45.646N""","100°44´21.866W""",28.479345,-100.739407,316,H14C74,0,0,0,0
50220281,,5,Coahuila de Zaragoza,Coah.,22,Nava,281,La Esperanza,R,"28°33´29.490N""","100°24´58.836W""",28.558192,-100.416343,211,H14C65,0,0,0,0
50220284,,5,Coahuila de Zaragoza,Coah.,22,Nava,284,Evaristo Urista,R,"28°35´54.450N""","100°27´34.968W""",28.598458,-100.459713,233,H14C65,4,*,*,1
50220285,,5,Coahuila de Zaragoza,Coah.,22,Nava,285,El Rey,R,"28°35´05.676N""","100°30´25.730W""",28.58491,-100.507147,272,H14C65,3,*,*,1
50220288,,5,Coahuila de Zaragoza,Coah.,22,Nava,288,Las Tierritas,R,"28°34´48.727N""","100°28´53.879W""",28.580201,-100.481632,259,H14C65,0,0,0,0
50220290,,5,Coahuila de Zaragoza,Coah.,22,Nava,290,Oscar Ibarra,R,"28°35´59.479N""","100°34´32.017W""",28.599855,-100.57556,282,H14C65,0,0,0,0
50220293,,5,Coahuila de Zaragoza,Coah.,22,Nava,293,El Álamo,R,"28°35´57.044N""","100°31´27.531W""",28.599179,-100.524314,278,H14C65,2,*,*,1
50220296,,5,Coahuila de Zaragoza,Coah.,22,Nava,296,El Siete (Don Matías),R,"28°36´16.363N""","100°31´09.728W""",28.604545,-100.519368,276,H14C65,0,0,0,0
50220297,,5,Coahuila de Zaragoza,Coah.,22,Nava,297,José María González,R,"28°36´39.311N""","100°31´19.036W""",28.61092,-100.521954,275,H14C65,0,0,0,0
50220298,,5,Coahuila de Zaragoza,Coah.,22,Nava,298,San Marcos,R,"28°37´11.690N""","100°30´32.121W""",28.619913,-100.508923,271,H14C65,0,0,0,0
50220299,,5,Coahuila de Zaragoza,Coah.,22,Nava,299,Los Melones,R,"28°37´06.902N""","100°30´03.774W""",28.618583,-100.501048,263,H14C65,0,0,0,0
50220300,,5,Coahuila de Zaragoza,Coah.,22,Nava,300,San Carlos,R,"28°36´42.382N""","100°29´16.176W""",28.611773,-100.487826,249,H14C65,0,0,0,0
50220307,,5,Coahuila de Zaragoza,Coah.,22,Nava,307,Ninguno [Seguridad Física de CFE],R,"28°29´25.019N""","100°42´10.559W""",28.490283,-100.702933,308,H14C74,0,0,0,0
50220311,,5,Coahuila de Zaragoza,Coah.,22,Nava,311,Las Moras (Genaro Ibarra Martínez),R,"28°25´23.466N""","100°41´01.351W""",28.423184,-100.683708,300,H14C74,0,0,0,0
50220312,,5,Coahuila de Zaragoza,Coah.,22,Nava,312,El Porvenir,R,"28°25´34.198N""","100°48´33.422W""",28.426165,-100.809284,336,H14C74,0,0,0,0
50220313,,5,Coahuila de Zaragoza,Coah.,22,Nava,313,El Alto,R,"28°26´03.925N""","100°46´28.650W""",28.434423,-100.774624,325,H14C74,0,0,0,0
50220316,,5,Coahuila de Zaragoza,Coah.,22,Nava,316,Coahuila [Unión Ganadera Regional],R,"28°32´29.501N""","100°29´10.485W""",28.541528,-100.486246,269,H14C65,0,0,0,0
50220319,,5,Coahuila de Zaragoza,Coah.,22,Nava,319,La Finca [Garita],R,"28°33´04.306N""","100°38´15.042W""",28.551196,-100.637511,285,H14C65,1,*,*,1
50220320,,5,Coahuila de Zaragoza,Coah.,22,Nava,320,San Antonio,R,"28°33´40.109N""","100°31´02.345W""",28.561141,-100.517317,277,H14C65,2,*,*,1
50220321,,5,Coahuila de Zaragoza,Coah.,22,Nava,321,Los Magueyes,R,"28°33´55.040N""","100°37´56.319W""",28.565289,-100.63231,283,H14C65,0,0,0,0
50220324,,5,Coahuila de Zaragoza,Coah.,22,Nava,324,Presentación de la Rosa (La Mota),R,"28°36´13.130N""","100°36´19.325W""",28.603647,-100.605368,270,H14C65,0,0,0,0
50220325,,5,Coahuila de Zaragoza,Coah.,22,Nava,325,Los Encinos,R,"28°36´28.282N""","100°36´09.173W""",28.607856,-100.602548,270,H14C65,0,0,0,0
50220326,,5,Coahuila de Zaragoza,Coah.,22,Nava,326,José Dovalina,R,"28°37´10.557N""","100°36´16.450W""",28.619599,-100.604569,268,H14C65,0,0,0,0
50220328,,5,Coahuila de Zaragoza,Coah.,22,Nava,328,Javier Villanueva,R,"28°34´16.886N""","100°37´07.943W""",28.571357,-100.618872,280,H14C65,2,*,*,1
50220329,,5,Coahuila de Zaragoza,Coah.,22,Nava,329,Jorge Dovalina,R,"28°36´45.470N""","100°36´04.278W""",28.612631,-100.601188,269,H14C65,0,0,0,0
50220330,,5,Coahuila de Zaragoza,Coah.,22,Nava,330,José Luis Reyes,R,"28°33´24.284N""","100°37´48.272W""",28.556746,-100.630075,283,H14C65,3,*,*,1
50220332,,5,Coahuila de Zaragoza,Coah.,22,Nava,332,Juan José González,R,"28°34´07.252N""","100°37´25.242W""",28.56868,-100.623678,282,H14C65,1,*,*,1
50220333,,5,Coahuila de Zaragoza,Coah.,22,Nava,333,Los Girasoles,R,"28°34´08.175N""","100°37´26.877W""",28.568937,-100.624132,282,H14C65,0,0,0,0
50220334,,5,Coahuila de Zaragoza,Coah.,22,Nava,334,Los Palma,R,"28°35´14.013N""","100°37´05.954W""",28.587226,-100.61832,280,H14C65,10,*,*,2
50220336,,5,Coahuila de Zaragoza,Coah.,22,Nava,336,Los Hernández,R,"28°35´27.979N""","100°37´37.153W""",28.591105,-100.626986,279,H14C65,3,*,*,1
50220337,,5,Coahuila de Zaragoza,Coah.,22,Nava,337,Estación Río Escondido,R,"28°34´24.439N""","100°36´30.890W""",28.573455,-100.608581,277,H14C65,225,111,114,62
50220338,,5,Coahuila de Zaragoza,Coah.,22,Nava,338,El Columpio,R,"28°35´33.799N""","100°37´37.819W""",28.592722,-100.627171,278,H14C65,2,*,*,1
50220339,,5,Coahuila de Zaragoza,Coah.,22,Nava,339,Campamento Eme,R,"28°33´27.967N""","100°37´49.705W""",28.557769,-100.630473,284,H14C65,0,0,0,0
50220340,,5,Coahuila de Zaragoza,Coah.,22,Nava,340,Santo Domingo,R,"28°33´07.689N""","100°38´24.039W""",28.552136,-100.640011,286,H14C65,5,*,*,1
50220341,,5,Coahuila de Zaragoza,Coah.,22,Nava,341,Ninguno [Autopartes Torreón],R,"28°33´56.763N""","100°37´17.102W""",28.565768,-100.621417,281,H14C65,0,0,0,0
50220342,,5,Coahuila de Zaragoza,Coah.,22,Nava,342,Los Auces,R,"28°38´08.488N""","100°37´40.975W""",28.635691,-100.628048,260,H14C65,0,0,0,0
50220344,,5,Coahuila de Zaragoza,Coah.,22,Nava,344,El Milagro,R,"28°34´57.745N""","100°36´47.128W""",28.582706,-100.613091,279,H14C65,159,87,72,47
50220347,,5,Coahuila de Zaragoza,Coah.,22,Nava,347,Ojo de Agua (Santa Lucia),R,"28°38´22.369N""","100°34´55.978W""",28.639547,-100.582215,246,H14C65,8,5,3,3
50220349,,5,Coahuila de Zaragoza,Coah.,22,Nava,349,Jesús Enciso,R,"28°36´18.599N""","100°41´17.651W""",28.605166,-100.688236,269,H14C64,3,*,*,1
50220350,,5,Coahuila de Zaragoza,Coah.,22,Nava,350,Juan José Enciso,R,"28°36´12.777N""","100°41´54.553W""",28.603549,-100.698487,272,H14C64,0,0,0,0
50220351,,5,Coahuila de Zaragoza,Coah.,22,Nava,351,José María Uribe,R,"28°35´34.363N""","100°38´50.179W""",28.592878,-100.647272,283,H14C65,0,0,0,0
50220352,,5,Coahuila de Zaragoza,Coah.,22,Nava,352,Nabraxa,R,"28°35´52.881N""","100°31´42.797W""",28.598022,-100.528554,279,H14C65,0,0,0,0
50220353,,5,Coahuila de Zaragoza,Coah.,22,Nava,353,María Amparo Guillen,R,"28°33´38.452N""","100°30´21.019W""",28.560681,-100.505839,275,H14C65,5,*,*,2
50220354,,5,Coahuila de Zaragoza,Coah.,22,Nava,354,Rogelio Urista,R,"28°33´55.660N""","100°30´13.301W""",28.565461,-100.503695,275,H14C65,8,*,*,2
50220355,,5,Coahuila de Zaragoza,Coah.,22,Nava,355,Gilberto López,R,"28°36´06.869N""","100°31´30.563W""",28.601908,-100.525156,278,H14C65,1,*,*,1
50220356,,5,Coahuila de Zaragoza,Coah.,22,Nava,356,Armando González,R,"28°35´10.628N""","100°25´24.372W""",28.586285,-100.423436,220,H14C65,0,0,0,0
50220358,,5,Coahuila de Zaragoza,Coah.,22,Nava,358,Rodrigo Rodríguez,R,"28°33´35.089N""","100°25´37.736W""",28.559747,-100.427148,223,H14C65,0,0,0,0
50220359,,5,Coahuila de Zaragoza,Coah.,22,Nava,359,Jesús Barrera,R,"28°33´12.062N""","100°26´40.104W""",28.553351,-100.444473,250,H14C65,0,0,0,0
50220360,,5,Coahuila de Zaragoza,Coah.,22,Nava,360,La Tinaja (Los Fuentes),R,"28°35´10.262N""","100°26´46.084W""",28.586184,-100.446134,240,H14C65,0,0,0,0
50220361,,5,Coahuila de Zaragoza,Coah.,22,Nava,361,San Miguel,R,"28°35´13.572N""","100°26´51.027W""",28.587103,-100.447507,241,H14C65,0,0,0,0
50220363,,5,Coahuila de Zaragoza,Coah.,22,Nava,363,Reyes Guillén Valdez,R,"28°35´07.168N""","100°25´07.579W""",28.585324,-100.418771,220,H14C65,4,*,*,1
50220365,,5,Coahuila de Zaragoza,Coah.,22,Nava,365,El Chapote,R,"28°34´58.513N""","100°25´19.909W""",28.58292,-100.422196,220,H14C65,0,0,0,0
50220366,,5,Coahuila de Zaragoza,Coah.,22,Nava,366,Sóstenes González,R,"28°35´32.173N""","100°25´51.587W""",28.59227,-100.430996,227,H14C65,0,0,0,0
50220367,,5,Coahuila de Zaragoza,Coah.,22,Nava,367,Rosalío Urista,R,"28°35´55.926N""","100°27´08.186W""",28.598868,-100.452274,240,H14C65,0,0,0,0
50220368,,5,Coahuila de Zaragoza,Coah.,22,Nava,368,Las Pompas,R,"28°35´56.608N""","100°30´33.987W""",28.599057,-100.509441,272,H14C65,0,0,0,0
50220369,,5,Coahuila de Zaragoza,Coah.,22,Nava,369,Las Margaritas,R,"28°36´54.217N""","100°29´46.152W""",28.61506,-100.496153,259,H14C65,0,0,0,0
50220370,,5,Coahuila de Zaragoza,Coah.,22,Nava,370,Quinta Shalon,R,"28°36´35.792N""","100°31´17.897W""",28.609942,-100.521637,275,H14C65,0,0,0,0
50220372,,5,Coahuila de Zaragoza,Coah.,22,Nava,372,El Rayo,R,"28°34´57.974N""","100°33´15.716W""",28.58277,-100.554366,282,H14C65,0,0,0,0
50220373,,5,Coahuila de Zaragoza,Coah.,22,Nava,373,Máximo Martínez,R,"28°35´52.240N""","100°31´58.760W""",28.597844,-100.532988,279,H14C65,0,0,0,0
50220374,,5,Coahuila de Zaragoza,Coah.,22,Nava,374,El Triángulo,R,"28°35´33.823N""","100°31´59.371W""",28.592728,-100.533158,280,H14C65,4,*,*,2
50220375,,5,Coahuila de Zaragoza,Coah.,22,Nava,375,Juan Morales,R,"28°31´08.073N""","100°33´23.563W""",28.518909,-100.556545,280,H14C65,0,0,0,0
50220376,,5,Coahuila de Zaragoza,Coah.,22,Nava,376,Felipa Urista,R,"28°33´56.552N""","100°28´16.459W""",28.565709,-100.471238,267,H14C65,0,0,0,0
50220378,,5,Coahuila de Zaragoza,Coah.,22,Nava,378,Rodolfo de Hoyos,R,"28°34´09.955N""","100°27´22.011W""",28.569431,-100.456114,261,H14C65,0,0,0,0
50220379,,5,Coahuila de Zaragoza,Coah.,22,Nava,379,Roberto Soralinde,R,"28°36´15.242N""","100°30´47.670W""",28.604234,-100.513242,275,H14C65,0,0,0,0
50220380,,5,Coahuila de Zaragoza,Coah.,22,Nava,380,Sergio Mares,R,"28°36´18.429N""","100°30´43.189W""",28.605119,-100.511997,274,H14C65,0,0,0,0
50220381,,5,Coahuila de Zaragoza,Coah.,22,Nava,381,José Carlos Mendoza,R,"28°35´31.526N""","100°31´35.304W""",28.59209,-100.526473,279,H14C65,2,*,*,1
50220382,,5,Coahuila de Zaragoza,Coah.,22,Nava,382,Colonia Santo Domingo,R,"28°34´45.946N""","100°30´43.855W""",28.579429,-100.512182,276,H14C65,33,15,18,9
50220383,,5,Coahuila de Zaragoza,Coah.,22,Nava,383,Mónico Acuña,R,"28°32´39.890N""","100°26´26.559W""",28.544414,-100.440711,239,H14C65,0,0,0,0
50220384,,5,Coahuila de Zaragoza,Coah.,22,Nava,384,Abel Puente,R,"28°32´19.988N""","100°26´49.604W""",28.538885,-100.447112,247,H14C65,0,0,0,0
50220386,,5,Coahuila de Zaragoza,Coah.,22,Nava,386,Francisco Cerda,R,"28°23´31.128N""","100°39´19.465W""",28.39198,-100.655407,303,H14C75,0,0,0,0
50220387,,5,Coahuila de Zaragoza,Coah.,22,Nava,387,Zandalio Ramírez,R,"28°36´21.145N""","100°32´04.504W""",28.605874,-100.534584,276,H14C65,3,*,*,1
50220389,,5,Coahuila de Zaragoza,Coah.,22,Nava,389,Rodolfo Sánchez,R,"28°36´42.065N""","100°34´10.044W""",28.611685,-100.569456,274,H14C65,9,5,4,3
50220390,,5,Coahuila de Zaragoza,Coah.,22,Nava,390,Ignacio Romo,R,"28°36´46.312N""","100°33´53.016W""",28.612864,-100.564727,272,H14C65,1,*,*,1
50220391,,5,Coahuila de Zaragoza,Coah.,22,Nava,391,Martín Piña,R,"28°36´35.027N""","100°32´25.480W""",28.60973,-100.540411,275,H14C65,0,0,0,0
50220392,,5,Coahuila de Zaragoza,Coah.,22,Nava,392,Hipólito Nevarez,R,"28°36´26.843N""","100°31´43.468W""",28.607456,-100.52874,276,H14C65,0,0,0,0
50220394,,5,Coahuila de Zaragoza,Coah.,22,Nava,394,Gilberto Ramírez (El Negro),R,"28°37´54.262N""","100°31´30.224W""",28.631739,-100.525062,264,H14C65,1,*,*,1
50220395,,5,Coahuila de Zaragoza,Coah.,22,Nava,395,El Güero Ramírez,R,"28°37´26.929N""","100°31´17.088W""",28.624146,-100.521413,269,H14C65,0,0,0,0
50220396,,5,Coahuila de Zaragoza,Coah.,22,Nava,396,Silvestre Zamarripa,R,"28°37´17.215N""","100°31´57.050W""",28.621448,-100.532513,270,H14C65,0,0,0,0
50220402,,5,Coahuila de Zaragoza,Coah.,22,Nava,402,San Ramón,R,"28°38´11.340N""","100°31´40.820W""",28.636483,-100.528005,268,H14C65,0,0,0,0
50220403,,5,Coahuila de Zaragoza,Coah.,22,Nava,403,Sóstenes Medellín,R,"28°38´01.160N""","100°31´25.890W""",28.633655,-100.523858,263,H14C65,0,0,0,0
50220404,,5,Coahuila de Zaragoza,Coah.,22,Nava,404,Rodrigo Anidaron,R,"28°33´10.326N""","100°25´14.963W""",28.552868,-100.420822,219,H14C65,0,0,0,0
50220406,,5,Coahuila de Zaragoza,Coah.,22,Nava,406,Santo Domingo (Kilómetro Veintitrés),R,"28°32´50.568N""","100°39´20.845W""",28.54738,-100.65579,290,H14C65,0,0,0,0
50220407,,5,Coahuila de Zaragoza,Coah.,22,Nava,407,Rancho Grande [Restaurante],R,"28°28´23.786N""","100°43´21.888W""",28.473273,-100.722746,310,H14C74,0,0,0,0
50220408,,5,Coahuila de Zaragoza,Coah.,22,Nava,408,Las Palmas [Restaurante],R,"28°26´53.769N""","100°45´01.689W""",28.448269,-100.750469,317,H14C74,4,*,*,1
50220410,,5,Coahuila de Zaragoza,Coah.,22,Nava,410,Santa Yesenia,R,"28°27´12.560N""","100°47´06.309W""",28.453489,-100.785086,327,H14C74,0,0,0,0
50220411,,5,Coahuila de Zaragoza,Coah.,22,Nava,411,La Carlona (José Benito Garza),R,"28°29´24.639N""","100°47´24.536W""",28.490177,-100.790149,324,H14C74,0,0,0,0
50220413,,5,Coahuila de Zaragoza,Coah.,22,Nava,413,Rancho Nuevo,R,"28°26´19.730N""","100°44´22.652W""",28.438814,-100.739625,313,H14C74,0,0,0,0
50220414,,5,Coahuila de Zaragoza,Coah.,22,Nava,414,Pedro Puente,R,"28°27´13.227N""","100°47´52.029W""",28.453674,-100.797786,330,H14C74,0,0,0,0
50220415,,5,Coahuila de Zaragoza,Coah.,22,Nava,415,Santa Rita,R,"28°26´33.482N""","100°44´01.827W""",28.442634,-100.733841,311,H14C74,0,0,0,0
50220416,,5,Coahuila de Zaragoza,Coah.,22,Nava,416,Puente de Piedra,R,"28°22´46.300N""","100°36´40.870W""",28.379527,-100.611353,294,H14C75,0,0,0,0
50220417,,5,Coahuila de Zaragoza,Coah.,22,Nava,417,La Providencia,R,"28°23´59.240N""","100°35´59.880W""",28.399789,-100.599966,289,H14C75,0,0,0,0
50220418,,5,Coahuila de Zaragoza,Coah.,22,Nava,418,José María Mata,R,"28°26´09.861N""","100°34´37.569W""",28.436072,-100.577102,283,H14C75,0,0,0,0
50220421,,5,Coahuila de Zaragoza,Coah.,22,Nava,421,Reynaldo Ozuna,R,"28°25´07.516N""","100°39´45.384W""",28.418754,-100.662607,300,H14C75,4,*,*,1
50220422,,5,Coahuila de Zaragoza,Coah.,22,Nava,422,Reynaldo López Hernández,R,"28°25´20.169N""","100°44´03.751W""",28.422269,-100.734375,313,H14C74,0,0,0,0
50220424,,5,Coahuila de Zaragoza,Coah.,22,Nava,424,Arturo Mejía,R,"28°22´48.558N""","100°41´41.426W""",28.380154,-100.69484,310,H14C74,0,0,0,0
50220425,,5,Coahuila de Zaragoza,Coah.,22,Nava,425,Emilio Becerra Castro,R,"28°23´52.782N""","100°45´54.036W""",28.397995,-100.76501,327,H14C74,0,0,0,0
50220426,,5,Coahuila de Zaragoza,Coah.,22,Nava,426,Jesús Becerra Castro,R,"28°24´02.564N""","100°45´54.275W""",28.400712,-100.765076,330,H14C74,0,0,0,0
50220427,,5,Coahuila de Zaragoza,Coah.,22,Nava,427,Ernesto de los Santos,R,"28°23´36.549N""","100°45´12.089W""",28.393486,-100.753358,327,H14C74,0,0,0,0
50220428,,5,Coahuila de Zaragoza,Coah.,22,Nava,428,Juan Manuel Reyes,R,"28°24´16.182N""","100°47´09.732W""",28.404495,-100.786036,334,H14C74,0,0,0,0
50220429,,5,Coahuila de Zaragoza,Coah.,22,Nava,429,San Juan (Felipe Tovar Guadalajara),R,"28°25´10.016N""","100°48´02.105W""",28.419448,-100.800585,336,H14C74,4,*,*,1
50220430,,5,Coahuila de Zaragoza,Coah.,22,Nava,430,José Cárdenas,R,"28°24´01.106N""","100°47´22.029W""",28.400307,-100.789452,336,H14C74,0,0,0,0
50220431,,5,Coahuila de Zaragoza,Coah.,22,Nava,431,Ángel de la Garza,R,"28°25´31.080N""","100°42´16.149W""",28.425299,-100.704486,306,H14C74,0,0,0,0
50220432,,5,Coahuila de Zaragoza,Coah.,22,Nava,432,Margil Gómez Luna,R,"28°23´04.984N""","100°47´08.144W""",28.384717,-100.785595,341,H14C74,0,0,0,0
50220433,,5,Coahuila de Zaragoza,Coah.,22,Nava,433,Dolores Silva Esparza,R,"28°23´14.763N""","100°46´30.904W""",28.387434,-100.77525,336,H14C74,0,0,0,0
50220434,,5,Coahuila de Zaragoza,Coah.,22,Nava,434,Benito Tovar Zárate,R,"28°23´23.098N""","100°46´07.949W""",28.389749,-100.768874,333,H14C74,0,0,0,0
50220435,,5,Coahuila de Zaragoza,Coah.,22,Nava,435,Pablo García Rodríguez,R,"28°28´51.735N""","100°37´40.909W""",28.481037,-100.62803,291,H14C75,0,0,0,0
50220436,,5,Coahuila de Zaragoza,Coah.,22,Nava,436,La Hacienda,R,"28°25´25.466N""","100°39´02.102W""",28.42374,-100.650584,298,H14C75,0,0,0,0
50220437,,5,Coahuila de Zaragoza,Coah.,22,Nava,437,Crescencio Garza,R,"28°24´56.571N""","100°43´57.250W""",28.415714,-100.732569,314,H14C74,0,0,0,0
50220438,,5,Coahuila de Zaragoza,Coah.,22,Nava,438,Alberto Guardiola,R,"28°23´57.999N""","100°46´07.727W""",28.399444,-100.768812,330,H14C74,0,0,0,0
50220439,,5,Coahuila de Zaragoza,Coah.,22,Nava,439,José Ángel Cerda (La Chacaquilla),R,"28°25´25.380N""","100°37´14.931W""",28.423716,-100.620814,291,H14C75,0,0,0,0
50220441,,5,Coahuila de Zaragoza,Coah.,22,Nava,441,Las Reynas,R,"28°29´01.124N""","100°36´51.329W""",28.483645,-100.614258,290,H14C75,0,0,0,0
50220443,,5,Coahuila de Zaragoza,Coah.,22,Nava,443,Quince Letras,R,"28°29´20.579N""","100°35´10.476W""",28.489049,-100.586243,286,H14C75,0,0,0,0
50220444,,5,Coahuila de Zaragoza,Coah.,22,Nava,444,Antonio Ríos,R,"28°29´33.309N""","100°35´24.616W""",28.492586,-100.590171,286,H14C75,0,0,0,0
50220445,,5,Coahuila de Zaragoza,Coah.,22,Nava,445,San Andrés,R,"28°29´53.093N""","100°35´05.624W""",28.498081,-100.584895,285,H14C75,0,0,0,0
50220446,,5,Coahuila de Zaragoza,Coah.,22,Nava,446,José Ángel Cerda,R,"28°29´46.754N""","100°34´21.329W""",28.49632,-100.572591,284,H14C75,0,0,0,0
50220447,,5,Coahuila de Zaragoza,Coah.,22,Nava,447,El Potrero,R,"28°29´53.736N""","100°33´14.670W""",28.49826,-100.554075,281,H14C75,0,0,0,0
50220448,,5,Coahuila de Zaragoza,Coah.,22,Nava,448,La Paila,R,"28°29´58.778N""","100°30´05.148W""",28.49966,-100.50143,274,H14C75,0,0,0,0
50220449,,5,Coahuila de Zaragoza,Coah.,22,Nava,449,La Prieta,R,"28°30´10.336N""","100°32´16.291W""",28.502871,-100.537858,279,H14C65,0,0,0,0
50220450,,5,Coahuila de Zaragoza,Coah.,22,Nava,450,El Gavilán (J.V.H. Elizondo),R,"28°30´23.555N""","100°29´31.111W""",28.506543,-100.491975,272,H14C65,0,0,0,0
50220451,,5,Coahuila de Zaragoza,Coah.,22,Nava,451,San Fernando,R,"28°29´58.696N""","100°32´56.964W""",28.499637,-100.549156,280,H14C75,0,0,0,0
50220452,,5,Coahuila de Zaragoza,Coah.,22,Nava,452,Las Mercedes,R,"28°26´58.774N""","100°30´52.693W""",28.449659,-100.514637,270,H14C75,0,0,0,0
50220453,,5,Coahuila de Zaragoza,Coah.,22,Nava,453,La Aurora,R,"28°26´46.478N""","100°30´01.838W""",28.446244,-100.500511,269,H14C75,0,0,0,0
50220454,,5,Coahuila de Zaragoza,Coah.,22,Nava,454,El Jabalí,R,"28°25´57.418N""","100°30´58.052W""",28.432615,-100.516126,270,H14C75,0,0,0,0
50220455,,5,Coahuila de Zaragoza,Coah.,22,Nava,455,Ernesto Pérez,R,"28°26´20.446N""","100°29´13.110W""",28.439012,-100.486975,267,H14C75,0,0,0,0
50220456,,5,Coahuila de Zaragoza,Coah.,22,Nava,456,Eliodoro Rodríguez,R,"28°26´20.821N""","100°29´01.273W""",28.439117,-100.483687,267,H14C75,0,0,0,0
50220457,,5,Coahuila de Zaragoza,Coah.,22,Nava,457,Armando Mondragón,R,"28°25´48.078N""","100°29´03.718W""",28.430021,-100.484366,266,H14C75,0,0,0,0
50220458,,5,Coahuila de Zaragoza,Coah.,22,Nava,458,Rogelio Martínez (César Palacios),R,"28°32´49.731N""","100°30´29.937W""",28.547147,-100.508316,273,H14C65,0,0,0,0
50220459,,5,Coahuila de Zaragoza,Coah.,22,Nava,459,Tomás Perales (El Uno),R,"28°32´45.025N""","100°31´20.097W""",28.54584,-100.522249,275,H14C65,0,0,0,0
50220460,,5,Coahuila de Zaragoza,Coah.,22,Nava,460,La Escondida,R,"28°29´17.044N""","100°29´30.331W""",28.488067,-100.491758,273,H14C75,0,0,0,0
50220461,,5,Coahuila de Zaragoza,Coah.,22,Nava,461,San Ramón,R,"28°26´04.546N""","100°28´44.661W""",28.434596,-100.479072,266,H14C75,0,0,0,0
50220462,,5,Coahuila de Zaragoza,Coah.,22,Nava,462,Cruz Maldonado,R,"28°28´31.479N""","100°38´15.339W""",28.47541,-100.637594,295,H14C75,0,0,0,0
50220466,,5,Coahuila de Zaragoza,Coah.,22,Nava,466,Higinio Barrera,R,"28°35´36.707N""","100°35´19.619W""",28.593529,-100.588783,277,H14C65,0,0,0,0
50220467,,5,Coahuila de Zaragoza,Coah.,22,Nava,467,El Paraíso,R,"28°34´53.625N""","100°29´59.618W""",28.581562,-100.499894,270,H14C65,0,0,0,0
50220468,,5,Coahuila de Zaragoza,Coah.,22,Nava,468,Encarnación Bocanegra,R,"28°24´44.799N""","100°47´30.980W""",28.412444,-100.791939,332,H14C74,0,0,0,0
50220469,,5,Coahuila de Zaragoza,Coah.,22,Nava,469,El Avileño [Colonia],R,"28°25´04.058N""","100°47´38.997W""",28.417793,-100.794166,332,H14C74,2,*,*,2
50220470,,5,Coahuila de Zaragoza,Coah.,22,Nava,470,La Bellota,R,"28°25´14.310N""","100°47´20.180W""",28.420641,-100.788939,329,H14C74,4,*,*,2
50220471,,5,Coahuila de Zaragoza,Coah.,22,Nava,471,La Nueva,R,"28°30´13.872N""","100°42´06.686W""",28.503853,-100.701857,304,H14C64,0,0,0,0
50220472,,5,Coahuila de Zaragoza,Coah.,22,Nava,472,El Chapote,R,"28°28´55.714N""","100°31´20.567W""",28.482142,-100.522379,276,H14C75,0,0,0,0
50220474,,5,Coahuila de Zaragoza,Coah.,22,Nava,474,Francisco López,R,"28°37´46.330N""","100°32´46.180W""",28.629535,-100.546161,273,H14C65,0,0,0,0
50220477,,5,Coahuila de Zaragoza,Coah.,22,Nava,477,Pedro Suárez,R,"28°33´36.500N""","100°38´03.810W""",28.560139,-100.634391,284,H14C65,0,0,0,0
50220478,,5,Coahuila de Zaragoza,Coah.,22,Nava,478,El Yonke,R,"28°36´39.142N""","100°34´27.991W""",28.610873,-100.574441,277,H14C65,0,0,0,0
50220480,,5,Coahuila de Zaragoza,Coah.,22,Nava,480,Carmelo Pérez García,R,"28°36´25.499N""","100°37´48.200W""",28.607083,-100.630055,276,H14C65,0,0,0,0
50220481,,5,Coahuila de Zaragoza,Coah.,22,Nava,481,El Diamante,R,"28°36´25.430N""","100°40´43.870W""",28.607064,-100.678852,278,H14C64,6,*,*,1
50220482,,5,Coahuila de Zaragoza,Coah.,22,Nava,482,Casa Blanca,R,"28°37´28.467N""","100°38´53.971W""",28.624574,-100.648325,261,H14C65,0,0,0,0
50220483,,5,Coahuila de Zaragoza,Coah.,22,Nava,483,Las Aguas,R,"28°33´18.163N""","100°38´23.469W""",28.555045,-100.639852,286,H14C65,0,0,0,0
50220484,,5,Coahuila de Zaragoza,Coah.,22,Nava,484,Rigoberto Rodríguez,R,"28°33´20.019N""","100°38´14.637W""",28.555561,-100.637399,285,H14C65,0,0,0,0
50220485,,5,Coahuila de Zaragoza,Coah.,22,Nava,485,Los Abuelos,R,"28°33´46.959N""","100°38´06.615W""",28.563044,-100.635171,284,H14C65,0,0,0,0
50220486,,5,Coahuila de Zaragoza,Coah.,22,Nava,486,Retorno,R,"28°33´15.059N""","100°37´58.770W""",28.554183,-100.632991,284,H14C65,0,0,0,0
50220487,,5,Coahuila de Zaragoza,Coah.,22,Nava,487,Los Toros,R,"28°26´01.649N""","100°44´41.762W""",28.433791,-100.744934,316,H14C74,1,*,*,1
50220490,,5,Coahuila de Zaragoza,Coah.,22,Nava,490,Rancho Largo,R,"28°31´13.948N""","100°43´37.682W""",28.52054,-100.727133,307,H14C64,0,0,0,0
50220491,,5,Coahuila de Zaragoza,Coah.,22,Nava,491,Pablo Mora,R,"28°24´35.514N""","100°46´01.745W""",28.409865,-100.767151,327,H14C74,0,0,0,0
50220492,,5,Coahuila de Zaragoza,Coah.,22,Nava,492,Cuadra el General,R,"28°35´22.082N""","100°31´24.689W""",28.589467,-100.523524,279,H14C65,0,0,0,0
50220493,,5,Coahuila de Zaragoza,Coah.,22,Nava,493,Don Toño,R,"28°34´30.559N""","100°31´47.361W""",28.575155,-100.529822,280,H14C65,0,0,0,0
50220494,,5,Coahuila de Zaragoza,Coah.,22,Nava,494,Francisco Vega Fraire,R,"28°30´31.976N""","100°29´40.100W""",28.508882,-100.494472,272,H14C65,0,0,0,0
50220498,,5,Coahuila de Zaragoza,Coah.,22,Nava,498,Antonio Humberto Tovar Cortez,R,"28°25´13.135N""","100°47´50.970W""",28.420315,-100.797491,333,H14C74,0,0,0,0
50220499,,5,Coahuila de Zaragoza,Coah.,22,Nava,499,Sinaí Dos Mil,R,"28°35´16.382N""","100°29´12.879W""",28.587884,-100.486911,260,H14C65,10,*,*,2
50220500,,5,Coahuila de Zaragoza,Coah.,22,Nava,500,La Hormiga,R,"28°28´17.360N""","100°34´43.839W""",28.471488,-100.578844,284,H14C75,0,0,0,0
50220502,,5,Coahuila de Zaragoza,Coah.,22,Nava,502,Rancho 50,R,"28°29´51.665N""","100°32´29.078W""",28.497684,-100.54141,280,H14C75,0,0,0,0
50220504,,5,Coahuila de Zaragoza,Coah.,22,Nava,504,Antonio Rincón,R,"28°24´35.726N""","100°41´55.365W""",28.409924,-100.698712,306,H14C74,0,0,0,0
50220505,,5,Coahuila de Zaragoza,Coah.,22,Nava,505,Arnoldo Guardiola,R,"28°24´04.807N""","100°45´57.755W""",28.401335,-100.766043,331,H14C74,0,0,0,0
50220506,,5,Coahuila de Zaragoza,Coah.,22,Nava,506,Carlos Osuna Dávila,R,"28°27´24.789N""","100°47´41.619W""",28.456886,-100.794894,329,H14C74,1,*,*,1
50220507,,5,Coahuila de Zaragoza,Coah.,22,Nava,507,Federico Fernández Lombraña,R,"28°23´31.218N""","100°40´55.889W""",28.392005,-100.682191,306,H14C74,0,0,0,0
50220508,,5,Coahuila de Zaragoza,Coah.,22,Nava,508,Los Garza,R,"28°24´58.147N""","100°41´40.525W""",28.416152,-100.69459,304,H14C74,0,0,0,0
50220509,,5,Coahuila de Zaragoza,Coah.,22,Nava,509,Gerardo Fernández González,R,"28°23´28.953N""","100°41´13.107W""",28.391376,-100.686974,307,H14C74,0,0,0,0
50220510,,5,Coahuila de Zaragoza,Coah.,22,Nava,510,Hilario Mejía Palomo,R,"28°22´33.706N""","100°46´28.578W""",28.376029,-100.774604,341,H14C74,0,0,0,0
50220511,,5,Coahuila de Zaragoza,Coah.,22,Nava,511,Isidro Rangel,R,"28°26´23.954N""","100°44´30.007W""",28.439987,-100.741668,314,H14C74,3,*,*,1
50220512,,5,Coahuila de Zaragoza,Coah.,22,Nava,512,Juan Antonio Osuna,R,"28°22´49.853N""","100°43´29.113W""",28.380514,-100.724753,317,H14C74,0,0,0,0
50220513,,5,Coahuila de Zaragoza,Coah.,22,Nava,513,Mario Quintanilla,R,"28°22´38.569N""","100°43´10.582W""",28.37738,-100.719605,316,H14C74,0,0,0,0
50220514,,5,Coahuila de Zaragoza,Coah.,22,Nava,514,El Ocho,R,"28°25´27.785N""","100°42´26.883W""",28.424384,-100.707468,307,H14C74,0,0,0,0
50220517,,5,Coahuila de Zaragoza,Coah.,22,Nava,517,Alberto Ibarra,R,"28°25´33.993N""","100°38´59.260W""",28.426109,-100.649794,298,H14C75,0,0,0,0
50220518,,5,Coahuila de Zaragoza,Coah.,22,Nava,518,Antonio Fraga,R,"28°36´15.973N""","100°31´55.384W""",28.604437,-100.53205,277,H14C65,0,0,0,0
50220519,,5,Coahuila de Zaragoza,Coah.,22,Nava,519,Brianas,R,"28°36´26.171N""","100°29´51.091W""",28.60727,-100.497525,262,H14C65,0,0,0,0
50220520,,5,Coahuila de Zaragoza,Coah.,22,Nava,520,Ninguno [Casa de Ejercicios Espirituales],R,"28°35´49.124N""","100°30´51.346W""",28.596979,-100.514263,275,H14C65,0,0,0,0
50220521,,5,Coahuila de Zaragoza,Coah.,22,Nava,521,Cecilia García,R,"28°25´30.810N""","100°41´35.974W""",28.425224,-100.693326,304,H14C74,0,0,0,0
50220522,,5,Coahuila de Zaragoza,Coah.,22,Nava,522,Ninguno [Centro Ecuestre Deportivo],R,"28°36´40.359N""","100°30´02.469W""",28.611211,-100.500686,269,H14C65,6,*,*,1
50220523,,5,Coahuila de Zaragoza,Coah.,22,Nava,523,Crescenciano Alvarado,R,"28°22´49.507N""","100°48´07.304W""",28.380418,-100.802029,349,H14C74,0,0,0,0
50220524,,5,Coahuila de Zaragoza,Coah.,22,Nava,524,Ejido Nava,R,"28°25´37.709N""","100°44´20.325W""",28.427141,-100.738979,315,H14C74,13,6,7,3
50220525,,5,Coahuila de Zaragoza,Coah.,22,Nava,525,Fernando Rico Fraga,R,"28°36´02.887N""","100°31´58.235W""",28.600802,-100.532842,278,H14C65,0,0,0,0
50220526,,5,Coahuila de Zaragoza,Coah.,22,Nava,526,Gallera de la Garza,R,"28°26´59.088N""","100°47´28.463W""",28.449746,-100.791239,328,H14C74,1,*,*,1
50220527,,5,Coahuila de Zaragoza,Coah.,22,Nava,527,Rancho los Girasoles,R,"28°35´36.362N""","100°30´23.220W""",28.593434,-100.50645,269,H14C65,0,0,0,0
50220528,,5,Coahuila de Zaragoza,Coah.,22,Nava,528,El Avileño,R,"28°23´38.129N""","100°46´39.050W""",28.393924,-100.777513,334,H14C74,24,12,12,10
50220529,,5,Coahuila de Zaragoza,Coah.,22,Nava,529,Heriberto de la Garza Fernández,R,"28°24´50.352N""","100°44´19.955W""",28.413987,-100.738876,316,H14C74,0,0,0,0
50220530,,5,Coahuila de Zaragoza,Coah.,22,Nava,530,Humberto Contreras,R,"28°38´23.400N""","100°32´13.400W""",28.639833,-100.537055,268,H14C65,0,0,0,0
50220531,,5,Coahuila de Zaragoza,Coah.,22,Nava,531,Los Ibarra,R,"28°25´34.928N""","100°43´14.544W""",28.426368,-100.720706,309,H14C74,0,0,0,0
50220532,,5,Coahuila de Zaragoza,Coah.,22,Nava,532,El Arqui,R,"28°37´59.270N""","100°30´58.200W""",28.63313,-100.516167,259,H14C65,0,0,0,0
50220533,,5,Coahuila de Zaragoza,Coah.,22,Nava,533,Jesús Presentación Bermea,R,"28°23´08.712N""","100°48´28.959W""",28.385753,-100.808044,349,H14C74,0,0,0,0
50220534,,5,Coahuila de Zaragoza,Coah.,22,Nava,534,José Ángel Guardiola,R,"28°23´26.239N""","100°46´47.740W""",28.390622,-100.779927,336,H14C74,0,0,0,0
50220535,,5,Coahuila de Zaragoza,Coah.,22,Nava,535,José Antonio Díaz Varela,R,"28°25´15.219N""","100°42´58.389W""",28.420894,-100.716219,309,H14C74,0,0,0,0
50220536,,5,Coahuila de Zaragoza,Coah.,22,Nava,536,José de León,R,"28°22´55.355N""","100°47´57.967W""",28.382042,-100.799435,347,H14C74,3,*,*,2
50220537,,5,Coahuila de Zaragoza,Coah.,22,Nava,537,José Inés García (Los Laureles),R,"28°25´34.105N""","100°41´58.140W""",28.42614,-100.699483,305,H14C74,0,0,0,0
50220538,,5,Coahuila de Zaragoza,Coah.,22,Nava,538,José Luis Vázquez Reyes,R,"28°37´08.072N""","100°34´12.993W""",28.618908,-100.570275,270,H14C65,0,0,0,0
50220540,,5,Coahuila de Zaragoza,Coah.,22,Nava,540,Juan Varela Nieto,R,"28°37´38.960N""","100°33´57.510W""",28.627488,-100.565975,268,H14C65,4,*,*,1
50220541,,5,Coahuila de Zaragoza,Coah.,22,Nava,541,Luciano Vela,R,"28°33´41.441N""","100°33´08.002W""",28.561511,-100.552223,279,H14C65,0,0,0,0
50220542,,5,Coahuila de Zaragoza,Coah.,22,Nava,542,Ortiz Núñez (Silvestre Ortiz),R,"28°25´15.276N""","100°42´43.345W""",28.420909,-100.71204,308,H14C74,0,0,0,0
50220543,,5,Coahuila de Zaragoza,Coah.,22,Nava,543,Los Pereda,R,"28°31´00.789N""","100°40´36.596W""",28.516885,-100.676832,296,H14C64,0,0,0,0
50220544,,5,Coahuila de Zaragoza,Coah.,22,Nava,544,Persa Ventura,R,"28°32´50.890N""","100°39´02.051W""",28.547469,-100.65057,289,H14C65,0,0,0,0
50220545,,5,Coahuila de Zaragoza,Coah.,22,Nava,545,La Quinta Ilusión,R,"28°36´31.720N""","100°29´54.834W""",28.608811,-100.498565,267,H14C65,0,0,0,0
50220546,,5,Coahuila de Zaragoza,Coah.,22,Nava,546,Rafael Valvantin,R,"28°22´49.224N""","100°48´17.625W""",28.380339,-100.804896,350,H14C74,0,0,0,0
50220547,,5,Coahuila de Zaragoza,Coah.,22,Nava,547,Rancho las 3R (Rafael Ríos),R,"28°35´30.490N""","100°29´36.302W""",28.591802,-100.493417,259,H14C65,0,0,0,0
50220548,,5,Coahuila de Zaragoza,Coah.,22,Nava,548,El Travieso,R,"28°35´17.263N""","100°27´17.424W""",28.588128,-100.45484,251,H14C65,4,*,*,2
50220549,,5,Coahuila de Zaragoza,Coah.,22,Nava,549,Quinta Mis Amores,R,"28°33´47.044N""","100°30´26.930W""",28.563068,-100.507481,276,H14C65,0,0,0,0
50220550,,5,Coahuila de Zaragoza,Coah.,22,Nava,550,La Mansión (Juan del Toro),R,"28°26´59.160N""","100°47´07.820W""",28.449766,-100.785505,327,H14C74,2,*,*,1
50220551,,5,Coahuila de Zaragoza,Coah.,22,Nava,551,José Santana,R,"28°37´42.110N""","100°32´43.490W""",28.628363,-100.545414,275,H14C65,2,*,*,1
50220552,,5,Coahuila de Zaragoza,Coah.,22,Nava,552,Ninguno [Maderas Finas y Tarimas],R,"28°37´32.300N""","100°32´49.340W""",28.625638,-100.547039,273,H14C65,0,0,0,0
50220553,,5,Coahuila de Zaragoza,Coah.,22,Nava,553,La Luz,R,"28°37´46.820N""","100°31´47.460W""",28.629672,-100.529849,267,H14C65,0,0,0,0
50220554,,5,Coahuila de Zaragoza,Coah.,22,Nava,554,Santa Fé,R,"28°24´20.898N""","100°46´32.437W""",28.405805,-100.775676,329,H14C74,0,0,0,0
50220555,,5,Coahuila de Zaragoza,Coah.,22,Nava,555,Rodolfo Garza,R,"28°35´43.140N""","100°34´12.980W""",28.595316,-100.570272,283,H14C65,0,0,0,0
50220556,,5,Coahuila de Zaragoza,Coah.,22,Nava,556,Guadalupe Ibarra Montalvo,R,"28°35´55.580N""","100°34´51.970W""",28.598772,-100.581102,281,H14C65,0,0,0,0
50220557,,5,Coahuila de Zaragoza,Coah.,22,Nava,557,Luis Manuel Sánchez,R,"28°35´46.920N""","100°34´34.440W""",28.596366,-100.576233,283,H14C65,0,0,0,0
50220558,,5,Coahuila de Zaragoza,Coah.,22,Nava,558,Río Escondido [Ejido],R,"28°35´17.975N""","100°36´29.446W""",28.588326,-100.608179,275,H14C65,1,*,*,1
50220559,,5,Coahuila de Zaragoza,Coah.,22,Nava,559,Compañía Cervecera de Coahuila,R,"28°34´36.890N""","100°35´56.844W""",28.576913,-100.599123,278,H14C65,0,0,0,0
50220560,,5,Coahuila de Zaragoza,Coah.,22,Nava,560,Embotelladora de Piedras Negras,R,"28°36´07.530N""","100°34´40.468W""",28.602092,-100.577907,281,H14C65,0,0,0,0
50220561,,5,Coahuila de Zaragoza,Coah.,22,Nava,561,Micare [Mina ll],R,"28°29´15.363N""","100°41´16.089W""",28.487601,-100.687802,299,H14C74,0,0,0,0
50220562,,5,Coahuila de Zaragoza,Coah.,22,Nava,562,Micare [Mina lV],R,"28°28´53.853N""","100°38´40.448W""",28.481625,-100.644569,296,H14C75,0,0,0,0
50220563,,5,Coahuila de Zaragoza,Coah.,22,Nava,563,Evaristo Urista Alaniz,R,"28°34´37.420N""","100°25´17.250W""",28.57706,-100.421458,219,H14C65,5,*,*,1
50220564,,5,Coahuila de Zaragoza,Coah.,22,Nava,564,Arturo Ibarra Barrios,R,"28°35´12.900N""","100°34´25.880W""",28.586916,-100.573855,283,H14C65,0,0,0,0
50220565,,5,Coahuila de Zaragoza,Coah.,22,Nava,565,Rancho Escondido,R,"28°34´49.830N""","100°34´27.720W""",28.580508,-100.574366,282,H14C65,0,0,0,0
50220566,,5,Coahuila de Zaragoza,Coah.,22,Nava,566,El Rincón del Viejo,R,"28°33´08.110N""","100°28´54.940W""",28.552253,-100.481927,268,H14C65,2,*,*,2
50220567,,5,Coahuila de Zaragoza,Coah.,22,Nava,567,La Cana (Alberto de León),R,"28°35´40.550N""","100°31´46.750W""",28.594597,-100.529652,280,H14C65,0,0,0,0
50220568,,5,Coahuila de Zaragoza,Coah.,22,Nava,568,Ocotillo,R,"28°34´59.050N""","100°29´11.330W""",28.583069,-100.48648,259,H14C65,3,*,*,1
50220569,,5,Coahuila de Zaragoza,Coah.,22,Nava,569,Alejandro García,R,"28°35´50.760N""","100°32´04.480W""",28.597433,-100.534577,279,H14C65,4,*,*,1
50220570,,5,Coahuila de Zaragoza,Coah.,22,Nava,570,El Vaquero,R,"28°35´49.170N""","100°32´07.500W""",28.596991,-100.535416,279,H14C65,4,*,*,1
50220571,,5,Coahuila de Zaragoza,Coah.,22,Nava,571,Rodolfo Guillén,R,"28°33´51.830N""","100°29´47.120W""",28.564397,-100.496422,273,H14C65,6,4,2,3
50220572,,5,Coahuila de Zaragoza,Coah.,22,Nava,572,Don Chabelo,R,"28°35´39.990N""","100°29´47.320W""",28.594441,-100.496477,268,H14C65,0,0,0,0
50220573,,5,Coahuila de Zaragoza,Coah.,22,Nava,573,Los Encinos,R,"28°36´22.370N""","100°35´42.070W""",28.606214,-100.595019,270,H14C65,0,0,0,0
50220574,,5,Coahuila de Zaragoza,Coah.,22,Nava,574,Mota de Alejo (Gonzalo Fernández),R,"28°29´18.520N""","100°38´43.450W""",28.488477,-100.645402,295,H14C75,2,*,*,2
50220575,,5,Coahuila de Zaragoza,Coah.,22,Nava,575,Campamento Eme,R,"28°27´23.970N""","100°38´37.170W""",28.456658,-100.643658,297,H14C75,0,0,0,0
50220576,,5,Coahuila de Zaragoza,Coah.,22,Nava,576,San Agustín,R,"28°37´13.300N""","100°32´50.720W""",28.62036,-100.547422,274,H14C65,37,21,16,8
50220577,,5,Coahuila de Zaragoza,Coah.,22,Nava,577,Kilómetro 3 (San Ramón),R,"28°36´27.380N""","100°31´56.770W""",28.607606,-100.532435,276,H14C65,0,0,0,0
50220578,,5,Coahuila de Zaragoza,Coah.,22,Nava,578,Pedro García,R,"28°37´30.360N""","100°34´02.390W""",28.625099,-100.56733,263,H14C65,0,0,0,0
50220579,,5,Coahuila de Zaragoza,Coah.,22,Nava,579,Armando Ohauama,R,"28°37´27.930N""","100°34´11.660W""",28.624424,-100.569905,261,H14C65,0,0,0,0
50220580,,5,Coahuila de Zaragoza,Coah.,22,Nava,580,Los Laureles,R,"28°37´26.710N""","100°32´40.100W""",28.624085,-100.544472,275,H14C65,4,*,*,1
50220581,,5,Coahuila de Zaragoza,Coah.,22,Nava,581,Los Dos Cuñados,R,"28°35´51.960N""","100°32´39.850W""",28.597766,-100.544402,279,H14C65,0,0,0,0
50220582,,5,Coahuila de Zaragoza,Coah.,22,Nava,582,El Encino Dos,R,"28°26´35.440N""","100°45´05.910W""",28.443177,-100.751642,317,H14C74,3,*,*,2
50220583,,5,Coahuila de Zaragoza,Coah.,22,Nava,583,Carlos Osuna,R,"28°24´04.350N""","100°38´11.020W""",28.401208,-100.636394,297,H14C75,3,*,*,1
50220584,,5,Coahuila de Zaragoza,Coah.,22,Nava,584,La Paloma,R,"28°24´44.210N""","100°42´42.560W""",28.412281,-100.711822,309,H14C74,0,0,0,0
50220585,,5,Coahuila de Zaragoza,Coah.,22,Nava,585,Jesús Saucedo Martínez,R,"28°25´21.700N""","100°43´55.090W""",28.422694,-100.731969,312,H14C74,0,0,0,0
50220586,,5,Coahuila de Zaragoza,Coah.,22,Nava,586,Sergio de la Cruz Rodríguez,R,"28°26´50.280N""","100°45´21.560W""",28.4473,-100.755989,319,H14C74,4,*,*,1
50220587,,5,Coahuila de Zaragoza,Coah.,22,Nava,587,El Volcán,R,"28°26´59.730N""","100°44´48.340W""",28.449925,-100.746761,317,H14C74,0,0,0,0
50220588,,5,Coahuila de Zaragoza,Coah.,22,Nava,588,Los Corrales,R,"28°26´54.890N""","100°44´53.510W""",28.44858,-100.748197,317,H14C74,4,*,*,2
50220589,,5,Coahuila de Zaragoza,Coah.,22,Nava,589,Tres Palmas,R,"28°23´02.372N""","100°48´18.321W""",28.383992,-100.805089,349,H14C74,0,0,0,0
50220590,,5,Coahuila de Zaragoza,Coah.,22,Nava,590,Las Hamacas,R,"28°25´14.900N""","100°47´40.170W""",28.420805,-100.794491,331,H14C74,3,*,*,1
50220591,,5,Coahuila de Zaragoza,Coah.,22,Nava,591,Don Chon,R,"28°25´12.970N""","100°47´36.390W""",28.420269,-100.793441,330,H14C74,4,*,*,2
50220592,,5,Coahuila de Zaragoza,Coah.,22,Nava,592,La Divina [Agrícola],R,"28°32´50.930N""","100°41´46.310W""",28.54748,-100.696197,298,H14C64,0,0,0,0
50220593,,5,Coahuila de Zaragoza,Coah.,22,Nava,593,La Tijereta,R,"28°32´39.080N""","100°41´55.480W""",28.544189,-100.698744,299,H14C64,0,0,0,0
50220594,,5,Coahuila de Zaragoza,Coah.,22,Nava,594,Alegre [Granja],R,"28°27´08.280N""","100°28´50.780W""",28.4523,-100.480772,268,H14C75,0,0,0,0
50220595,,5,Coahuila de Zaragoza,Coah.,22,Nava,595,Los Encinos,R,"28°26´46.100N""","100°29´22.470W""",28.446139,-100.489575,268,H14C75,33,17,16,8
50220596,,5,Coahuila de Zaragoza,Coah.,22,Nava,596,La Amistad,R,"28°24´39.206N""","100°43´34.078W""",28.410891,-100.726132,314,H14C74,0,0,0,0
50220597,,5,Coahuila de Zaragoza,Coah.,22,Nava,597,Los Cominos,R,"28°24´45.890N""","100°43´05.645W""",28.412747,-100.718234,310,H14C74,6,*,*,1
50220598,,5,Coahuila de Zaragoza,Coah.,22,Nava,598,Las A,R,"28°26´57.753N""","100°47´13.048W""",28.449376,-100.786957,327,H14C74,4,*,*,1
50220599,,5,Coahuila de Zaragoza,Coah.,22,Nava,599,San Agustín,R,"28°25´33.820N""","100°42´29.730W""",28.42606,-100.708258,308,H14C74,0,0,0,0
50220600,,5,Coahuila de Zaragoza,Coah.,22,Nava,600,El Tambor,R,"28°24´41.160N""","100°41´36.575W""",28.411433,-100.693493,304,H14C74,1,*,*,1
50220601,,5,Coahuila de Zaragoza,Coah.,22,Nava,601,El Galván,R,"28°23´30.820N""","100°31´43.770W""",28.391894,-100.528824,278,H14C75,5,*,*,1
50220602,,5,Coahuila de Zaragoza,Coah.,22,Nava,602,Los Papalotes,R,"28°32´46.910N""","100°29´25.790W""",28.546364,-100.490497,269,H14C65,2,*,*,1
50220603,,5,Coahuila de Zaragoza,Coah.,22,Nava,603,El Papalote,R,"28°37´18.154N""","100°37´04.070W""",28.621709,-100.617797,270,H14C65,-,-,-,-
