MAPA,Estatus,CVE_ENT,NOM_ENT,NOM_ABR,CVE_MUN,NOM_MUN,CVE_LOC,NOM_LOC,AMBITO,LATITUD,LONGITUD,LAT_DECIMAL,LON_DECIMAL,ALTITUD,CVE_CARTA,POB_TOTAL,POB_MASCULINA,POB_FEMENINA,TOTAL DE VIVIENDAS HABITADAS
50230001,,5,Coahuila de Zaragoza,Coah.,23,Ocampo,1,Ocampo,U,"27°18´40.374N""","102°23´50.657W""",27.311215,-102.397404,1108,G13B38,3651,1796,1855,985
50230002,,5,Coahuila de Zaragoza,Coah.,23,Ocampo,2,Acebuches,R,"28°14´03.270N""","102°54´08.330W""",28.234241,-102.902314,1078,H13D87,56,32,24,18
50230003,,5,Coahuila de Zaragoza,Coah.,23,Ocampo,3,El Cimarrón,R,"28°05´45.539N""","102°50´42.690W""",28.095983,-102.845191,1259,H13D87,5,*,*,1
50230004,,5,Coahuila de Zaragoza,Coah.,23,Ocampo,4,Agua Verde,R,"27°19´09.146N""","102°13´21.612W""",27.319207,-102.222669,1011,G13B39,0,0,0,0
50230005,,5,Coahuila de Zaragoza,Coah.,23,Ocampo,5,Nuevo Peñalba (El Águila),R,"27°44´23.995N""","102°52´56.401W""",27.739998,-102.882333,1101,G13B27,1,*,*,1
50230008,,5,Coahuila de Zaragoza,Coah.,23,Ocampo,8,Álamos de Márquez,R,"28°46´20.819N""","103°26´30.379W""",28.772449,-103.441772,891,H13D55,23,14,9,6
50230010,,5,Coahuila de Zaragoza,Coah.,23,Ocampo,10,El Alicante,R,"27°56´20.169N""","103°34´11.570W""",27.938936,-103.56988,1297,G13B15,112,58,54,36
50230017,,5,Coahuila de Zaragoza,Coah.,23,Ocampo,17,Boquillas del Carmen,R,"29°11´17.859N""","102°56´06.349W""",29.188294,-102.935097,576,H13D47,202,115,87,57
50230020,,5,Coahuila de Zaragoza,Coah.,23,Ocampo,20,Buena Vista,R,"28°59´48.630N""","102°50´58.059W""",28.996841,-102.849461,801,H13D57,2,*,*,1
50230025,,5,Coahuila de Zaragoza,Coah.,23,Ocampo,25,La Central,R,"28°35´42.109N""","102°56´09.819W""",28.59503,-102.936061,920,H13D67,4,*,*,1
50230026,,5,Coahuila de Zaragoza,Coah.,23,Ocampo,26,El Cenzontle (El Chonte),R,"27°42´17.440N""","103°21´45.979W""",27.704844,-103.362772,1156,G13B25,3,*,*,2
50230027,,5,Coahuila de Zaragoza,Coah.,23,Ocampo,27,La Cruz,R,"27°12´59.798N""","102°35´20.446W""",27.216611,-102.589012,1616,G13B48,1,*,*,1
50230029,,5,Coahuila de Zaragoza,Coah.,23,Ocampo,29,Chapala,R,"28°21´28.900N""","102°49´06.210W""",28.358028,-102.818391,1000,H13D77,2,*,*,1
50230030,,5,Coahuila de Zaragoza,Coah.,23,Ocampo,30,Charcos de Figueroa (Falcón),R,"27°42´59.183N""","102°23´17.999W""",27.71644,-102.388333,1234,G13B28,98,53,45,30
50230032,,5,Coahuila de Zaragoza,Coah.,23,Ocampo,32,Las Eutimias,R,"28°19´54.699N""","102°44´53.683W""",28.33186,-102.748245,1025,H13D77,68,42,26,18
50230033,,5,Coahuila de Zaragoza,Coah.,23,Ocampo,33,La Fortuna (Fortuna de Arocha),R,"27°50´10.840N""","102°26´30.303W""",27.836344,-102.441751,1256,G13B18,5,*,*,1
50230035,,5,Coahuila de Zaragoza,Coah.,23,Ocampo,35,El Garabatal,R,"27°50´54.669N""","102°54´53.579W""",27.848519,-102.914883,1097,G13B17,0,0,0,0
50230037,,5,Coahuila de Zaragoza,Coah.,23,Ocampo,37,Guadalupe del Rey,R,"27°03´16.039N""","103°25´59.519W""",27.054455,-103.433199,1040,G13B45,72,39,33,19
50230038,,5,Coahuila de Zaragoza,Coah.,23,Ocampo,38,El Guaje,R,"28°05´28.439N""","103°17´21.879W""",28.091233,-103.289411,1081,H13D86,0,0,0,0
50230040,,5,Coahuila de Zaragoza,Coah.,23,Ocampo,40,La Harina,R,"28°40´28.920N""","102°54´39.539W""",28.674699,-102.910983,963,H13D67,2,*,*,1
50230041,,5,Coahuila de Zaragoza,Coah.,23,Ocampo,41,Jaboncillos (Jaboncillos Chico),R,"28°42´48.939N""","102°53´02.770W""",28.713594,-102.884102,1004,H13D67,13,6,7,4
50230042,,5,Coahuila de Zaragoza,Coah.,23,Ocampo,42,Jaboncillos (Jaboncillos Grande),R,"28°58´05.250N""","102°48´20.390W""",28.968124,-102.805664,880,H13D57,62,35,27,20
50230044,,5,Coahuila de Zaragoza,Coah.,23,Ocampo,44,Los Laureles,R,"27°21´24.739N""","102°01´32.588W""",27.356872,-102.025718,1231,G13B39,0,0,0,0
50230045,,5,Coahuila de Zaragoza,Coah.,23,Ocampo,45,Los Llanos,R,"29°06´04.022N""","102°52´44.434W""",29.101117,-102.879009,680,H13D47,0,0,0,0
50230046,,5,Coahuila de Zaragoza,Coah.,23,Ocampo,46,Las Margaritas,R,"28°26´42.020N""","102°50´55.179W""",28.445005,-102.848661,933,H13D77,0,0,0,0
50230047,,5,Coahuila de Zaragoza,Coah.,23,Ocampo,47,El Melón,R,"28°55´29.439N""","102°49´10.040W""",28.924844,-102.819455,897,H13D57,0,0,0,0
50230048,,5,Coahuila de Zaragoza,Coah.,23,Ocampo,48,La Merced,R,"27°46´02.143N""","102°38´48.413W""",27.767261,-102.646781,1396,G13B18,0,0,0,0
50230049,,5,Coahuila de Zaragoza,Coah.,23,Ocampo,49,El Milagro (El Polko),R,"28°49´52.790N""","102°44´55.330W""",28.83133,-102.748702,1012,H13D57,2,*,*,1
50230051,,5,Coahuila de Zaragoza,Coah.,23,Ocampo,51,El Mimbre,R,"27°34´15.759N""","102°07´09.299W""",27.571044,-102.119249,1359,G13B29,0,0,0,0
50230057,,5,Coahuila de Zaragoza,Coah.,23,Ocampo,57,El Morado,R,"28°30´05.360N""","103°14´12.239W""",28.501489,-103.236733,1015,H13D66,0,0,0,0
50230058,,5,Coahuila de Zaragoza,Coah.,23,Ocampo,58,La Mora,R,"27°43´31.500N""","102°30´19.209W""",27.725416,-102.505336,1239,G13B28,1,*,*,1
50230059,,5,Coahuila de Zaragoza,Coah.,23,Ocampo,59,Santa Fe del Pino (La Morita),R,"28°39´03.492N""","103°12´15.460W""",28.65097,-103.204294,896,H13D66,70,43,27,24
50230062,,5,Coahuila de Zaragoza,Coah.,23,Ocampo,62,Boquillas del Carmen (Norias),R,"29°05´44.220N""","102°50´02.882W""",29.095616,-102.834134,825,H13D47,77,45,32,30
50230063,,5,Coahuila de Zaragoza,Coah.,23,Ocampo,63,Norias del Caballo,R,"27°43´53.339N""","103°04´03.529W""",27.731482,-103.067646,1111,G13B26,1,*,*,1
50230065,,5,Coahuila de Zaragoza,Coah.,23,Ocampo,65,Nuevo Reforma,R,"27°28´45.019N""","102°05´51.500W""",27.479171,-102.097639,1194,G13B39,0,0,0,0
50230067,,5,Coahuila de Zaragoza,Coah.,23,Ocampo,67,El Oro [Estación],R,"27°14´58.790N""","103°31´11.070W""",27.249664,-103.519741,1170,G13B45,15,8,7,6
50230070,,5,Coahuila de Zaragoza,Coah.,23,Ocampo,70,El Mirador (El Papalote),R,"27°08´14.153N""","102°51´23.425W""",27.137264,-102.856507,1184,G13B47,1,*,*,1
50230072,,5,Coahuila de Zaragoza,Coah.,23,Ocampo,72,Pedro Prieto,R,"27°19´42.124N""","101°58´08.008W""",27.328367,-101.96889,1355,G14A31,1,*,*,1
50230074,,5,Coahuila de Zaragoza,Coah.,23,Ocampo,74,Peñalba,R,"27°28´15.129N""","102°29´57.120W""",27.470869,-102.4992,1280,G13B38,0,0,0,0
50230075,,5,Coahuila de Zaragoza,Coah.,23,Ocampo,75,Peña Blanca,R,"28°34´56.879N""","103°26´57.980W""",28.582466,-103.449439,1282,H13D65,10,5,5,3
50230076,,5,Coahuila de Zaragoza,Coah.,23,Ocampo,76,Piedritas,R,"28°45´55.810N""","103°04´03.680W""",28.765503,-103.067688,792,H13D56,25,16,9,11
50230078,,5,Coahuila de Zaragoza,Coah.,23,Ocampo,78,El Pino,R,"28°33´20.019N""","103°13´58.443W""",28.555561,-103.2329,970,H13D66,8,3,5,4
50230079,,5,Coahuila de Zaragoza,Coah.,23,Ocampo,79,El Placer (El Puerto),R,"27°22´31.959N""","102°25´41.149W""",27.375544,-102.428096,1224,G13B38,0,0,0,0
50230083,,5,Coahuila de Zaragoza,Coah.,23,Ocampo,83,La Presita,R,"28°15´03.955N""","102°36´33.527W""",28.251099,-102.609313,1201,H13D78,1,*,*,1
50230084,,5,Coahuila de Zaragoza,Coah.,23,Ocampo,84,La Encantada (La Prieta),R,"28°21´32.890N""","102°34´30.423W""",28.359136,-102.575117,1628,H13D78,15,8,7,7
50230085,,5,Coahuila de Zaragoza,Coah.,23,Ocampo,85,Puertecitos,R,"27°17´02.945N""","102°51´38.879W""",27.284151,-102.8608,1120,G13B37,0,0,0,0
50230086,,5,Coahuila de Zaragoza,Coah.,23,Ocampo,86,Puerto Arturo (El Caballo),R,"27°34´09.419N""","103°03´37.910W""",27.569282,-103.060531,1192,G13B26,0,0,0,0
50230088,,5,Coahuila de Zaragoza,Coah.,23,Ocampo,88,El Rayo,R,"27°57´23.039N""","102°53´46.889W""",27.9564,-102.896358,1233,G13B17,0,0,0,0
50230089,,5,Coahuila de Zaragoza,Coah.,23,Ocampo,89,La Reforma Vieja,R,"27°27´55.564N""","102°07´53.366W""",27.465434,-102.13149,1184,G13B39,0,0,0,0
50230092,,5,Coahuila de Zaragoza,Coah.,23,Ocampo,92,Nueva Italia (La Reyna),R,"28°10´31.839N""","102°43´34.330W""",28.17551,-102.726202,1175,H13D87,0,0,0,0
50230094,,5,Coahuila de Zaragoza,Coah.,23,Ocampo,94,La Rosita,R,"28°26´58.710N""","103°17´53.540W""",28.449641,-103.298205,1068,H13D76,153,82,71,46
50230095,,5,Coahuila de Zaragoza,Coah.,23,Ocampo,95,La Rueda,R,"28°01´06.207N""","102°45´02.714W""",28.01839,-102.750754,1341,H13D87,0,0,0,0
50230096,,5,Coahuila de Zaragoza,Coah.,23,Ocampo,96,La Salada (La Salada Grande),R,"28°44´39.959N""","103°16´40.329W""",28.744433,-103.277869,855,H13D66,5,2,3,3
50230097,,5,Coahuila de Zaragoza,Coah.,23,Ocampo,97,Salinas del Rey Norte (Salinas del Rey),R,"27°02´32.750N""","103°26´11.240W""",27.04243,-103.436455,1039,G13B45,6,5,1,3
50230099,,5,Coahuila de Zaragoza,Coah.,23,Ocampo,99,La Trinidad,R,"27°38´15.719N""","102°35´01.700W""",27.637699,-102.583805,1524,G13B28,0,0,0,0
50230100,,5,Coahuila de Zaragoza,Coah.,23,Ocampo,100,San Guillermo Uno,R,"28°28´25.659N""","102°57´10.119W""",28.473794,-102.952811,920,H13D77,18,11,7,4
50230101,,5,Coahuila de Zaragoza,Coah.,23,Ocampo,101,San Ildefonso (El Caballo),R,"28°20´03.260N""","102°54´40.690W""",28.334239,-102.911303,989,H13D77,2,*,*,1
50230102,,5,Coahuila de Zaragoza,Coah.,23,Ocampo,102,San Isidro,R,"27°30´30.999N""","102°22´35.349W""",27.508611,-102.376485,1175,G13B28,2,*,*,1
50230103,,5,Coahuila de Zaragoza,Coah.,23,Ocampo,103,San José de las Piedras,R,"28°42´23.479N""","102°50´19.910W""",28.706522,-102.838864,1074,H13D67,2,*,*,1
50230104,,5,Coahuila de Zaragoza,Coah.,23,Ocampo,104,San Miguel,R,"28°38´17.196N""","102°56´49.181W""",28.63811,-102.946994,919,H13D67,183,98,85,53
50230106,,5,Coahuila de Zaragoza,Coah.,23,Ocampo,106,San Pedro,R,"27°16´20.690N""","102°37´51.179W""",27.272413,-102.630882,1502,G13B38,1,*,*,1
50230107,,5,Coahuila de Zaragoza,Coah.,23,Ocampo,107,Santa Elena Uno (Santa Elena),R,"27°51´11.464N""","102°58´42.663W""",27.853184,-102.978517,1081,G13B17,0,0,0,0
50230108,,5,Coahuila de Zaragoza,Coah.,23,Ocampo,108,Santa Elena Dos (San Josecito),R,"27°59´46.783N""","103°09´40.744W""",27.996328,-103.161318,1073,G13B16,0,0,0,0
50230109,,5,Coahuila de Zaragoza,Coah.,23,Ocampo,109,El Granizo (Santa María de los Ángeles),R,"28°28´38.560N""","102°43´35.749W""",28.477377,-102.726596,984,H13D77,1,*,*,1
50230111,,5,Coahuila de Zaragoza,Coah.,23,Ocampo,111,Santa Rosa,R,"27°35´01.780N""","102°11´38.460W""",27.583827,-102.194016,1454,G13B29,0,0,0,0
50230112,,5,Coahuila de Zaragoza,Coah.,23,Ocampo,112,Santo Niño,R,"27°40´41.779N""","102°13´53.370W""",27.678271,-102.231491,1458,G13B29,0,0,0,0
50230113,,5,Coahuila de Zaragoza,Coah.,23,Ocampo,113,San Vicente y Zacatonal,R,"29°06´27.395N""","103°01´37.979W""",29.10761,-103.027216,588,H13D46,82,47,35,27
50230114,,5,Coahuila de Zaragoza,Coah.,23,Ocampo,114,El Socorro,R,"27°40´18.180N""","102°19´03.929W""",27.671716,-102.317757,1330,G13B29,21,11,10,12
50230119,,5,Coahuila de Zaragoza,Coah.,23,Ocampo,119,San Lorenzo (El Revés),R,"27°53´32.172N""","102°34´23.463W""",27.89227,-102.573184,1227,G13B18,0,0,0,0
50230120,,5,Coahuila de Zaragoza,Coah.,23,Ocampo,120,Taraíses,R,"28°48´26.840N""","102°54´37.190W""",28.807456,-102.910331,915,H13D57,9,7,2,4
50230124,,5,Coahuila de Zaragoza,Coah.,23,Ocampo,124,La Unión y el Olán,R,"28°51´56.915N""","102°55´47.662W""",28.86581,-102.929905,854,H13D57,101,54,47,33
50230129,,5,Coahuila de Zaragoza,Coah.,23,Ocampo,129,Tenochtitlán (Los Ascacio),R,"28°21´06.147N""","102°35´20.240W""",28.351708,-102.588955,1523,H13D78,3,*,*,1
50230130,,5,Coahuila de Zaragoza,Coah.,23,Ocampo,130,Las Flores,R,"27°14´34.103N""","103°07´34.698W""",27.242806,-103.126304,1063,G13B46,0,0,0,0
50230133,,5,Coahuila de Zaragoza,Coah.,23,Ocampo,133,General Gregorio A. García (El Socorro),R,"27°19´25.529N""","103°09´19.109W""",27.323757,-103.155308,1101,G13B36,0,0,0,0
50230135,,5,Coahuila de Zaragoza,Coah.,23,Ocampo,135,El Alegre,R,"27°44´07.410N""","102°13´20.100W""",27.735391,-102.222249,1336,G13B29,0,0,0,0
50230136,,5,Coahuila de Zaragoza,Coah.,23,Ocampo,136,Media Luna,R,"28°29´34.519N""","103°01´16.380W""",28.492922,-103.021216,947,H13D76,2,*,*,1
50230137,,5,Coahuila de Zaragoza,Coah.,23,Ocampo,137,Vicente Guerrero,R,"27°10´21.752N""","103°17´12.944W""",27.172708,-103.286929,1094,G13B46,0,0,0,0
50230138,,5,Coahuila de Zaragoza,Coah.,23,Ocampo,138,Las Ánimas,R,"27°29´50.309N""","102°58´20.700W""",27.497308,-102.972416,1161,G13B37,1,*,*,1
50230142,,5,Coahuila de Zaragoza,Coah.,23,Ocampo,142,Palitos Blancos (La Mena),R,"27°21´19.985N""","103°20´45.280W""",27.355551,-103.345911,1127,G13B35,0,0,0,0
50230143,,5,Coahuila de Zaragoza,Coah.,23,Ocampo,143,El Bandido,R,"27°18´36.017N""","102°44´39.337W""",27.310005,-102.74426,1201,G13B37,0,0,0,0
50230144,,5,Coahuila de Zaragoza,Coah.,23,Ocampo,144,Vicente Suárez (Jericó),R,"27°33´39.909N""","102°54´44.082W""",27.561086,-102.912245,1129,G13B27,0,0,0,0
50230145,,5,Coahuila de Zaragoza,Coah.,23,Ocampo,145,Las Gallinas,R,"27°18´19.446N""","102°48´05.390W""",27.305402,-102.801497,1148,G13B37,0,0,0,0
50230147,,5,Coahuila de Zaragoza,Coah.,23,Ocampo,147,El Fuste,R,"27°32´14.536N""","102°51´21.887W""",27.537371,-102.85608,1182,G13B27,1,*,*,1
50230148,,5,Coahuila de Zaragoza,Coah.,23,Ocampo,148,Noche Buena,R,"28°22´41.700N""","103°25´08.600W""",28.378249,-103.419055,1188,H13D75,5,*,*,1
50230149,,5,Coahuila de Zaragoza,Coah.,23,Ocampo,149,Cuesta de Roque,R,"28°38´29.419N""","103°27´21.399W""",28.641505,-103.455944,1132,H13D65,6,*,*,1
50230150,,5,Coahuila de Zaragoza,Coah.,23,Ocampo,150,El Veinte,R,"29°02´28.652N""","102°52´06.346W""",29.041292,-102.868429,767,H13D47,0,0,0,0
50230151,,5,Coahuila de Zaragoza,Coah.,23,Ocampo,151,El Milagro (El Polko),R,"28°44´53.370N""","102°44´22.176W""",28.748158,-102.739493,1057,H13D67,0,0,0,0
50230152,,5,Coahuila de Zaragoza,Coah.,23,Ocampo,152,El Rubio,R,"27°17´18.999N""","102°11´50.319W""",27.288611,-102.197311,996,G13B39,0,0,0,0
50230153,,5,Coahuila de Zaragoza,Coah.,23,Ocampo,153,El Rescalco (Las Cuatas),R,"27°26´41.261N""","102°00´19.802W""",27.444794,-102.005501,1335,G13B39,0,0,0,0
50230154,,5,Coahuila de Zaragoza,Coah.,23,Ocampo,154,Ojo Caliente,R,"29°10´08.239N""","102°57´09.280W""",29.168955,-102.952578,580,H13D47,2,*,*,2
50230155,,5,Coahuila de Zaragoza,Coah.,23,Ocampo,155,La Luz,R,"27°23´45.138N""","102°44´32.353W""",27.395871,-102.74232,1384,G13B37,1,*,*,1
50230157,,5,Coahuila de Zaragoza,Coah.,23,Ocampo,157,Palmira,R,"27°24´15.465N""","102°55´23.659W""",27.404296,-102.923238,1127,G13B37,1,*,*,1
50230160,,5,Coahuila de Zaragoza,Coah.,23,Ocampo,160,Adán,R,"27°25´24.719N""","102°18´41.649W""",27.423532,-102.311569,1114,G13B39,0,0,0,0
50230161,,5,Coahuila de Zaragoza,Coah.,23,Ocampo,161,Agua Chica,R,"27°37´10.519N""","103°18´08.679W""",27.619588,-103.302411,1211,G13B26,0,0,0,0
50230163,,5,Coahuila de Zaragoza,Coah.,23,Ocampo,163,Los Álamos,R,"28°45´01.909N""","102°54´57.610W""",28.75053,-102.916003,1029,H13D57,3,*,*,1
50230164,,5,Coahuila de Zaragoza,Coah.,23,Ocampo,164,Altamar,R,"27°30´37.804N""","102°30´37.639W""",27.510501,-102.510455,1334,G13B28,0,0,0,0
50230165,,5,Coahuila de Zaragoza,Coah.,23,Ocampo,165,Altamira,R,"28°41´52.787N""","102°51´45.874W""",28.697996,-102.862743,1045,H13D67,0,0,0,0
50230166,,5,Coahuila de Zaragoza,Coah.,23,Ocampo,166,Los Americanos,R,"27°10´36.029N""","103°17´05.712W""",27.176674,-103.28492,1091,G13B46,0,0,0,0
50230168,,5,Coahuila de Zaragoza,Coah.,23,Ocampo,168,Argentina (Los Mezquites),R,"27°16´15.709N""","102°25´32.530W""",27.27103,-102.425702,1200,G13B38,1,*,*,1
50230169,,5,Coahuila de Zaragoza,Coah.,23,Ocampo,169,La Azufrosa,R,"27°21´37.069N""","102°02´15.939W""",27.360297,-102.037761,1213,G13B39,0,0,0,0
50230170,,5,Coahuila de Zaragoza,Coah.,23,Ocampo,170,El Bajío,R,"28°25´22.969N""","102°40´46.369W""",28.423046,-102.679546,1021,H13D77,0,0,0,0
50230171,,5,Coahuila de Zaragoza,Coah.,23,Ocampo,171,Barranquitas,R,"27°14´40.220N""","102°47´33.529W""",27.244505,-102.792647,1184,G13B47,0,0,0,0
50230173,,5,Coahuila de Zaragoza,Coah.,23,Ocampo,173,Blanca (Moncada),R,"28°23´38.849N""","103°01´51.779W""",28.394124,-103.031049,1066,H13D76,0,0,0,0
50230174,,5,Coahuila de Zaragoza,Coah.,23,Ocampo,174,El Boster (Estación M. Boster),R,"27°10´34.089N""","102°53´07.519W""",27.176135,-102.885422,1130,G13B47,0,0,0,0
50230175,,5,Coahuila de Zaragoza,Coah.,23,Ocampo,175,Buenavista,R,"28°20´36.080N""","102°58´12.389W""",28.343355,-102.970107,1018,H13D77,0,0,0,0
50230177,,5,Coahuila de Zaragoza,Coah.,23,Ocampo,177,La Boquilla (El Cascajo),R,"28°02´58.625N""","102°34´48.446W""",28.049618,-102.580123,1357,H13D88,0,0,0,0
50230178,,5,Coahuila de Zaragoza,Coah.,23,Ocampo,178,Cerritos,R,"28°02´43.820N""","103°18´02.160W""",28.045505,-103.3006,1074,H13D86,0,0,0,0
50230180,,5,Coahuila de Zaragoza,Coah.,23,Ocampo,180,Cerro Colorado,R,"28°35´13.914N""","102°31´47.844W""",28.587198,-102.529956,1937,H13D68,0,0,0,0
50230182,,5,Coahuila de Zaragoza,Coah.,23,Ocampo,182,Charcos de Figueroa,R,"27°43´49.550N""","102°16´35.379W""",27.73043,-102.276494,1379,G13B29,0,0,0,0
50230185,,5,Coahuila de Zaragoza,Coah.,23,Ocampo,185,El Divisadero,R,"27°30´25.779N""","102°06´06.779W""",27.507161,-102.101883,1236,G13B29,0,0,0,0
50230190,,5,Coahuila de Zaragoza,Coah.,23,Ocampo,190,Filipinas,R,"28°12´57.800N""","103°17´49.940W""",28.216056,-103.297205,1069,H13D86,2,*,*,1
50230191,,5,Coahuila de Zaragoza,Coah.,23,Ocampo,191,El Florido,R,"27°38´50.547N""","102°19´04.327W""",27.647374,-102.317868,1301,G13B29,0,0,0,0
50230193,,5,Coahuila de Zaragoza,Coah.,23,Ocampo,193,Cielo Norteño,R,"28°28´34.249N""","102°44´32.240W""",28.47618,-102.742289,969,H13D77,0,0,0,0
50230194,,5,Coahuila de Zaragoza,Coah.,23,Ocampo,194,Guadalupe,R,"27°31´55.130N""","102°23´28.939W""",27.53198,-102.391372,1195,G13B28,0,0,0,0
50230195,,5,Coahuila de Zaragoza,Coah.,23,Ocampo,195,El Jardín,R,"29°06´42.049N""","102°44´24.680W""",29.11168,-102.740189,1740,H13D47,0,0,0,0
50230197,,5,Coahuila de Zaragoza,Coah.,23,Ocampo,197,Juan de la Cruz Borrego,R,"28°05´33.013N""","103°17´12.690W""",28.092503,-103.286858,1079,H13D86,9,4,5,3
50230198,,5,Coahuila de Zaragoza,Coah.,23,Ocampo,198,Lagunetas,R,"27°12´23.884N""","103°04´06.442W""",27.206634,-103.068455,1085,G13B46,0,0,0,0
50230199,,5,Coahuila de Zaragoza,Coah.,23,Ocampo,199,Santa María,R,"27°14´17.350N""","102°45´34.387W""",27.238152,-102.759552,1212,G13B47,1,*,*,1
50230200,,5,Coahuila de Zaragoza,Coah.,23,Ocampo,200,Las Marías,R,"27°19´11.280N""","102°02´59.219W""",27.319799,-102.049783,1267,G13B39,0,0,0,0
50230204,,5,Coahuila de Zaragoza,Coah.,23,Ocampo,204,El Milagro,R,"28°34´44.810N""","102°31´10.769W""",28.579113,-102.519657,1864,H13D68,0,0,0,0
50230207,,5,Coahuila de Zaragoza,Coah.,23,Ocampo,207,Corral de Piedra,R,"28°42´34.500N""","103°18´55.326W""",28.709583,-103.315368,940,H13D66,2,*,*,1
50230209,,5,Coahuila de Zaragoza,Coah.,23,Ocampo,209,Nuevo Gabino Vázquez,R,"27°55´15.268N""","103°19´25.667W""",27.920907,-103.323796,1070,G13B16,2,*,*,1
50230211,,5,Coahuila de Zaragoza,Coah.,23,Ocampo,211,Las Pacas,R,"27°20´41.645N""","102°37´15.460W""",27.344901,-102.62096,1655,G13B38,1,*,*,1
50230213,,5,Coahuila de Zaragoza,Coah.,23,Ocampo,213,La Palma,R,"27°11´07.189N""","102°54´40.430W""",27.18533,-102.911231,1108,G13B47,1,*,*,1
50230214,,5,Coahuila de Zaragoza,Coah.,23,Ocampo,214,Santa Rita (Palos Blancos),R,"27°30´18.640N""","102°12´21.710W""",27.505178,-102.206031,1282,G13B29,0,0,0,0
50230215,,5,Coahuila de Zaragoza,Coah.,23,Ocampo,215,Palos Blancos (Palitos Blancos),R,"27°27´20.480N""","103°12´00.830W""",27.455689,-103.200231,1171,G13B36,0,0,0,0
50230216,,5,Coahuila de Zaragoza,Coah.,23,Ocampo,216,Palos Blancos (La Pasta),R,"27°16´06.672N""","102°36´24.884W""",27.268519,-102.606912,1480,G13B38,0,0,0,0
50230219,,5,Coahuila de Zaragoza,Coah.,23,Ocampo,219,La Pista,R,"28°24´28.426N""","102°36´43.468W""",28.407896,-102.612074,1306,H13D78,0,0,0,0
50230220,,5,Coahuila de Zaragoza,Coah.,23,Ocampo,220,San Miguel (El Papalote),R,"27°28´33.640N""","102°21´23.626W""",27.47601,-102.356563,1152,G13B38,0,0,0,0
50230221,,5,Coahuila de Zaragoza,Coah.,23,Ocampo,221,La Parcela,R,"28°38´16.889N""","103°11´34.460W""",28.638024,-103.192905,900,H13D66,4,*,*,1
50230222,,5,Coahuila de Zaragoza,Coah.,23,Ocampo,222,El Pelotazo,R,"27°25´20.756N""","102°11´38.602W""",27.422432,-102.194056,1140,G13B39,0,0,0,0
50230224,,5,Coahuila de Zaragoza,Coah.,23,Ocampo,224,El Porvenir (El Cuatro),R,"27°08´36.189N""","103°22´25.849W""",27.143386,-103.373846,1068,G13B45,0,0,0,0
50230225,,5,Coahuila de Zaragoza,Coah.,23,Ocampo,225,Las Pozas,R,"27°19´08.320N""","102°11´21.379W""",27.318977,-102.189272,1023,G13B39,0,0,0,0
50230226,,5,Coahuila de Zaragoza,Coah.,23,Ocampo,226,La Presa de María Rebeca,R,"27°56´53.289N""","102°30´34.420W""",27.948136,-102.509561,1218,G13B18,2,*,*,1
50230227,,5,Coahuila de Zaragoza,Coah.,23,Ocampo,227,Los Puertos (San José),R,"29°04´52.081N""","102°41´28.315W""",29.081133,-102.691198,1503,H13D47,0,0,0,0
50230228,,5,Coahuila de Zaragoza,Coah.,23,Ocampo,228,Punta de la Sierra,R,"29°02´57.209N""","102°44´32.690W""",29.049224,-102.742414,1060,H13D47,0,0,0,0
50230229,,5,Coahuila de Zaragoza,Coah.,23,Ocampo,229,El Ranchito,R,"27°20´43.010N""","102°24´55.379W""",27.34528,-102.415383,1193,G13B38,0,0,0,0
50230231,,5,Coahuila de Zaragoza,Coah.,23,Ocampo,231,La Remuda,R,"28°34´14.769N""","103°32´32.210W""",28.570769,-103.54228,1757,H13D65,0,0,0,0
50230232,,5,Coahuila de Zaragoza,Coah.,23,Ocampo,232,El Rey [Estación],R,"27°10´45.398N""","103°22´23.823W""",27.179277,-103.373284,1082,G13B45,0,0,0,0
50230234,,5,Coahuila de Zaragoza,Coah.,23,Ocampo,234,El Rodeo,R,"28°31´56.643N""","103°24´32.410W""",28.5324,-103.409003,1220,H13D65,0,0,0,0
50230235,,5,Coahuila de Zaragoza,Coah.,23,Ocampo,235,Cañón de Rosenda,R,"27°16´51.797N""","102°27´28.649W""",27.281054,-102.457958,1254,G13B38,0,0,0,0
50230238,,5,Coahuila de Zaragoza,Coah.,23,Ocampo,238,San Antonio de la Tinaja,R,"27°35´52.177N""","102°26´25.288W""",27.597827,-102.440357,1240,G13B28,0,0,0,0
50230239,,5,Coahuila de Zaragoza,Coah.,23,Ocampo,239,La Estrella,R,"27°26´55.049N""","102°21´48.930W""",27.448624,-102.363592,1151,G13B38,0,0,0,0
50230240,,5,Coahuila de Zaragoza,Coah.,23,Ocampo,240,San Enrique (El Kelly),R,"28°34´30.516N""","102°31´47.051W""",28.575143,-102.529736,1860,H13D68,0,0,0,0
50230241,,5,Coahuila de Zaragoza,Coah.,23,Ocampo,241,San Enrique (El Papalote),R,"28°28´00.529N""","102°37´26.674W""",28.466813,-102.624075,1128,H13D78,0,0,0,0
50230244,,5,Coahuila de Zaragoza,Coah.,23,Ocampo,244,San Pedro,R,"28°07´15.597N""","102°43´08.049W""",28.120999,-102.718902,1248,H13D87,0,0,0,0
50230246,,5,Coahuila de Zaragoza,Coah.,23,Ocampo,246,Santa Rosa,R,"28°55´41.220N""","102°48´08.830W""",28.928116,-102.802453,899,H13D57,0,0,0,0
50230251,,5,Coahuila de Zaragoza,Coah.,23,Ocampo,251,La Tinaja,R,"27°35´37.066N""","102°24´43.136W""",27.593629,-102.411982,1211,G13B28,0,0,0,0
50230252,,5,Coahuila de Zaragoza,Coah.,23,Ocampo,252,La Tinaja,R,"27°26´53.862N""","102°40´52.868W""",27.448295,-102.681352,1789,G13B37,0,0,0,0
50230253,,5,Coahuila de Zaragoza,Coah.,23,Ocampo,253,El Tordillo,R,"27°24´36.910N""","103°13´06.229W""",27.410253,-103.218396,1135,G13B36,0,0,0,0
50230254,,5,Coahuila de Zaragoza,Coah.,23,Ocampo,254,El Trozado,R,"27°14´15.905N""","102°38´06.414W""",27.237751,-102.635115,1582,G13B48,1,*,*,1
50230255,,5,Coahuila de Zaragoza,Coah.,23,Ocampo,255,Valle de las Flores,R,"27°28´05.774N""","102°37´13.059W""",27.46827,-102.620294,2056,G13B38,3,*,*,1
50230257,,5,Coahuila de Zaragoza,Coah.,23,Ocampo,257,Villanueva (Macheros),R,"27°29´09.451N""","103°06´35.886W""",27.485958,-103.109968,1227,G13B36,0,0,0,0
50230259,,5,Coahuila de Zaragoza,Coah.,23,Ocampo,259,Minitas,R,"27°47´50.920N""","102°09´50.760W""",27.797477,-102.1641,1380,G13B19,0,0,0,0
50230260,,5,Coahuila de Zaragoza,Coah.,23,Ocampo,260,El Jardín,R,"29°03´48.747N""","102°39´22.556W""",29.063541,-102.656266,1684,H13D48,3,*,*,2
50230261,,5,Coahuila de Zaragoza,Coah.,23,Ocampo,261,El Chupadero Blanco,R,"28°39´20.660N""","103°29´27.139W""",28.655739,-103.490872,1182,H13D65,3,*,*,1
50230262,,5,Coahuila de Zaragoza,Coah.,23,Ocampo,262,Las Pulgas,R,"27°47´14.198N""","102°27´41.794W""",27.787277,-102.461609,1200,G13B18,0,0,0,0
50230263,,5,Coahuila de Zaragoza,Coah.,23,Ocampo,263,La Peña,R,"27°35´14.460N""","103°18´22.179W""",27.58735,-103.306161,1252,G13B26,0,0,0,0
50230264,,5,Coahuila de Zaragoza,Coah.,23,Ocampo,264,El Granizo,R,"28°28´37.821N""","102°43´14.498W""",28.477172,-102.720693,982,H13D77,0,0,0,0
50230265,,5,Coahuila de Zaragoza,Coah.,23,Ocampo,265,Santa Teresa,R,"27°58´44.517N""","102°41´41.030W""",27.979032,-102.69473,1288,G13B17,3,*,*,1
50230267,,5,Coahuila de Zaragoza,Coah.,23,Ocampo,267,Alfredo Tavares Olivas,R,"28°35´13.426N""","103°27´51.113W""",28.587062,-103.464198,1393,H13D65,0,0,0,0
50230272,,5,Coahuila de Zaragoza,Coah.,23,Ocampo,272,Casa Blanca (El Gato),R,"27°19´31.351N""","102°34´48.188W""",27.325375,-102.580052,1585,G13B38,0,0,0,0
50230273,,5,Coahuila de Zaragoza,Coah.,23,Ocampo,273,La Puerta,R,"27°18´41.680N""","102°28´52.269W""",27.311578,-102.481185,1427,G13B38,0,0,0,0
50230275,,5,Coahuila de Zaragoza,Coah.,23,Ocampo,275,Las Pilas,R,"28°29´42.450N""","103°28´52.489W""",28.495125,-103.481246,1462,H13D75,0,0,0,0
50230277,,5,Coahuila de Zaragoza,Coah.,23,Ocampo,277,El Polko,R,"28°44´58.280N""","102°44´12.222W""",28.749522,-102.736728,1057,H13D67,0,0,0,0
50230278,,5,Coahuila de Zaragoza,Coah.,23,Ocampo,278,La Vasca,R,"28°36´19.695N""","102°46´26.923W""",28.605471,-102.774145,1200,H13D67,3,*,*,2
50230279,,5,Coahuila de Zaragoza,Coah.,23,Ocampo,279,La Esmeralda,R,"28°34´31.084N""","102°31´40.362W""",28.5753,-102.527878,1848,H13D68,0,0,0,0
50230280,,5,Coahuila de Zaragoza,Coah.,23,Ocampo,280,La Palma,R,"28°54´09.759N""","102°56´49.620W""",28.902711,-102.947116,786,H13D57,12,5,7,3
50230281,,5,Coahuila de Zaragoza,Coah.,23,Ocampo,281,Santa Anita,R,"28°57´55.362N""","102°51´09.917W""",28.965378,-102.852755,845,H13D57,2,*,*,1
50230282,,5,Coahuila de Zaragoza,Coah.,23,Ocampo,282,El Centenario (Buenavista),R,"28°14´37.798N""","102°43´38.843W""",28.243832,-102.727456,1118,H13D87,2,*,*,1
50230283,,5,Coahuila de Zaragoza,Coah.,23,Ocampo,283,Ventanas,R,"27°49´32.760N""","102°19´56.009W""",27.825766,-102.332224,1378,G13B19,0,0,0,0
50230284,,5,Coahuila de Zaragoza,Coah.,23,Ocampo,284,Los Álamos,R,"27°35´43.909N""","102°24´06.630W""",27.59553,-102.401842,1205,G13B28,9,3,6,3
50230285,,5,Coahuila de Zaragoza,Coah.,23,Ocampo,285,El Fortín,R,"27°34´52.963N""","102°18´31.600W""",27.581378,-102.308778,1274,G13B29,0,0,0,0
50230286,,5,Coahuila de Zaragoza,Coah.,23,Ocampo,286,San Francisco (El Dos),R,"27°37´01.471N""","102°36´21.874W""",27.617075,-102.606076,1619,G13B28,0,0,0,0
50230288,,5,Coahuila de Zaragoza,Coah.,23,Ocampo,288,La Marsella,R,"27°29´17.536N""","102°58´56.427W""",27.488204,-102.98234,1172,G13B37,0,0,0,0
50230290,,5,Coahuila de Zaragoza,Coah.,23,Ocampo,290,Tanque Nuevo,R,"27°29´10.895N""","102°46´41.868W""",27.486359,-102.778296,1320,G13B37,0,0,0,0
50230291,,5,Coahuila de Zaragoza,Coah.,23,Ocampo,291,El Licenciado,R,"27°10´12.579N""","102°50´07.149W""",27.17016,-102.835319,1154,G13B47,0,0,0,0
50230292,,5,Coahuila de Zaragoza,Coah.,23,Ocampo,292,Los Caballos,R,"27°15´46.499N""","102°27´19.920W""",27.262916,-102.455533,1279,G13B38,0,0,0,0
50230294,,5,Coahuila de Zaragoza,Coah.,23,Ocampo,294,El Establo,R,"27°20´19.159N""","102°23´53.030W""",27.338655,-102.398064,1141,G13B38,0,0,0,0
50230295,,5,Coahuila de Zaragoza,Coah.,23,Ocampo,295,Nogales (Bomba los Nogales),R,"27°19´52.799N""","102°25´21.288W""",27.331332,-102.422579,1221,G13B38,0,0,0,0
50230296,,5,Coahuila de Zaragoza,Coah.,23,Ocampo,296,El Porvenir,R,"27°19´20.910N""","102°24´26.210W""",27.322474,-102.407281,1160,G13B38,0,0,0,0
50230297,,5,Coahuila de Zaragoza,Coah.,23,Ocampo,297,Los Ojitos,R,"27°18´48.589N""","102°24´27.146W""",27.313497,-102.407541,1139,G13B38,2,*,*,1
50230298,,5,Coahuila de Zaragoza,Coah.,23,Ocampo,298,La Morita,R,"27°19´20.102N""","102°24´22.784W""",27.32225,-102.406329,1157,G13B38,0,0,0,0
50230299,,5,Coahuila de Zaragoza,Coah.,23,Ocampo,299,El Barrón,R,"27°24´00.265N""","102°22´45.122W""",27.400074,-102.3792,1141,G13B38,0,0,0,0
50230301,,5,Coahuila de Zaragoza,Coah.,23,Ocampo,301,Margaritas,R,"27°36´54.890N""","102°59´30.425W""",27.615247,-102.991784,1087,G13B27,0,0,0,0
50230302,,5,Coahuila de Zaragoza,Coah.,23,Ocampo,302,El Rocío,R,"27°24´21.989N""","102°19´37.599W""",27.406108,-102.32711,1109,G13B39,0,0,0,0
50230305,,5,Coahuila de Zaragoza,Coah.,23,Ocampo,305,Las Morenas,R,"27°19´07.309N""","102°12´05.590W""",27.318696,-102.201553,1017,G13B39,0,0,0,0
50230307,,5,Coahuila de Zaragoza,Coah.,23,Ocampo,307,El Garceño,R,"27°24´39.059N""","102°09´18.960W""",27.41085,-102.155267,1104,G13B39,0,0,0,0
50230308,,5,Coahuila de Zaragoza,Coah.,23,Ocampo,308,Cedros,R,"27°18´55.059N""","101°55´39.129W""",27.315294,-101.927535,1469,G14A31,0,0,0,0
50230309,,5,Coahuila de Zaragoza,Coah.,23,Ocampo,309,Corazones,R,"28°09´03.169N""","102°51´51.099W""",28.15088,-102.864194,1180,H13D87,0,0,0,0
50230310,,5,Coahuila de Zaragoza,Coah.,23,Ocampo,310,Las Pintas,R,"27°06´19.978N""","103°19´44.353W""",27.105549,-103.328986,1106,G13B46,0,0,0,0
50230311,,5,Coahuila de Zaragoza,Coah.,23,Ocampo,311,El Jobero,R,"27°31´25.300N""","103°18´27.955W""",27.523694,-103.307765,1400,G13B26,0,0,0,0
50230312,,5,Coahuila de Zaragoza,Coah.,23,Ocampo,312,El Cacahuate,R,"27°19´57.707N""","103°14´17.986W""",27.332696,-103.238329,1087,G13B36,0,0,0,0
50230313,,5,Coahuila de Zaragoza,Coah.,23,Ocampo,313,La Leona,R,"27°26´24.429N""","103°12´00.219W""",27.440119,-103.200061,1158,G13B36,0,0,0,0
50230314,,5,Coahuila de Zaragoza,Coah.,23,Ocampo,314,El Mimbre,R,"27°34´22.429N""","103°06´55.299W""",27.572896,-103.115361,1196,G13B26,0,0,0,0
50230316,,5,Coahuila de Zaragoza,Coah.,23,Ocampo,316,Laguna de la Leche (La Pompa),R,"27°13´38.049N""","102°52´10.940W""",27.227235,-102.869705,1079,G13B47,1,*,*,1
50230317,,5,Coahuila de Zaragoza,Coah.,23,Ocampo,317,Las Tinajas,R,"27°14´09.501N""","102°58´20.242W""",27.235972,-102.972289,1100,G13B47,0,0,0,0
50230318,,5,Coahuila de Zaragoza,Coah.,23,Ocampo,318,La Pasión [Mina],R,"28°08´18.539N""","102°51´01.180W""",28.138483,-102.850328,1218,H13D87,0,0,0,0
50230319,,5,Coahuila de Zaragoza,Coah.,23,Ocampo,319,El Búfalo,R,"28°13´39.765N""","102°33´38.318W""",28.227712,-102.560644,1265,H13D88,0,0,0,0
50230320,,5,Coahuila de Zaragoza,Coah.,23,Ocampo,320,La Sabina,R,"28°31´59.100N""","102°30´12.621W""",28.533083,-102.503506,1752,H13D68,0,0,0,0
50230322,,5,Coahuila de Zaragoza,Coah.,23,Ocampo,322,El Aparejo,R,"28°00´57.060N""","103°11´45.970W""",28.01585,-103.196102,1059,H13D86,0,0,0,0
50230324,,5,Coahuila de Zaragoza,Coah.,23,Ocampo,324,El Rey,R,"27°10´44.071N""","103°22´18.475W""",27.178908,-103.371798,1081,G13B45,0,0,0,0
50230326,,5,Coahuila de Zaragoza,Coah.,23,Ocampo,326,La Sabaneta,R,"27°15´45.858N""","103°28´34.077W""",27.262738,-103.476132,1164,G13B35,0,0,0,0
50230327,,5,Coahuila de Zaragoza,Coah.,23,Ocampo,327,El Tercero (El Tres),R,"27°20´09.570N""","102°18´31.669W""",27.335991,-102.308797,1052,G13B39,0,0,0,0
50230328,,5,Coahuila de Zaragoza,Coah.,23,Ocampo,328,Agua Verde,R,"27°20´34.860N""","102°15´42.850W""",27.343016,-102.261903,1038,G13B39,0,0,0,0
50230329,,5,Coahuila de Zaragoza,Coah.,23,Ocampo,329,Marcelino Mendoza,R,"27°22´05.750N""","102°08´23.660W""",27.368263,-102.139905,1079,G13B39,0,0,0,0
50230330,,5,Coahuila de Zaragoza,Coah.,23,Ocampo,330,Casa de Coplamar,R,"27°21´29.469N""","102°01´48.489W""",27.358186,-102.030135,1226,G13B39,0,0,0,0
50230331,,5,Coahuila de Zaragoza,Coah.,23,Ocampo,331,Corrientes,R,"27°38´59.229N""","102°08´28.820W""",27.649786,-102.141339,1518,G13B29,0,0,0,0
50230333,,5,Coahuila de Zaragoza,Coah.,23,Ocampo,333,El Ranchito,R,"27°26´34.469N""","102°08´09.309W""",27.442908,-102.135919,1147,G13B39,0,0,0,0
50230334,,5,Coahuila de Zaragoza,Coah.,23,Ocampo,334,Ventanas de Charcos,R,"27°47´54.499N""","102°18´27.640W""",27.798472,-102.307678,1394,G13B19,0,0,0,0
50230335,,5,Coahuila de Zaragoza,Coah.,23,Ocampo,335,El Alto de la Esperanza,R,"27°49´17.840N""","102°31´35.335W""",27.821622,-102.526481,1227,G13B18,0,0,0,0
50230336,,5,Coahuila de Zaragoza,Coah.,23,Ocampo,336,San Antonio,R,"27°51´18.363N""","102°45´09.080W""",27.855101,-102.752522,1335,G13B17,0,0,0,0
50230339,,5,Coahuila de Zaragoza,Coah.,23,Ocampo,339,Los Corrales,R,"27°32´47.450N""","102°37´29.470W""",27.546514,-102.624852,1796,G13B28,0,0,0,0
50230343,,5,Coahuila de Zaragoza,Coah.,23,Ocampo,343,El Durazno,R,"27°24´37.810N""","102°14´50.049W""",27.410503,-102.247236,1100,G13B39,0,0,0,0
50230344,,5,Coahuila de Zaragoza,Coah.,23,Ocampo,344,La Bayoneta,R,"27°33´07.290N""","102°48´17.570W""",27.552025,-102.804881,1292,G13B27,1,*,*,1
50230345,,5,Coahuila de Zaragoza,Coah.,23,Ocampo,345,El Macho,R,"27°44´22.044N""","102°55´12.922W""",27.739456,-102.920255,1079,G13B27,0,0,0,0
50230346,,5,Coahuila de Zaragoza,Coah.,23,Ocampo,346,El Albur,R,"27°17´14.636N""","103°10´19.438W""",27.287399,-103.172065,1086,G13B36,2,*,*,1
50230347,,5,Coahuila de Zaragoza,Coah.,23,Ocampo,347,El Espejo,R,"27°16´15.029N""","102°58´47.414W""",27.270841,-102.979837,1100,G13B37,0,0,0,0
50230348,,5,Coahuila de Zaragoza,Coah.,23,Ocampo,348,El Mirador,R,"27°37´45.310N""","103°06´59.720W""",27.629252,-103.116589,1170,G13B26,1,*,*,1
50230349,,5,Coahuila de Zaragoza,Coah.,23,Ocampo,349,Santa Catarina,R,"28°01´18.046N""","102°46´38.367W""",28.021679,-102.777324,1361,H13D87,0,0,0,0
50230350,,5,Coahuila de Zaragoza,Coah.,23,Ocampo,350,El Revés (Puerto del Aire),R,"28°07´44.010N""","102°26´58.350W""",28.128891,-102.449541,1232,H13D88,1,*,*,1
50230351,,5,Coahuila de Zaragoza,Coah.,23,Ocampo,351,Majada de Juárez,R,"28°22´49.531N""","102°35´35.665W""",28.380425,-102.59324,1459,H13D78,0,0,0,0
50230352,,5,Coahuila de Zaragoza,Coah.,23,Ocampo,352,El Chilicote,R,"28°19´32.485N""","102°50´07.855W""",28.32569,-102.835515,1048,H13D77,0,0,0,0
50230353,,5,Coahuila de Zaragoza,Coah.,23,Ocampo,353,Soledad,R,"28°23´50.654N""","102°56´03.851W""",28.397404,-102.934403,953,H13D77,2,*,*,1
50230354,,5,Coahuila de Zaragoza,Coah.,23,Ocampo,354,Rancho Nuevo,R,"28°07´54.875N""","102°35´55.877W""",28.131909,-102.598854,1303,H13D88,1,*,*,1
50230355,,5,Coahuila de Zaragoza,Coah.,23,Ocampo,355,San Isidro,R,"27°59´50.752N""","102°38´39.262W""",27.997431,-102.644239,1281,G13B18,1,*,*,1
50230356,,5,Coahuila de Zaragoza,Coah.,23,Ocampo,356,Norias de Pénjamo,R,"27°59´29.654N""","102°41´03.795W""",27.99157,-102.684387,1278,G13B17,0,0,0,0
50230357,,5,Coahuila de Zaragoza,Coah.,23,Ocampo,357,El Nueve,R,"28°34´58.439N""","102°31´12.610W""",28.582899,-102.520169,1886,H13D68,0,0,0,0
50230359,,5,Coahuila de Zaragoza,Coah.,23,Ocampo,359,Fátima,R,"28°32´54.812N""","102°30´34.173W""",28.548559,-102.509493,1818,H13D68,0,0,0,0
50230360,,5,Coahuila de Zaragoza,Coah.,23,Ocampo,360,Aries,R,"28°32´42.065N""","102°30´15.338W""",28.545018,-102.504261,1756,H13D68,0,0,0,0
50230361,,5,Coahuila de Zaragoza,Coah.,23,Ocampo,361,El Borrao,R,"28°37´39.512N""","102°48´49.132W""",28.627642,-102.813648,1413,H13D67,0,0,0,0
50230362,,5,Coahuila de Zaragoza,Coah.,23,Ocampo,362,El Rincón,R,"28°36´48.222N""","102°47´11.684W""",28.613395,-102.786579,1240,H13D67,0,0,0,0
50230363,,5,Coahuila de Zaragoza,Coah.,23,Ocampo,363,Corrientes,R,"28°37´22.729N""","102°41´38.249W""",28.62298,-102.693958,1058,H13D67,0,0,0,0
50230364,,5,Coahuila de Zaragoza,Coah.,23,Ocampo,364,El Seco,R,"28°37´55.399N""","102°39´26.110W""",28.632055,-102.657253,1100,H13D68,0,0,0,0
50230365,,5,Coahuila de Zaragoza,Coah.,23,Ocampo,365,Entronque San Vicente,R,"28°41´35.919N""","102°51´40.039W""",28.693311,-102.861122,1040,H13D67,6,*,*,2
50230366,,5,Coahuila de Zaragoza,Coah.,23,Ocampo,366,Pénjamo,R,"28°29´18.700N""","102°57´17.759W""",28.488527,-102.954933,915,H13D77,0,0,0,0
50230367,,5,Coahuila de Zaragoza,Coah.,23,Ocampo,367,El Ranchito,R,"29°09´49.190N""","102°55´35.910W""",29.163664,-102.926641,580,H13D47,0,0,0,0
50230368,,5,Coahuila de Zaragoza,Coah.,23,Ocampo,368,La Fe,R,"28°58´35.910N""","102°50´02.760W""",28.976641,-102.8341,839,H13D57,0,0,0,0
50230369,,5,Coahuila de Zaragoza,Coah.,23,Ocampo,369,Tanque de las Termopilas,R,"29°07´48.398N""","102°51´33.775W""",29.13011,-102.859382,744,H13D47,1,*,*,1
50230371,,5,Coahuila de Zaragoza,Coah.,23,Ocampo,371,Ortegón,R,"29°02´39.930N""","102°44´39.900W""",29.044425,-102.744416,1061,H13D47,0,0,0,0
50230372,,5,Coahuila de Zaragoza,Coah.,23,Ocampo,372,El Chapote (Miguel Flores),R,"29°02´23.399N""","102°42´30.480W""",29.039833,-102.708467,1157,H13D47,0,0,0,0
50230373,,5,Coahuila de Zaragoza,Coah.,23,Ocampo,373,El Caballo (Antonio Tapia González),R,"29°01´18.333N""","102°40´57.828W""",29.021759,-102.682729,1314,H13D47,1,*,*,1
50230374,,5,Coahuila de Zaragoza,Coah.,23,Ocampo,374,Las Norias,R,"28°42´23.389N""","102°59´35.930W""",28.706497,-102.993314,870,H13D67,0,0,0,0
50230376,,5,Coahuila de Zaragoza,Coah.,23,Ocampo,376,El Subirán,R,"28°54´17.020N""","103°01´54.080W""",28.904728,-103.031688,998,H13D56,0,0,0,0
50230377,,5,Coahuila de Zaragoza,Coah.,23,Ocampo,377,El Alazán,R,"28°50´11.860N""","103°09´30.809W""",28.836627,-103.158558,703,H13D56,0,0,0,0
50230378,,5,Coahuila de Zaragoza,Coah.,23,Ocampo,378,La Nueva Esperanza (La Pantera),R,"28°58´49.343N""","103°11´08.363W""",28.980372,-103.185656,609,H13D56,0,0,0,0
50230379,,5,Coahuila de Zaragoza,Coah.,23,Ocampo,379,San Andrés,R,"28°57´34.649N""","103°10´18.549W""",28.959625,-103.171819,607,H13D56,0,0,0,0
50230380,,5,Coahuila de Zaragoza,Coah.,23,Ocampo,380,El Revolcadero,R,"28°38´04.760N""","103°12´23.029W""",28.634655,-103.206397,909,H13D66,0,0,0,0
50230381,,5,Coahuila de Zaragoza,Coah.,23,Ocampo,381,El Ranchito,R,"28°50´16.883N""","103°21´33.694W""",28.838023,-103.359359,760,H13D55,4,*,*,1
50230382,,5,Coahuila de Zaragoza,Coah.,23,Ocampo,382,Miguel Magallanes,R,"28°38´50.496N""","103°28´56.158W""",28.64736,-103.482265,1149,H13D65,0,0,0,0
50230383,,5,Coahuila de Zaragoza,Coah.,23,Ocampo,383,La Boquillita (Los Hinojo),R,"28°39´30.759N""","103°22´35.079W""",28.658544,-103.37641,1089,H13D65,4,*,*,1
50230384,,5,Coahuila de Zaragoza,Coah.,23,Ocampo,384,La Gloria,R,"28°23´04.610N""","103°24´03.700W""",28.384614,-103.401028,1175,H13D75,3,*,*,1
50230385,,5,Coahuila de Zaragoza,Coah.,23,Ocampo,385,El Divisadero,R,"28°23´16.798N""","103°22´44.834W""",28.387999,-103.37912,1141,H13D75,0,0,0,0
50230386,,5,Coahuila de Zaragoza,Coah.,23,Ocampo,386,Tres Hermanos,R,"28°23´49.039N""","103°22´49.819W""",28.396955,-103.380505,1154,H13D75,0,0,0,0
50230387,,5,Coahuila de Zaragoza,Coah.,23,Ocampo,387,La Fortuna,R,"28°23´45.322N""","103°21´58.286W""",28.395922,-103.366191,1136,H13D75,0,0,0,0
50230388,,5,Coahuila de Zaragoza,Coah.,23,Ocampo,388,El Sauz,R,"28°24´07.435N""","103°21´57.920W""",28.402065,-103.366089,1135,H13D75,1,*,*,1
50230389,,5,Coahuila de Zaragoza,Coah.,23,Ocampo,389,El Girasol,R,"28°22´37.796N""","103°22´56.324W""",28.377165,-103.382312,1155,H13D75,1,*,*,1
50230390,,5,Coahuila de Zaragoza,Coah.,23,Ocampo,390,El Mensajero,R,"28°56´16.959N""","102°46´08.529W""",28.938044,-102.769035,940,H13D57,1,*,*,1
50230391,,5,Coahuila de Zaragoza,Coah.,23,Ocampo,391,El Cañón,R,"29°03´26.390N""","102°42´05.749W""",29.057331,-102.701597,1238,H13D47,2,*,*,1
50230392,,5,Coahuila de Zaragoza,Coah.,23,Ocampo,392,El Jardín Viejo,R,"29°03´13.516N""","102°39´22.702W""",29.053754,-102.656306,1642,H13D48,1,*,*,1
50230393,,5,Coahuila de Zaragoza,Coah.,23,Ocampo,393,Los Barandales (El Crédito),R,"29°05´39.029N""","102°41´31.509W""",29.094174,-102.692086,1513,H13D47,0,0,0,0
50230394,,5,Coahuila de Zaragoza,Coah.,23,Ocampo,394,Las Lupes,R,"28°57´58.129N""","102°40´58.419W""",28.966147,-102.682894,1219,H13D57,1,*,*,1
50230395,,5,Coahuila de Zaragoza,Coah.,23,Ocampo,395,Agua de los Indios,R,"28°58´43.280N""","102°39´36.479W""",28.978688,-102.660133,1402,H13D58,0,0,0,0
50230396,,5,Coahuila de Zaragoza,Coah.,23,Ocampo,396,La Media Luna,R,"28°59´59.349N""","102°39´17.294W""",28.999819,-102.654804,1601,H13D58,1,*,*,1
50230397,,5,Coahuila de Zaragoza,Coah.,23,Ocampo,397,El Caballo de Maka,R,"29°00´11.829N""","102°40´14.040W""",29.003286,-102.670566,1455,H13D47,1,*,*,1
50230398,,5,Coahuila de Zaragoza,Coah.,23,Ocampo,398,Agua del Caballo (La Pila),R,"29°00´08.499N""","102°40´41.050W""",29.002361,-102.678069,1386,H13D47,4,*,*,2
50230399,,5,Coahuila de Zaragoza,Coah.,23,Ocampo,399,El Club,R,"29°02´26.909N""","102°33´54.669W""",29.040808,-102.565186,1449,H13D48,0,0,0,0
50230400,,5,Coahuila de Zaragoza,Coah.,23,Ocampo,400,Morteros,R,"28°48´52.287N""","102°34´53.990W""",28.814524,-102.581663,1328,H13D58,0,0,0,0
50230401,,5,Coahuila de Zaragoza,Coah.,23,Ocampo,401,San Isidro,R,"28°54´09.810N""","102°32´50.100W""",28.902725,-102.54725,1469,H13D58,0,0,0,0
50230402,,5,Coahuila de Zaragoza,Coah.,23,Ocampo,402,Santa Salomé,R,"28°55´49.590N""","102°38´17.519W""",28.930441,-102.638199,1462,H13D58,0,0,0,0
50230403,,5,Coahuila de Zaragoza,Coah.,23,Ocampo,403,Agua de los Frijoles,R,"28°57´22.089N""","102°39´12.790W""",28.956136,-102.653553,1392,H13D58,0,0,0,0
50230405,,5,Coahuila de Zaragoza,Coah.,23,Ocampo,405,El Mozón,R,"28°55´54.900N""","102°40´57.100W""",28.931916,-102.682527,1207,H13D57,0,0,0,0
50230406,,5,Coahuila de Zaragoza,Coah.,23,Ocampo,406,Pilares,R,"28°51´03.679N""","102°39´00.719W""",28.851022,-102.6502,1179,H13D58,0,0,0,0
50230407,,5,Coahuila de Zaragoza,Coah.,23,Ocampo,407,Tecoscana,R,"28°47´09.132N""","102°40´44.041W""",28.78587,-102.6789,1113,H13D57,4,*,*,2
50230408,,5,Coahuila de Zaragoza,Coah.,23,Ocampo,408,El Cielo,R,"27°01´45.469N""","103°20´45.909W""",27.029296,-103.346086,1077,G13B45,0,0,0,0
50230409,,5,Coahuila de Zaragoza,Coah.,23,Ocampo,409,La Piedra,R,"27°01´58.029N""","103°21´12.779W""",27.032785,-103.35355,1055,G13B45,34,21,13,8
50230410,,5,Coahuila de Zaragoza,Coah.,23,Ocampo,410,Chula Vista,R,"27°02´25.919N""","103°21´50.749W""",27.040533,-103.364097,1040,G13B45,1840,944,896,495
50230411,,5,Coahuila de Zaragoza,Coah.,23,Ocampo,411,Preson la Borrega,R,"27°27´15.009N""","103°29´14.639W""",27.454169,-103.487399,1252,G13B35,0,0,0,0
50230413,,5,Coahuila de Zaragoza,Coah.,23,Ocampo,413,Chupaderos,R,"27°12´20.977N""","102°32´16.540W""",27.205827,-102.537927,1525,G13B48,0,0,0,0
50230414,,5,Coahuila de Zaragoza,Coah.,23,Ocampo,414,El Espejo,R,"27°13´20.309N""","102°30´18.960W""",27.222307,-102.505267,1431,G13B48,1,*,*,1
50230415,,5,Coahuila de Zaragoza,Coah.,23,Ocampo,415,Fernando Llamas,R,"27°12´34.459N""","102°27´51.699W""",27.209572,-102.464361,1317,G13B48,0,0,0,0
50230416,,5,Coahuila de Zaragoza,Coah.,23,Ocampo,416,Charretera,R,"27°09´34.239N""","102°25´28.710W""",27.159511,-102.424641,1236,G13B48,0,0,0,0
50230417,,5,Coahuila de Zaragoza,Coah.,23,Ocampo,417,Cerro de la Madera,R,"27°08´06.508N""","102°25´09.879W""",27.135141,-102.41941,1245,G13B48,0,0,0,0
50230418,,5,Coahuila de Zaragoza,Coah.,23,Ocampo,418,El Mirador,R,"27°08´14.153N""","102°22´38.336W""",27.137264,-102.377315,1143,G13B48,2,*,*,2
50230420,,5,Coahuila de Zaragoza,Coah.,23,Ocampo,420,Juárez,R,"28°54´52.731N""","102°32´06.890W""",28.914648,-102.535247,1534,H13D58,0,0,0,0
50230421,,5,Coahuila de Zaragoza,Coah.,23,Ocampo,421,Vista Hermosa,R,"28°53´13.750N""","102°37´28.740W""",28.887152,-102.624649,1401,H13D58,0,0,0,0
50230423,,5,Coahuila de Zaragoza,Coah.,23,Ocampo,423,El Rosarito,R,"27°33´29.890N""","103°27´16.559W""",27.558303,-103.4546,1267,G13B25,0,0,0,0
50230424,,5,Coahuila de Zaragoza,Coah.,23,Ocampo,424,La Gloria,R,"27°29´45.740N""","103°29´59.290W""",27.496039,-103.499802,1321,G13B35,0,0,0,0
50230425,,5,Coahuila de Zaragoza,Coah.,23,Ocampo,425,Casas Blancas,R,"27°06´16.210N""","102°50´58.120W""",27.104503,-102.849477,1177,G13B47,0,0,0,0
50230426,,5,Coahuila de Zaragoza,Coah.,23,Ocampo,426,Magueyal,R,"27°06´26.025N""","102°51´04.668W""",27.107229,-102.851297,1177,G13B47,0,0,0,0
50230427,,5,Coahuila de Zaragoza,Coah.,23,Ocampo,427,Magueyal,R,"27°02´55.117N""","102°44´33.082W""",27.048643,-102.742522,1200,G13B47,0,0,0,0
50230428,,5,Coahuila de Zaragoza,Coah.,23,Ocampo,428,La Paloma,R,"27°07´12.157N""","102°53´56.518W""",27.120043,-102.899032,1133,G13B47,1,*,*,1
50230429,,5,Coahuila de Zaragoza,Coah.,23,Ocampo,429,La Curva,R,"27°08´15.215N""","102°57´15.404W""",27.137559,-102.954279,1131,G13B47,0,0,0,0
50230430,,5,Coahuila de Zaragoza,Coah.,23,Ocampo,430,La Víbora,R,"27°08´31.328N""","102°59´44.277W""",27.142035,-102.995632,1104,G13B47,0,0,0,0
50230431,,5,Coahuila de Zaragoza,Coah.,23,Ocampo,431,El Berrinche,R,"27°07´28.579N""","103°07´24.139W""",27.124605,-103.123371,1093,G13B46,0,0,0,0
50230432,,5,Coahuila de Zaragoza,Coah.,23,Ocampo,432,Las Cuatas,R,"27°02´48.139N""","103°14´38.860W""",27.046705,-103.244127,1250,G13B46,0,0,0,0
50230433,,5,Coahuila de Zaragoza,Coah.,23,Ocampo,433,El Rayón,R,"27°01´03.320N""","103°08´39.360W""",27.017588,-103.144266,1070,G13B46,0,0,0,0
50230434,,5,Coahuila de Zaragoza,Coah.,23,Ocampo,434,Matrimonio,R,"27°07´14.717N""","103°07´19.655W""",27.120754,-103.122126,1085,G13B46,0,0,0,0
50230436,,5,Coahuila de Zaragoza,Coah.,23,Ocampo,436,Galo,R,"27°05´30.452N""","103°15´28.208W""",27.091792,-103.257836,1196,G13B46,0,0,0,0
50230437,,5,Coahuila de Zaragoza,Coah.,23,Ocampo,437,La Mota (Los Nogales),R,"27°19´24.539N""","102°24´44.629W""",27.323482,-102.412397,1169,G13B38,0,0,0,0
50230438,,5,Coahuila de Zaragoza,Coah.,23,Ocampo,438,Las Burras,R,"28°13´05.499N""","103°12´07.220W""",28.218194,-103.202006,1073,H13D86,6,4,2,3
50230439,,5,Coahuila de Zaragoza,Coah.,23,Ocampo,439,Buenavista,R,"28°26´21.404N""","102°28´15.307W""",28.439279,-102.470918,1412,H13D78,0,0,0,0
50230440,,5,Coahuila de Zaragoza,Coah.,23,Ocampo,440,El Papalote,R,"27°45´40.463N""","103°01´06.283W""",27.76124,-103.018411,1068,G13B16,0,0,0,0
50230442,,5,Coahuila de Zaragoza,Coah.,23,Ocampo,442,Los Portales,R,"27°19´27.533N""","102°23´21.219W""",27.324314,-102.389227,1118,G13B38,5,*,*,1
50230443,,5,Coahuila de Zaragoza,Coah.,23,Ocampo,443,La Salada,R,"28°54´53.920N""","102°57´04.344W""",28.914978,-102.951207,799,H13D57,0,0,0,0
50230444,,5,Coahuila de Zaragoza,Coah.,23,Ocampo,444,El Arriero,R,"27°30´17.972N""","103°01´23.225W""",27.504992,-103.023117,1208,G13B26,0,0,0,0
50230445,,5,Coahuila de Zaragoza,Coah.,23,Ocampo,445,Domingo Hernández,R,"27°02´06.256N""","103°21´31.941W""",27.035071,-103.358873,1045,G13B45,0,0,0,0
50230446,,5,Coahuila de Zaragoza,Coah.,23,Ocampo,446,Laguna el Triguillo (Los Garay),R,"27°11´57.845N""","103°17´01.853W""",27.199401,-103.283848,1072,G13B46,0,0,0,0
50230447,,5,Coahuila de Zaragoza,Coah.,23,Ocampo,447,Claveinas,R,"27°44´32.684N""","103°03´24.316W""",27.742412,-103.056754,1095,G13B26,0,0,0,0
50230448,,5,Coahuila de Zaragoza,Coah.,23,Ocampo,448,Santa Rosa,R,"28°01´47.910N""","102°45´51.659W""",28.029974,-102.76435,1346,H13D87,0,0,0,0
50230451,,5,Coahuila de Zaragoza,Coah.,23,Ocampo,451,Tanque los Cuates,R,"28°41´41.370N""","102°43´57.860W""",28.694825,-102.732738,1077,H13D67,0,0,0,0
50230452,,5,Coahuila de Zaragoza,Coah.,23,Ocampo,452,La Noria,R,"27°54´19.374N""","102°26´35.324W""",27.905382,-102.443145,1228,G13B18,0,0,0,0
50230453,,5,Coahuila de Zaragoza,Coah.,23,Ocampo,453,Laguna del Rey (Químicas del Rey),U,"27°01´52.426N""","103°22´02.781W""",27.031229,-103.367439,1040,G13B45,2369,1230,1139,590
50230454,,5,Coahuila de Zaragoza,Coah.,23,Ocampo,454,Santa Fe,R,"27°40´33.269N""","103°23´44.630W""",27.675907,-103.39573,1240,G13B25,1,*,*,1
50230455,,5,Coahuila de Zaragoza,Coah.,23,Ocampo,455,San Pedro (La Pistola),R,"27°36´11.149N""","103°27´27.540W""",27.603097,-103.45765,1241,G13B25,1,*,*,1
50230456,,5,Coahuila de Zaragoza,Coah.,23,Ocampo,456,León Cerda (La Rinconada),R,"26°58´44.479N""","103°19´12.339W""",26.979021,-103.320094,1155,G13B56,0,0,0,0
50230457,,5,Coahuila de Zaragoza,Coah.,23,Ocampo,457,San Antonio de los Álamos,R,"27°35´21.180N""","103°19´10.599W""",27.589216,-103.31961,1292,G13B26,2,*,*,1
50230458,,5,Coahuila de Zaragoza,Coah.,23,Ocampo,458,El Tecolote,R,"27°41´25.050N""","103°27´09.200W""",27.690291,-103.452556,1208,G13B25,0,0,0,0
50230459,,5,Coahuila de Zaragoza,Coah.,23,Ocampo,459,El Mimbre,R,"29°01´10.269N""","102°45´46.010W""",29.019519,-102.762781,985,H13D47,0,0,0,0
50230460,,5,Coahuila de Zaragoza,Coah.,23,Ocampo,460,La Rubelola,R,"27°19´21.699N""","102°24´31.669W""",27.322694,-102.408797,1161,G13B38,0,0,0,0
50230461,,5,Coahuila de Zaragoza,Coah.,23,Ocampo,461,La Vinata,R,"27°28´29.070N""","102°30´24.059W""",27.474741,-102.506683,1299,G13B38,0,0,0,0
50230462,,5,Coahuila de Zaragoza,Coah.,23,Ocampo,462,Nuevo Americanos,R,"27°12´28.172N""","103°11´00.450W""",27.207826,-103.183458,1086,G13B46,0,0,0,0
50230463,,5,Coahuila de Zaragoza,Coah.,23,Ocampo,463,El Sesteo de las Aves,R,"27°37´58.020N""","103°10´21.801W""",27.632783,-103.172722,1124,G13B26,0,0,0,0
50230466,,5,Coahuila de Zaragoza,Coah.,23,Ocampo,466,El Bienvenido,R,"29°00´56.689N""","102°40´49.370W""",29.015747,-102.68038,1360,H13D47,0,0,0,0
50230467,,5,Coahuila de Zaragoza,Coah.,23,Ocampo,467,La Agüita,R,"28°40´58.073N""","102°58´48.850W""",28.682797,-102.980235,894,H13D67,0,0,0,0
50230468,,5,Coahuila de Zaragoza,Coah.,23,Ocampo,468,Ampliación el Oro,R,"27°12´00.463N""","103°27´43.235W""",27.200129,-103.46201,1098,G13B45,0,0,0,0
50230469,,5,Coahuila de Zaragoza,Coah.,23,Ocampo,469,La Bolsa,R,"27°37´30.045N""","102°31´48.751W""",27.625012,-102.530208,1417,G13B28,0,0,0,0
50230471,,5,Coahuila de Zaragoza,Coah.,23,Ocampo,471,Los Dos Potrillos,R,"27°08´31.189N""","103°22´05.170W""",27.141997,-103.368102,1070,G13B45,0,0,0,0
50230472,,5,Coahuila de Zaragoza,Coah.,23,Ocampo,472,El Escondido,R,"27°07´48.977N""","103°20´53.696W""",27.130271,-103.348249,1085,G13B45,0,0,0,0
50230473,,5,Coahuila de Zaragoza,Coah.,23,Ocampo,473,El Sabandoque,R,"27°25´36.035N""","103°07´47.578W""",27.426676,-103.129882,1195,G13B36,0,0,0,0
50230474,,5,Coahuila de Zaragoza,Coah.,23,Ocampo,474,Las Playas,R,"28°07´41.224N""","102°58´52.546W""",28.128117,-102.981262,1736,H13D87,0,0,0,0
50230475,,5,Coahuila de Zaragoza,Coah.,23,Ocampo,475,Ninguno [La Plaza de Toros],R,"28°10´27.300N""","103°00´11.419W""",28.174249,-103.003172,1903,H13D86,0,0,0,0
50230476,,5,Coahuila de Zaragoza,Coah.,23,Ocampo,476,El Pozo (Jesús Rodríguez González),R,"27°54´56.512N""","103°17´19.003W""",27.915698,-103.288612,1057,G13B16,0,0,0,0
50230477,,5,Coahuila de Zaragoza,Coah.,23,Ocampo,477,El Yuma,R,"27°08´40.989N""","103°23´26.599W""",27.144719,-103.390722,1061,G13B45,0,0,0,0
50230478,,5,Coahuila de Zaragoza,Coah.,23,Ocampo,478,Las Vacas,R,"28°36´02.080N""","103°35´52.479W""",28.600578,-103.597911,1659,H13D65,0,0,0,0
50230479,,5,Coahuila de Zaragoza,Coah.,23,Ocampo,479,Carrasco,R,"28°49´09.569N""","103°06´22.929W""",28.819324,-103.106369,760,H13D56,0,0,0,0
50230480,,5,Coahuila de Zaragoza,Coah.,23,Ocampo,480,Las Garzas,R,"28°59´33.290N""","103°17´18.019W""",28.99258,-103.288338,627,H13D56,0,0,0,0
50230481,,5,Coahuila de Zaragoza,Coah.,23,Ocampo,481,El Salado,R,"28°50´58.880N""","103°06´39.800W""",28.849689,-103.111056,779,H13D56,0,0,0,0
50230482,,5,Coahuila de Zaragoza,Coah.,23,Ocampo,482,Maderas del Carmen [Aserradero],R,"28°57´49.000N""","102°34´43.127W""",28.963611,-102.578646,2241,H13D58,12,*,*,1
50230483,,5,Coahuila de Zaragoza,Coah.,23,Ocampo,483,El Cisne,R,"28°04´57.830N""","102°48´16.999W""",28.08273,-102.804722,1331,H13D87,0,0,0,0
50230484,,5,Coahuila de Zaragoza,Coah.,23,Ocampo,484,El Pozo 2,R,"27°00´26.037N""","103°20´37.865W""",27.007233,-103.343851,1079,G13B45,0,0,0,0
50230485,,5,Coahuila de Zaragoza,Coah.,23,Ocampo,485,El Pozo 4,R,"27°01´30.883N""","103°20´24.439W""",27.025245,-103.340122,1091,G13B45,0,0,0,0
50230486,,5,Coahuila de Zaragoza,Coah.,23,Ocampo,486,Urbano Castellanos,R,"28°21´12.435N""","102°34´34.818W""",28.353454,-102.576338,1600,H13D78,0,0,0,0
50230487,,5,Coahuila de Zaragoza,Coah.,23,Ocampo,487,El Desmonte (Pascual Cervantes),R,"28°19´59.864N""","102°33´42.673W""",28.333295,-102.561854,1662,H13D78,0,0,0,0
50230488,,5,Coahuila de Zaragoza,Coah.,23,Ocampo,488,Raúl Castellanos,R,"28°19´45.699N""","102°34´16.871W""",28.32936,-102.571352,1621,H13D78,0,0,0,0
50230489,,5,Coahuila de Zaragoza,Coah.,23,Ocampo,489,Las Bombas (Héctor Garza Flores),R,"28°17´28.512N""","102°32´37.846W""",28.291253,-102.543846,1456,H13D78,0,0,0,0
50230490,,5,Coahuila de Zaragoza,Coah.,23,Ocampo,490,San José,R,"28°43´36.699N""","102°38´12.800W""",28.72686,-102.636889,1182,H13D68,0,0,0,0
50230494,,5,Coahuila de Zaragoza,Coah.,23,Ocampo,494,Boquillas del Carmen Viejo (Fortino Sánchez),R,"29°11´33.560N""","102°54´52.769W""",29.192655,-102.914658,556,H13D47,3,*,*,1
50230495,,5,Coahuila de Zaragoza,Coah.,23,Ocampo,495,Cannán,R,"28°23´59.610N""","103°07´41.948W""",28.399891,-103.128318,1365,H13D76,2,*,*,1
50230497,,5,Coahuila de Zaragoza,Coah.,23,Ocampo,497,Juan Flores,R,"27°20´33.910N""","102°23´20.670W""",27.342752,-102.389075,1129,G13B38,0,0,0,0
50230498,,5,Coahuila de Zaragoza,Coah.,23,Ocampo,498,La Esfera,R,"27°50´12.059N""","103°06´03.780W""",27.836683,-103.10105,1066,G13B16,0,0,0,0
50230499,,5,Coahuila de Zaragoza,Coah.,23,Ocampo,499,Las Maravillas,R,"27°58´07.420N""","102°51´58.399W""",27.968727,-102.866222,1286,G13B17,0,0,0,0
50230500,,5,Coahuila de Zaragoza,Coah.,23,Ocampo,500,Los Pósitos,R,"28°35´25.910N""","103°10´47.449W""",28.59053,-103.179846,940,H13D66,0,0,0,0
50230501,,5,Coahuila de Zaragoza,Coah.,23,Ocampo,501,Rancho Nuevo,R,"28°47´44.970N""","103°25´52.640W""",28.795825,-103.431288,853,H13D55,2,*,*,1
50230502,,5,Coahuila de Zaragoza,Coah.,23,Ocampo,502,El Confidente,R,"28°42´30.160N""","102°52´20.554W""",28.708378,-102.872375,1027,H13D67,0,0,0,0
50230503,,5,Coahuila de Zaragoza,Coah.,23,Ocampo,503,Diez Hermanos,R,"28°44´40.310N""","102°51´35.700W""",28.74453,-102.859917,1050,H13D67,0,0,0,0
50230504,,5,Coahuila de Zaragoza,Coah.,23,Ocampo,504,El Silencio,R,"28°42´55.710N""","102°52´32.779W""",28.715475,-102.875771,1027,H13D67,1,*,*,1
50230505,,5,Coahuila de Zaragoza,Coah.,23,Ocampo,505,El Sinaí,R,"28°44´12.469N""","102°52´12.060W""",28.736797,-102.870016,1053,H13D67,0,0,0,0
50230506,,5,Coahuila de Zaragoza,Coah.,23,Ocampo,506,La Rata,R,"27°05´10.190N""","103°04´31.260W""",27.086164,-103.075349,1061,G13B46,0,0,0,0
50230507,,5,Coahuila de Zaragoza,Coah.,23,Ocampo,507,El Rey Dos (Piedra Blanca),R,"27°15´06.689N""","103°25´15.170W""",27.251858,-103.42088,1177,G13B35,0,0,0,0
50230508,,5,Coahuila de Zaragoza,Coah.,23,Ocampo,508,El Ortegón,R,"29°02´20.547N""","102°44´32.221W""",29.039041,-102.742283,1049,H13D47,3,*,*,1
50230509,,5,Coahuila de Zaragoza,Coah.,23,Ocampo,509,El Gigante (Ramiro Magallanes),R,"28°12´24.049N""","103°12´00.699W""",28.20668,-103.200194,1078,H13D86,1,*,*,1
50230510,,5,Coahuila de Zaragoza,Coah.,23,Ocampo,510,El Lobo (Efraín Magallanes),R,"28°15´43.120N""","103°11´11.870W""",28.261978,-103.18663,1073,H13D76,1,*,*,1
50230511,,5,Coahuila de Zaragoza,Coah.,23,Ocampo,511,María de Jesús,R,"28°11´07.019N""","103°25´24.710W""",28.185283,-103.42353,1340,H13D85,1,*,*,1
50230512,,5,Coahuila de Zaragoza,Coah.,23,Ocampo,512,José Luis González Melchor,R,"27°18´33.168N""","102°24´26.098W""",27.309213,-102.407249,1122,G13B38,0,0,0,0
50230513,,5,Coahuila de Zaragoza,Coah.,23,Ocampo,513,Guillermo Fuentes,R,"27°18´35.529N""","102°24´20.549W""",27.309869,-102.405708,1120,G13B38,0,0,0,0
50230515,,5,Coahuila de Zaragoza,Coah.,23,Ocampo,515,Ramiro Zamorano,R,"27°19´07.661N""","102°24´20.844W""",27.318794,-102.40579,1142,G13B38,0,0,0,0
50230516,,5,Coahuila de Zaragoza,Coah.,23,Ocampo,516,Gustavo Rodríguez Rodríguez,R,"27°19´11.453N""","102°24´16.876W""",27.319847,-102.404688,1144,G13B38,0,0,0,0
50230519,,5,Coahuila de Zaragoza,Coah.,23,Ocampo,519,Blanca Banda,R,"28°23´24.747N""","102°35´43.292W""",28.390207,-102.595359,1414,H13D78,0,0,0,0
50230520,,5,Coahuila de Zaragoza,Coah.,23,Ocampo,520,El Hormiguero,R,"28°57´30.999N""","102°40´43.200W""",28.958611,-102.678666,1208,H13D57,0,0,0,0
50230521,,5,Coahuila de Zaragoza,Coah.,23,Ocampo,521,El Calvario,R,"27°07´18.009N""","103°08´37.169W""",27.121669,-103.143658,1091,G13B46,0,0,0,0
50230522,,5,Coahuila de Zaragoza,Coah.,23,Ocampo,522,El Juncal,R,"28°40´25.309N""","102°54´34.560W""",28.673696,-102.9096,965,H13D67,0,0,0,0
50230523,,5,Coahuila de Zaragoza,Coah.,23,Ocampo,523,El Canelo,R,"27°07´08.299N""","103°08´56.500W""",27.118971,-103.149027,1096,G13B46,0,0,0,0
50230524,,5,Coahuila de Zaragoza,Coah.,23,Ocampo,524,El Rey Dos,R,"27°11´43.547N""","103°25´56.063W""",27.195429,-103.432239,1077,G13B45,2,*,*,2
50230525,,5,Coahuila de Zaragoza,Coah.,23,Ocampo,525,Rancho Viejo,R,"27°29´10.394N""","103°05´44.607W""",27.48622,-103.095724,1214,G13B36,0,0,0,0
50230526,,5,Coahuila de Zaragoza,Coah.,23,Ocampo,526,El Girasolito,R,"28°22´50.898N""","103°23´10.954W""",28.380804,-103.386376,1152,H13D75,0,0,0,0
50230527,,5,Coahuila de Zaragoza,Coah.,23,Ocampo,527,La Jimena,R,"28°22´44.129N""","103°25´16.049W""",28.378924,-103.421124,1180,H13D75,0,0,0,0
50230528,,5,Coahuila de Zaragoza,Coah.,23,Ocampo,528,Guadalupe (El Pozo),R,"27°55´42.269N""","103°25´36.620W""",27.928407,-103.426838,1120,G13B15,0,0,0,0
50230529,,5,Coahuila de Zaragoza,Coah.,23,Ocampo,529,La Máquina,R,"27°59´17.199N""","103°21´53.100W""",27.988111,-103.36475,1128,G13B15,0,0,0,0
50230530,,5,Coahuila de Zaragoza,Coah.,23,Ocampo,530,La Paloma,R,"28°01´45.819N""","103°24´51.140W""",28.029394,-103.414206,1189,H13D85,0,0,0,0
50230531,,5,Coahuila de Zaragoza,Coah.,23,Ocampo,531,San Isidro,R,"27°53´02.199N""","103°29´04.999W""",27.883944,-103.484722,1189,G13B15,0,0,0,0
50230532,,5,Coahuila de Zaragoza,Coah.,23,Ocampo,532,El Chencho,R,"27°48´45.582N""","103°23´44.116W""",27.812662,-103.395587,1106,G13B15,0,0,0,0
50230533,,5,Coahuila de Zaragoza,Coah.,23,Ocampo,533,El Divisadero,R,"28°37´05.570N""","103°09´01.690W""",28.618213,-103.150469,900,H13D66,0,0,0,0
50230534,,5,Coahuila de Zaragoza,Coah.,23,Ocampo,534,Mapa Transporte,R,"27°20´24.060N""","102°23´41.790W""",27.340016,-102.394941,1137,G13B38,0,0,0,0
50230536,,5,Coahuila de Zaragoza,Coah.,23,Ocampo,536,El Palmar,R,"27°24´05.270N""","103°09´39.850W""",27.401464,-103.161069,1160,G13B36,0,0,0,0
50230537,,5,Coahuila de Zaragoza,Coah.,23,Ocampo,537,Agua Clara (Celia Palomares),R,"28°36´48.700N""","102°44´30.300W""",28.613528,-102.74175,1114,H13D67,5,*,*,2
50230538,,5,Coahuila de Zaragoza,Coah.,23,Ocampo,538,La Huerfanita,R,"27°00´27.710N""","103°20´59.800W""",27.007697,-103.349944,1066,G13B45,0,0,0,0
50230539,,5,Coahuila de Zaragoza,Coah.,23,Ocampo,539,Sagrado Corazón,R,"27°03´00.465N""","103°21´44.296W""",27.050129,-103.362304,1047,G13B45,0,0,0,0
50230540,,5,Coahuila de Zaragoza,Coah.,23,Ocampo,540,Cimarrón (Jesús Sandoval),R,"28°39´38.050N""","102°39´41.230W""",28.660569,-102.661453,1143,H13D68,3,*,*,1
50230541,,5,Coahuila de Zaragoza,Coah.,23,Ocampo,541,El Pozo,R,"27°16´52.360N""","103°27´53.380W""",27.28121,-103.464828,1170,G13B35,1,*,*,1
50230542,,5,Coahuila de Zaragoza,Coah.,23,Ocampo,542,Beto Guajardo,R,"28°39´33.201N""","102°43´17.063W""",28.659223,-102.721406,1086,H13D67,0,0,0,0
50230543,,5,Coahuila de Zaragoza,Coah.,23,Ocampo,543,La Copa,R,"28°32´38.830N""","102°53´40.460W""",28.544119,-102.894572,958,H13D67,0,0,0,0
50230545,,5,Coahuila de Zaragoza,Coah.,23,Ocampo,545,Los Manantiales,R,"27°18´56.347N""","102°24´29.650W""",27.315652,-102.408236,1140,G13B38,0,0,0,0
50230546,,5,Coahuila de Zaragoza,Coah.,23,Ocampo,546,La Presa,R,"28°45´53.930N""","103°13´10.860W""",28.764981,-103.219683,796,H13D56,0,0,0,0
50230547,,5,Coahuila de Zaragoza,Coah.,23,Ocampo,547,La Huerfanita,R,"28°05´33.341N""","103°14´12.178W""",28.092594,-103.236716,1050,H13D86,0,0,0,0
50230548,,5,Coahuila de Zaragoza,Coah.,23,Ocampo,548,La Encantada [Mina],R,"28°21´36.845N""","102°33´30.718W""",28.360235,-102.558533,1779,H13D78,0,0,0,0
50230549,,5,Coahuila de Zaragoza,Coah.,23,Ocampo,549,El Ocotillo,R,"27°20´00.700N""","102°23´14.930W""",27.333527,-102.38748,1119,G13B38,0,0,0,0
50230550,,5,Coahuila de Zaragoza,Coah.,23,Ocampo,550,Roberto González,R,"27°19´51.720N""","102°23´46.990W""",27.331033,-102.396386,1134,G13B38,5,*,*,1
50230551,,5,Coahuila de Zaragoza,Coah.,23,Ocampo,551,Los Peregrinos,R,"27°04´08.390N""","103°09´27.180W""",27.068997,-103.15755,1113,G13B46,0,0,0,0
50230552,,5,Coahuila de Zaragoza,Coah.,23,Ocampo,552,Luis García Peña,R,"27°18´49.003N""","102°26´41.264W""",27.313612,-102.444795,1277,G13B38,0,0,0,0
50230553,,5,Coahuila de Zaragoza,Coah.,23,Ocampo,553,Puerto Rico,R,"29°10´34.860N""","102°49´28.940W""",29.176349,-102.824705,991,H13D47,0,0,0,0
50230554,,5,Coahuila de Zaragoza,Coah.,23,Ocampo,554,Jalisco,R,"28°04´10.270N""","103°11´04.480W""",28.069519,-103.184577,1048,H13D86,4,*,*,1
50230555,,5,Coahuila de Zaragoza,Coah.,23,Ocampo,555,Porfirio García,R,"27°54´41.500N""","103°00´10.430W""",27.911528,-103.002897,1107,G13B16,0,0,0,0
50230556,,5,Coahuila de Zaragoza,Coah.,23,Ocampo,556,Eleuterio Regino Gallegos,R,"27°55´27.110N""","102°57´46.690W""",27.924197,-102.962969,1129,G13B17,0,0,0,0
50230557,,5,Coahuila de Zaragoza,Coah.,23,Ocampo,557,Luis Regino,R,"27°55´36.040N""","102°58´49.900W""",27.926677,-102.980527,1128,G13B17,0,0,0,0
50230558,,5,Coahuila de Zaragoza,Coah.,23,Ocampo,558,El Sauz (Eugenio Gloria de Santiago),R,"28°24´33.060N""","103°21´09.800W""",28.409183,-103.352722,1118,H13D75,0,0,0,0
