MAPA,Estatus,CVE_ENT,NOM_ENT,NOM_ABR,CVE_MUN,NOM_MUN,CVE_LOC,NOM_LOC,AMBITO,LATITUD,LONGITUD,LAT_DECIMAL,LON_DECIMAL,ALTITUD,CVE_CARTA,POB_TOTAL,POB_MASCULINA,POB_FEMENINA,TOTAL DE VIVIENDAS HABITADAS
50310001,,5,Coahuila de Zaragoza,Coah.,31,San Buenaventura,1,San Buenaventura,U,"27°03´36.926N""","101°33´00.103W""",27.060257,-101.550029,495,G14A42,23413,11529,11884,7123
50310002,,5,Coahuila de Zaragoza,Coah.,31,San Buenaventura,2,Las Ánimas,R,"27°32´47.735N""","101°47´22.719W""",27.546593,-101.789644,797,G14A21,2,*,*,1
50310003,,5,Coahuila de Zaragoza,Coah.,31,San Buenaventura,3,El Berrendo (Nuevo Sacramento),R,"27°45´48.851N""","102°08´03.699W""",27.76357,-102.134361,1286,G13B19,0,0,0,0
50310005,,5,Coahuila de Zaragoza,Coah.,31,San Buenaventura,5,El Capulín,R,"27°37´52.740N""","101°58´08.500W""",27.631316,-101.969027,1010,G14A21,0,0,0,0
50310006,,5,Coahuila de Zaragoza,Coah.,31,San Buenaventura,6,El Carrizalejo,R,"27°55´01.959N""","102°11´56.649W""",27.91721,-102.199069,1202,G13B19,9,6,3,4
50310007,,5,Coahuila de Zaragoza,Coah.,31,San Buenaventura,7,El Celo,R,"27°19´52.984N""","101°33´57.132W""",27.331384,-101.56587,537,G14A32,0,0,0,0
50310009,,5,Coahuila de Zaragoza,Coah.,31,San Buenaventura,9,La Esperanza (Las Esperanzas),R,"27°21´43.151N""","101°39´20.435W""",27.361986,-101.655676,612,G14A32,0,0,0,0
50310010,,5,Coahuila de Zaragoza,Coah.,31,San Buenaventura,10,El Fortín,R,"27°58´01.573N""","102°05´42.251W""",27.967103,-102.095069,1020,G13B19,13,8,5,6
50310011,,5,Coahuila de Zaragoza,Coah.,31,San Buenaventura,11,El Gavilán,R,"27°30´22.514N""","101°44´58.229W""",27.506254,-101.749508,733,G14A21,0,0,0,0
50310012,,5,Coahuila de Zaragoza,Coah.,31,San Buenaventura,12,Guadalupe Victoria (El Cerrito),R,"27°12´43.889N""","101°36´57.493W""",27.212191,-101.61597,534,G14A42,33,16,17,15
50310013,,5,Coahuila de Zaragoza,Coah.,31,San Buenaventura,13,Hamburgo,R,"27°36´05.769N""","101°45´52.482W""",27.601603,-101.764578,769,G14A21,0,0,0,0
50310014,,5,Coahuila de Zaragoza,Coah.,31,San Buenaventura,14,Las Islas,R,"27°29´01.421N""","101°38´57.786W""",27.483728,-101.649385,642,G14A32,1,*,*,1
50310016,,5,Coahuila de Zaragoza,Coah.,31,San Buenaventura,16,El Mesteño,R,"27°31´10.446N""","101°41´59.539W""",27.519568,-101.699872,696,G14A21,1,*,*,1
50310017,,5,Coahuila de Zaragoza,Coah.,31,San Buenaventura,17,Molino de Santa Gertrudis,R,"27°08´29.659N""","101°30´47.458W""",27.141572,-101.513183,451,G14A42,0,0,0,0
50310018,,5,Coahuila de Zaragoza,Coah.,31,San Buenaventura,18,Nuevo Poblado del Sombrerete (Nuevo Sombrerete),R,"27°08´23.716N""","101°38´58.431W""",27.139921,-101.649564,524,G14A42,154,76,78,56
50310019,,5,Coahuila de Zaragoza,Coah.,31,San Buenaventura,19,La Purísima,R,"27°32´57.689N""","101°47´55.077W""",27.549358,-101.798632,810,G14A21,2,*,*,1
50310020,,5,Coahuila de Zaragoza,Coah.,31,San Buenaventura,20,Sauceda,R,"27°27´48.137N""","101°34´41.432W""",27.463371,-101.578175,601,G14A32,0,0,0,0
50310021,,5,Coahuila de Zaragoza,Coah.,31,San Buenaventura,21,San Agustín,R,"27°23´11.050N""","101°41´01.700W""",27.386402,-101.683805,655,G14A31,0,0,0,0
50310022,,5,Coahuila de Zaragoza,Coah.,31,San Buenaventura,22,San Antonio de la Cascada,R,"27°15´47.969N""","101°40´34.160W""",27.263325,-101.676155,619,G14A31,244,133,111,92
50310023,,5,Coahuila de Zaragoza,Coah.,31,San Buenaventura,23,San Antonio de las Higueras,R,"27°22´22.979N""","101°43´50.350W""",27.373049,-101.730652,761,G14A31,104,58,46,34
50310024,,5,Coahuila de Zaragoza,Coah.,31,San Buenaventura,24,San Blas,R,"27°24´59.999N""","101°43´10.156W""",27.416666,-101.719487,720,G14A31,63,39,24,22
50310025,,5,Coahuila de Zaragoza,Coah.,31,San Buenaventura,25,San Francisco,R,"27°07´30.993N""","101°37´04.002W""",27.125275,-101.617778,500,G14A42,111,61,50,42
50310026,,5,Coahuila de Zaragoza,Coah.,31,San Buenaventura,26,San Lorenzo,R,"27°18´36.078N""","101°41´49.051W""",27.310022,-101.696958,648,G14A31,90,45,45,31
50310027,,5,Coahuila de Zaragoza,Coah.,31,San Buenaventura,27,San Marcos,R,"27°29´04.539N""","101°40´44.720W""",27.484594,-101.679088,662,G14A31,2,*,*,1
50310028,,5,Coahuila de Zaragoza,Coah.,31,San Buenaventura,28,San Pedro de Agua Dulce,R,"27°39´21.349N""","102°01´30.519W""",27.65593,-102.025144,1070,G13B29,6,3,3,3
50310029,,5,Coahuila de Zaragoza,Coah.,31,San Buenaventura,29,San Salvador,R,"27°34´53.900N""","101°40´47.269W""",27.581638,-101.679796,700,G14A21,3,*,*,1
50310030,,5,Coahuila de Zaragoza,Coah.,31,San Buenaventura,30,Santa Gertrudis,R,"27°08´25.475N""","101°31´44.452W""",27.140409,-101.529014,466,G14A42,245,134,111,88
50310031,,5,Coahuila de Zaragoza,Coah.,31,San Buenaventura,31,Sierra Hermosa,R,"27°57´42.724N""","102°04´42.690W""",27.961868,-102.078524,1030,G13B19,5,*,*,2
50310033,,5,Coahuila de Zaragoza,Coah.,31,San Buenaventura,33,Valle Colombia,R,"28°22´02.763N""","102°18´10.004W""",28.367434,-102.302779,1281,H13D79,4,*,*,1
50310034,,5,Coahuila de Zaragoza,Coah.,31,San Buenaventura,34,Buenavista,R,"27°41´03.201N""","101°37´04.590W""",27.684222,-101.617941,690,G14A22,0,0,0,0
50310036,,5,Coahuila de Zaragoza,Coah.,31,San Buenaventura,36,El Cimarrón,R,"28°18´42.444N""","102°23´51.470W""",28.31179,-102.39763,1447,H13D78,4,*,*,1
50310037,,5,Coahuila de Zaragoza,Coah.,31,San Buenaventura,37,La Angostura (La Chicharra),R,"27°26´30.207N""","101°33´33.647W""",27.441724,-101.559346,580,G14A32,0,0,0,0
50310039,,5,Coahuila de Zaragoza,Coah.,31,San Buenaventura,39,La Encantada,R,"28°35´27.530N""","102°23´42.740W""",28.59098,-102.395205,1338,H13D68,1,*,*,1
50310040,,5,Coahuila de Zaragoza,Coah.,31,San Buenaventura,40,La Gorriona,R,"28°19´24.254N""","102°07´49.018W""",28.323403,-102.130282,1259,H13D79,0,0,0,0
50310042,,5,Coahuila de Zaragoza,Coah.,31,San Buenaventura,42,La Mula,R,"28°00´41.900N""","102°17´16.810W""",28.011639,-102.288002,1318,H13D89,9,*,*,2
50310043,,5,Coahuila de Zaragoza,Coah.,31,San Buenaventura,43,Las Norias Altas,R,"27°46´01.300N""","101°45´33.879W""",27.767027,-101.759411,934,G14A11,0,0,0,0
50310045,,5,Coahuila de Zaragoza,Coah.,31,San Buenaventura,45,La Palma,R,"28°32´52.184N""","102°24´03.437W""",28.547829,-102.400955,1319,H13D68,1,*,*,1
50310047,,5,Coahuila de Zaragoza,Coah.,31,San Buenaventura,47,Rosa de Guadalupe,R,"27°10´02.938N""","101°40´36.077W""",27.167482,-101.676687,564,G14A41,9,7,2,4
50310049,,5,Coahuila de Zaragoza,Coah.,31,San Buenaventura,49,El Colmenar (San Esteban),R,"27°42´53.241N""","101°49´39.547W""",27.714789,-101.827651,919,G14A21,1,*,*,1
50310050,,5,Coahuila de Zaragoza,Coah.,31,San Buenaventura,50,San Felipe,R,"28°17´35.332N""","102°11´51.823W""",28.293147,-102.197728,1222,H13D79,0,0,0,0
50310053,,5,Coahuila de Zaragoza,Coah.,31,San Buenaventura,53,San Jerónimo (El Ciervo),R,"27°29´08.930N""","101°41´31.620W""",27.485814,-101.692116,665,G14A31,1,*,*,1
50310054,,5,Coahuila de Zaragoza,Coah.,31,San Buenaventura,54,San José de Agua Dulce,R,"27°39´23.445N""","102°01´12.728W""",27.656513,-102.020202,1060,G13B29,0,0,0,0
50310055,,5,Coahuila de Zaragoza,Coah.,31,San Buenaventura,55,San Juan,R,"27°44´36.072N""","101°42´03.616W""",27.743353,-101.701004,857,G14A21,0,0,0,0
50310057,,5,Coahuila de Zaragoza,Coah.,31,San Buenaventura,57,San Patricio,R,"28°13´04.810N""","102°20´16.129W""",28.218002,-102.337813,1385,H13D88,0,0,0,0
50310059,,5,Coahuila de Zaragoza,Coah.,31,San Buenaventura,59,Santa Elena,R,"27°41´16.555N""","101°51´50.499W""",27.687932,-101.864028,920,G14A21,1,*,*,1
50310060,,5,Coahuila de Zaragoza,Coah.,31,San Buenaventura,60,Santa Elena de la Cruz,R,"27°41´29.451N""","101°52´06.498W""",27.691514,-101.868471,926,G14A21,5,*,*,1
50310062,,5,Coahuila de Zaragoza,Coah.,31,San Buenaventura,62,Santa Martha,R,"27°29´57.143N""","101°45´44.474W""",27.499206,-101.762354,752,G14A31,0,0,0,0
50310063,,5,Coahuila de Zaragoza,Coah.,31,San Buenaventura,63,San Antonio de la Cascada (El Agostadero),R,"27°16´47.310N""","101°44´33.300W""",27.279808,-101.742583,734,G14A31,0,0,0,0
50310064,,5,Coahuila de Zaragoza,Coah.,31,San Buenaventura,64,El Silencio,R,"27°49´26.129N""","102°01´50.739W""",27.823924,-102.03076,1271,G13B19,4,*,*,1
50310067,,5,Coahuila de Zaragoza,Coah.,31,San Buenaventura,67,El Quemado,R,"28°11´42.539N""","102°08´26.528W""",28.195149,-102.140702,1250,H13D89,0,0,0,0
50310068,,5,Coahuila de Zaragoza,Coah.,31,San Buenaventura,68,Valle Perú (Rancho Nuevo),R,"28°13´56.279N""","102°24´44.880W""",28.232299,-102.412467,1602,H13D88,3,*,*,1
50310069,,5,Coahuila de Zaragoza,Coah.,31,San Buenaventura,69,La Vaquita (El Tulillo),R,"27°19´14.098N""","101°36´38.047W""",27.320582,-101.610569,560,G14A32,0,0,0,0
50310073,,5,Coahuila de Zaragoza,Coah.,31,San Buenaventura,73,Santiago,R,"27°36´20.555N""","101°41´43.436W""",27.60571,-101.695399,721,G14A21,0,0,0,0
50310075,,5,Coahuila de Zaragoza,Coah.,31,San Buenaventura,75,Las Mercedes (San Esteban),R,"27°04´33.652N""","101°33´56.886W""",27.076014,-101.565802,486,G14A42,3,*,*,1
50310076,,5,Coahuila de Zaragoza,Coah.,31,San Buenaventura,76,Monte Alto (Rafael López de la Fuente Villarreal),R,"27°04´27.943N""","101°33´44.682W""",27.074428,-101.562412,487,G14A42,0,0,0,0
50310077,,5,Coahuila de Zaragoza,Coah.,31,San Buenaventura,77,El Retiro,R,"27°04´53.789N""","101°33´17.667W""",27.081607,-101.554908,482,G14A42,2,*,*,1
50310079,,5,Coahuila de Zaragoza,Coah.,31,San Buenaventura,79,La Remuda,R,"28°08´03.239N""","102°07´04.689W""",28.134233,-102.117969,1201,H13D89,0,0,0,0
50310083,,5,Coahuila de Zaragoza,Coah.,31,San Buenaventura,83,La Azufrosa,R,"28°06´29.803N""","102°11´40.629W""",28.108279,-102.194619,1112,H13D89,0,0,0,0
50310088,,5,Coahuila de Zaragoza,Coah.,31,San Buenaventura,88,Buenos Aires,R,"27°46´48.736N""","102°00´23.665W""",27.780204,-102.006574,1182,G13B19,0,0,0,0
50310089,,5,Coahuila de Zaragoza,Coah.,31,San Buenaventura,89,La Puerta,R,"28°02´41.536N""","102°04´15.998W""",28.044871,-102.07111,927,H13D89,2,*,*,1
50310090,,5,Coahuila de Zaragoza,Coah.,31,San Buenaventura,90,La Chicharra,R,"27°25´00.274N""","101°33´00.351W""",27.416742,-101.550098,564,G14A32,1,*,*,1
50310093,,5,Coahuila de Zaragoza,Coah.,31,San Buenaventura,93,La Escondida,R,"27°20´58.558N""","101°29´15.391W""",27.349599,-101.487608,513,G14A32,0,0,0,0
50310094,,5,Coahuila de Zaragoza,Coah.,31,San Buenaventura,94,La Laguna del Sauz,R,"27°37´29.165N""","101°47´34.436W""",27.624767,-101.792899,810,G14A21,1,*,*,1
50310095,,5,Coahuila de Zaragoza,Coah.,31,San Buenaventura,95,La Libertad,R,"27°16´54.473N""","101°27´25.517W""",27.281797,-101.457088,476,G14A32,0,0,0,0
50310097,,5,Coahuila de Zaragoza,Coah.,31,San Buenaventura,97,Malva Rosa,R,"27°02´27.855N""","101°31´57.671W""",27.041071,-101.532686,505,G14A42,0,0,0,0
50310099,,5,Coahuila de Zaragoza,Coah.,31,San Buenaventura,99,Las Cuatro Hermanas (El Palmar),R,"28°00´41.540N""","102°10´16.650W""",28.011539,-102.171291,1198,H13D89,2,*,*,1
50310101,,5,Coahuila de Zaragoza,Coah.,31,San Buenaventura,101,El Papalote,R,"27°07´57.211N""","101°30´37.263W""",27.132558,-101.510351,463,G14A42,2,*,*,1
50310102,,5,Coahuila de Zaragoza,Coah.,31,San Buenaventura,102,El Lucero,R,"27°07´54.189N""","101°40´24.300W""",27.131719,-101.673416,540,G14A41,2,*,*,1
50310103,,5,Coahuila de Zaragoza,Coah.,31,San Buenaventura,103,El Placer,R,"27°56´36.989N""","102°06´46.879W""",27.943608,-102.113022,1071,G13B19,0,0,0,0
50310105,,5,Coahuila de Zaragoza,Coah.,31,San Buenaventura,105,Santa María (La Pulga),R,"27°05´26.116N""","101°30´46.339W""",27.090587,-101.512872,489,G14A42,1,*,*,1
50310109,,5,Coahuila de Zaragoza,Coah.,31,San Buenaventura,109,San Juanita,R,"27°06´49.007N""","101°30´36.265W""",27.113613,-101.510074,488,G14A42,0,0,0,0
50310110,,5,Coahuila de Zaragoza,Coah.,31,San Buenaventura,110,San Juanito,R,"27°39´57.669N""","101°51´03.170W""",27.666019,-101.850881,912,G14A21,2,*,*,1
50310112,,5,Coahuila de Zaragoza,Coah.,31,San Buenaventura,112,Santa Cecilia,R,"27°06´20.775N""","101°30´53.037W""",27.105771,-101.514733,491,G14A42,0,0,0,0
50310113,,5,Coahuila de Zaragoza,Coah.,31,San Buenaventura,113,Santa Gertrudis,R,"27°06´49.899N""","101°28´42.310W""",27.113861,-101.478419,466,G14A42,27,15,12,10
50310117,,5,Coahuila de Zaragoza,Coah.,31,San Buenaventura,117,La Unión,R,"27°43´44.495N""","101°54´52.154W""",27.729026,-101.914487,997,G14A21,0,0,0,0
50310118,,5,Coahuila de Zaragoza,Coah.,31,San Buenaventura,118,Yerbabuena,R,"27°52´27.287N""","102°00´54.560W""",27.874246,-102.015156,1218,G13B19,0,0,0,0
50310120,,5,Coahuila de Zaragoza,Coah.,31,San Buenaventura,120,Rodolfo Villarreal,R,"27°03´01.174N""","101°34´48.557W""",27.050326,-101.580154,500,G14A42,0,0,0,0
50310123,,5,Coahuila de Zaragoza,Coah.,31,San Buenaventura,123,Comunidad de San Buena de Bienes Comunales,R,"27°05´25.311N""","101°29´24.942W""",27.090364,-101.490261,499,G14A42,0,0,0,0
50310124,,5,Coahuila de Zaragoza,Coah.,31,San Buenaventura,124,Mario Sergio de Luna García,R,"27°04´14.451N""","101°33´22.337W""",27.07068,-101.556205,489,G14A42,0,0,0,0
50310125,,5,Coahuila de Zaragoza,Coah.,31,San Buenaventura,125,La Navidad,R,"27°02´59.124N""","101°34´12.283W""",27.049756,-101.570078,501,G14A42,2,*,*,1
50310127,,5,Coahuila de Zaragoza,Coah.,31,San Buenaventura,127,La Misión,R,"27°04´59.681N""","101°30´27.369W""",27.083244,-101.507603,490,G14A42,0,0,0,0
50310128,,5,Coahuila de Zaragoza,Coah.,31,San Buenaventura,128,La Felicidad,R,"27°04´33.782N""","101°34´15.449W""",27.07605,-101.570957,488,G14A42,4,*,*,1
50310129,,5,Coahuila de Zaragoza,Coah.,31,San Buenaventura,129,Los Nogales,R,"27°03´23.686N""","101°33´47.062W""",27.056579,-101.563073,497,G14A42,0,0,0,0
50310130,,5,Coahuila de Zaragoza,Coah.,31,San Buenaventura,130,Santa Fe (Alejandro Gutiérrez López),R,"27°04´26.982N""","101°34´04.929W""",27.074161,-101.568035,488,G14A42,0,0,0,0
50310131,,5,Coahuila de Zaragoza,Coah.,31,San Buenaventura,131,Montebello,R,"27°03´26.842N""","101°34´25.191W""",27.057456,-101.573664,497,G14A42,0,0,0,0
50310132,,5,Coahuila de Zaragoza,Coah.,31,San Buenaventura,132,Lauro Salazar,R,"27°03´20.754N""","101°34´38.119W""",27.055765,-101.577255,497,G14A42,0,0,0,0
50310133,,5,Coahuila de Zaragoza,Coah.,31,San Buenaventura,133,San Antonio,R,"27°03´16.396N""","101°34´49.348W""",27.054554,-101.580374,498,G14A42,1,*,*,1
50310141,,5,Coahuila de Zaragoza,Coah.,31,San Buenaventura,141,San Martín,R,"27°05´13.875N""","101°37´12.281W""",27.087187,-101.620077,502,G14A42,1,*,*,1
50310142,,5,Coahuila de Zaragoza,Coah.,31,San Buenaventura,142,Las Pollas (Oscar Garza Galindo),R,"27°04´36.275N""","101°33´43.613W""",27.076742,-101.562115,485,G14A42,3,*,*,1
50310143,,5,Coahuila de Zaragoza,Coah.,31,San Buenaventura,143,Los Preciado,R,"27°03´12.543N""","101°34´54.974W""",27.053484,-101.581937,498,G14A42,0,0,0,0
50310144,,5,Coahuila de Zaragoza,Coah.,31,San Buenaventura,144,San Juanita,R,"27°04´29.872N""","101°33´44.687W""",27.074964,-101.562413,487,G14A42,0,0,0,0
50310145,,5,Coahuila de Zaragoza,Coah.,31,San Buenaventura,145,David Medrano,R,"27°05´04.260N""","101°33´03.136W""",27.084516,-101.550871,481,G14A42,0,0,0,0
50310146,,5,Coahuila de Zaragoza,Coah.,31,San Buenaventura,146,Enrique Ayala R.,R,"27°04´59.280N""","101°33´36.010W""",27.083133,-101.560003,481,G14A42,0,0,0,0
50310148,,5,Coahuila de Zaragoza,Coah.,31,San Buenaventura,148,Emilio Peña,R,"27°04´46.245N""","101°33´36.389W""",27.079512,-101.560108,483,G14A42,0,0,0,0
50310150,,5,Coahuila de Zaragoza,Coah.,31,San Buenaventura,150,Lelo Domínguez,R,"27°04´40.983N""","101°33´41.511W""",27.07805,-101.561531,484,G14A42,0,0,0,0
50310155,,5,Coahuila de Zaragoza,Coah.,31,San Buenaventura,155,El Paso (Maricela Martínez Martínez),R,"27°04´42.666N""","101°33´51.401W""",27.078518,-101.564278,485,G14A42,0,0,0,0
50310172,,5,Coahuila de Zaragoza,Coah.,31,San Buenaventura,172,Rancho Nuevo,R,"28°06´51.339N""","102°22´47.830W""",28.114261,-102.379952,1561,H13D88,0,0,0,0
50310174,,5,Coahuila de Zaragoza,Coah.,31,San Buenaventura,174,El Moyote,R,"27°34´22.950N""","101°43´50.810W""",27.573041,-101.73078,722,G14A21,0,0,0,0
50310176,,5,Coahuila de Zaragoza,Coah.,31,San Buenaventura,176,San Luis (El Cuatralbo),R,"27°36´01.370N""","102°04´48.449W""",27.600381,-102.080124,1261,G13B29,0,0,0,0
50310177,,5,Coahuila de Zaragoza,Coah.,31,San Buenaventura,177,Sanguijuela,R,"27°35´13.354N""","101°52´33.593W""",27.587042,-101.875997,918,G14A21,0,0,0,0
50310178,,5,Coahuila de Zaragoza,Coah.,31,San Buenaventura,178,San Enrique,R,"27°28´39.469N""","101°35´50.700W""",27.47763,-101.597416,614,G14A32,1,*,*,1
50310179,,5,Coahuila de Zaragoza,Coah.,31,San Buenaventura,179,Los Altos,R,"27°19´47.500N""","101°43´49.018W""",27.32986,-101.730282,774,G14A31,0,0,0,0
50310180,,5,Coahuila de Zaragoza,Coah.,31,San Buenaventura,180,El Molino,R,"27°14´20.559N""","101°40´51.020W""",27.239044,-101.680838,615,G14A41,0,0,0,0
50310181,,5,Coahuila de Zaragoza,Coah.,31,San Buenaventura,181,San Francisco,R,"28°05´35.909N""","102°15´14.169W""",28.093308,-102.253936,1255,H13D89,0,0,0,0
50310183,,5,Coahuila de Zaragoza,Coah.,31,San Buenaventura,183,El Establo (María Teresa Boerman Villarreal),R,"27°02´04.913N""","101°30´53.203W""",27.034698,-101.514779,508,G14A42,3,*,*,1
50310184,,5,Coahuila de Zaragoza,Coah.,31,San Buenaventura,184,La Victoria (Luis Ángel Menchaca),R,"27°02´36.210N""","101°30´40.514W""",27.043391,-101.511254,505,G14A42,0,0,0,0
50310186,,5,Coahuila de Zaragoza,Coah.,31,San Buenaventura,186,Alina y Karen,R,"27°02´18.979N""","101°31´26.130W""",27.038605,-101.523924,507,G14A42,2,*,*,1
50310188,,5,Coahuila de Zaragoza,Coah.,31,San Buenaventura,188,Santos Vázquez,R,"27°02´30.684N""","101°32´21.000W""",27.041856,-101.539166,505,G14A42,0,0,0,0
50310189,,5,Coahuila de Zaragoza,Coah.,31,San Buenaventura,189,La Nogalera (José Armando Esquivel Castellanos),R,"27°02´21.847N""","101°32´19.998W""",27.039402,-101.538888,507,G14A42,0,0,0,0
50310192,,5,Coahuila de Zaragoza,Coah.,31,San Buenaventura,192,La Ranita,R,"27°23´26.852N""","101°38´05.929W""",27.390792,-101.63498,630,G14A32,0,0,0,0
50310193,,5,Coahuila de Zaragoza,Coah.,31,San Buenaventura,193,El Fortín de las Golondrinas,R,"28°30´12.926N""","102°21´47.639W""",28.503591,-102.363233,1361,H13D68,5,*,*,1
50310196,,5,Coahuila de Zaragoza,Coah.,31,San Buenaventura,196,El Colorado,R,"28°08´26.990N""","102°14´08.419W""",28.14083,-102.235672,1174,H13D89,0,0,0,0
50310198,,5,Coahuila de Zaragoza,Coah.,31,San Buenaventura,198,San José,R,"28°11´03.942N""","102°16´02.087W""",28.184428,-102.267246,1284,H13D89,0,0,0,0
50310200,,5,Coahuila de Zaragoza,Coah.,31,San Buenaventura,200,El Ranchito los Rodríguez,R,"27°24´30.279N""","101°43´19.459W""",27.408411,-101.722071,720,G14A31,3,*,*,1
50310206,,5,Coahuila de Zaragoza,Coah.,31,San Buenaventura,206,César Gutiérrez,R,"27°03´53.035N""","101°30´48.850W""",27.064732,-101.513569,496,G14A42,0,0,0,0
50310207,,5,Coahuila de Zaragoza,Coah.,31,San Buenaventura,207,Jesús Palos (Majada),R,"27°08´44.088N""","101°39´08.160W""",27.14558,-101.652267,525,G14A42,0,0,0,0
50310208,,5,Coahuila de Zaragoza,Coah.,31,San Buenaventura,208,La Victoria (Nano Garza),R,"27°08´38.494N""","101°39´19.658W""",27.144026,-101.655461,526,G14A42,0,0,0,0
50310210,,5,Coahuila de Zaragoza,Coah.,31,San Buenaventura,210,Los Dos Condados,R,"27°02´09.799N""","101°31´51.959W""",27.036055,-101.531099,508,G14A42,0,0,0,0
50310211,,5,Coahuila de Zaragoza,Coah.,31,San Buenaventura,211,Bellavista VII (Homero Garza),R,"27°01´59.004N""","101°31´34.258W""",27.033056,-101.526182,509,G14A42,0,0,0,0
50310212,,5,Coahuila de Zaragoza,Coah.,31,San Buenaventura,212,Jesús Sánchez Vázquez,R,"27°01´32.545N""","101°31´25.873W""",27.025706,-101.523853,513,G14A42,0,0,0,0
50310213,,5,Coahuila de Zaragoza,Coah.,31,San Buenaventura,213,Santa Fe,R,"27°01´41.024N""","101°31´01.343W""",27.028062,-101.517039,512,G14A42,4,*,*,2
50310214,,5,Coahuila de Zaragoza,Coah.,31,San Buenaventura,214,Luis Romo Gutiérrez,R,"27°01´00.490N""","101°31´17.966W""",27.016802,-101.521657,519,G14A42,6,*,*,2
50310215,,5,Coahuila de Zaragoza,Coah.,31,San Buenaventura,215,Isidro Cerna Boone,R,"27°01´44.499N""","101°31´53.124W""",27.029027,-101.531423,512,G14A42,0,0,0,0
50310216,,5,Coahuila de Zaragoza,Coah.,31,San Buenaventura,216,José Luis Valadés,R,"27°03´47.590N""","101°30´34.407W""",27.063219,-101.509558,496,G14A42,2,*,*,1
50310217,,5,Coahuila de Zaragoza,Coah.,31,San Buenaventura,217,La Palapa,R,"27°04´24.620N""","101°30´43.830W""",27.073505,-101.512175,492,G14A42,0,0,0,0
50310218,,5,Coahuila de Zaragoza,Coah.,31,San Buenaventura,218,José Héctor Villarreal Martínez (Loma Prieta),R,"27°05´08.045N""","101°30´37.020W""",27.085568,-101.510283,496,G14A42,0,0,0,0
50310219,,5,Coahuila de Zaragoza,Coah.,31,San Buenaventura,219,El Papalote,R,"27°02´24.182N""","101°31´45.054W""",27.04005,-101.529181,506,G14A42,0,0,0,0
50310220,,5,Coahuila de Zaragoza,Coah.,31,San Buenaventura,220,Las Praderas,R,"27°02´38.606N""","101°31´35.120W""",27.044057,-101.526422,504,G14A42,2,*,*,1
50310221,,5,Coahuila de Zaragoza,Coah.,31,San Buenaventura,221,El Escritorio,R,"27°06´05.176N""","101°31´22.680W""",27.101438,-101.522966,486,G14A42,0,0,0,0
50310222,,5,Coahuila de Zaragoza,Coah.,31,San Buenaventura,222,Ramón de la Cruz (Loma Prieta),R,"27°05´44.971N""","101°30´07.431W""",27.095825,-101.502064,503,G14A42,0,0,0,0
50310223,,5,Coahuila de Zaragoza,Coah.,31,San Buenaventura,223,Eudelia Martínez Montemayor (Loma Prieta),R,"27°05´49.350N""","101°30´06.607W""",27.097041,-101.501835,504,G14A42,2,*,*,1
50310224,,5,Coahuila de Zaragoza,Coah.,31,San Buenaventura,224,Santa Cruz (Rigoberto Villarreal Morales),R,"27°05´49.305N""","101°29´43.648W""",27.097029,-101.495457,491,G14A42,0,0,0,0
50310225,,5,Coahuila de Zaragoza,Coah.,31,San Buenaventura,225,Jesús de la Cruz Hernández,R,"27°06´32.405N""","101°32´13.678W""",27.109001,-101.537132,482,G14A42,0,0,0,0
50310226,,5,Coahuila de Zaragoza,Coah.,31,San Buenaventura,226,Dos Hermanos (Loma Prieta),R,"27°06´48.549N""","101°29´58.880W""",27.113486,-101.499689,500,G14A42,0,0,0,0
50310227,,5,Coahuila de Zaragoza,Coah.,31,San Buenaventura,227,Laureano Treviño Hernández (Loma Prieta),R,"27°06´42.125N""","101°29´34.220W""",27.111701,-101.492839,480,G14A42,0,0,0,0
50310228,,5,Coahuila de Zaragoza,Coah.,31,San Buenaventura,228,La Palma (Eladio Villarreal de la Garza),R,"27°04´11.420N""","101°34´45.117W""",27.069838,-101.579199,491,G14A42,0,0,0,0
50310229,,5,Coahuila de Zaragoza,Coah.,31,San Buenaventura,229,Jorge Villarreal,R,"27°03´47.257N""","101°34´32.515W""",27.063127,-101.575698,494,G14A42,0,0,0,0
50310231,,5,Coahuila de Zaragoza,Coah.,31,San Buenaventura,231,Gerardo Arriaga,R,"27°16´37.171N""","101°45´40.486W""",27.276991,-101.761246,743,G14A31,0,0,0,0
50310232,,5,Coahuila de Zaragoza,Coah.,31,San Buenaventura,232,Tereso Villarreal Ortiz (Santa Rita),R,"27°16´55.574N""","101°43´27.580W""",27.282103,-101.724327,702,G14A31,0,0,0,0
50310233,,5,Coahuila de Zaragoza,Coah.,31,San Buenaventura,233,La Granja,R,"27°14´01.981N""","101°40´28.386W""",27.233883,-101.674551,604,G14A41,0,0,0,0
50310234,,5,Coahuila de Zaragoza,Coah.,31,San Buenaventura,234,Rincón de los Romo,R,"27°28´57.139N""","101°37´24.676W""",27.482538,-101.62352,622,G14A32,0,0,0,0
50310235,,5,Coahuila de Zaragoza,Coah.,31,San Buenaventura,235,El Pilote,R,"27°28´55.078N""","101°38´20.698W""",27.481965,-101.639082,630,G14A32,0,0,0,0
50310237,,5,Coahuila de Zaragoza,Coah.,31,San Buenaventura,237,Los Dos Ramones,R,"27°32´14.501N""","101°34´46.386W""",27.537361,-101.579551,713,G14A22,0,0,0,0
50310238,,5,Coahuila de Zaragoza,Coah.,31,San Buenaventura,238,Cañón de la Madera,R,"27°31´22.272N""","101°33´39.702W""",27.522853,-101.561028,713,G14A22,0,0,0,0
50310239,,5,Coahuila de Zaragoza,Coah.,31,San Buenaventura,239,Macario Portillo (Ojito de Santa María),R,"27°26´22.415N""","101°43´41.735W""",27.439559,-101.728259,744,G14A31,0,0,0,0
50310241,,5,Coahuila de Zaragoza,Coah.,31,San Buenaventura,241,El Novillo Grande,R,"27°49´15.986N""","101°45´55.190W""",27.821107,-101.765331,1103,G14A11,0,0,0,0
50310242,,5,Coahuila de Zaragoza,Coah.,31,San Buenaventura,242,Graciano Bortoni (Carrizalejo),R,"27°58´32.912N""","102°15´19.907W""",27.975808,-102.25553,1318,G13B19,0,0,0,0
50310243,,5,Coahuila de Zaragoza,Coah.,31,San Buenaventura,243,Miguel Ángel Villarreal Muñoz (Puerto Sabana),R,"27°44´25.578N""","102°05´03.963W""",27.740438,-102.084434,1197,G13B29,1,*,*,1
50310244,,5,Coahuila de Zaragoza,Coah.,31,San Buenaventura,244,Las Cabras,R,"28°27´10.959N""","102°09´27.010W""",28.453044,-102.157503,1443,H13D79,0,0,0,0
50310245,,5,Coahuila de Zaragoza,Coah.,31,San Buenaventura,245,Sal Si Puedes (El Marrón),R,"27°35´38.904N""","101°59´38.078W""",27.59414,-101.99391,1084,G14A21,7,*,*,2
50310246,,5,Coahuila de Zaragoza,Coah.,31,San Buenaventura,246,La Parrita,R,"27°44´35.930N""","101°35´49.790W""",27.743314,-101.597164,807,G14A22,0,0,0,0
50310247,,5,Coahuila de Zaragoza,Coah.,31,San Buenaventura,247,Tanque Blanco,R,"27°33´53.664N""","101°58´19.083W""",27.564907,-101.971967,1145,G14A21,0,0,0,0
50310248,,5,Coahuila de Zaragoza,Coah.,31,San Buenaventura,248,El Laberinto,R,"27°42´58.448N""","101°34´17.947W""",27.716236,-101.571651,767,G14A22,0,0,0,0
50310249,,5,Coahuila de Zaragoza,Coah.,31,San Buenaventura,249,Nogales,R,"27°46´28.021N""","101°37´09.857W""",27.77445,-101.619404,940,G14A12,0,0,0,0
50310252,,5,Coahuila de Zaragoza,Coah.,31,San Buenaventura,252,Daniel del Valle,R,"27°04´57.944N""","101°29´32.100W""",27.082762,-101.49225,491,G14A42,0,0,0,0
50310254,,5,Coahuila de Zaragoza,Coah.,31,San Buenaventura,254,Los Pinos (Héctor Gutiérrez González),R,"27°04´05.467N""","101°33´05.824W""",27.068185,-101.551618,490,G14A42,8,*,*,2
50310255,,5,Coahuila de Zaragoza,Coah.,31,San Buenaventura,255,José Luis Salazar,R,"27°04´19.217N""","101°30´30.459W""",27.072004,-101.508461,492,G14A42,0,0,0,0
50310258,,5,Coahuila de Zaragoza,Coah.,31,San Buenaventura,258,Guadalupe (Antonio Castellanos Rodríguez),R,"27°01´35.222N""","101°30´43.333W""",27.02645,-101.512037,513,G14A42,0,0,0,0
50310259,,5,Coahuila de Zaragoza,Coah.,31,San Buenaventura,259,El Abanico (Jesús Humberto Jiménez González),R,"27°01´24.975N""","101°31´01.599W""",27.023604,-101.51711,515,G14A42,0,0,0,0
50310260,,5,Coahuila de Zaragoza,Coah.,31,San Buenaventura,260,Ovidio Ríos Dávila,R,"27°01´27.374N""","101°30´34.390W""",27.02427,-101.509553,515,G14A42,0,0,0,0
50310261,,5,Coahuila de Zaragoza,Coah.,31,San Buenaventura,261,Los Antonios (Luis Alfonso de la Cerda Córdova),R,"27°01´12.775N""","101°30´45.880W""",27.020215,-101.512744,517,G14A42,0,0,0,0
50310264,,5,Coahuila de Zaragoza,Coah.,31,San Buenaventura,264,San José,R,"27°08´51.324N""","101°40´36.007W""",27.14759,-101.676668,553,G14A41,0,0,0,0
50310265,,5,Coahuila de Zaragoza,Coah.,31,San Buenaventura,265,El Chapote,R,"27°14´45.116N""","101°41´02.617W""",27.245865,-101.68406,622,G14A41,0,0,0,0
50310267,,5,Coahuila de Zaragoza,Coah.,31,San Buenaventura,267,Ricardo Valdez Adame,R,"27°24´49.402N""","101°42´53.146W""",27.413723,-101.714763,708,G14A31,2,*,*,1
50310268,,5,Coahuila de Zaragoza,Coah.,31,San Buenaventura,268,Luis Sierra Pecina,R,"27°43´55.247N""","102°10´38.877W""",27.732012,-102.177465,1308,G13B29,0,0,0,0
50310269,,5,Coahuila de Zaragoza,Coah.,31,San Buenaventura,269,Edgardo Villarreal Vega,R,"27°52´02.795N""","102°06´58.067W""",27.867442,-102.11613,1301,G13B19,0,0,0,0
50310270,,5,Coahuila de Zaragoza,Coah.,31,San Buenaventura,270,Arturo Gutiérrez (El Divisadero),R,"27°30´59.325N""","101°35´48.595W""",27.516479,-101.596832,661,G14A22,0,0,0,0
50310271,,5,Coahuila de Zaragoza,Coah.,31,San Buenaventura,271,Roberto Palacios,R,"27°07´31.637N""","101°37´34.532W""",27.125454,-101.626258,506,G14A42,0,0,0,0
50310272,,5,Coahuila de Zaragoza,Coah.,31,San Buenaventura,272,De Menchaca,R,"27°07´49.683N""","101°38´50.622W""",27.130467,-101.647395,517,G14A42,0,0,0,0
50310273,,5,Coahuila de Zaragoza,Coah.,31,San Buenaventura,273,Las Grullas,R,"27°08´13.880N""","101°40´55.430W""",27.137189,-101.682063,554,G14A41,0,0,0,0
50310274,,5,Coahuila de Zaragoza,Coah.,31,San Buenaventura,274,David García,R,"27°07´21.029N""","101°41´29.769W""",27.122507,-101.691602,548,G14A41,1,*,*,1
50310275,,5,Coahuila de Zaragoza,Coah.,31,San Buenaventura,275,El Carambolo (Mario Alberto Martínez de León),R,"27°04´48.720N""","101°33´22.950W""",27.080199,-101.556375,483,G14A42,0,0,0,0
50310276,,5,Coahuila de Zaragoza,Coah.,31,San Buenaventura,276,Carlos Moreno,R,"27°03´42.425N""","101°34´12.120W""",27.061785,-101.570033,494,G14A42,0,0,0,0
50310277,,5,Coahuila de Zaragoza,Coah.,31,San Buenaventura,277,Bartola Vázquez Rodríguez,R,"27°05´31.921N""","101°30´36.471W""",27.0922,-101.510131,493,G14A42,6,*,*,2
50310278,,5,Coahuila de Zaragoza,Coah.,31,San Buenaventura,278,El Águila,R,"27°50´44.669N""","102°11´02.656W""",27.845741,-102.184071,1430,G13B19,2,*,*,1
50310279,,5,Coahuila de Zaragoza,Coah.,31,San Buenaventura,279,La Agüita,R,"27°54´55.810N""","102°09´53.960W""",27.915503,-102.164989,1181,G13B19,0,0,0,0
50310280,,5,Coahuila de Zaragoza,Coah.,31,San Buenaventura,280,El Alboroto (José María Macías),R,"27°01´54.593N""","101°31´07.158W""",27.031831,-101.518654,509,G14A42,0,0,0,0
50310281,,5,Coahuila de Zaragoza,Coah.,31,San Buenaventura,281,Santa Teresa (El Cuate Carrillo),R,"27°01´22.466N""","101°30´41.773W""",27.022907,-101.511604,516,G14A42,1,*,*,1
50310282,,5,Coahuila de Zaragoza,Coah.,31,San Buenaventura,282,Edgardo Villarreal,R,"27°48´12.483N""","102°05´26.675W""",27.803468,-102.090743,1346,G13B19,0,0,0,0
50310283,,5,Coahuila de Zaragoza,Coah.,31,San Buenaventura,283,El Gavilán Dos,R,"27°31´07.234N""","101°44´49.250W""",27.518675,-101.747014,714,G14A21,2,*,*,1
50310284,,5,Coahuila de Zaragoza,Coah.,31,San Buenaventura,284,Ignacio de Luna Rico,R,"27°04´22.369N""","101°33´26.396W""",27.07288,-101.557332,488,G14A42,2,*,*,1
50310285,,5,Coahuila de Zaragoza,Coah.,31,San Buenaventura,285,Los Cascabeles (Mirsa Guadalupe García García),R,"27°04´48.092N""","101°31´50.398W""",27.080025,-101.530665,489,G14A42,0,0,0,0
50310286,,5,Coahuila de Zaragoza,Coah.,31,San Buenaventura,286,Jorge Luis López Guerrero,R,"27°04´48.224N""","101°33´24.748W""",27.080062,-101.556874,483,G14A42,0,0,0,0
50310287,,5,Coahuila de Zaragoza,Coah.,31,San Buenaventura,287,Juan Albino Peña,R,"27°05´06.244N""","101°33´29.807W""",27.085067,-101.55828,480,G14A42,0,0,0,0
50310288,,5,Coahuila de Zaragoza,Coah.,31,San Buenaventura,288,Los Nogales (Manuel Terrazas Ramírez),R,"27°02´09.717N""","101°31´13.831W""",27.036032,-101.520508,508,G14A42,4,*,*,1
50310289,,5,Coahuila de Zaragoza,Coah.,31,San Buenaventura,289,Las Moritas,R,"27°24´11.901N""","101°43´36.347W""",27.403306,-101.726762,739,G14A31,2,*,*,1
50310290,,5,Coahuila de Zaragoza,Coah.,31,San Buenaventura,290,Ana Rosa,R,"27°04´38.728N""","101°33´32.558W""",27.077424,-101.559044,485,G14A42,0,0,0,0
50310291,,5,Coahuila de Zaragoza,Coah.,31,San Buenaventura,291,Palos Blancos,R,"27°55´18.359N""","102°04´32.255W""",27.921766,-102.075626,1105,G13B19,0,0,0,0
50310292,,5,Coahuila de Zaragoza,Coah.,31,San Buenaventura,292,Santa Fe,R,"27°33´04.003N""","101°36´39.352W""",27.551112,-101.610931,717,G14A22,3,*,*,1
50310293,,5,Coahuila de Zaragoza,Coah.,31,San Buenaventura,293,Toro Viejo,R,"27°04´46.538N""","101°33´15.453W""",27.079593,-101.554293,483,G14A42,0,0,0,0
50310294,,5,Coahuila de Zaragoza,Coah.,31,San Buenaventura,294,Las Cabras,R,"28°31´55.023N""","102°16´50.763W""",28.53195,-102.280767,1623,H13D69,0,0,0,0
50310295,,5,Coahuila de Zaragoza,Coah.,31,San Buenaventura,295,Juan Osvaldo Ezquivel Fernández,R,"27°08´25.291N""","101°38´45.584W""",27.140358,-101.645995,521,G14A42,1,*,*,1
50310296,,5,Coahuila de Zaragoza,Coah.,31,San Buenaventura,296,Saca de Bucareli,R,"27°04´00.889N""","101°31´31.578W""",27.066913,-101.525438,495,G14A42,0,0,0,0
50310297,,5,Coahuila de Zaragoza,Coah.,31,San Buenaventura,297,Victoria,R,"27°01´37.140N""","101°30´59.194W""",27.026983,-101.516443,512,G14A42,0,0,0,0
50310298,,5,Coahuila de Zaragoza,Coah.,31,San Buenaventura,298,Jaime Montes (Loma Prieta),R,"27°05´16.925N""","101°30´37.919W""",27.088034,-101.510533,498,G14A42,0,0,0,0
50310300,,5,Coahuila de Zaragoza,Coah.,31,San Buenaventura,300,Ranchito Nuevo (Julio Sánchez García),R,"27°02´04.095N""","101°30´12.674W""",27.034471,-101.503521,510,G14A42,0,0,0,0
50310301,,5,Coahuila de Zaragoza,Coah.,31,San Buenaventura,301,Jesús de la Cruz Hernández (Loma Prieta),R,"27°05´16.958N""","101°30´48.586W""",27.088044,-101.513496,490,G14A42,0,0,0,0
50310303,,5,Coahuila de Zaragoza,Coah.,31,San Buenaventura,303,Saca de Bucareli,R,"27°04´48.446N""","101°32´43.014W""",27.080123,-101.545281,485,G14A42,3,*,*,1
50310305,,5,Coahuila de Zaragoza,Coah.,31,San Buenaventura,305,El Ministro (Chema de Luna),R,"27°08´20.329N""","101°39´09.200W""",27.13898,-101.652556,528,G14A42,0,0,0,0
50310306,,5,Coahuila de Zaragoza,Coah.,31,San Buenaventura,306,La Planta,R,"27°06´19.531N""","101°31´40.543W""",27.105425,-101.527928,488,G14A42,1,*,*,1
50310307,,5,Coahuila de Zaragoza,Coah.,31,San Buenaventura,307,Santa Fe,R,"27°04´54.640N""","101°33´07.439W""",27.081844,-101.552066,482,G14A42,3,*,*,1
50310308,,5,Coahuila de Zaragoza,Coah.,31,San Buenaventura,308,Saca de Bucareli (Armando Corona),R,"27°04´57.955N""","101°32´58.375W""",27.082765,-101.549548,482,G14A42,1,*,*,1
50310310,,5,Coahuila de Zaragoza,Coah.,31,San Buenaventura,310,Victoria,R,"27°04´08.343N""","101°33´35.775W""",27.068984,-101.559938,490,G14A42,0,0,0,0
50310311,,5,Coahuila de Zaragoza,Coah.,31,San Buenaventura,311,Rito Vázquez Rodríguez,R,"27°04´38.432N""","101°35´37.637W""",27.077342,-101.593788,495,G14A42,0,0,0,0
50310312,,5,Coahuila de Zaragoza,Coah.,31,San Buenaventura,312,Martín Vázquez Rodríguez,R,"27°05´25.742N""","101°35´46.302W""",27.090484,-101.596195,492,G14A42,0,0,0,0
50310313,,5,Coahuila de Zaragoza,Coah.,31,San Buenaventura,313,Rito Antonio Villarreal Vázquez,R,"27°05´53.502N""","101°35´23.541W""",27.098195,-101.589872,489,G14A42,0,0,0,0
50310314,,5,Coahuila de Zaragoza,Coah.,31,San Buenaventura,314,San Silvestre,R,"27°05´47.788N""","101°35´19.626W""",27.096607,-101.588785,490,G14A42,0,0,0,0
50310315,,5,Coahuila de Zaragoza,Coah.,31,San Buenaventura,315,San Buenaventura [Comunidad],R,"27°05´57.847N""","101°35´16.823W""",27.099402,-101.588006,489,G14A42,5,*,*,1
50310317,,5,Coahuila de Zaragoza,Coah.,31,San Buenaventura,317,Olaguer Salazar Estrada,R,"27°05´41.245N""","101°35´16.727W""",27.09479,-101.587979,490,G14A42,0,0,0,0
50310318,,5,Coahuila de Zaragoza,Coah.,31,San Buenaventura,318,San Juan de las Pilas,R,"27°04´42.948N""","101°34´31.696W""",27.078596,-101.57547,487,G14A42,0,0,0,0
50310319,,5,Coahuila de Zaragoza,Coah.,31,San Buenaventura,319,Fidel Briones Rangel,R,"27°04´51.413N""","101°34´01.854W""",27.080947,-101.567181,484,G14A42,2,*,*,1
50310320,,5,Coahuila de Zaragoza,Coah.,31,San Buenaventura,320,La Fe (Jesús Briones Rangel),R,"27°04´58.249N""","101°34´10.859W""",27.082846,-101.569682,484,G14A42,0,0,0,0
50310321,,5,Coahuila de Zaragoza,Coah.,31,San Buenaventura,321,José Héctor Romo de Luna,R,"27°04´25.288N""","101°33´35.470W""",27.07369,-101.559853,488,G14A42,5,*,*,1
50310322,,5,Coahuila de Zaragoza,Coah.,31,San Buenaventura,322,La Parrita (Pedro Peña Narváez),R,"27°04´27.563N""","101°33´37.455W""",27.074322,-101.560404,487,G14A42,2,*,*,1
50310323,,5,Coahuila de Zaragoza,Coah.,31,San Buenaventura,323,Los Potrillos (Dionisio Martínez Posada),R,"27°04´46.377N""","101°33´20.922W""",27.079549,-101.555812,483,G14A42,7,*,*,1
50310324,,5,Coahuila de Zaragoza,Coah.,31,San Buenaventura,324,Juan Antonio Martínez de León,R,"27°04´35.553N""","101°33´46.070W""",27.076542,-101.562797,486,G14A42,2,*,*,1
50310325,,5,Coahuila de Zaragoza,Coah.,31,San Buenaventura,325,Los Dos Potrillos (Armando Contreras Garza),R,"27°04´18.474N""","101°33´21.879W""",27.071798,-101.556078,488,G14A42,1,*,*,1
50310327,,5,Coahuila de Zaragoza,Coah.,31,San Buenaventura,327,César Valdez Alfaro,R,"27°01´21.852N""","101°31´03.137W""",27.022736,-101.517537,515,G14A42,2,*,*,1
50310328,,5,Coahuila de Zaragoza,Coah.,31,San Buenaventura,328,Pancho Prince,R,"27°01´19.550N""","101°31´25.330W""",27.022097,-101.523702,515,G14A42,0,0,0,0
50310329,,5,Coahuila de Zaragoza,Coah.,31,San Buenaventura,329,Argelia Castellanos Casas,R,"27°01´22.102N""","101°31´31.170W""",27.022805,-101.525324,515,G14A42,1,*,*,1
50310330,,5,Coahuila de Zaragoza,Coah.,31,San Buenaventura,330,Bellavista lll,R,"27°01´53.491N""","101°31´28.148W""",27.031525,-101.524485,510,G14A42,2,*,*,1
50310331,,5,Coahuila de Zaragoza,Coah.,31,San Buenaventura,331,San Serapio,R,"27°01´26.722N""","101°30´22.879W""",27.024089,-101.506355,515,G14A42,0,0,0,0
50310332,,5,Coahuila de Zaragoza,Coah.,31,San Buenaventura,332,Don Agapito,R,"27°01´44.501N""","101°30´18.835W""",27.029027,-101.505232,512,G14A42,3,*,*,1
50310333,,5,Coahuila de Zaragoza,Coah.,31,San Buenaventura,333,Nueva Fracción [Fraccionamiento],R,"27°01´54.842N""","101°30´44.549W""",27.0319,-101.512375,509,G14A42,9,*,*,2
50310334,,5,Coahuila de Zaragoza,Coah.,31,San Buenaventura,334,Jesús Treviño,R,"27°02´10.643N""","101°32´06.830W""",27.036289,-101.53523,509,G14A42,0,0,0,0
50310335,,5,Coahuila de Zaragoza,Coah.,31,San Buenaventura,335,Las Margaritas [Fraccionamiento Campestre],R,"27°02´25.736N""","101°31´54.967W""",27.040482,-101.531935,506,G14A42,3,*,*,2
50310338,,5,Coahuila de Zaragoza,Coah.,31,San Buenaventura,338,Rubén de Luna,R,"27°04´02.678N""","101°33´16.270W""",27.06741,-101.554519,490,G14A42,3,*,*,2
50310339,,5,Coahuila de Zaragoza,Coah.,31,San Buenaventura,339,Jesús Núñez,R,"27°04´14.539N""","101°30´45.910W""",27.070705,-101.512753,493,G14A42,4,*,*,1
50310340,,5,Coahuila de Zaragoza,Coah.,31,San Buenaventura,340,Los Dos Arbolitos,R,"27°02´27.959N""","101°31´55.897W""",27.041099,-101.532193,505,G14A42,0,0,0,0
50310342,,5,Coahuila de Zaragoza,Coah.,31,San Buenaventura,342,Cabañas el Jardín,R,"27°07´23.240N""","101°37´36.432W""",27.123122,-101.626786,506,G14A42,0,0,0,0
50310343,,5,Coahuila de Zaragoza,Coah.,31,San Buenaventura,343,José Abel Martínez,R,"27°07´23.834N""","101°37´15.760W""",27.123287,-101.621044,501,G14A42,0,0,0,0
50310344,,5,Coahuila de Zaragoza,Coah.,31,San Buenaventura,344,Los Vecos,R,"27°01´29.192N""","101°30´47.149W""",27.024775,-101.513097,514,G14A42,0,0,0,0
50310345,,5,Coahuila de Zaragoza,Coah.,31,San Buenaventura,345,La Chicharrita (Higinio Luna),R,"27°26´05.840N""","101°33´29.340W""",27.434955,-101.55815,577,G14A32,0,0,0,0
50310346,,5,Coahuila de Zaragoza,Coah.,31,San Buenaventura,346,Santa Teresa Limas Muñoz,R,"27°07´40.189N""","101°37´30.241W""",27.12783,-101.625066,505,G14A42,0,0,0,0
50310347,,5,Coahuila de Zaragoza,Coah.,31,San Buenaventura,347,Predio 9,R,"27°05´28.876N""","101°35´24.911W""",27.091354,-101.590253,491,G14A42,2,*,*,1
50310348,,5,Coahuila de Zaragoza,Coah.,31,San Buenaventura,348,Juvenal Moreno Cervantes,R,"27°07´49.750N""","101°37´41.240W""",27.130485,-101.628122,509,G14A42,5,*,*,1
50310349,,5,Coahuila de Zaragoza,Coah.,31,San Buenaventura,349,Carmen Aguilar,R,"27°04´52.579N""","101°31´36.090W""",27.081271,-101.526691,489,G14A42,0,0,0,0
50310350,,5,Coahuila de Zaragoza,Coah.,31,San Buenaventura,350,Santa Cecilia,R,"27°06´59.750N""","101°31´57.230W""",27.116597,-101.532563,513,G14A42,0,0,0,0
50310351,,5,Coahuila de Zaragoza,Coah.,31,San Buenaventura,351,Saca de Bucareli,R,"27°05´16.910N""","101°32´22.140W""",27.08803,-101.539483,485,G14A42,8,5,3,3
50310352,,5,Coahuila de Zaragoza,Coah.,31,San Buenaventura,352,Mariano Huerta,R,"27°03´20.298N""","101°33´26.692W""",27.055638,-101.557414,497,G14A42,0,0,0,0
50310353,,5,Coahuila de Zaragoza,Coah.,31,San Buenaventura,353,Gonzalo Meza Aguilar (Trincheras),R,"27°13´18.010N""","101°41´21.660W""",27.221669,-101.68935,621,G14A41,6,*,*,1
50310354,,5,Coahuila de Zaragoza,Coah.,31,San Buenaventura,354,María y José (Raúl García Valdez),R,"27°13´07.330N""","101°41´27.010W""",27.218702,-101.690836,620,G14A41,2,*,*,1
50310355,,5,Coahuila de Zaragoza,Coah.,31,San Buenaventura,355,El Coyote (Filiberto Cantú),R,"27°22´08.045N""","101°44´06.897W""",27.368901,-101.735249,780,G14A31,0,0,0,0
50310356,,5,Coahuila de Zaragoza,Coah.,31,San Buenaventura,356,Francisco Humberto Menchaca Martínez,R,"27°07´25.050N""","101°30´02.710W""",27.123624,-101.500753,471,G14A42,0,0,0,0
50310357,,5,Coahuila de Zaragoza,Coah.,31,San Buenaventura,357,Juan Treviño,R,"27°06´39.040N""","101°29´17.380W""",27.110844,-101.488161,478,G14A42,1,*,*,1
50310358,,5,Coahuila de Zaragoza,Coah.,31,San Buenaventura,358,Romero Flores Herrera,R,"27°04´43.290N""","101°33´22.750W""",27.078691,-101.556319,484,G14A42,1,*,*,1
50310359,,5,Coahuila de Zaragoza,Coah.,31,San Buenaventura,359,El Rocío,R,"27°04´49.620N""","101°33´58.970W""",27.080449,-101.566381,484,G14A42,0,0,0,0
50310360,,5,Coahuila de Zaragoza,Coah.,31,San Buenaventura,360,La Caída,R,"27°07´20.430N""","101°29´21.300W""",27.122341,-101.48925,465,G14A42,2,*,*,1
50310361,,5,Coahuila de Zaragoza,Coah.,31,San Buenaventura,361,Los Soles [Fraccionamiento],R,"27°01´27.296N""","101°30´51.715W""",27.024248,-101.514365,514,G14A42,0,0,0,0
50310362,,5,Coahuila de Zaragoza,Coah.,31,San Buenaventura,362,Lupita,R,"27°13´36.060N""","101°41´21.350W""",27.226683,-101.689264,623,G14A41,0,0,0,0
50310363,,5,Coahuila de Zaragoza,Coah.,31,San Buenaventura,363,La Fe y la Esperanza,R,"27°09´25.030N""","101°40´18.320W""",27.156953,-101.671755,551,G14A41,0,0,0,0
50310364,,5,Coahuila de Zaragoza,Coah.,31,San Buenaventura,364,El Nogal,R,"27°08´46.350N""","101°39´20.160W""",27.146208,-101.6556,527,G14A42,1,*,*,1
