MAPA,Estatus,CVE_ENT,NOM_ENT,NOM_ABR,CVE_MUN,NOM_MUN,CVE_LOC,NOM_LOC,AMBITO,LATITUD,LONGITUD,LAT_DECIMAL,LON_DECIMAL,ALTITUD,CVE_CARTA,POB_TOTAL,POB_MASCULINA,POB_FEMENINA,TOTAL DE VIVIENDAS HABITADAS
50210001,,5,Coahuila de Zaragoza,Coah.,21,Nadadores,1,Nadadores,U,"27°01´44.510N""","101°35´31.284W""",27.02903,-101.592023,519,G14A42,4526,2203,2323,1339
50210002,,5,Coahuila de Zaragoza,Coah.,21,Nadadores,2,Villa de Bucareli (La Villita),R,"27°02´37.808N""","101°34´41.591W""",27.043835,-101.578219,504,G14A42,12,7,5,3
50210003,,5,Coahuila de Zaragoza,Coah.,21,Nadadores,3,Las Flores (Estación Celemania),R,"27°02´44.140N""","101°41´24.269W""",27.045594,-101.690074,536,G14A41,178,86,92,57
50210004,,5,Coahuila de Zaragoza,Coah.,21,Nadadores,4,El Gato,R,"27°12´46.329N""","101°42´27.259W""",27.212869,-101.707572,631,G14A41,46,24,22,17
50210006,,5,Coahuila de Zaragoza,Coah.,21,Nadadores,6,San Isidro (El Coyote),R,"27°01´28.189N""","101°38´43.788W""",27.024496,-101.645496,536,G14A42,111,57,54,36
50210007,,5,Coahuila de Zaragoza,Coah.,21,Nadadores,7,San José del Águila,R,"27°02´40.422N""","101°39´46.785W""",27.044561,-101.662996,530,G14A42,411,217,194,116
50210009,,5,Coahuila de Zaragoza,Coah.,21,Nadadores,9,Nuevo Poblado de Sardinas,R,"27°13´12.510N""","101°41´01.349W""",27.220141,-101.683708,613,G14A41,135,68,67,45
50210010,,5,Coahuila de Zaragoza,Coah.,21,Nadadores,10,Trincheras,R,"27°13´07.041N""","101°45´56.371W""",27.218622,-101.765659,716,G14A41,28,15,13,10
50210011,,5,Coahuila de Zaragoza,Coah.,21,Nadadores,11,Villa de Nadadores,R,"27°00´27.611N""","101°35´46.714W""",27.00767,-101.596309,538,G14A42,295,144,151,98
50210012,,5,Coahuila de Zaragoza,Coah.,21,Nadadores,12,Santiago y Paso de la Morita,R,"27°13´40.289N""","101°43´26.889W""",27.227857,-101.724135,656,G14A41,66,36,30,17
50210014,,5,Coahuila de Zaragoza,Coah.,21,Nadadores,14,Nuevo Poblado de Nadadores (El Huizachal),R,"27°04´41.396N""","101°42´36.498W""",27.078165,-101.710138,551,G14A41,163,88,75,57
50210018,,5,Coahuila de Zaragoza,Coah.,21,Nadadores,18,Doble J.J,R,"27°00´56.451N""","101°33´20.164W""",27.015681,-101.555601,526,G14A42,2,*,*,1
50210019,,5,Coahuila de Zaragoza,Coah.,21,Nadadores,19,Alfredo V. Bonfil,R,"27°16´21.240N""","101°45´55.400W""",27.272566,-101.765389,743,G14A31,1,*,*,1
50210020,,5,Coahuila de Zaragoza,Coah.,21,Nadadores,20,El Cristal,R,"27°02´45.840N""","101°41´44.930W""",27.046066,-101.695814,540,G14A41,5,*,*,2
50210024,,5,Coahuila de Zaragoza,Coah.,21,Nadadores,24,San Jorge,R,"27°11´08.279N""","101°42´59.640W""",27.185633,-101.716567,621,G14A41,1,*,*,1
50210025,,5,Coahuila de Zaragoza,Coah.,21,Nadadores,25,La Mariposa,R,"27°10´43.079N""","101°44´35.210W""",27.178632,-101.743114,660,G14A41,0,0,0,0
50210026,,5,Coahuila de Zaragoza,Coah.,21,Nadadores,26,El Divisadero,R,"27°09´14.992N""","101°44´12.184W""",27.154164,-101.736717,640,G14A41,1,*,*,1
50210027,,5,Coahuila de Zaragoza,Coah.,21,Nadadores,27,El Pilote de los Ébanos,R,"27°03´24.185N""","101°41´45.821W""",27.056718,-101.696061,541,G14A41,2,*,*,1
50210028,,5,Coahuila de Zaragoza,Coah.,21,Nadadores,28,Guadalupe de la Fuente,R,"27°02´49.660N""","101°41´24.410W""",27.047127,-101.690114,528,G14A41,0,0,0,0
50210030,,5,Coahuila de Zaragoza,Coah.,21,Nadadores,30,Los Agraristas,R,"27°02´22.260N""","101°38´37.592W""",27.039516,-101.643775,518,G14A42,1,*,*,1
50210031,,5,Coahuila de Zaragoza,Coah.,21,Nadadores,31,La Miseria,R,"27°02´02.543N""","101°37´09.623W""",27.034039,-101.619339,518,G14A42,1,*,*,1
50210033,,5,Coahuila de Zaragoza,Coah.,21,Nadadores,33,Los Peña,R,"27°01´29.622N""","101°38´56.777W""",27.024894,-101.649104,536,G14A42,0,0,0,0
50210035,,5,Coahuila de Zaragoza,Coah.,21,Nadadores,35,Antonio Rivera,R,"27°00´44.896N""","101°36´51.000W""",27.012471,-101.614167,534,G14A42,0,0,0,0
50210036,,5,Coahuila de Zaragoza,Coah.,21,Nadadores,36,La Estación (Jesús Armando Verduzco González),R,"27°00´44.780N""","101°35´49.859W""",27.012439,-101.597183,536,G14A42,0,0,0,0
50210038,,5,Coahuila de Zaragoza,Coah.,21,Nadadores,38,El Cubiate,R,"27°00´34.726N""","101°36´46.689W""",27.009646,-101.612969,537,G14A42,0,0,0,0
50210040,,5,Coahuila de Zaragoza,Coah.,21,Nadadores,40,Miguel A. Hernández S. (El Gringo),R,"27°00´58.500N""","101°33´54.775W""",27.01625,-101.565215,529,G14A42,0,0,0,0
50210042,,5,Coahuila de Zaragoza,Coah.,21,Nadadores,42,La Reyna,R,"27°02´11.460N""","101°35´03.010W""",27.036516,-101.584169,508,G14A42,0,0,0,0
50210043,,5,Coahuila de Zaragoza,Coah.,21,Nadadores,43,El Yonque,R,"27°02´01.899N""","101°34´26.169W""",27.033861,-101.573935,510,G14A42,4,*,*,1
50210052,,5,Coahuila de Zaragoza,Coah.,21,Nadadores,52,Ulises Guevara,R,"27°01´45.226N""","101°37´04.977W""",27.029229,-101.618049,521,G14A42,0,0,0,0
50210054,,5,Coahuila de Zaragoza,Coah.,21,Nadadores,54,Los Verduzco,R,"27°01´51.407N""","101°34´53.102W""",27.030946,-101.581417,513,G14A42,1,*,*,1
50210055,,5,Coahuila de Zaragoza,Coah.,21,Nadadores,55,Oscar González Prieto,R,"27°03´15.096N""","101°41´27.066W""",27.054193,-101.690851,534,G14A41,0,0,0,0
50210056,,5,Coahuila de Zaragoza,Coah.,21,Nadadores,56,David García (La Compra),R,"27°05´30.172N""","101°42´27.394W""",27.091714,-101.707609,551,G14A41,0,0,0,0
50210057,,5,Coahuila de Zaragoza,Coah.,21,Nadadores,57,Antonio Chavarría Ramírez,R,"27°04´25.149N""","101°42´11.229W""",27.073652,-101.703119,540,G14A41,1,*,*,1
50210058,,5,Coahuila de Zaragoza,Coah.,21,Nadadores,58,Juan Francisco González,R,"27°04´24.959N""","101°41´49.080W""",27.073599,-101.696966,537,G14A41,0,0,0,0
50210059,,5,Coahuila de Zaragoza,Coah.,21,Nadadores,59,Gustavo Salazar Tijerina (El Gato),R,"27°12´18.349N""","101°42´24.469W""",27.205097,-101.706797,618,G14A41,0,0,0,0
50210061,,5,Coahuila de Zaragoza,Coah.,21,Nadadores,61,Doctor Daniel,R,"27°02´05.419N""","101°37´27.012W""",27.034838,-101.624169,518,G14A42,0,0,0,0
50210062,,5,Coahuila de Zaragoza,Coah.,21,Nadadores,62,Jesús Rodríguez,R,"26°59´38.948N""","101°35´39.535W""",26.994152,-101.594315,554,G14A52,1,*,*,1
50210065,,5,Coahuila de Zaragoza,Coah.,21,Nadadores,65,Armando Peralta Salazar,R,"26°59´15.252N""","101°35´51.128W""",26.98757,-101.597535,560,G14A52,0,0,0,0
50210066,,5,Coahuila de Zaragoza,Coah.,21,Nadadores,66,Humberto Figueroa Padrón (Galindo),R,"26°59´08.846N""","101°35´37.082W""",26.98579,-101.593634,564,G14A52,0,0,0,0
50210067,,5,Coahuila de Zaragoza,Coah.,21,Nadadores,67,Manuel Loyola de los Santos,R,"26°58´53.755N""","101°36´05.399W""",26.981598,-101.6015,577,G14A52,0,0,0,0
50210069,,5,Coahuila de Zaragoza,Coah.,21,Nadadores,69,Alfredo Puentes,R,"27°03´02.659N""","101°36´27.071W""",27.050739,-101.60752,504,G14A42,0,0,0,0
50210071,,5,Coahuila de Zaragoza,Coah.,21,Nadadores,71,Fidencio Trinidad Rodríguez,R,"27°00´05.721N""","101°33´57.591W""",27.001589,-101.565998,544,G14A42,0,0,0,0
50210072,,5,Coahuila de Zaragoza,Coah.,21,Nadadores,72,San Fernando,R,"27°00´33.599N""","101°34´56.274W""",27.009333,-101.582298,533,G14A42,0,0,0,0
50210073,,5,Coahuila de Zaragoza,Coah.,21,Nadadores,73,El León (Miguel Falcón Villarreal),R,"27°01´41.149N""","101°33´18.659W""",27.028096,-101.555183,514,G14A42,5,*,*,1
50210074,,5,Coahuila de Zaragoza,Coah.,21,Nadadores,74,Las Monas,R,"27°16´00.719N""","101°45´23.839W""",27.266866,-101.756622,725,G14A31,0,0,0,0
50210076,,5,Coahuila de Zaragoza,Coah.,21,Nadadores,76,El Cautivo,R,"27°19´45.933N""","101°47´55.239W""",27.329425,-101.798677,858,G14A31,0,0,0,0
50210077,,5,Coahuila de Zaragoza,Coah.,21,Nadadores,77,La Puerta (La Puerta de Terreros),R,"27°18´17.639N""","101°46´44.050W""",27.3049,-101.778902,803,G14A31,0,0,0,0
50210079,,5,Coahuila de Zaragoza,Coah.,21,Nadadores,79,El Pino,R,"27°26´16.009N""","101°52´00.980W""",27.43778,-101.866938,1102,G14A31,3,*,*,1
50210080,,5,Coahuila de Zaragoza,Coah.,21,Nadadores,80,San Matías (Sal si Puedes),R,"27°26´51.439N""","101°53´02.940W""",27.447622,-101.88415,1162,G14A31,0,0,0,0
50210081,,5,Coahuila de Zaragoza,Coah.,21,Nadadores,81,Terreros,R,"27°23´04.146N""","101°50´15.415W""",27.384485,-101.837615,978,G14A31,4,*,*,2
50210082,,5,Coahuila de Zaragoza,Coah.,21,Nadadores,82,Cañón de los Cedros,R,"27°20´59.799N""","101°50´32.638W""",27.349944,-101.842399,1000,G14A31,2,*,*,1
50210083,,5,Coahuila de Zaragoza,Coah.,21,Nadadores,83,Francisco Rodríguez,R,"27°01´28.798N""","101°31´51.593W""",27.024665,-101.530997,515,G14A42,0,0,0,0
50210084,,5,Coahuila de Zaragoza,Coah.,21,Nadadores,84,San Fernando,R,"27°02´18.250N""","101°34´11.439W""",27.038402,-101.569844,508,G14A42,0,0,0,0
50210087,,5,Coahuila de Zaragoza,Coah.,21,Nadadores,87,Las Dos Cruces,R,"27°02´31.897N""","101°33´36.403W""",27.042193,-101.560112,505,G14A42,4,*,*,1
50210089,,5,Coahuila de Zaragoza,Coah.,21,Nadadores,89,Colonia California,R,"27°02´43.995N""","101°33´06.347W""",27.045554,-101.551763,503,G14A42,137,74,63,39
50210090,,5,Coahuila de Zaragoza,Coah.,21,Nadadores,90,El Cedral,R,"27°02´16.312N""","101°32´44.863W""",27.037864,-101.545795,508,G14A42,3,*,*,1
50210091,,5,Coahuila de Zaragoza,Coah.,21,Nadadores,91,El Cedral,R,"27°01´52.245N""","101°32´38.995W""",27.031179,-101.544165,512,G14A42,4,*,*,1
50210093,,5,Coahuila de Zaragoza,Coah.,21,Nadadores,93,Zenzontle,R,"27°02´23.187N""","101°33´45.684W""",27.039774,-101.56269,507,G14A42,7,5,2,3
50210096,,5,Coahuila de Zaragoza,Coah.,21,Nadadores,96,El Vampiro,R,"27°02´08.997N""","101°33´50.096W""",27.035832,-101.563916,510,G14A42,8,5,3,3
50210101,,5,Coahuila de Zaragoza,Coah.,21,Nadadores,101,El Recreo,R,"27°02´20.987N""","101°33´51.882W""",27.039163,-101.564412,508,G14A42,1,*,*,1
50210102,,5,Coahuila de Zaragoza,Coah.,21,Nadadores,102,Víctor Olegario de Hoyos,R,"27°02´06.935N""","101°34´37.528W""",27.035259,-101.57709,509,G14A42,0,0,0,0
50210108,,5,Coahuila de Zaragoza,Coah.,21,Nadadores,108,José Guadalupe Gutiérrez,R,"27°04´01.700N""","101°41´35.040W""",27.067138,-101.693066,539,G14A41,2,*,*,1
50210109,,5,Coahuila de Zaragoza,Coah.,21,Nadadores,109,Telémaco Zertuche,R,"27°02´52.800N""","101°41´30.310W""",27.048,-101.691752,526,G14A41,0,0,0,0
50210110,,5,Coahuila de Zaragoza,Coah.,21,Nadadores,110,Don Severo [Fraccionamiento Campestre],R,"27°02´32.667N""","101°33´11.561W""",27.042407,-101.553211,505,G14A42,-,-,-,-
50210111,,5,Coahuila de Zaragoza,Coah.,21,Nadadores,111,Rosendo Franco,R,"27°03´54.351N""","101°36´57.190W""",27.065098,-101.615886,506,G14A42,0,0,0,0
50210112,,5,Coahuila de Zaragoza,Coah.,21,Nadadores,112,Los Laureles,R,"27°02´28.164N""","101°36´02.322W""",27.041156,-101.600645,510,G14A42,2,*,*,1
50210113,,5,Coahuila de Zaragoza,Coah.,21,Nadadores,113,El Corralejo,R,"27°03´00.548N""","101°35´40.360W""",27.050152,-101.594544,503,G14A42,0,0,0,0
50210114,,5,Coahuila de Zaragoza,Coah.,21,Nadadores,114,Guadalupe Villarreal,R,"27°02´41.470N""","101°32´57.990W""",27.044852,-101.549441,504,G14A42,4,*,*,1
50210115,,5,Coahuila de Zaragoza,Coah.,21,Nadadores,115,Los Cobas,R,"27°02´13.841N""","101°34´03.747W""",27.037178,-101.567707,509,G14A42,1,*,*,1
50210116,,5,Coahuila de Zaragoza,Coah.,21,Nadadores,116,El Indio,R,"27°01´07.652N""","101°34´01.754W""",27.018792,-101.567153,524,G14A42,3,*,*,1
50210117,,5,Coahuila de Zaragoza,Coah.,21,Nadadores,117,León,R,"27°02´35.863N""","101°33´24.494W""",27.043295,-101.556804,505,G14A42,0,0,0,0
50210118,,5,Coahuila de Zaragoza,Coah.,21,Nadadores,118,Las Dos Cabras,R,"26°59´57.833N""","101°33´38.586W""",26.999398,-101.560718,544,G14A52,0,0,0,0
50210119,,5,Coahuila de Zaragoza,Coah.,21,Nadadores,119,Las Camposano (Juan Manuel Camposano),R,"27°02´18.805N""","101°41´08.423W""",27.038557,-101.685673,554,G14A41,0,0,0,0
50210120,,5,Coahuila de Zaragoza,Coah.,21,Nadadores,120,Marcelino Adame,R,"27°13´06.799N""","101°44´15.470W""",27.218555,-101.73763,659,G14A41,2,*,*,1
50210121,,5,Coahuila de Zaragoza,Coah.,21,Nadadores,121,El Terreno,R,"27°02´00.914N""","101°34´40.233W""",27.033587,-101.577842,510,G14A42,-,-,-,-
50210122,,5,Coahuila de Zaragoza,Coah.,21,Nadadores,122,Cuauhtémoc Rivera,R,"27°00´58.305N""","101°36´05.796W""",27.016196,-101.60161,533,G14A42,0,0,0,0
50210124,,5,Coahuila de Zaragoza,Coah.,21,Nadadores,124,El Cedral lll (Domingo Peña Martínez),R,"27°01´59.500N""","101°32´07.990W""",27.033194,-101.535552,510,G14A42,0,0,0,0
50210125,,5,Coahuila de Zaragoza,Coah.,21,Nadadores,125,El Establo,R,"27°01´33.594N""","101°36´09.866W""",27.025998,-101.602741,523,G14A42,0,0,0,0
50210128,,5,Coahuila de Zaragoza,Coah.,21,Nadadores,128,Mario Reyes,R,"27°02´20.635N""","101°39´36.063W""",27.039065,-101.660018,523,G14A42,0,0,0,0
50210129,,5,Coahuila de Zaragoza,Coah.,21,Nadadores,129,Gustavo Tobías,R,"26°59´43.220N""","101°35´51.986W""",26.995339,-101.597774,552,G14A52,0,0,0,0
50210131,,5,Coahuila de Zaragoza,Coah.,21,Nadadores,131,Israel,R,"27°02´25.469N""","101°40´03.079W""",27.040408,-101.667521,539,G14A41,0,0,0,0
50210132,,5,Coahuila de Zaragoza,Coah.,21,Nadadores,132,Los Cibrián,R,"27°02´23.138N""","101°35´57.751W""",27.03976,-101.599375,511,G14A42,0,0,0,0
50210133,,5,Coahuila de Zaragoza,Coah.,21,Nadadores,133,San José,R,"27°02´23.307N""","101°36´01.424W""",27.039807,-101.600396,511,G14A42,0,0,0,0
50210134,,5,Coahuila de Zaragoza,Coah.,21,Nadadores,134,La Gloria (Ariel Falcón González),R,"27°02´03.490N""","101°33´48.399W""",27.034302,-101.563444,511,G14A42,0,0,0,0
50210135,,5,Coahuila de Zaragoza,Coah.,21,Nadadores,135,Colonia Reforma,R,"27°02´25.680N""","101°32´49.790W""",27.040466,-101.547164,507,G14A42,274,136,138,81
50210136,,5,Coahuila de Zaragoza,Coah.,21,Nadadores,136,El Zertuche [Fraccionamiento Campestre],R,"27°02´25.510N""","101°33´11.375W""",27.040419,-101.55316,506,G14A42,41,20,21,13
50210137,,5,Coahuila de Zaragoza,Coah.,21,Nadadores,137,Valle de San Juan,R,"27°01´50.102N""","101°34´16.950W""",27.030583,-101.571374,512,G14A42,0,0,0,0
50210138,,5,Coahuila de Zaragoza,Coah.,21,Nadadores,138,El Tejón,R,"27°04´58.222N""","101°41´30.791W""",27.082839,-101.691886,524,G14A41,0,0,0,0
50210139,,5,Coahuila de Zaragoza,Coah.,21,Nadadores,139,El Girasol,R,"27°03´05.360N""","101°40´45.099W""",27.051489,-101.679194,539,G14A41,0,0,0,0
50210140,,5,Coahuila de Zaragoza,Coah.,21,Nadadores,140,Lorino (José Luis Escalante Izaguirre),R,"27°02´49.734N""","101°40´54.200W""",27.047148,-101.681722,537,G14A41,13,8,5,3
50210141,,5,Coahuila de Zaragoza,Coah.,21,Nadadores,141,Los Ontiveros,R,"27°02´28.892N""","101°40´49.701W""",27.041359,-101.680472,540,G14A41,0,0,0,0
50210142,,5,Coahuila de Zaragoza,Coah.,21,Nadadores,142,Pakán,R,"27°02´19.089N""","101°41´06.980W""",27.038636,-101.685272,552,G14A41,0,0,0,0
50210143,,5,Coahuila de Zaragoza,Coah.,21,Nadadores,143,Guadalupe,R,"27°00´29.115N""","101°34´04.012W""",27.008088,-101.56778,536,G14A42,3,*,*,1
50210144,,5,Coahuila de Zaragoza,Coah.,21,Nadadores,144,El Vergel,R,"27°00´25.832N""","101°34´13.419W""",27.007176,-101.570394,538,G14A42,0,0,0,0
50210145,,5,Coahuila de Zaragoza,Coah.,21,Nadadores,145,Ariel Falcón González,R,"27°02´32.930N""","101°33´26.426W""",27.04248,-101.557341,505,G14A42,5,*,*,2
50210146,,5,Coahuila de Zaragoza,Coah.,21,Nadadores,146,Abelardo Villarreal Garza,R,"27°02´35.467N""","101°33´30.344W""",27.043185,-101.558429,505,G14A42,3,*,*,1
50210147,,5,Coahuila de Zaragoza,Coah.,21,Nadadores,147,Indalecio Garza,R,"27°02´02.990N""","101°34´59.340W""",27.034164,-101.583149,510,G14A42,0,0,0,0
50210148,,5,Coahuila de Zaragoza,Coah.,21,Nadadores,148,Marco Antonio Rodríguez,R,"27°02´36.880N""","101°33´21.620W""",27.043577,-101.556006,504,G14A42,3,*,*,1
50210149,,5,Coahuila de Zaragoza,Coah.,21,Nadadores,149,Antonio Ballesteros Verduzco,R,"27°01´43.628N""","101°31´55.564W""",27.028785,-101.5321,512,G14A42,7,*,*,1
50210150,,5,Coahuila de Zaragoza,Coah.,21,Nadadores,150,Cruz y Colón,R,"27°01´32.391N""","101°32´20.629W""",27.025664,-101.539063,516,G14A42,0,0,0,0
50210151,,5,Coahuila de Zaragoza,Coah.,21,Nadadores,151,Los Ayaguiles,R,"27°02´07.618N""","101°33´13.080W""",27.035449,-101.553633,510,G14A42,2,*,*,1
50210152,,5,Coahuila de Zaragoza,Coah.,21,Nadadores,152,Los Caramboles,R,"27°01´37.759N""","101°38´44.499W""",27.027155,-101.645694,527,G14A42,3,*,*,1
50210153,,5,Coahuila de Zaragoza,Coah.,21,Nadadores,153,Las Hadas,R,"27°01´49.448N""","101°37´21.022W""",27.030402,-101.622505,520,G14A42,0,0,0,0
50210154,,5,Coahuila de Zaragoza,Coah.,21,Nadadores,154,Los Iruegas,R,"27°00´35.600N""","101°37´29.250W""",27.009889,-101.624791,540,G14A42,0,0,0,0
50210155,,5,Coahuila de Zaragoza,Coah.,21,Nadadores,155,Rubén de León,R,"27°01´31.328N""","101°38´48.432W""",27.025368,-101.646786,533,G14A42,0,0,0,0
50210156,,5,Coahuila de Zaragoza,Coah.,21,Nadadores,156,Los Alamillos,R,"27°01´30.359N""","101°38´49.648W""",27.025099,-101.647124,535,G14A42,0,0,0,0
50210157,,5,Coahuila de Zaragoza,Coah.,21,Nadadores,157,Minerva Peña,R,"27°01´28.745N""","101°38´51.890W""",27.024651,-101.647747,537,G14A42,0,0,0,0
50210158,,5,Coahuila de Zaragoza,Coah.,21,Nadadores,158,Progreso,R,"27°01´05.034N""","101°38´16.883W""",27.018064,-101.638023,540,G14A42,0,0,0,0
50210159,,5,Coahuila de Zaragoza,Coah.,21,Nadadores,159,Raúl González,R,"27°03´49.123N""","101°37´41.482W""",27.063645,-101.628189,510,G14A42,0,0,0,0
50210160,,5,Coahuila de Zaragoza,Coah.,21,Nadadores,160,El Cedral,R,"27°02´13.588N""","101°32´21.279W""",27.037107,-101.539244,509,G14A42,0,0,0,0
50210161,,5,Coahuila de Zaragoza,Coah.,21,Nadadores,161,Ernesto Cerracino Zertuche,R,"27°04´59.313N""","101°41´28.904W""",27.083142,-101.691362,523,G14A41,0,0,0,0
50210162,,5,Coahuila de Zaragoza,Coah.,21,Nadadores,162,Las Cinco Reinas,R,"27°06´56.700N""","101°40´54.490W""",27.11575,-101.681802,534,G14A41,0,0,0,0
50210163,,5,Coahuila de Zaragoza,Coah.,21,Nadadores,163,San José del Águila,R,"27°02´21.110N""","101°40´43.140W""",27.039197,-101.678649,540,G14A41,0,0,0,0
50210164,,5,Coahuila de Zaragoza,Coah.,21,Nadadores,164,Las Ilusiones,R,"27°02´17.130N""","101°40´48.830W""",27.038091,-101.68023,545,G14A41,0,0,0,0
50210165,,5,Coahuila de Zaragoza,Coah.,21,Nadadores,165,Doña Mary,R,"27°02´19.258N""","101°40´23.031W""",27.038682,-101.673064,531,G14A41,0,0,0,0
50210166,,5,Coahuila de Zaragoza,Coah.,21,Nadadores,166,Antonio Pérez Torres,R,"27°00´16.250N""","101°36´08.000W""",27.004514,-101.602222,540,G14A42,1,*,*,1
50210167,,5,Coahuila de Zaragoza,Coah.,21,Nadadores,167,Carlos Sánchez,R,"27°02´02.236N""","101°34´33.138W""",27.033954,-101.575871,510,G14A42,-,-,-,-
50210168,,5,Coahuila de Zaragoza,Coah.,21,Nadadores,168,Osvaldo Castro Hernández,R,"27°02´12.461N""","101°34´12.388W""",27.036794,-101.570107,509,G14A42,-,-,-,-
50210169,,5,Coahuila de Zaragoza,Coah.,21,Nadadores,169,El Doctor,R,"27°02´40.227N""","101°33´06.336W""",27.044507,-101.55176,504,G14A42,-,-,-,-
50210170,,5,Coahuila de Zaragoza,Coah.,21,Nadadores,170,Enrique Ayala Quintanilla,R,"27°02´36.326N""","101°33´16.608W""",27.043424,-101.554613,504,G14A42,-,-,-,-
