MAPA,Estatus,CVE_ENT,NOM_ENT,NOM_ABR,CVE_MUN,NOM_MUN,CVE_LOC,NOM_LOC,AMBITO,LATITUD,LONGITUD,LAT_DECIMAL,LON_DECIMAL,ALTITUD,CVE_CARTA,POB_TOTAL,POB_MASCULINA,POB_FEMENINA,TOTAL DE VIVIENDAS HABITADAS
50320001,,5,Coahuila de Zaragoza,Coah.,32,San Juan de Sabinas,1,San Juan de Sabinas,U,"27°55´45.805N""","101°18´11.856W""",27.92939,-101.303293,378,G14A13,1257,607,650,394
50320002,,5,Coahuila de Zaragoza,Coah.,32,San Juan de Sabinas,2,Agua Linda,R,"27°58´53.950N""","101°29´02.870W""",27.981652,-101.48413,413,G14A12,13,6,7,5
50320005,,5,Coahuila de Zaragoza,Coah.,32,San Juan de Sabinas,5,La Conchita,R,"27°55´23.842N""","101°16´11.158W""",27.923289,-101.269765,374,G14A13,0,0,0,0
50320006,,5,Coahuila de Zaragoza,Coah.,32,San Juan de Sabinas,6,El Divisadero,R,"27°57´11.710N""","101°20´41.280W""",27.953253,-101.3448,380,G14A12,0,0,0,0
50320007,,5,Coahuila de Zaragoza,Coah.,32,San Juan de Sabinas,7,Don Cipriano,R,"27°56´13.094N""","101°17´26.554W""",27.93697,-101.290709,380,G14A13,0,0,0,0
50320008,,5,Coahuila de Zaragoza,Coah.,32,San Juan de Sabinas,8,Eduwiges,R,"27°54´12.689N""","101°12´33.890W""",27.903525,-101.209414,356,G14A13,0,0,0,0
50320010,,5,Coahuila de Zaragoza,Coah.,32,San Juan de Sabinas,10,Los Fresnos,R,"27°56´08.469N""","101°18´58.539W""",27.935686,-101.316261,387,G14A13,0,0,0,0
50320011,,5,Coahuila de Zaragoza,Coah.,32,San Juan de Sabinas,11,El Pato (La Gacha),R,"28°11´42.526N""","101°33´22.706W""",28.195146,-101.556307,513,H14C82,0,0,0,0
50320012,,5,Coahuila de Zaragoza,Coah.,32,San Juan de Sabinas,12,El Guayacán,R,"27°53´13.622N""","101°13´35.691W""",27.887117,-101.22658,360,G14A13,1,*,*,1
50320013,,5,Coahuila de Zaragoza,Coah.,32,San Juan de Sabinas,13,El Siete,R,"27°56´18.989N""","101°17´33.830W""",27.938608,-101.29273,380,G14A13,0,0,0,0
50320014,,5,Coahuila de Zaragoza,Coah.,32,San Juan de Sabinas,14,Nueva Rosita,U,"27°56´02.050N""","101°13´01.120W""",27.933902,-101.216977,390,G14A13,39058,19303,19755,12118
50320015,,5,Coahuila de Zaragoza,Coah.,32,San Juan de Sabinas,15,El Papalote (Santa María),R,"27°59´14.292N""","101°24´09.314W""",27.987303,-101.402587,399,G14A12,0,0,0,0
50320016,,5,Coahuila de Zaragoza,Coah.,32,San Juan de Sabinas,16,Paso del Coyote,R,"27°56´55.171N""","101°15´15.454W""",27.948658,-101.254293,370,G14A13,408,208,200,122
50320019,,5,Coahuila de Zaragoza,Coah.,32,San Juan de Sabinas,19,Pico de Pájaro,R,"28°09´47.097N""","101°29´10.090W""",28.163083,-101.486136,469,H14C82,0,0,0,0
50320020,,5,Coahuila de Zaragoza,Coah.,32,San Juan de Sabinas,20,El Álamo [Constructora y Trituradora],R,"27°56´09.430N""","101°17´11.810W""",27.935952,-101.286614,380,G14A13,0,0,0,0
50320023,,5,Coahuila de Zaragoza,Coah.,32,San Juan de Sabinas,23,La Primera,R,"27°56´58.461N""","101°20´10.187W""",27.949572,-101.336163,381,G14A12,3,*,*,2
50320024,,5,Coahuila de Zaragoza,Coah.,32,San Juan de Sabinas,24,Paso del Coyote (Predio Purísima),R,"27°57´46.047N""","101°16´56.666W""",27.962791,-101.282407,386,G14A13,121,59,62,33
50320025,,5,Coahuila de Zaragoza,Coah.,32,San Juan de Sabinas,25,Rancho Nuevo,R,"27°57´55.598N""","101°22´47.827W""",27.965444,-101.379951,393,G14A12,157,81,76,41
50320030,,5,Coahuila de Zaragoza,Coah.,32,San Juan de Sabinas,30,San Juan de Sabinas,R,"27°54´45.176N""","101°19´03.445W""",27.912549,-101.317623,381,G14A13,12,6,6,3
50320031,,5,Coahuila de Zaragoza,Coah.,32,San Juan de Sabinas,31,San Juan Viejo,R,"27°56´39.622N""","101°19´43.129W""",27.944339,-101.328646,379,G14A13,3,*,*,2
50320032,,5,Coahuila de Zaragoza,Coah.,32,San Juan de Sabinas,32,Santa Isabel,R,"28°04´18.459N""","101°21´11.109W""",28.071794,-101.353086,411,H14C82,2,*,*,2
50320033,,5,Coahuila de Zaragoza,Coah.,32,San Juan de Sabinas,33,Santa María,R,"27°59´03.596N""","101°25´31.690W""",27.984332,-101.425469,401,G14A12,590,313,277,191
50320034,,5,Coahuila de Zaragoza,Coah.,32,San Juan de Sabinas,34,Sauceda del Naranjo,R,"27°55´19.899N""","101°24´27.200W""",27.922194,-101.407556,414,G14A12,201,95,106,55
50320039,,5,Coahuila de Zaragoza,Coah.,32,San Juan de Sabinas,39,Buenavista,R,"28°02´50.702N""","101°20´31.778W""",28.047417,-101.34216,410,H14C82,4,3,1,3
50320042,,5,Coahuila de Zaragoza,Coah.,32,San Juan de Sabinas,42,Maravillas,R,"27°54´28.503N""","101°14´36.625W""",27.907918,-101.243507,369,G14A13,0,0,0,0
50320046,,5,Coahuila de Zaragoza,Coah.,32,San Juan de Sabinas,46,Agua Linda (Los Conchos),R,"28°04´30.550N""","101°28´24.960W""",28.075152,-101.473599,451,H14C82,6,3,3,3
50320047,,5,Coahuila de Zaragoza,Coah.,32,San Juan de Sabinas,47,Arturo Pruneda (La Mora),R,"27°58´02.442N""","101°23´46.666W""",27.967344,-101.396296,400,G14A12,0,0,0,0
50320048,,5,Coahuila de Zaragoza,Coah.,32,San Juan de Sabinas,48,Conchos,R,"27°57´42.040N""","101°22´24.334W""",27.961678,-101.373425,393,G14A12,0,0,0,0
50320049,,5,Coahuila de Zaragoza,Coah.,32,San Juan de Sabinas,49,El Encino Solo (La Escondida),R,"28°07´10.311N""","101°25´47.988W""",28.11953,-101.429996,441,H14C82,0,0,0,0
50320050,,5,Coahuila de Zaragoza,Coah.,32,San Juan de Sabinas,50,Las Flores,R,"27°56´56.469N""","101°22´18.063W""",27.949019,-101.371684,399,G14A12,0,0,0,0
50320051,,5,Coahuila de Zaragoza,Coah.,32,San Juan de Sabinas,51,El Gallo,R,"27°59´58.529N""","101°25´51.061W""",27.999591,-101.43085,409,G14A12,74,38,36,21
50320053,,5,Coahuila de Zaragoza,Coah.,32,San Juan de Sabinas,53,Ignacio Zaragoza,R,"28°00´08.011N""","101°27´02.667W""",28.002225,-101.450741,410,H14C82,134,66,68,35
50320054,,5,Coahuila de Zaragoza,Coah.,32,San Juan de Sabinas,54,La Jarita,R,"27°54´53.405N""","101°15´43.165W""",27.914835,-101.26199,372,G14A13,0,0,0,0
50320058,,5,Coahuila de Zaragoza,Coah.,32,San Juan de Sabinas,58,La Minita,R,"27°58´41.899N""","101°24´23.709W""",27.978305,-101.406586,401,G14A12,80,44,36,19
50320061,,5,Coahuila de Zaragoza,Coah.,32,San Juan de Sabinas,61,Los Novillos,R,"28°06´42.630N""","101°18´59.789W""",28.111842,-101.316608,430,H14C83,0,0,0,0
50320062,,5,Coahuila de Zaragoza,Coah.,32,San Juan de Sabinas,62,Los Ojitos,R,"27°55´07.624N""","101°17´28.455W""",27.918784,-101.291237,371,G14A13,4,*,*,1
50320070,,5,Coahuila de Zaragoza,Coah.,32,San Juan de Sabinas,70,San Antonio,R,"27°54´31.840N""","101°15´16.369W""",27.908844,-101.254547,371,G14A13,1,*,*,1
50320072,,5,Coahuila de Zaragoza,Coah.,32,San Juan de Sabinas,72,La Salada (Fracción Uno),R,"28°13´14.888N""","101°21´47.057W""",28.220802,-101.363071,480,H14C82,2,*,*,2
50320074,,5,Coahuila de Zaragoza,Coah.,32,San Juan de Sabinas,74,Campo los Castillo,R,"27°59´00.326N""","101°16´12.100W""",27.983424,-101.270027,401,G14A13,0,0,0,0
50320076,,5,Coahuila de Zaragoza,Coah.,32,San Juan de Sabinas,76,Los Garza (Paso de las Garzas),R,"27°54´54.019N""","101°13´31.829W""",27.915005,-101.225507,360,G14A13,0,0,0,0
50320077,,5,Coahuila de Zaragoza,Coah.,32,San Juan de Sabinas,77,Los Gemelos,R,"27°56´14.970N""","101°17´20.559W""",27.937491,-101.289044,380,G14A13,0,0,0,0
50320079,,5,Coahuila de Zaragoza,Coah.,32,San Juan de Sabinas,79,Los Primos (San Juan),R,"27°56´10.440N""","101°19´20.999W""",27.936233,-101.322499,389,G14A13,12,*,*,2
50320080,,5,Coahuila de Zaragoza,Coah.,32,San Juan de Sabinas,80,Los Herrera,R,"27°56´19.477N""","101°20´50.587W""",27.938743,-101.347385,386,G14A12,0,0,0,0
50320082,,5,Coahuila de Zaragoza,Coah.,32,San Juan de Sabinas,82,Santa Isabel (La Leona),R,"28°06´07.949N""","101°21´36.100W""",28.102208,-101.360028,427,H14C82,3,*,*,1
50320086,,5,Coahuila de Zaragoza,Coah.,32,San Juan de Sabinas,86,El Rodeo (Hacienda de Purísima),R,"27°57´44.829N""","101°17´20.672W""",27.962453,-101.289075,381,G14A13,5,*,*,1
50320089,,5,Coahuila de Zaragoza,Coah.,32,San Juan de Sabinas,89,San José,R,"27°56´58.430N""","101°15´49.020W""",27.949564,-101.263617,370,G14A13,8,*,*,1
50320090,,5,Coahuila de Zaragoza,Coah.,32,San Juan de Sabinas,90,Santa Isabel,R,"28°01´52.471N""","101°15´28.016W""",28.031241,-101.257782,408,H14C83,1,*,*,1
50320092,,5,Coahuila de Zaragoza,Coah.,32,San Juan de Sabinas,92,Santa Isabel,R,"28°01´55.335N""","101°17´41.631W""",28.032037,-101.294897,410,H14C83,0,0,0,0
50320093,,5,Coahuila de Zaragoza,Coah.,32,San Juan de Sabinas,93,Santa Isabel,R,"28°00´36.034N""","101°17´52.205W""",28.010009,-101.297834,407,H14C83,0,0,0,0
50320096,,5,Coahuila de Zaragoza,Coah.,32,San Juan de Sabinas,96,El Tamarindo,R,"27°56´07.729N""","101°22´45.863W""",27.93548,-101.379406,399,G14A12,2,*,*,1
50320097,,5,Coahuila de Zaragoza,Coah.,32,San Juan de Sabinas,97,El Papalote,R,"27°54´46.375N""","101°13´09.566W""",27.912882,-101.219323,358,G14A13,2,*,*,1
50320099,,5,Coahuila de Zaragoza,Coah.,32,San Juan de Sabinas,99,La Ilusión,R,"27°53´56.142N""","101°12´09.317W""",27.898928,-101.202588,351,G14A13,0,0,0,0
50320100,,5,Coahuila de Zaragoza,Coah.,32,San Juan de Sabinas,100,La Bujía,R,"27°56´27.077N""","101°17´51.693W""",27.940854,-101.297692,381,G14A13,0,0,0,0
50320101,,5,Coahuila de Zaragoza,Coah.,32,San Juan de Sabinas,101,El Establo,R,"27°56´26.504N""","101°17´49.153W""",27.940695,-101.296987,381,G14A13,0,0,0,0
50320102,,5,Coahuila de Zaragoza,Coah.,32,San Juan de Sabinas,102,Pedro Castro Gómez,R,"27°54´50.500N""","101°14´47.579W""",27.914028,-101.246549,370,G14A13,0,0,0,0
50320103,,5,Coahuila de Zaragoza,Coah.,32,San Juan de Sabinas,103,La Gacha,R,"28°09´02.229N""","101°31´12.720W""",28.150619,-101.520199,481,H14C82,2,*,*,1
50320104,,5,Coahuila de Zaragoza,Coah.,32,San Juan de Sabinas,104,Palo Blanco,R,"28°07´10.819N""","101°29´00.620W""",28.119671,-101.483505,464,H14C82,0,0,0,0
50320105,,5,Coahuila de Zaragoza,Coah.,32,San Juan de Sabinas,105,Fraccionamiento la Curva,R,"27°56´27.639N""","101°18´02.980W""",27.941011,-101.300828,381,G14A13,0,0,0,0
50320106,,5,Coahuila de Zaragoza,Coah.,32,San Juan de Sabinas,106,Quinta los Pinos,R,"27°56´28.460N""","101°18´15.699W""",27.941239,-101.304361,384,G14A13,0,0,0,0
50320107,,5,Coahuila de Zaragoza,Coah.,32,San Juan de Sabinas,107,El Corredor R.W.,R,"27°56´44.714N""","101°18´15.893W""",27.945754,-101.304415,384,G14A13,0,0,0,0
50320111,,5,Coahuila de Zaragoza,Coah.,32,San Juan de Sabinas,111,El Gallo,R,"27°56´53.970N""","101°14´37.650W""",27.948325,-101.243791,368,G14A13,1,*,*,1
50320112,,5,Coahuila de Zaragoza,Coah.,32,San Juan de Sabinas,112,Rancho RW,R,"27°55´34.028N""","101°16´29.876W""",27.926118,-101.274965,374,G14A13,0,0,0,0
50320113,,5,Coahuila de Zaragoza,Coah.,32,San Juan de Sabinas,113,San Valentín (Las Moras),R,"27°54´26.470N""","101°12´45.529W""",27.907353,-101.212647,350,G14A13,1,*,*,1
50320114,,5,Coahuila de Zaragoza,Coah.,32,San Juan de Sabinas,114,La Pequeña de Santa María,R,"27°58´59.986N""","101°28´57.476W""",27.983329,-101.482632,418,G14A12,0,0,0,0
50320117,,5,Coahuila de Zaragoza,Coah.,32,San Juan de Sabinas,117,Las Islitas,R,"27°55´57.497N""","101°15´15.840W""",27.932637,-101.2544,374,G14A13,3,*,*,1
50320118,,5,Coahuila de Zaragoza,Coah.,32,San Juan de Sabinas,118,Z Cruz (Piedra Parada),R,"27°56´04.930N""","101°16´51.319W""",27.934702,-101.280921,378,G14A13,4,*,*,1
50320119,,5,Coahuila de Zaragoza,Coah.,32,San Juan de Sabinas,119,Jesús Perales Chio,R,"27°54´19.040N""","101°15´35.038W""",27.905289,-101.259733,366,G14A13,0,0,0,0
50320120,,5,Coahuila de Zaragoza,Coah.,32,San Juan de Sabinas,120,Beatriz Elena Velázquez,R,"27°57´46.941N""","101°16´27.689W""",27.963039,-101.274357,380,G14A13,0,0,0,0
50320121,,5,Coahuila de Zaragoza,Coah.,32,San Juan de Sabinas,121,Benito Flores Hipólito,R,"28°01´02.300N""","101°17´02.152W""",28.017305,-101.283931,400,H14C83,0,0,0,0
50320122,,5,Coahuila de Zaragoza,Coah.,32,San Juan de Sabinas,122,Jesús Flores Hipólito,R,"28°01´23.551N""","101°16´54.005W""",28.023208,-101.281667,401,H14C83,3,*,*,1
50320123,,5,Coahuila de Zaragoza,Coah.,32,San Juan de Sabinas,123,Manuel Marín,R,"27°58´08.640N""","101°18´05.780W""",27.969066,-101.301606,383,G14A13,0,0,0,0
50320124,,5,Coahuila de Zaragoza,Coah.,32,San Juan de Sabinas,124,Sotero Gallegos,R,"27°58´56.038N""","101°19´01.884W""",27.982232,-101.317189,386,G14A13,0,0,0,0
50320125,,5,Coahuila de Zaragoza,Coah.,32,San Juan de Sabinas,125,Simón Suárez García,R,"27°57´07.876N""","101°15´35.233W""",27.952188,-101.259787,370,G14A13,3,*,*,1
50320128,,5,Coahuila de Zaragoza,Coah.,32,San Juan de Sabinas,128,Juan Garza,R,"27°58´07.093N""","101°14´09.961W""",27.968636,-101.2361,379,G14A13,0,0,0,0
50320129,,5,Coahuila de Zaragoza,Coah.,32,San Juan de Sabinas,129,Álvaro Sandoval (Roberto Sandoval),R,"27°54´35.682N""","101°15´30.981W""",27.909912,-101.258606,371,G14A13,0,0,0,0
50320130,,5,Coahuila de Zaragoza,Coah.,32,San Juan de Sabinas,130,La Ventilación,R,"27°57´26.430N""","101°20´30.149W""",27.957342,-101.341708,385,G14A12,0,0,0,0
50320131,,5,Coahuila de Zaragoza,Coah.,32,San Juan de Sabinas,131,Raymundo Sandoval,R,"27°57´11.527N""","101°20´51.494W""",27.953202,-101.347637,380,G14A12,0,0,0,0
50320132,,5,Coahuila de Zaragoza,Coah.,32,San Juan de Sabinas,132,Héctor Lerma,R,"27°54´11.899N""","101°14´08.549W""",27.903305,-101.235708,363,G14A13,1,*,*,1
50320133,,5,Coahuila de Zaragoza,Coah.,32,San Juan de Sabinas,133,La Palma,R,"27°54´36.608N""","101°13´02.774W""",27.910169,-101.217437,356,G14A13,3,*,*,1
50320134,,5,Coahuila de Zaragoza,Coah.,32,San Juan de Sabinas,134,Ricardo Martínez,R,"27°54´19.548N""","101°13´31.345W""",27.90543,-101.225373,359,G14A13,0,0,0,0
50320135,,5,Coahuila de Zaragoza,Coah.,32,San Juan de Sabinas,135,José Antonio Ramos,R,"27°55´15.898N""","101°18´17.495W""",27.921082,-101.30486,371,G14A13,0,0,0,0
50320136,,5,Coahuila de Zaragoza,Coah.,32,San Juan de Sabinas,136,Ricardo Guerrero,R,"27°54´53.540N""","101°17´54.227W""",27.914872,-101.298396,369,G14A13,0,0,0,0
50320137,,5,Coahuila de Zaragoza,Coah.,32,San Juan de Sabinas,137,Antonio Cuevas Silva,R,"27°54´56.419N""","101°19´09.789W""",27.915672,-101.319385,380,G14A13,3,*,*,1
50320138,,5,Coahuila de Zaragoza,Coah.,32,San Juan de Sabinas,138,Las Islitas,R,"27°54´32.581N""","101°18´17.797W""",27.90905,-101.304944,377,G14A13,0,0,0,0
50320139,,5,Coahuila de Zaragoza,Coah.,32,San Juan de Sabinas,139,El Becerro,R,"27°54´25.601N""","101°17´52.754W""",27.907111,-101.297987,374,G14A13,0,0,0,0
50320140,,5,Coahuila de Zaragoza,Coah.,32,San Juan de Sabinas,140,La Posta,R,"27°54´33.204N""","101°17´40.105W""",27.909223,-101.294473,371,G14A13,3,*,*,1
50320141,,5,Coahuila de Zaragoza,Coah.,32,San Juan de Sabinas,141,Carlos Salazar,R,"27°54´27.667N""","101°17´07.584W""",27.907685,-101.28544,370,G14A13,0,0,0,0
50320142,,5,Coahuila de Zaragoza,Coah.,32,San Juan de Sabinas,142,El Pedregal,R,"27°54´10.490N""","101°16´31.040W""",27.902914,-101.275288,371,G14A13,7,*,*,1
50320143,,5,Coahuila de Zaragoza,Coah.,32,San Juan de Sabinas,143,La Fe (Pájaro Azul),R,"27°54´04.936N""","101°15´38.811W""",27.901371,-101.260781,362,G14A13,0,0,0,0
50320144,,5,Coahuila de Zaragoza,Coah.,32,San Juan de Sabinas,144,Santa Rita,R,"27°53´39.218N""","101°15´23.987W""",27.894227,-101.256663,359,G14A13,0,0,0,0
50320145,,5,Coahuila de Zaragoza,Coah.,32,San Juan de Sabinas,145,Jesús Ledezma,R,"27°53´44.844N""","101°15´40.481W""",27.89579,-101.261245,365,G14A13,0,0,0,0
50320146,,5,Coahuila de Zaragoza,Coah.,32,San Juan de Sabinas,146,Fermín Genovevo Martínez,R,"27°53´38.661N""","101°16´25.392W""",27.894072,-101.273719,364,G14A13,0,0,0,0
50320147,,5,Coahuila de Zaragoza,Coah.,32,San Juan de Sabinas,147,Regino Robles,R,"27°53´16.394N""","101°15´42.453W""",27.887887,-101.261793,360,G14A13,0,0,0,0
50320148,,5,Coahuila de Zaragoza,Coah.,32,San Juan de Sabinas,148,El Suspiro,R,"27°54´14.802N""","101°18´14.744W""",27.904112,-101.304096,378,G14A13,0,0,0,0
50320149,,5,Coahuila de Zaragoza,Coah.,32,San Juan de Sabinas,149,Agustín Armas,R,"27°54´12.063N""","101°18´34.755W""",27.903351,-101.309654,379,G14A13,0,0,0,0
50320150,,5,Coahuila de Zaragoza,Coah.,32,San Juan de Sabinas,150,Las Palmas,R,"27°54´32.529N""","101°19´41.080W""",27.909036,-101.328077,389,G14A13,0,0,0,0
50320151,,5,Coahuila de Zaragoza,Coah.,32,San Juan de Sabinas,151,Homero Martínez Valdez,R,"27°58´34.510N""","101°22´25.489W""",27.976252,-101.373746,397,G14A12,0,0,0,0
50320154,,5,Coahuila de Zaragoza,Coah.,32,San Juan de Sabinas,154,La Mota,R,"27°55´35.491N""","101°20´10.775W""",27.926525,-101.336326,380,G14A12,0,0,0,0
50320155,,5,Coahuila de Zaragoza,Coah.,32,San Juan de Sabinas,155,El Polaco (Alfonso Ramos Villarreal),R,"27°56´17.100N""","101°20´32.275W""",27.938083,-101.342298,385,G14A12,3,*,*,2
50320156,,5,Coahuila de Zaragoza,Coah.,32,San Juan de Sabinas,156,El Girasol,R,"27°54´43.499N""","101°19´38.290W""",27.912083,-101.327302,388,G14A13,0,0,0,0
50320157,,5,Coahuila de Zaragoza,Coah.,32,San Juan de Sabinas,157,Felipe Ruiz Flores,R,"27°55´02.727N""","101°19´40.986W""",27.917424,-101.328051,380,G14A13,0,0,0,0
50320158,,5,Coahuila de Zaragoza,Coah.,32,San Juan de Sabinas,158,Carlota Cibrían,R,"27°55´18.650N""","101°19´31.727W""",27.921847,-101.325479,381,G14A13,0,0,0,0
50320159,,5,Coahuila de Zaragoza,Coah.,32,San Juan de Sabinas,159,Eleazar Villarreal,R,"27°55´25.661N""","101°18´52.611W""",27.923794,-101.314614,371,G14A13,0,0,0,0
50320160,,5,Coahuila de Zaragoza,Coah.,32,San Juan de Sabinas,160,El Suspiro,R,"27°57´20.699N""","101°22´09.791W""",27.95575,-101.369386,395,G14A12,0,0,0,0
50320161,,5,Coahuila de Zaragoza,Coah.,32,San Juan de Sabinas,161,Rolando Herrera,R,"27°56´04.319N""","101°21´13.150W""",27.934533,-101.353653,385,G14A12,0,0,0,0
50320162,,5,Coahuila de Zaragoza,Coah.,32,San Juan de Sabinas,162,Rafael Cruz Mendoza,R,"27°55´40.146N""","101°22´39.379W""",27.927818,-101.377605,398,G14A12,0,0,0,0
50320163,,5,Coahuila de Zaragoza,Coah.,32,San Juan de Sabinas,163,Javier Rodríguez,R,"27°56´30.076N""","101°23´02.312W""",27.941687,-101.383975,399,G14A12,0,0,0,0
50320164,,5,Coahuila de Zaragoza,Coah.,32,San Juan de Sabinas,164,La Lajita,R,"27°56´59.530N""","101°23´07.890W""",27.949869,-101.385525,395,G14A12,4,*,*,1
50320165,,5,Coahuila de Zaragoza,Coah.,32,San Juan de Sabinas,165,Teolindo Rodríguez,R,"27°56´13.724N""","101°23´29.051W""",27.937145,-101.391403,404,G14A12,0,0,0,0
50320168,,5,Coahuila de Zaragoza,Coah.,32,San Juan de Sabinas,168,Nerio Degollado Palacios,R,"27°59´21.752N""","101°23´43.230W""",27.989375,-101.395341,399,G14A12,0,0,0,0
50320169,,5,Coahuila de Zaragoza,Coah.,32,San Juan de Sabinas,169,El Establo,R,"28°00´47.654N""","101°20´11.058W""",28.013237,-101.336405,391,H14C82,0,0,0,0
50320170,,5,Coahuila de Zaragoza,Coah.,32,San Juan de Sabinas,170,Rosa Elva Castro,R,"28°02´40.049N""","101°24´46.961W""",28.044458,-101.413045,420,H14C82,0,0,0,0
50320171,,5,Coahuila de Zaragoza,Coah.,32,San Juan de Sabinas,171,José Escobar,R,"28°03´25.187N""","101°24´05.652W""",28.056996,-101.40157,426,H14C82,0,0,0,0
50320172,,5,Coahuila de Zaragoza,Coah.,32,San Juan de Sabinas,172,Luis Ibarra,R,"28°04´20.307N""","101°23´50.065W""",28.072307,-101.39724,428,H14C82,0,0,0,0
50320173,,5,Coahuila de Zaragoza,Coah.,32,San Juan de Sabinas,173,Osvaldo Morín,R,"28°04´18.928N""","101°24´43.368W""",28.071924,-101.412047,439,H14C82,0,0,0,0
50320175,,5,Coahuila de Zaragoza,Coah.,32,San Juan de Sabinas,175,Reynaldo Nájera,R,"28°02´28.987N""","101°23´40.619W""",28.041385,-101.394616,410,H14C82,0,0,0,0
50320179,,5,Coahuila de Zaragoza,Coah.,32,San Juan de Sabinas,179,Antonio González,R,"27°56´00.894N""","101°15´24.364W""",27.933581,-101.256768,370,G14A13,2,*,*,1
50320180,,5,Coahuila de Zaragoza,Coah.,32,San Juan de Sabinas,180,Ramos [Minera],R,"27°56´15.827N""","101°15´24.009W""",27.937729,-101.256669,370,G14A13,0,0,0,0
50320182,,5,Coahuila de Zaragoza,Coah.,32,San Juan de Sabinas,182,El Audaz,R,"28°01´56.870N""","101°16´56.439W""",28.032463,-101.282344,410,H14C83,0,0,0,0
50320183,,5,Coahuila de Zaragoza,Coah.,32,San Juan de Sabinas,183,José Hernández Alcalá,R,"28°01´39.809N""","101°15´59.546W""",28.027724,-101.266541,410,H14C83,1,*,*,1
50320184,,5,Coahuila de Zaragoza,Coah.,32,San Juan de Sabinas,184,Lázaro Ávila,R,"28°01´54.582N""","101°20´11.683W""",28.031828,-101.336578,401,H14C82,0,0,0,0
50320185,,5,Coahuila de Zaragoza,Coah.,32,San Juan de Sabinas,185,Cornelio Cárdenas,R,"28°01´08.396N""","101°20´06.445W""",28.018998,-101.335123,397,H14C82,2,*,*,1
50320186,,5,Coahuila de Zaragoza,Coah.,32,San Juan de Sabinas,186,Julio Ávila Aldaco,R,"28°01´19.111N""","101°19´01.815W""",28.021975,-101.31717,409,H14C83,1,*,*,1
50320187,,5,Coahuila de Zaragoza,Coah.,32,San Juan de Sabinas,187,Manuel Contreras Alcalá,R,"28°04´46.026N""","101°21´19.780W""",28.079451,-101.355494,414,H14C82,1,*,*,1
50320188,,5,Coahuila de Zaragoza,Coah.,32,San Juan de Sabinas,188,Enrique,R,"27°55´40.827N""","101°14´55.331W""",27.928007,-101.248703,360,G14A13,2,*,*,1
50320189,,5,Coahuila de Zaragoza,Coah.,32,San Juan de Sabinas,189,Los Ángeles,R,"27°55´27.800N""","101°14´27.250W""",27.924388,-101.240902,360,G14A13,0,0,0,0
50320190,,5,Coahuila de Zaragoza,Coah.,32,San Juan de Sabinas,190,Los Filtros,R,"27°55´56.390N""","101°14´56.381W""",27.93233,-101.248994,365,G14A13,0,0,0,0
50320191,,5,Coahuila de Zaragoza,Coah.,32,San Juan de Sabinas,191,Luis Alfonso García Ramos,R,"27°56´30.400N""","101°12´18.780W""",27.941777,-101.205217,388,G14A13,1,*,*,1
50320192,,5,Coahuila de Zaragoza,Coah.,32,San Juan de Sabinas,192,Las Flores,R,"27°56´38.490N""","101°11´51.040W""",27.944025,-101.197511,382,G14A13,1,*,*,1
50320195,,5,Coahuila de Zaragoza,Coah.,32,San Juan de Sabinas,195,Chula Vista,R,"27°56´16.798N""","101°11´49.955W""",27.937999,-101.197209,380,G14A13,0,0,0,0
50320196,,5,Coahuila de Zaragoza,Coah.,32,San Juan de Sabinas,196,San Pablo de la Salada,R,"28°11´55.142N""","101°26´23.309W""",28.19865,-101.439808,463,H14C82,2,*,*,1
50320197,,5,Coahuila de Zaragoza,Coah.,32,San Juan de Sabinas,197,El Veintinueve,R,"27°56´27.730N""","101°12´14.390W""",27.941036,-101.203997,385,G14A13,0,0,0,0
50320198,,5,Coahuila de Zaragoza,Coah.,32,San Juan de Sabinas,198,La Rueda,R,"27°56´25.290N""","101°12´16.493W""",27.940358,-101.204581,389,G14A13,0,0,0,0
50320200,,5,Coahuila de Zaragoza,Coah.,32,San Juan de Sabinas,200,Los Nogales,R,"27°54´07.438N""","101°16´23.674W""",27.902066,-101.273242,369,G14A13,1,*,*,1
50320202,,5,Coahuila de Zaragoza,Coah.,32,San Juan de Sabinas,202,Eduardo Rivera,R,"27°55´26.211N""","101°20´02.261W""",27.923947,-101.333961,382,G14A12,0,0,0,0
50320203,,5,Coahuila de Zaragoza,Coah.,32,San Juan de Sabinas,203,Las Moras (Ernestina Reza),R,"27°56´25.220N""","101°14´18.449W""",27.940339,-101.238458,366,G14A13,3,*,*,1
50320205,,5,Coahuila de Zaragoza,Coah.,32,San Juan de Sabinas,205,El Guajolote (Sauceda Rodríguez),R,"27°56´00.989N""","101°17´00.620W""",27.933608,-101.283505,379,G14A13,0,0,0,0
50320206,,5,Coahuila de Zaragoza,Coah.,32,San Juan de Sabinas,206,La Mora (Juanita Salinas Viuda de Martínez),R,"27°55´38.035N""","101°17´50.884W""",27.927231,-101.297467,375,G14A13,0,0,0,0
50320207,,5,Coahuila de Zaragoza,Coah.,32,San Juan de Sabinas,207,Alfonso Ponce Muñoz,R,"27°55´06.953N""","101°18´09.669W""",27.918597,-101.302686,371,G14A13,0,0,0,0
50320208,,5,Coahuila de Zaragoza,Coah.,32,San Juan de Sabinas,208,José Laborico Rodríguez,R,"27°56´50.211N""","101°15´25.142W""",27.947281,-101.256984,369,G14A13,3,*,*,1
50320209,,5,Coahuila de Zaragoza,Coah.,32,San Juan de Sabinas,209,El Tajo,R,"28°00´38.679N""","101°24´28.492W""",28.010744,-101.407914,431,H14C82,0,0,0,0
50320210,,5,Coahuila de Zaragoza,Coah.,32,San Juan de Sabinas,210,Ramón Robles Cisneros,R,"27°53´17.177N""","101°15´38.715W""",27.888104,-101.260754,360,G14A13,0,0,0,0
50320212,,5,Coahuila de Zaragoza,Coah.,32,San Juan de Sabinas,212,Secundino de León Rojas,R,"27°56´29.278N""","101°15´06.344W""",27.941466,-101.251762,371,G14A13,5,*,*,1
50320213,,5,Coahuila de Zaragoza,Coah.,32,San Juan de Sabinas,213,El Edén,R,"27°54´46.655N""","101°14´21.015W""",27.91296,-101.239171,365,G14A13,0,0,0,0
50320214,,5,Coahuila de Zaragoza,Coah.,32,San Juan de Sabinas,214,Santiago Cantú,R,"27°59´17.490N""","101°24´01.180W""",27.988191,-101.400328,399,G14A12,0,0,0,0
50320215,,5,Coahuila de Zaragoza,Coah.,32,San Juan de Sabinas,215,Álamo [Oficina de la Constructora y Triturado],R,"27°56´21.289N""","101°17´03.829W""",27.939247,-101.284397,380,G14A13,0,0,0,0
50320216,,5,Coahuila de Zaragoza,Coah.,32,San Juan de Sabinas,216,Rancho Marilyn,R,"27°56´46.502N""","101°16´43.139W""",27.94625,-101.278649,375,G14A13,4,*,*,1
50320217,,5,Coahuila de Zaragoza,Coah.,32,San Juan de Sabinas,217,Hacienda el Refugio,R,"27°58´01.170N""","101°23´53.270W""",27.966991,-101.39813,398,G14A12,0,0,0,0
50320218,,5,Coahuila de Zaragoza,Coah.,32,San Juan de Sabinas,218,La Leona (Gilberto Hernández Luevanos),R,"28°06´28.490N""","101°21´23.020W""",28.107914,-101.356394,420,H14C82,0,0,0,0
50320219,,5,Coahuila de Zaragoza,Coah.,32,San Juan de Sabinas,219,La Media Luna (Conchos 2),R,"27°57´22.126N""","101°21´04.092W""",27.956146,-101.351137,380,G14A12,0,0,0,0
50320220,,5,Coahuila de Zaragoza,Coah.,32,San Juan de Sabinas,220,Martina Robles,R,"27°53´33.375N""","101°16´47.045W""",27.892604,-101.279734,368,G14A13,0,0,0,0
50320221,,5,Coahuila de Zaragoza,Coah.,32,San Juan de Sabinas,221,El Botín (José Ángel Ramírez),R,"27°53´53.854N""","101°12´24.036W""",27.898292,-101.206677,359,G14A13,0,0,0,0
50320222,,5,Coahuila de Zaragoza,Coah.,32,San Juan de Sabinas,222,San Felipe,R,"27°55´38.530N""","101°18´39.350W""",27.927369,-101.310931,375,G14A13,0,0,0,0
50320223,,5,Coahuila de Zaragoza,Coah.,32,San Juan de Sabinas,223,Minsa l [Materiales Industrializados],R,"27°58´56.526N""","101°24´42.496W""",27.982368,-101.411804,403,G14A12,0,0,0,0
50320224,,5,Coahuila de Zaragoza,Coah.,32,San Juan de Sabinas,224,Sergio Moreno,R,"27°53´43.140N""","101°13´06.510W""",27.895316,-101.218474,359,G14A13,0,0,0,0
50320225,,5,Coahuila de Zaragoza,Coah.,32,San Juan de Sabinas,225,Joel Escobar Pruneda,R,"27°58´45.620N""","101°24´36.990W""",27.979338,-101.410275,401,G14A12,2,*,*,1
50320226,,5,Coahuila de Zaragoza,Coah.,32,San Juan de Sabinas,226,Ramiro Maldonado,R,"27°59´06.140N""","101°25´21.660W""",27.985039,-101.422683,405,G14A12,0,0,0,0
50320227,,5,Coahuila de Zaragoza,Coah.,32,San Juan de Sabinas,227,La Esperanza,R,"27°56´58.490N""","101°14´42.640W""",27.94958,-101.245177,369,G14A13,0,0,0,0
50320228,,5,Coahuila de Zaragoza,Coah.,32,San Juan de Sabinas,228,Félix Moreno García,R,"27°56´32.750N""","101°16´55.260W""",27.94243,-101.282016,379,G14A13,0,0,0,0
50320229,,5,Coahuila de Zaragoza,Coah.,32,San Juan de Sabinas,229,Los Grimaldo,R,"27°55´15.820N""","101°12´22.620W""",27.92106,-101.206283,365,G14A13,4,*,*,1
50320230,,5,Coahuila de Zaragoza,Coah.,32,San Juan de Sabinas,230,Tomás Estrada Renovato,R,"27°54´40.136N""","101°14´36.037W""",27.911149,-101.243343,369,G14A13,0,0,0,0
50320231,,5,Coahuila de Zaragoza,Coah.,32,San Juan de Sabinas,231,Mi Ranchito,R,"27°56´39.500N""","101°18´30.880W""",27.944305,-101.308578,385,G14A13,2,*,*,1
50320232,,5,Coahuila de Zaragoza,Coah.,32,San Juan de Sabinas,232,Fernando Castillo Hernández,R,"27°57´11.630N""","101°16´22.710W""",27.953231,-101.272974,375,G14A13,0,0,0,0
50320233,,5,Coahuila de Zaragoza,Coah.,32,San Juan de Sabinas,233,Solís Herrada,R,"27°57´08.400N""","101°15´52.980W""",27.952333,-101.264717,370,G14A13,0,0,0,0
50320234,,5,Coahuila de Zaragoza,Coah.,32,San Juan de Sabinas,234,Marcos Aguirre García,R,"27°57´52.850N""","101°18´06.740W""",27.964681,-101.301872,381,G14A13,0,0,0,0
50320235,,5,Coahuila de Zaragoza,Coah.,32,San Juan de Sabinas,235,La Granja,R,"27°57´44.770N""","101°15´46.050W""",27.962436,-101.262792,380,G14A13,1,*,*,1
50320236,,5,Coahuila de Zaragoza,Coah.,32,San Juan de Sabinas,236,El Olvido,R,"27°55´29.940N""","101°21´22.470W""",27.924983,-101.356242,391,G14A12,1,*,*,1
50320237,,5,Coahuila de Zaragoza,Coah.,32,San Juan de Sabinas,237,José Norberto Silva Cabriales,R,"27°55´34.788N""","101°20´05.453W""",27.926329,-101.334848,380,G14A12,0,0,0,0
50320238,,5,Coahuila de Zaragoza,Coah.,32,San Juan de Sabinas,238,El Llano,R,"27°54´17.582N""","101°17´47.395W""",27.904884,-101.296498,370,G14A13,0,0,0,0
50320239,,5,Coahuila de Zaragoza,Coah.,32,San Juan de Sabinas,239,Arena Kipin,R,"27°54´23.111N""","101°17´36.619W""",27.90642,-101.293505,372,G14A13,3,*,*,1
50320240,,5,Coahuila de Zaragoza,Coah.,32,San Juan de Sabinas,240,Texas Huans,R,"27°54´23.250N""","101°18´52.090W""",27.906458,-101.314469,381,G14A13,1,*,*,1
50320241,,5,Coahuila de Zaragoza,Coah.,32,San Juan de Sabinas,241,Los Reyes,R,"27°54´36.370N""","101°20´47.740W""",27.910103,-101.346594,389,G14A12,0,0,0,0
50320242,,5,Coahuila de Zaragoza,Coah.,32,San Juan de Sabinas,242,La Campesina,R,"27°55´46.260N""","101°20´50.530W""",27.929516,-101.347369,383,G14A12,0,0,0,0
50320243,,5,Coahuila de Zaragoza,Coah.,32,San Juan de Sabinas,243,El Retoño,R,"27°54´19.180N""","101°16´32.760W""",27.905328,-101.275766,368,G14A13,4,*,*,1
50320244,,5,Coahuila de Zaragoza,Coah.,32,San Juan de Sabinas,244,Matilde Rivera,R,"27°54´40.650N""","101°19´00.870W""",27.911292,-101.316908,382,G14A13,6,*,*,1
50320245,,5,Coahuila de Zaragoza,Coah.,32,San Juan de Sabinas,245,Graciela Esquivel Martínez,R,"27°54´25.027N""","101°20´09.450W""",27.906952,-101.335958,390,G14A12,-,-,-,-
50320246,,5,Coahuila de Zaragoza,Coah.,32,San Juan de Sabinas,246,Elvira Delfina Guerrero Montoya,R,"27°55´09.256N""","101°19´50.216W""",27.919237,-101.330615,381,G14A13,-,-,-,-
50320247,,5,Coahuila de Zaragoza,Coah.,32,San Juan de Sabinas,247,Polo Lozano,R,"27°54´20.788N""","101°18´47.002W""",27.905774,-101.313056,381,G14A13,-,-,-,-
50320248,,5,Coahuila de Zaragoza,Coah.,32,San Juan de Sabinas,248,Alfredo Havid,R,"27°56´28.171N""","101°18´23.951W""",27.941158,-101.306653,384,G14A13,-,-,-,-
50320249,,5,Coahuila de Zaragoza,Coah.,32,San Juan de Sabinas,249,El Llorón,R,"28°01´40.509N""","101°19´03.756W""",28.027919,-101.317709,400,H14C83,-,-,-,-
50320250,,5,Coahuila de Zaragoza,Coah.,32,San Juan de Sabinas,250,Maximino González,R,"28°04´33.536N""","101°21´17.655W""",28.075982,-101.354904,410,H14C82,-,-,-,-
50320251,,5,Coahuila de Zaragoza,Coah.,32,San Juan de Sabinas,251,El Dorado,R,"27°59´19.706N""","101°26´26.481W""",27.988807,-101.440689,406,G14A12,-,-,-,-
