MAPA,Estatus,CVE_ENT,NOM_ENT,NOM_ABR,CVE_MUN,NOM_MUN,CVE_LOC,NOM_LOC,AMBITO,LATITUD,LONGITUD,LAT_DECIMAL,LON_DECIMAL,ALTITUD,CVE_CARTA,POB_TOTAL,POB_MASCULINA,POB_FEMENINA,TOTAL DE VIVIENDAS HABITADAS
50050001,,5,Coahuila de Zaragoza,Coah.,5,Candela,1,Candela,U,"26°50´25.000N""","100°39´50.000W""",26.840277,-100.663889,424,G14A55,1404,708,696,403
50050002,,5,Coahuila de Zaragoza,Coah.,5,Candela,2,Buenos Aires,R,"26°46´10.449N""","100°42´13.100W""",26.769569,-100.703639,472,G14A54,0,0,0,0
50050003,,5,Coahuila de Zaragoza,Coah.,5,Candela,3,Las Cabras,R,"26°58´21.590N""","100°57´35.759W""",26.972663,-100.959933,601,G14A54,0,0,0,0
50050004,,5,Coahuila de Zaragoza,Coah.,5,Candela,4,La Candelaria,R,"26°54´34.241N""","100°33´49.206W""",26.909511,-100.563668,354,G14A55,0,0,0,0
50050005,,5,Coahuila de Zaragoza,Coah.,5,Candela,5,El Cándido,R,"26°47´34.349N""","100°49´46.729W""",26.792874,-100.829646,567,G14A54,0,0,0,0
50050007,,5,Coahuila de Zaragoza,Coah.,5,Candela,7,Gloria,R,"26°55´52.016N""","100°44´47.603W""",26.931115,-100.746556,520,G14A54,3,*,*,1
50050008,,5,Coahuila de Zaragoza,Coah.,5,Candela,8,Los Algodonales (La Ciénega),R,"26°57´29.296N""","100°36´26.343W""",26.958138,-100.607318,346,G14A55,0,0,0,0
50050009,,5,Coahuila de Zaragoza,Coah.,5,Candela,9,Las Coloradas,R,"27°04´11.818N""","100°39´09.104W""",27.069949,-100.652529,350,G14A45,0,0,0,0
50050011,,5,Coahuila de Zaragoza,Coah.,5,Candela,11,El Huizachal,R,"26°46´01.786N""","101°01´29.032W""",26.767162,-101.02473,677,G14A53,209,117,92,54
50050014,,5,Coahuila de Zaragoza,Coah.,5,Candela,14,Los Mendoza,R,"26°50´09.953N""","100°38´13.185W""",26.836098,-100.636996,415,G14A55,0,0,0,0
50050018,,5,Coahuila de Zaragoza,Coah.,5,Candela,18,El Rosario,R,"26°44´30.046N""","100°56´00.468W""",26.741679,-100.933463,722,G14A64,0,0,0,0
50050020,,5,Coahuila de Zaragoza,Coah.,5,Candela,20,San Antonio de Afuera,R,"26°45´13.460N""","100°51´09.020W""",26.753739,-100.852506,587,G14A54,0,0,0,0
50050021,,5,Coahuila de Zaragoza,Coah.,5,Candela,21,San Francisco,R,"26°50´02.765N""","100°35´54.492W""",26.834101,-100.59847,397,G14A55,0,0,0,0
50050022,,5,Coahuila de Zaragoza,Coah.,5,Candela,22,San Gabriel,R,"26°39´40.445N""","100°57´28.427W""",26.661235,-100.957896,748,G14A64,0,0,0,0
50050023,,5,Coahuila de Zaragoza,Coah.,5,Candela,23,San Juan,R,"26°55´23.980N""","100°55´19.729W""",26.923327,-100.922146,632,G14A54,0,0,0,0
50050024,,5,Coahuila de Zaragoza,Coah.,5,Candela,24,San Pedro (Lomas Blancas),R,"26°44´38.039N""","100°43´26.705W""",26.743899,-100.724084,492,G14A64,0,0,0,0
50050025,,5,Coahuila de Zaragoza,Coah.,5,Candela,25,Don Pedro,R,"26°44´21.174N""","100°47´58.502W""",26.739215,-100.799584,537,G14A64,3,*,*,1
50050026,,5,Coahuila de Zaragoza,Coah.,5,Candela,26,San Rafael,R,"26°54´01.400N""","100°43´37.670W""",26.900389,-100.72713,512,G14A54,0,0,0,0
50050028,,5,Coahuila de Zaragoza,Coah.,5,Candela,28,Las Tres Lomitas (Las Tres Lomas),R,"26°59´41.569N""","100°36´46.964W""",26.99488,-100.613046,323,G14A55,0,0,0,0
50050029,,5,Coahuila de Zaragoza,Coah.,5,Candela,29,Vacas,R,"27°02´05.030N""","100°49´40.540W""",27.03473,-100.827927,530,G14A44,0,0,0,0
50050030,,5,Coahuila de Zaragoza,Coah.,5,Candela,30,Valladares,R,"26°52´34.758N""","100°35´59.178W""",26.876321,-100.599771,380,G14A55,20,11,9,11
50050032,,5,Coahuila de Zaragoza,Coah.,5,Candela,32,El Mimbre,R,"26°46´35.436N""","100°42´23.641W""",26.776509,-100.706567,472,G14A54,0,0,0,0
50050033,,5,Coahuila de Zaragoza,Coah.,5,Candela,33,San Rolando,R,"26°49´55.470N""","100°35´27.692W""",26.832074,-100.591025,395,G14A55,0,0,0,0
50050034,,5,Coahuila de Zaragoza,Coah.,5,Candela,34,Los San Migueles,R,"26°48´09.661N""","100°35´33.275W""",26.802684,-100.592576,446,G14A55,0,0,0,0
50050037,,5,Coahuila de Zaragoza,Coah.,5,Candela,37,El Llanito,R,"26°55´12.019N""","100°35´37.585W""",26.920005,-100.593773,361,G14A55,0,0,0,0
50050040,,5,Coahuila de Zaragoza,Coah.,5,Candela,40,San Antonio de Adentro,R,"26°43´08.519N""","100°51´56.720W""",26.719032,-100.865756,612,G14A64,0,0,0,0
50050041,,5,Coahuila de Zaragoza,Coah.,5,Candela,41,Palo Blanco,R,"26°38´09.920N""","100°58´29.870W""",26.636089,-100.974963,799,G14A64,0,0,0,0
50050042,,5,Coahuila de Zaragoza,Coah.,5,Candela,42,La Carroza,R,"26°44´45.983N""","100°46´01.106W""",26.746106,-100.766973,531,G14A64,0,0,0,0
50050043,,5,Coahuila de Zaragoza,Coah.,5,Candela,43,Campo Real,R,"26°44´06.860N""","100°40´28.080W""",26.735239,-100.674466,524,G14A64,0,0,0,0
50050044,,5,Coahuila de Zaragoza,Coah.,5,Candela,44,Barriales,R,"26°41´52.803N""","100°41´54.709W""",26.698001,-100.69853,539,G14A64,0,0,0,0
50050046,,5,Coahuila de Zaragoza,Coah.,5,Candela,46,Saucillo,R,"26°50´34.969N""","100°50´03.159W""",26.843047,-100.834211,638,G14A54,0,0,0,0
50050047,,5,Coahuila de Zaragoza,Coah.,5,Candela,47,Los Álamos,R,"26°58´39.209N""","100°50´22.149W""",26.977557,-100.839486,683,G14A54,0,0,0,0
50050048,,5,Coahuila de Zaragoza,Coah.,5,Candela,48,Buena Vista,R,"26°41´35.082N""","100°48´38.760W""",26.693078,-100.810767,541,G14A64,0,0,0,0
50050049,,5,Coahuila de Zaragoza,Coah.,5,Candela,49,Los Cañones,R,"26°43´23.734N""","100°39´17.570W""",26.723259,-100.654881,570,G14A65,0,0,0,0
50050050,,5,Coahuila de Zaragoza,Coah.,5,Candela,50,El Chapote,R,"26°51´00.198N""","100°32´53.853W""",26.850055,-100.548292,361,G14A55,0,0,0,0
50050051,,5,Coahuila de Zaragoza,Coah.,5,Candela,51,La Curva (San Andrés),R,"26°50´09.251N""","100°33´29.264W""",26.835903,-100.558129,372,G14A55,0,0,0,0
50050053,,5,Coahuila de Zaragoza,Coah.,5,Candela,53,Mesa de Cartujanos,R,"26°57´33.249N""","100°42´45.550W""",26.959236,-100.712653,837,G14A54,0,0,0,0
50050056,,5,Coahuila de Zaragoza,Coah.,5,Candela,56,Pánuco [Mina],R,"26°42´38.584N""","100°59´09.787W""",26.710718,-100.986052,1049,G14A64,0,0,0,0
50050057,,5,Coahuila de Zaragoza,Coah.,5,Candela,57,El Papalote (Loma Prieta),R,"26°43´37.927N""","101°02´15.544W""",26.727201,-101.037651,754,G14A63,0,0,0,0
50050059,,5,Coahuila de Zaragoza,Coah.,5,Candela,59,Flores,R,"26°54´16.570N""","100°46´30.730W""",26.904603,-100.775202,631,G14A54,0,0,0,0
50050060,,5,Coahuila de Zaragoza,Coah.,5,Candela,60,Rancherías (Rancherías Nuevo),R,"27°00´11.985N""","100°37´41.442W""",27.003329,-100.628178,332,G14A45,0,0,0,0
50050062,,5,Coahuila de Zaragoza,Coah.,5,Candela,62,El Refugio,R,"26°55´32.700N""","100°42´57.309W""",26.925749,-100.715919,472,G14A54,0,0,0,0
50050063,,5,Coahuila de Zaragoza,Coah.,5,Candela,63,Los Rincones,R,"26°56´59.849N""","100°40´00.845W""",26.949958,-100.666901,407,G14A54,0,0,0,0
50050064,,5,Coahuila de Zaragoza,Coah.,5,Candela,64,San Carlos,R,"26°49´59.841N""","100°34´12.657W""",26.833289,-100.570182,380,G14A55,0,0,0,0
50050065,,5,Coahuila de Zaragoza,Coah.,5,Candela,65,San Francisco,R,"26°57´30.161N""","100°37´54.327W""",26.958378,-100.631757,367,G14A55,0,0,0,0
50050066,,5,Coahuila de Zaragoza,Coah.,5,Candela,66,San Luis,R,"27°00´11.704N""","100°40´57.653W""",27.003251,-100.682681,375,G14A44,0,0,0,0
50050067,,5,Coahuila de Zaragoza,Coah.,5,Candela,67,San Miguel,R,"26°50´02.749N""","100°35´28.523W""",26.834097,-100.591256,392,G14A55,0,0,0,0
50050069,,5,Coahuila de Zaragoza,Coah.,5,Candela,69,Santa Lucía,R,"26°46´37.809N""","100°47´36.099W""",26.777169,-100.793361,554,G14A54,0,0,0,0
50050070,,5,Coahuila de Zaragoza,Coah.,5,Candela,70,Nueva Esperanza (Las Vacas),R,"27°00´19.400N""","100°59´16.789W""",27.005389,-100.987997,570,G14A44,0,0,0,0
50050071,,5,Coahuila de Zaragoza,Coah.,5,Candela,71,Valles,R,"26°40´00.069N""","100°41´57.339W""",26.666685,-100.699261,573,G14A64,0,0,0,0
50050072,,5,Coahuila de Zaragoza,Coah.,5,Candela,72,Veintidós de Febrero,R,"26°50´05.319N""","100°35´04.283W""",26.834811,-100.584523,387,G14A55,0,0,0,0
50050075,,5,Coahuila de Zaragoza,Coah.,5,Candela,75,El Salado,R,"27°02´50.380N""","100°33´31.510W""",27.047327,-100.558753,302,G14A45,0,0,0,0
50050076,,5,Coahuila de Zaragoza,Coah.,5,Candela,76,Antonio Madrid,R,"26°50´14.030N""","100°37´02.604W""",26.83723,-100.617389,405,G14A55,0,0,0,0
50050082,,5,Coahuila de Zaragoza,Coah.,5,Candela,82,Santa Cristina,R,"26°50´10.185N""","100°32´51.625W""",26.836162,-100.547673,368,G14A55,0,0,0,0
50050083,,5,Coahuila de Zaragoza,Coah.,5,Candela,83,Rancho Viejo,R,"26°49´54.941N""","100°34´34.333W""",26.831927,-100.576203,386,G14A55,0,0,0,0
50050084,,5,Coahuila de Zaragoza,Coah.,5,Candela,84,La Hacienda,R,"26°49´42.899N""","100°36´55.850W""",26.828582,-100.615514,419,G14A55,0,0,0,0
50050085,,5,Coahuila de Zaragoza,Coah.,5,Candela,85,2 Hermanos,R,"26°49´45.586N""","100°37´56.720W""",26.829329,-100.632422,426,G14A55,0,0,0,0
50050086,,5,Coahuila de Zaragoza,Coah.,5,Candela,86,San José,R,"26°50´01.628N""","100°39´04.963W""",26.833785,-100.651379,424,G14A55,0,0,0,0
50050088,,5,Coahuila de Zaragoza,Coah.,5,Candela,88,Perpetuo Socorro,R,"26°49´04.026N""","100°36´02.774W""",26.817784,-100.600771,429,G14A55,0,0,0,0
50050090,,5,Coahuila de Zaragoza,Coah.,5,Candela,90,Las Pitayas,R,"26°48´35.020N""","100°41´32.039W""",26.809728,-100.692233,442,G14A54,0,0,0,0
50050095,,5,Coahuila de Zaragoza,Coah.,5,Candela,95,Israel Garza,R,"26°55´29.189N""","100°41´30.730W""",26.924774,-100.691869,439,G14A54,0,0,0,0
50050096,,5,Coahuila de Zaragoza,Coah.,5,Candela,96,Juan Elizondo (Los Juanes),R,"26°55´35.506N""","100°42´16.573W""",26.926529,-100.704604,457,G14A54,0,0,0,0
50050100,,5,Coahuila de Zaragoza,Coah.,5,Candela,100,Los Indios,R,"27°00´37.318N""","100°32´35.431W""",27.010366,-100.543175,302,G14A45,0,0,0,0
50050101,,5,Coahuila de Zaragoza,Coah.,5,Candela,101,El Porvenir,R,"26°46´29.961N""","100°51´17.138W""",26.774989,-100.854761,576,G14A54,0,0,0,0
50050104,,5,Coahuila de Zaragoza,Coah.,5,Candela,104,Cuatro Halcones,R,"26°49´43.098N""","100°32´47.753W""",26.828638,-100.546598,370,G14A55,0,0,0,0
50050110,,5,Coahuila de Zaragoza,Coah.,5,Candela,110,El Serrano,R,"26°52´46.820N""","100°37´52.073W""",26.879672,-100.631131,390,G14A55,0,0,0,0
50050111,,5,Coahuila de Zaragoza,Coah.,5,Candela,111,Gregorio Lara Ortegón,R,"26°50´37.449N""","100°40´17.889W""",26.843736,-100.671635,429,G14A54,0,0,0,0
50050112,,5,Coahuila de Zaragoza,Coah.,5,Candela,112,San Francisco,R,"26°54´00.133N""","100°37´14.833W""",26.900037,-100.620786,378,G14A55,0,0,0,0
50050117,,5,Coahuila de Zaragoza,Coah.,5,Candela,117,El Trébol,R,"26°47´49.120N""","100°33´05.180W""",26.796977,-100.551439,390,G14A55,0,0,0,0
50050118,,5,Coahuila de Zaragoza,Coah.,5,Candela,118,La Sauceda,R,"26°54´39.155N""","100°47´08.780W""",26.910876,-100.785772,659,G14A54,0,0,0,0
50050119,,5,Coahuila de Zaragoza,Coah.,5,Candela,119,Empidio de la Cruz,R,"26°52´33.618N""","100°43´05.054W""",26.876004,-100.71807,527,G14A54,0,0,0,0
50050120,,5,Coahuila de Zaragoza,Coah.,5,Candela,120,Oscar Santos Arévalo,R,"26°52´37.949N""","100°41´26.800W""",26.877207,-100.690777,460,G14A54,0,0,0,0
50050121,,5,Coahuila de Zaragoza,Coah.,5,Candela,121,Carlos Kistner,R,"26°56´56.707N""","100°46´54.411W""",26.949085,-100.78178,609,G14A54,0,0,0,0
50050122,,5,Coahuila de Zaragoza,Coah.,5,Candela,122,Rodolfo Kistner,R,"26°57´52.548N""","100°46´49.082W""",26.964597,-100.7803,588,G14A54,0,0,0,0
50050125,,5,Coahuila de Zaragoza,Coah.,5,Candela,125,Las Enramadas,R,"26°48´02.069N""","100°55´37.710W""",26.800575,-100.927141,639,G14A54,0,0,0,0
50050126,,5,Coahuila de Zaragoza,Coah.,5,Candela,126,La Ponderosa,R,"26°47´59.219N""","100°52´31.959W""",26.799783,-100.875544,662,G14A54,0,0,0,0
50050127,,5,Coahuila de Zaragoza,Coah.,5,Candela,127,Roberto de la Cruz,R,"26°57´33.700N""","100°39´35.524W""",26.959361,-100.659868,389,G14A55,0,0,0,0
50050128,,5,Coahuila de Zaragoza,Coah.,5,Candela,128,El Kínder,R,"26°55´55.400N""","100°40´35.109W""",26.932055,-100.676419,423,G14A54,0,0,0,0
50050129,,5,Coahuila de Zaragoza,Coah.,5,Candela,129,Nemecio Hernández,R,"26°57´57.503N""","100°38´58.774W""",26.965973,-100.649659,375,G14A55,0,0,0,0
50050130,,5,Coahuila de Zaragoza,Coah.,5,Candela,130,Gilberto Garza Villarreal,R,"26°57´05.937N""","100°38´32.604W""",26.951649,-100.64239,378,G14A55,0,0,0,0
50050132,,5,Coahuila de Zaragoza,Coah.,5,Candela,132,Benjamín Ortegón,R,"26°54´40.999N""","100°38´41.040W""",26.911389,-100.644733,388,G14A55,0,0,0,0
50050133,,5,Coahuila de Zaragoza,Coah.,5,Candela,133,Jesús Cipriano García (El Infierno),R,"26°54´36.006N""","100°37´15.369W""",26.910002,-100.620935,373,G14A55,0,0,0,0
50050135,,5,Coahuila de Zaragoza,Coah.,5,Candela,135,Mauricio Tijerina,R,"26°53´13.211N""","100°39´04.864W""",26.887003,-100.651351,398,G14A55,0,0,0,0
50050136,,5,Coahuila de Zaragoza,Coah.,5,Candela,136,Veintidós,R,"26°52´36.053N""","100°39´11.964W""",26.876681,-100.653323,404,G14A55,0,0,0,0
50050137,,5,Coahuila de Zaragoza,Coah.,5,Candela,137,Humberto Mendiola,R,"26°52´17.289N""","100°39´26.060W""",26.871469,-100.657239,409,G14A55,0,0,0,0
50050138,,5,Coahuila de Zaragoza,Coah.,5,Candela,138,El Quince,R,"26°51´43.155N""","100°39´19.639W""",26.861988,-100.655455,409,G14A55,0,0,0,0
50050139,,5,Coahuila de Zaragoza,Coah.,5,Candela,139,Santa Isabel,R,"26°50´02.801N""","100°38´31.753W""",26.834111,-100.642153,420,G14A55,0,0,0,0
50050140,,5,Coahuila de Zaragoza,Coah.,5,Candela,140,Rancho del Carmen,R,"26°50´04.721N""","100°38´53.794W""",26.834644,-100.648276,422,G14A55,0,0,0,0
50050144,,5,Coahuila de Zaragoza,Coah.,5,Candela,144,Rincón del Barretoso,R,"26°48´20.578N""","100°36´35.487W""",26.805716,-100.609858,469,G14A55,0,0,0,0
50050145,,5,Coahuila de Zaragoza,Coah.,5,Candela,145,José Guillermo Valdez Oviedo,R,"26°48´59.862N""","100°38´43.796W""",26.816628,-100.645499,486,G14A55,0,0,0,0
50050146,,5,Coahuila de Zaragoza,Coah.,5,Candela,146,Sabas de León (Don Sabas),R,"26°47´09.321N""","100°33´39.868W""",26.785922,-100.561074,417,G14A55,0,0,0,0
50050147,,5,Coahuila de Zaragoza,Coah.,5,Candela,147,El Chaparral,R,"26°49´52.178N""","100°36´32.181W""",26.83116,-100.608939,410,G14A55,0,0,0,0
50050148,,5,Coahuila de Zaragoza,Coah.,5,Candela,148,José Arévalo (El Llano),R,"26°53´30.260N""","100°35´57.685W""",26.891739,-100.599357,375,G14A55,0,0,0,0
50050149,,5,Coahuila de Zaragoza,Coah.,5,Candela,149,Casas Blancas,R,"26°55´50.696N""","100°32´35.811W""",26.930748,-100.543281,331,G14A55,0,0,0,0
50050150,,5,Coahuila de Zaragoza,Coah.,5,Candela,150,Rodolfo Garza Ancira,R,"26°55´31.197N""","100°34´26.605W""",26.925332,-100.574056,354,G14A55,0,0,0,0
50050151,,5,Coahuila de Zaragoza,Coah.,5,Candela,151,Las Navajas,R,"26°52´10.210N""","100°53´03.350W""",26.869502,-100.884264,618,G14A54,0,0,0,0
50050152,,5,Coahuila de Zaragoza,Coah.,5,Candela,152,Santa Bárbara,R,"26°53´36.740N""","100°53´36.629W""",26.893539,-100.893508,649,G14A54,0,0,0,0
50050153,,5,Coahuila de Zaragoza,Coah.,5,Candela,153,San Isidro (El Mimbre),R,"26°46´28.810N""","100°45´41.879W""",26.774669,-100.761633,569,G14A54,0,0,0,0
50050154,,5,Coahuila de Zaragoza,Coah.,5,Candela,154,Jesús Villarreal Siller,R,"26°42´26.470N""","101°02´29.169W""",26.707353,-101.041436,795,G14A63,0,0,0,0
50050155,,5,Coahuila de Zaragoza,Coah.,5,Candela,155,Raúl Chavarría Espinoza,R,"26°49´57.731N""","100°33´05.105W""",26.832702,-100.551418,369,G14A55,0,0,0,0
50050156,,5,Coahuila de Zaragoza,Coah.,5,Candela,156,Villarreal,R,"26°49´48.344N""","100°37´11.204W""",26.830095,-100.619778,420,G14A55,0,0,0,0
50050157,,5,Coahuila de Zaragoza,Coah.,5,Candela,157,José García Tijerina (El Trece),R,"26°51´47.081N""","100°38´57.274W""",26.863078,-100.649242,406,G14A55,0,0,0,0
50050159,,5,Coahuila de Zaragoza,Coah.,5,Candela,159,Félix Buentello,R,"26°49´49.253N""","100°39´33.643W""",26.830347,-100.659345,429,G14A55,0,0,0,0
50050160,,5,Coahuila de Zaragoza,Coah.,5,Candela,160,Antonio Fuentes Galindo (El Temporal Ranch),R,"26°52´33.269N""","100°40´37.089W""",26.875907,-100.676969,440,G14A54,0,0,0,0
50050161,,5,Coahuila de Zaragoza,Coah.,5,Candela,161,La Carroza,R,"26°43´59.928N""","100°44´58.048W""",26.733313,-100.749457,500,G14A64,4,*,*,1
50050162,,5,Coahuila de Zaragoza,Coah.,5,Candela,162,Profesor José María,R,"26°50´40.825N""","100°39´37.524W""",26.844673,-100.660423,419,G14A55,0,0,0,0
50050164,,5,Coahuila de Zaragoza,Coah.,5,Candela,164,El Molino,R,"26°50´27.103N""","100°39´16.914W""",26.840862,-100.654698,410,G14A55,0,0,0,0
50050165,,5,Coahuila de Zaragoza,Coah.,5,Candela,165,San Pablo,R,"26°42´30.980N""","100°54´01.339W""",26.708606,-100.900372,663,G14A64,0,0,0,0
50050168,,5,Coahuila de Zaragoza,Coah.,5,Candela,168,La Tinaja,R,"26°56´52.178N""","100°39´30.293W""",26.947827,-100.658415,398,G14A55,0,0,0,0
50050170,,5,Coahuila de Zaragoza,Coah.,5,Candela,170,José Ramos Márquez,R,"26°46´50.289N""","101°01´12.119W""",26.780635,-101.020032,660,G14A53,0,0,0,0
50050171,,5,Coahuila de Zaragoza,Coah.,5,Candela,171,San Pedro,R,"26°45´11.549N""","100°43´31.379W""",26.753208,-100.725382,493,G14A54,0,0,0,0
50050172,,5,Coahuila de Zaragoza,Coah.,5,Candela,172,El Ancón del Carmen (Rodolfo Morales),R,"26°48´57.110N""","100°41´15.029W""",26.815864,-100.687508,440,G14A54,0,0,0,0
50050173,,5,Coahuila de Zaragoza,Coah.,5,Candela,173,La Presa,R,"26°59´09.211N""","100°45´50.709W""",26.985892,-100.764086,840,G14A54,0,0,0,0
50050174,,5,Coahuila de Zaragoza,Coah.,5,Candela,174,Los Ramírez,R,"26°54´20.220N""","100°40´56.160W""",26.905617,-100.682266,428,G14A54,0,0,0,0
50050177,,5,Coahuila de Zaragoza,Coah.,5,Candela,177,El Chapote,R,"26°49´01.868N""","100°41´25.326W""",26.817185,-100.690368,448,G14A54,0,0,0,0
50050178,,5,Coahuila de Zaragoza,Coah.,5,Candela,178,3 Ríos (René Ríos),R,"26°49´24.452N""","100°36´38.841W""",26.823458,-100.610789,422,G14A55,0,0,0,0
50050179,,5,Coahuila de Zaragoza,Coah.,5,Candela,179,Abel de Hoyos,R,"26°48´58.530N""","100°41´22.760W""",26.816258,-100.689655,444,G14A54,0,0,0,0
50050180,,5,Coahuila de Zaragoza,Coah.,5,Candela,180,José María Lara,R,"26°48´51.099N""","100°41´35.600W""",26.814194,-100.693222,455,G14A54,0,0,0,0
50050181,,5,Coahuila de Zaragoza,Coah.,5,Candela,181,Quinta la Roca,R,"26°47´05.380N""","100°33´49.640W""",26.784827,-100.563789,425,G14A55,0,0,0,0
50050183,,5,Coahuila de Zaragoza,Coah.,5,Candela,183,Las Uvas,R,"26°39´27.500N""","100°56´14.600W""",26.657639,-100.937389,731,G14A64,0,0,0,0
