MAPA,Estatus,CVE_ENT,NOM_ENT,NOM_ABR,CVE_MUN,NOM_MUN,CVE_LOC,NOM_LOC,AMBITO,LATITUD,LONGITUD,LAT_DECIMAL,LON_DECIMAL,ALTITUD,CVE_CARTA,POB_TOTAL,POB_MASCULINA,POB_FEMENINA,TOTAL DE VIVIENDAS HABITADAS
50160001,,5,Coahuila de Zaragoza,Coah.,16,Lamadrid,1,Lamadrid,U,"27°02´54.577N""","101°47´36.957W""",27.048493,-101.793599,648,G14A41,1743,916,827,544
50160002,,5,Coahuila de Zaragoza,Coah.,16,Lamadrid,2,El Cariño de la Montaña,R,"27°02´07.079N""","101°43´23.310W""",27.035299,-101.723141,567,G14A41,2,*,*,1
50160003,,5,Coahuila de Zaragoza,Coah.,16,Lamadrid,3,El Marqués de Aguayo (Los Ojos de Adriana),R,"27°13´58.635N""","101°51´42.066W""",27.232954,-101.861685,1103,G14A41,2,*,*,1
50160004,,5,Coahuila de Zaragoza,Coah.,16,Lamadrid,4,Polka (Estación Polka),R,"27°02´23.380N""","101°43´17.120W""",27.039827,-101.721422,572,G14A41,0,0,0,0
50160015,,5,Coahuila de Zaragoza,Coah.,16,Lamadrid,15,Los Pinos,R,"27°04´50.257N""","101°48´47.048W""",27.080626,-101.813069,707,G14A41,0,0,0,0
50160016,,5,Coahuila de Zaragoza,Coah.,16,Lamadrid,16,El Molino Viejo (Enrique Miller),R,"27°04´34.229N""","101°48´40.740W""",27.076174,-101.811317,703,G14A41,0,0,0,0
50160017,,5,Coahuila de Zaragoza,Coah.,16,Lamadrid,17,El Hake (Eduardo Harb Karam),R,"27°04´21.990N""","101°48´25.520W""",27.072774,-101.807089,682,G14A41,1,*,*,1
50160018,,5,Coahuila de Zaragoza,Coah.,16,Lamadrid,18,Enrique Neaves Muñoz,R,"27°04´11.698N""","101°48´20.458W""",27.069915,-101.805683,680,G14A41,0,0,0,0
50160019,,5,Coahuila de Zaragoza,Coah.,16,Lamadrid,19,Efraín Sosa,R,"27°03´44.250N""","101°48´01.680W""",27.062292,-101.800467,671,G14A41,0,0,0,0
50160022,,5,Coahuila de Zaragoza,Coah.,16,Lamadrid,22,El Camarón,R,"27°03´37.410N""","101°46´45.969W""",27.060392,-101.779435,649,G14A41,0,0,0,0
50160025,,5,Coahuila de Zaragoza,Coah.,16,Lamadrid,25,San Marcos,R,"27°02´50.336N""","101°44´00.235W""",27.047315,-101.733398,589,G14A41,0,0,0,0
50160028,,5,Coahuila de Zaragoza,Coah.,16,Lamadrid,28,Ricardo Octavio Múzquiz (El Marqués de A.),R,"27°13´01.352N""","101°51´05.011W""",27.217042,-101.851392,1066,G14A41,3,*,*,1
50160031,,5,Coahuila de Zaragoza,Coah.,16,Lamadrid,31,El Marqués de A. (Santa Elena del Marqués),R,"27°09´24.894N""","101°49´01.212W""",27.156915,-101.817003,913,G14A41,1,*,*,1
50160032,,5,Coahuila de Zaragoza,Coah.,16,Lamadrid,32,Los Barrios,R,"27°04´24.118N""","101°47´34.966W""",27.073365,-101.793046,677,G14A41,0,0,0,0
50160034,,5,Coahuila de Zaragoza,Coah.,16,Lamadrid,34,San Gerardo,R,"27°02´40.883N""","101°45´20.583W""",27.044689,-101.755718,608,G14A41,0,0,0,0
50160035,,5,Coahuila de Zaragoza,Coah.,16,Lamadrid,35,El Apache,R,"27°03´19.197N""","101°45´00.504W""",27.055333,-101.75014,614,G14A41,4,*,*,1
50160037,,5,Coahuila de Zaragoza,Coah.,16,Lamadrid,37,Potrero de Menchaca (Jaime García Sánchez),R,"27°10´05.391N""","101°54´53.967W""",27.168164,-101.914991,1181,G14A41,2,*,*,1
50160038,,5,Coahuila de Zaragoza,Coah.,16,Lamadrid,38,El Rincón (Potrero de Menchaca),R,"27°11´39.489N""","101°58´05.028W""",27.194302,-101.968063,1358,G14A41,0,0,0,0
50160040,,5,Coahuila de Zaragoza,Coah.,16,Lamadrid,40,Potrero de Menchaca (Rosemberg Menchaca),R,"27°09´44.456N""","101°55´35.968W""",27.162349,-101.926657,1221,G14A41,0,0,0,0
50160041,,5,Coahuila de Zaragoza,Coah.,16,Lamadrid,41,Potrero de Menchaca (Manuel Zertuche),R,"27°10´21.539N""","101°55´17.602W""",27.172649,-101.921555,1199,G14A41,0,0,0,0
50160042,,5,Coahuila de Zaragoza,Coah.,16,Lamadrid,42,Gilberto Zaragoza Rivera Flores,R,"27°03´32.679N""","101°48´38.836W""",27.059078,-101.810788,673,G14A41,0,0,0,0
50160044,,5,Coahuila de Zaragoza,Coah.,16,Lamadrid,44,La Piedra (Romeo Menchaca Flores),R,"27°03´32.974N""","101°48´47.692W""",27.059159,-101.813248,674,G14A41,0,0,0,0
50160045,,5,Coahuila de Zaragoza,Coah.,16,Lamadrid,45,Carranza (Américo Carranza Romo),R,"27°01´48.375N""","101°48´51.442W""",27.030104,-101.814289,635,G14A41,0,0,0,0
50160046,,5,Coahuila de Zaragoza,Coah.,16,Lamadrid,46,Lomas del Aire (Luis Enrique Miller),R,"27°02´49.229N""","101°43´51.129W""",27.047008,-101.730869,589,G14A41,2,*,*,1
50160047,,5,Coahuila de Zaragoza,Coah.,16,Lamadrid,47,Los Compadres (Luis Cantú),R,"27°02´48.429N""","101°43´41.999W""",27.046786,-101.728332,584,G14A41,0,0,0,0
50160048,,5,Coahuila de Zaragoza,Coah.,16,Lamadrid,48,Alejandro Menchaca,R,"27°09´47.728N""","101°54´33.883W""",27.163258,-101.909412,1163,G14A41,0,0,0,0
50160050,,5,Coahuila de Zaragoza,Coah.,16,Lamadrid,50,Los Nogales,R,"27°04´01.995N""","101°48´11.765W""",27.06722,-101.803268,680,G14A41,0,0,0,0
50160051,,5,Coahuila de Zaragoza,Coah.,16,Lamadrid,51,Pedro Antonio Flores M.,R,"27°02´36.129N""","101°47´53.589W""",27.043369,-101.798219,643,G14A41,0,0,0,0
50160052,,5,Coahuila de Zaragoza,Coah.,16,Lamadrid,52,Amadeo Moya Vázquez,R,"27°02´28.629N""","101°47´43.640W""",27.041286,-101.795455,640,G14A41,0,0,0,0
50160053,,5,Coahuila de Zaragoza,Coah.,16,Lamadrid,53,La Herradura (Alejandro Menchaca de la O.),R,"27°03´21.400N""","101°49´09.472W""",27.055944,-101.819297,672,G14A41,0,0,0,0
50160054,,5,Coahuila de Zaragoza,Coah.,16,Lamadrid,54,Doctor Martínez,R,"27°01´31.440N""","101°49´03.887W""",27.025399,-101.817746,629,G14A41,4,*,*,1
50160056,,5,Coahuila de Zaragoza,Coah.,16,Lamadrid,56,José Armendáriz Esquivel,R,"27°08´08.809N""","101°54´32.150W""",27.13578,-101.908931,1172,G14A41,0,0,0,0
50160057,,5,Coahuila de Zaragoza,Coah.,16,Lamadrid,57,José Luis Linaje,R,"27°01´59.506N""","101°48´57.332W""",27.033195,-101.815926,640,G14A41,0,0,0,0
50160058,,5,Coahuila de Zaragoza,Coah.,16,Lamadrid,58,Refugio Garibay,R,"27°01´49.798N""","101°48´59.192W""",27.030499,-101.816442,639,G14A41,0,0,0,0
50160059,,5,Coahuila de Zaragoza,Coah.,16,Lamadrid,59,Fito Guajardo,R,"27°08´45.631N""","101°52´45.112W""",27.146008,-101.879197,1080,G14A41,0,0,0,0
50160060,,5,Coahuila de Zaragoza,Coah.,16,Lamadrid,60,Los Álamos,R,"27°08´52.427N""","101°52´50.751W""",27.147896,-101.880764,1079,G14A41,0,0,0,0
50160061,,5,Coahuila de Zaragoza,Coah.,16,Lamadrid,61,La Casa de la Pila,R,"27°05´29.691N""","101°58´45.644W""",27.091581,-101.979345,1317,G14A41,0,0,0,0
