MAPA,Estatus,CVE_ENT,NOM_ENT,NOM_ABR,CVE_MUN,NOM_MUN,CVE_LOC,NOM_LOC,AMBITO,LATITUD,LONGITUD,LAT_DECIMAL,LON_DECIMAL,ALTITUD,CVE_CARTA,POB_TOTAL,POB_MASCULINA,POB_FEMENINA,TOTAL DE VIVIENDAS HABITADAS
50130001,,5,Coahuila de Zaragoza,Coah.,13,Hidalgo,1,Hidalgo,U,"27°47´30.050N""","099°52´33.798W""",27.79168,-99.876054,151,G14A17,1674,847,827,452
50130002,,5,Coahuila de Zaragoza,Coah.,13,Hidalgo,2,El Gato (Las Adjuntas),R,"27°49´57.821N""","099°56´48.277W""",27.832727,-99.946743,157,G14A17,0,0,0,0
50130003,,5,Coahuila de Zaragoza,Coah.,13,Hidalgo,3,Los Apaches,R,"27°52´55.940N""","099°56´06.596W""",27.882205,-99.935165,180,G14A17,0,0,0,0
50130004,,5,Coahuila de Zaragoza,Coah.,13,Hidalgo,4,Los Borregos,R,"27°54´45.319N""","099°59´08.404W""",27.912589,-99.985667,200,G14A17,0,0,0,0
50130005,,5,Coahuila de Zaragoza,Coah.,13,Hidalgo,5,Brasil,R,"27°46´25.640N""","099°57´00.640W""",27.773788,-99.950178,183,G14A17,0,0,0,0
50130007,,5,Coahuila de Zaragoza,Coah.,13,Hidalgo,7,Las Cuevitas,R,"27°45´44.319N""","099°53´52.460W""",27.762311,-99.897905,160,G14A17,2,*,*,1
50130009,,5,Coahuila de Zaragoza,Coah.,13,Hidalgo,9,El Chorro,R,"28°00´35.992N""","100°00´35.209W""",28.009998,-100.00978,161,H14C86,0,0,0,0
50130010,,5,Coahuila de Zaragoza,Coah.,13,Hidalgo,10,El Chupadero,R,"27°51´55.714N""","099°56´28.404W""",27.865476,-99.941223,182,G14A17,9,4,5,3
50130011,,5,Coahuila de Zaragoza,Coah.,13,Hidalgo,11,Gracias a Dios,R,"27°50´27.052N""","099°53´54.487W""",27.840847,-99.898468,150,G14A17,0,0,0,0
50130012,,5,Coahuila de Zaragoza,Coah.,13,Hidalgo,12,Las Iglesias (Iglesias de Flores),R,"28°00´26.300N""","100°03´10.068W""",28.007306,-100.052797,179,H14C86,0,0,0,0
50130013,,5,Coahuila de Zaragoza,Coah.,13,Hidalgo,13,Lazaderos (Lazaderos Número Uno),R,"27°48´09.318N""","099°59´59.733W""",27.802588,-99.999926,170,G14A17,0,0,0,0
50130014,,5,Coahuila de Zaragoza,Coah.,13,Hidalgo,14,Rancho RR,R,"27°47´39.395N""","099°53´59.607W""",27.794276,-99.899891,160,G14A17,1,*,*,1
50130016,,5,Coahuila de Zaragoza,Coah.,13,Hidalgo,16,El Nogal,R,"28°03´44.553N""","100°01´26.260W""",28.062376,-100.02396,161,H14C86,1,*,*,1
50130017,,5,Coahuila de Zaragoza,Coah.,13,Hidalgo,17,Palo Blanco,R,"27°45´49.169N""","100°05´51.100W""",27.763658,-100.097527,198,G14A16,4,*,*,1
50130018,,5,Coahuila de Zaragoza,Coah.,13,Hidalgo,18,El Puerto de Agua Verde (El Puerto),R,"27°47´43.179N""","100°13´01.717W""",27.795327,-100.217143,215,G14A16,0,0,0,0
50130019,,5,Coahuila de Zaragoza,Coah.,13,Hidalgo,19,Rancherías,R,"27°41´28.702N""","099°56´46.583W""",27.691306,-99.946273,183,G14A27,0,0,0,0
50130020,,5,Coahuila de Zaragoza,Coah.,13,Hidalgo,20,Rancho Nuevo,R,"28°02´28.866N""","100°01´12.682W""",28.041351,-100.020189,163,H14C86,0,0,0,0
50130022,,5,Coahuila de Zaragoza,Coah.,13,Hidalgo,22,San Alejo,R,"27°59´46.698N""","100°00´11.200W""",27.996305,-100.003111,162,G14A16,2,*,*,1
50130023,,5,Coahuila de Zaragoza,Coah.,13,Hidalgo,23,Santa Adelfa,R,"27°49´05.160N""","100°14´50.016W""",27.818099,-100.247226,223,G14A16,0,0,0,0
50130024,,5,Coahuila de Zaragoza,Coah.,13,Hidalgo,24,San Enrique,R,"27°46´51.759N""","099°50´54.769W""",27.781044,-99.848547,151,G14A17,1,*,*,1
50130025,,5,Coahuila de Zaragoza,Coah.,13,Hidalgo,25,San Enrique,R,"27°56´37.748N""","100°08´35.931W""",27.943819,-100.143314,230,G14A16,1,*,*,1
50130026,,5,Coahuila de Zaragoza,Coah.,13,Hidalgo,26,San Francisco,R,"27°57´29.666N""","100°01´58.661W""",27.958241,-100.032961,180,G14A16,1,*,*,1
50130028,,5,Coahuila de Zaragoza,Coah.,13,Hidalgo,28,San Jesús,R,"28°02´02.404N""","100°00´50.928W""",28.034001,-100.014147,161,H14C86,0,0,0,0
50130033,,5,Coahuila de Zaragoza,Coah.,13,Hidalgo,33,Santa Bárbara,R,"27°47´09.419N""","100°05´46.240W""",27.785949,-100.096177,196,G14A16,0,0,0,0
50130035,,5,Coahuila de Zaragoza,Coah.,13,Hidalgo,35,El Sauz,R,"28°00´38.030N""","100°00´39.080W""",28.010564,-100.010856,161,H14C86,1,*,*,1
50130036,,5,Coahuila de Zaragoza,Coah.,13,Hidalgo,36,Tanquecillos,R,"27°50´27.579N""","100°06´36.449W""",27.840994,-100.110125,200,G14A16,0,0,0,0
50130041,,5,Coahuila de Zaragoza,Coah.,13,Hidalgo,41,El Encino,R,"27°49´13.832N""","099°56´10.982W""",27.820508,-99.936384,151,G14A17,0,0,0,0
50130042,,5,Coahuila de Zaragoza,Coah.,13,Hidalgo,42,San Fernando (El Gallo),R,"27°48´11.263N""","099°52´49.853W""",27.803129,-99.880514,150,G14A17,0,0,0,0
50130043,,5,Coahuila de Zaragoza,Coah.,13,Hidalgo,43,El Ojito,R,"27°47´31.472N""","099°56´41.741W""",27.792075,-99.944928,173,G14A17,1,*,*,1
50130044,,5,Coahuila de Zaragoza,Coah.,13,Hidalgo,44,Loma la Mujer,R,"27°46´26.421N""","099°58´25.062W""",27.774005,-99.973628,212,G14A17,0,0,0,0
50130046,,5,Coahuila de Zaragoza,Coah.,13,Hidalgo,46,Alto Bonito,R,"27°47´24.038N""","100°01´06.455W""",27.79001,-100.018459,184,G14A16,0,0,0,0
50130047,,5,Coahuila de Zaragoza,Coah.,13,Hidalgo,47,Cinco Hermanos,R,"27°48´45.759N""","100°05´49.719W""",27.812711,-100.097144,200,G14A16,0,0,0,0
50130048,,5,Coahuila de Zaragoza,Coah.,13,Hidalgo,48,La Grulla,R,"27°45´19.815N""","100°00´16.400W""",27.755504,-100.004556,200,G14A16,0,0,0,0
50130049,,5,Coahuila de Zaragoza,Coah.,13,Hidalgo,49,Don Oscar,R,"27°56´49.774N""","099°59´51.800W""",27.947159,-99.997722,189,G14A17,0,0,0,0
50130050,,5,Coahuila de Zaragoza,Coah.,13,Hidalgo,50,Canoítas,R,"28°04´18.285N""","100°03´00.243W""",28.071745,-100.050068,162,H14C86,3,*,*,1
50130051,,5,Coahuila de Zaragoza,Coah.,13,Hidalgo,51,El Rodeo,R,"27°54´48.004N""","100°03´34.760W""",27.913334,-100.059656,209,G14A16,2,*,*,2
50130052,,5,Coahuila de Zaragoza,Coah.,13,Hidalgo,52,Ninguno [Bodega del Ejido],R,"27°52´36.490N""","099°54´20.509W""",27.876802,-99.905697,155,G14A17,0,0,0,0
50130054,,5,Coahuila de Zaragoza,Coah.,13,Hidalgo,54,Santo Tomás,R,"27°46´55.170N""","100°17´05.629W""",27.781991,-100.284897,240,G14A16,0,0,0,0
50130057,,5,Coahuila de Zaragoza,Coah.,13,Hidalgo,57,El Sufrido (El Carmen),R,"27°44´55.409N""","100°17´36.835W""",27.748724,-100.293565,270,G14A26,0,0,0,0
50130059,,5,Coahuila de Zaragoza,Coah.,13,Hidalgo,59,Peñitas Uno,R,"27°42´32.709N""","100°04´13.153W""",27.709086,-100.07032,222,G14A26,1,*,*,1
50130060,,5,Coahuila de Zaragoza,Coah.,13,Hidalgo,60,Peñitas Dos,R,"27°43´40.219N""","100°02´52.852W""",27.727838,-100.048014,214,G14A26,1,*,*,1
50130061,,5,Coahuila de Zaragoza,Coah.,13,Hidalgo,61,El Barrocito,R,"27°44´25.760N""","100°06´41.850W""",27.740489,-100.111625,220,G14A26,1,*,*,1
50130066,,5,Coahuila de Zaragoza,Coah.,13,Hidalgo,66,San Emeterio,R,"27°44´16.891N""","100°05´18.056W""",27.738025,-100.088349,215,G14A26,0,0,0,0
50130068,,5,Coahuila de Zaragoza,Coah.,13,Hidalgo,68,Las Lomas,R,"27°57´36.910N""","099°58´47.139W""",27.960253,-99.97976,180,G14A17,0,0,0,0
50130069,,5,Coahuila de Zaragoza,Coah.,13,Hidalgo,69,La Rosita (El Almud),R,"27°44´28.046N""","099°52´16.191W""",27.741124,-99.871164,181,G14A27,0,0,0,0
50130071,,5,Coahuila de Zaragoza,Coah.,13,Hidalgo,71,El Vergel,R,"27°59´29.282N""","099°59´36.430W""",27.991467,-99.993452,161,G14A17,0,0,0,0
50130072,,5,Coahuila de Zaragoza,Coah.,13,Hidalgo,72,La Felicidad,R,"27°46´59.323N""","099°53´33.833W""",27.783145,-99.892731,161,G14A17,1,*,*,1
50130075,,5,Coahuila de Zaragoza,Coah.,13,Hidalgo,75,Santa Celia,R,"27°51´40.349N""","100°03´27.230W""",27.861208,-100.057564,200,G14A16,3,*,*,2
50130076,,5,Coahuila de Zaragoza,Coah.,13,Hidalgo,76,Santa Eulalia,R,"27°59´27.693N""","099°59´26.681W""",27.991026,-99.990744,166,G14A17,2,*,*,1
50130077,,5,Coahuila de Zaragoza,Coah.,13,Hidalgo,77,Los Tildios,R,"27°49´08.343N""","100°08´41.158W""",27.818984,-100.144766,200,G14A16,0,0,0,0
50130078,,5,Coahuila de Zaragoza,Coah.,13,Hidalgo,78,Veinte de Junio,R,"27°47´11.055N""","099°52´51.982W""",27.786404,-99.881105,150,G14A17,0,0,0,0
50130079,,5,Coahuila de Zaragoza,Coah.,13,Hidalgo,79,Comitas,R,"27°39´30.589N""","099°57´19.019W""",27.658497,-99.955283,196,G14A27,0,0,0,0
50130081,,5,Coahuila de Zaragoza,Coah.,13,Hidalgo,81,San Alberto Uno,R,"27°41´01.179N""","100°02´34.290W""",27.683661,-100.042858,233,G14A26,0,0,0,0
50130084,,5,Coahuila de Zaragoza,Coah.,13,Hidalgo,84,San Alberto Dos,R,"27°41´07.229N""","100°04´11.430W""",27.685341,-100.069841,220,G14A26,0,0,0,0
50130086,,5,Coahuila de Zaragoza,Coah.,13,Hidalgo,86,Vista Verde,R,"27°57´14.099N""","099°56´26.679W""",27.953916,-99.940744,162,G14A17,0,0,0,0
50130087,,5,Coahuila de Zaragoza,Coah.,13,Hidalgo,87,El Semoro (Arroyitos),R,"27°57´29.019N""","099°57´48.750W""",27.958061,-99.963542,165,G14A17,0,0,0,0
50130091,,5,Coahuila de Zaragoza,Coah.,13,Hidalgo,91,La Piña,R,"27°47´08.607N""","099°54´50.400W""",27.785724,-99.914,176,G14A17,0,0,0,0
50130092,,5,Coahuila de Zaragoza,Coah.,13,Hidalgo,92,La Roca,R,"27°48´00.370N""","099°53´46.868W""",27.800103,-99.896352,159,G14A17,4,*,*,2
50130093,,5,Coahuila de Zaragoza,Coah.,13,Hidalgo,93,La Zacatosa,R,"27°49´22.562N""","100°11´57.207W""",27.822933,-100.199224,230,G14A16,0,0,0,0
50130095,,5,Coahuila de Zaragoza,Coah.,13,Hidalgo,95,Los Tiernos,R,"28°01´30.280N""","100°00´48.690W""",28.025077,-100.013525,161,H14C86,3,*,*,1
50130098,,5,Coahuila de Zaragoza,Coah.,13,Hidalgo,98,María Gutiérrez (Santa Martha),R,"27°46´27.227N""","099°52´38.244W""",27.774229,-99.877289,159,G14A17,2,*,*,2
50130099,,5,Coahuila de Zaragoza,Coah.,13,Hidalgo,99,La Providencia,R,"27°50´18.166N""","099°54´57.706W""",27.838379,-99.916029,160,G14A17,0,0,0,0
50130100,,5,Coahuila de Zaragoza,Coah.,13,Hidalgo,100,Las Palomas,R,"27°50´06.194N""","099°53´17.141W""",27.835054,-99.888094,149,G14A17,0,0,0,0
50130101,,5,Coahuila de Zaragoza,Coah.,13,Hidalgo,101,Rancho Nuevo,R,"27°50´47.315N""","099°54´08.933W""",27.846476,-99.902481,155,G14A17,0,0,0,0
50130102,,5,Coahuila de Zaragoza,Coah.,13,Hidalgo,102,Jesús García Longoria,R,"27°50´34.456N""","099°53´21.973W""",27.842904,-99.889437,150,G14A17,0,0,0,0
50130103,,5,Coahuila de Zaragoza,Coah.,13,Hidalgo,103,La Pasadita,R,"27°51´07.383N""","099°55´07.498W""",27.852051,-99.918749,164,G14A17,0,0,0,0
50130104,,5,Coahuila de Zaragoza,Coah.,13,Hidalgo,104,Saúl Gazcón,R,"27°50´26.436N""","099°53´27.234W""",27.840676,-99.890898,150,G14A17,0,0,0,0
50130105,,5,Coahuila de Zaragoza,Coah.,13,Hidalgo,105,Rancho Bonito,R,"27°51´39.055N""","099°54´16.392W""",27.860849,-99.904553,152,G14A17,1,*,*,1
50130106,,5,Coahuila de Zaragoza,Coah.,13,Hidalgo,106,El Recuerdo,R,"28°01´19.170N""","100°00´45.630W""",28.021991,-100.012675,163,H14C86,1,*,*,1
50130107,,5,Coahuila de Zaragoza,Coah.,13,Hidalgo,107,San Juanita,R,"28°03´03.137N""","100°03´48.839W""",28.050871,-100.063566,187,H14C86,0,0,0,0
50130108,,5,Coahuila de Zaragoza,Coah.,13,Hidalgo,108,Santa Eulalia,R,"27°57´06.490N""","099°59´53.049W""",27.951803,-99.998069,180,G14A17,0,0,0,0
50130110,,5,Coahuila de Zaragoza,Coah.,13,Hidalgo,110,La Zacatosa,R,"27°47´59.176N""","099°53´02.603W""",27.799771,-99.884056,149,G14A17,0,0,0,0
50130111,,5,Coahuila de Zaragoza,Coah.,13,Hidalgo,111,Ramón Garza,R,"27°47´32.959N""","099°53´28.597W""",27.792488,-99.891277,154,G14A17,3,*,*,2
50130112,,5,Coahuila de Zaragoza,Coah.,13,Hidalgo,112,Felipe Espinoza,R,"27°47´03.289N""","099°54´05.879W""",27.784247,-99.901633,176,G14A17,0,0,0,0
50130113,,5,Coahuila de Zaragoza,Coah.,13,Hidalgo,113,La Herradura,R,"27°45´54.910N""","099°54´48.980W""",27.765253,-99.913606,169,G14A17,0,0,0,0
50130115,,5,Coahuila de Zaragoza,Coah.,13,Hidalgo,115,El Ahogadero,R,"27°49´48.447N""","100°16´53.099W""",27.830124,-100.281416,238,G14A16,0,0,0,0
50130116,,5,Coahuila de Zaragoza,Coah.,13,Hidalgo,116,El Dorado,R,"27°53´50.220N""","100°07´05.194W""",27.897283,-100.118109,220,G14A16,2,*,*,1
50130117,,5,Coahuila de Zaragoza,Coah.,13,Hidalgo,117,Palo Blanco,R,"27°43´11.094N""","099°57´30.754W""",27.719748,-99.958543,189,G14A27,0,0,0,0
50130118,,5,Coahuila de Zaragoza,Coah.,13,Hidalgo,118,Las Gallinas,R,"27°41´19.410N""","099°58´25.740W""",27.688725,-99.973816,208,G14A27,0,0,0,0
50130119,,5,Coahuila de Zaragoza,Coah.,13,Hidalgo,119,Timoteo Hernández,R,"27°46´19.976N""","099°55´28.003W""",27.772215,-99.924445,178,G14A17,0,0,0,0
50130121,,5,Coahuila de Zaragoza,Coah.,13,Hidalgo,121,Agua Verde,R,"27°47´47.355N""","099°56´16.396W""",27.796487,-99.937887,166,G14A17,0,0,0,0
50130122,,5,Coahuila de Zaragoza,Coah.,13,Hidalgo,122,La Barranca,R,"27°54´07.317N""","099°57´38.329W""",27.902033,-99.960647,183,G14A17,0,0,0,0
50130124,,5,Coahuila de Zaragoza,Coah.,13,Hidalgo,124,Saúl Rascón,R,"27°46´15.279N""","099°52´40.249W""",27.77091,-99.877846,158,G14A17,0,0,0,0
50130125,,5,Coahuila de Zaragoza,Coah.,13,Hidalgo,125,Ticos Ranch,R,"28°01´52.790N""","100°00´48.710W""",28.03133,-100.013531,161,H14C86,1,*,*,1
50130126,,5,Coahuila de Zaragoza,Coah.,13,Hidalgo,126,Juan Vargas de la Rosa,R,"27°46´09.462N""","099°52´37.327W""",27.769294,-99.877035,159,G14A17,0,0,0,0
50130127,,5,Coahuila de Zaragoza,Coah.,13,Hidalgo,127,Raymundo de la Rosa,R,"27°46´25.636N""","099°52´06.596W""",27.773787,-99.868498,157,G14A17,1,*,*,1
50130128,,5,Coahuila de Zaragoza,Coah.,13,Hidalgo,128,Las Ventanas,R,"27°43´31.040N""","099°58´48.599W""",27.725288,-99.980166,210,G14A27,0,0,0,0
50130129,,5,Coahuila de Zaragoza,Coah.,13,Hidalgo,129,El Diez,R,"27°37´28.704N""","100°00´01.443W""",27.624639,-100.000401,273,G14A26,0,0,0,0
50130130,,5,Coahuila de Zaragoza,Coah.,13,Hidalgo,130,El Semoro,R,"27°57´59.437N""","099°56´09.142W""",27.96651,-99.935872,161,G14A17,0,0,0,0
50130131,,5,Coahuila de Zaragoza,Coah.,13,Hidalgo,131,Santos Refugio,R,"27°52´30.092N""","100°06´36.893W""",27.875025,-100.110248,194,G14A16,0,0,0,0
50130132,,5,Coahuila de Zaragoza,Coah.,13,Hidalgo,132,Lazaderos,R,"27°37´04.834N""","099°59´58.529W""",27.618009,-99.999591,281,G14A27,2,*,*,2
50130133,,5,Coahuila de Zaragoza,Coah.,13,Hidalgo,133,Saúl Rascón,R,"27°45´51.600N""","099°52´16.970W""",27.764333,-99.87138,156,G14A17,1,*,*,1
50130134,,5,Coahuila de Zaragoza,Coah.,13,Hidalgo,134,La Chiva,R,"27°45´19.540N""","099°52´51.650W""",27.755428,-99.881013,160,G14A17,1,*,*,1
50130135,,5,Coahuila de Zaragoza,Coah.,13,Hidalgo,135,La Bodega,R,"27°48´51.750N""","099°52´38.570W""",27.814375,-99.87738,142,G14A17,0,0,0,0
50130136,,5,Coahuila de Zaragoza,Coah.,13,Hidalgo,136,Rosa de Guadalupe,R,"27°51´31.580N""","099°55´02.696W""",27.858772,-99.917415,161,G14A17,1,*,*,1
