MAPA,Estatus,CVE_ENT,NOM_ENT,NOM_ABR,CVE_MUN,NOM_MUN,CVE_LOC,NOM_LOC,AMBITO,LATITUD,LONGITUD,LAT_DECIMAL,LON_DECIMAL,ALTITUD,CVE_CARTA,POB_TOTAL,POB_MASCULINA,POB_FEMENINA,TOTAL DE VIVIENDAS HABITADAS
50380001,,5,Coahuila de Zaragoza,Coah.,38,Zaragoza,1,Zaragoza,U,"28°29´13.355N""","100°55´03.438W""",28.487043,-100.917621,360,H14C74,11150,5462,5688,3322
50380002,,5,Coahuila de Zaragoza,Coah.,38,Zaragoza,2,La Agrícola,R,"28°46´07.545N""","101°06´10.507W""",28.768762,-101.102919,372,H14C53,105,56,49,35
50380003,,5,Coahuila de Zaragoza,Coah.,38,Zaragoza,3,El Deseado,R,"28°32´15.748N""","101°08´11.072W""",28.537707,-101.136409,437,H14C63,0,0,0,0
50380007,,5,Coahuila de Zaragoza,Coah.,38,Zaragoza,7,Las Calabazas,R,"28°45´27.079N""","101°27´25.989W""",28.757522,-101.457219,668,H14C52,2,*,*,1
50380008,,5,Coahuila de Zaragoza,Coah.,38,Zaragoza,8,El Caracol,R,"28°31´31.474N""","100°56´18.767W""",28.525409,-100.938546,360,H14C64,8,*,*,2
50380009,,5,Coahuila de Zaragoza,Coah.,38,Zaragoza,9,El Caracol,R,"28°33´17.970N""","101°27´15.419W""",28.554992,-101.454283,845,H14C62,0,0,0,0
50380010,,5,Coahuila de Zaragoza,Coah.,38,Zaragoza,10,Casa Blanca,R,"28°23´57.939N""","101°00´10.566W""",28.399427,-101.002935,407,H14C73,3,*,*,1
50380011,,5,Coahuila de Zaragoza,Coah.,38,Zaragoza,11,El Colorado,R,"28°41´20.240N""","101°12´16.290W""",28.688955,-101.204525,456,H14C63,2,*,*,1
50380012,,5,Coahuila de Zaragoza,Coah.,38,Zaragoza,12,Corte Nuevo,R,"28°33´09.647N""","100°53´26.504W""",28.55268,-100.890695,342,H14C64,27,14,13,9
50380013,,5,Coahuila de Zaragoza,Coah.,38,Zaragoza,13,La Cruz,R,"28°30´44.606N""","100°50´56.568W""",28.512391,-100.849046,332,H14C64,0,0,0,0
50380014,,5,Coahuila de Zaragoza,Coah.,38,Zaragoza,14,San Juan,R,"28°38´22.179N""","100°52´12.770W""",28.639494,-100.870213,323,H14C64,0,0,0,0
50380015,,5,Coahuila de Zaragoza,Coah.,38,Zaragoza,15,Desemboque,R,"28°47´05.041N""","101°18´12.555W""",28.784733,-101.303488,447,H14C53,0,0,0,0
50380016,,5,Coahuila de Zaragoza,Coah.,38,Zaragoza,16,El Divisadero,R,"29°09´37.599N""","101°21´43.605W""",29.160444,-101.362113,502,H14C42,0,0,0,0
50380018,,5,Coahuila de Zaragoza,Coah.,38,Zaragoza,18,El Gavilán,R,"29°15´24.516N""","101°38´56.713W""",29.25681,-101.649087,677,H14C32,1,*,*,1
50380019,,5,Coahuila de Zaragoza,Coah.,38,Zaragoza,19,San Antonio,R,"28°38´38.990N""","100°51´10.469W""",28.644164,-100.852908,309,H14C64,0,0,0,0
50380020,,5,Coahuila de Zaragoza,Coah.,38,Zaragoza,20,La Lagunita,R,"28°28´52.582N""","101°07´09.963W""",28.481272,-101.119434,454,H14C73,0,0,0,0
50380021,,5,Coahuila de Zaragoza,Coah.,38,Zaragoza,21,León Uno,R,"28°30´38.010N""","101°03´14.442W""",28.510558,-101.054012,390,H14C63,1,*,*,1
50380023,,5,Coahuila de Zaragoza,Coah.,38,Zaragoza,23,Maravillas,R,"28°39´21.330N""","100°39´34.790W""",28.655925,-100.659664,249,H14C65,1,*,*,1
50380024,,5,Coahuila de Zaragoza,Coah.,38,Zaragoza,24,Margaritas,R,"28°41´20.910N""","101°46´28.890W""",28.689141,-101.774691,870,H14C61,0,0,0,0
50380025,,5,Coahuila de Zaragoza,Coah.,38,Zaragoza,25,La Maroma,R,"28°36´11.719N""","100°42´40.381W""",28.603255,-100.711217,278,H14C64,127,71,56,38
50380026,,5,Coahuila de Zaragoza,Coah.,38,Zaragoza,26,Minerva,R,"28°32´01.560N""","100°57´14.888W""",28.533766,-100.954136,364,H14C64,0,0,0,0
50380028,,5,Coahuila de Zaragoza,Coah.,38,Zaragoza,28,Olivares (Costabella),R,"28°26´20.181N""","100°55´49.505W""",28.438939,-100.930417,377,H14C74,0,0,0,0
50380029,,5,Coahuila de Zaragoza,Coah.,38,Zaragoza,29,Paso del Tío Pío,R,"28°28´42.878N""","100°54´11.694W""",28.478577,-100.903248,358,H14C74,564,287,277,154
50380030,,5,Coahuila de Zaragoza,Coah.,38,Zaragoza,30,Lorenzo Domínguez Muñoz,R,"28°30´04.175N""","100°52´41.526W""",28.50116,-100.878201,342,H14C64,0,0,0,0
50380031,,5,Coahuila de Zaragoza,Coah.,38,Zaragoza,31,Patiño (Nato Salinas),R,"28°26´57.019N""","100°59´21.620W""",28.449172,-100.989339,389,H14C74,0,0,0,0
50380032,,5,Coahuila de Zaragoza,Coah.,38,Zaragoza,32,El Pensamiento,R,"28°38´55.920N""","101°07´16.306W""",28.648866,-101.121195,419,H14C63,0,0,0,0
50380033,,5,Coahuila de Zaragoza,Coah.,38,Zaragoza,33,Porvenir y Canal,R,"28°33´28.847N""","100°55´29.105W""",28.558013,-100.924751,353,H14C64,0,0,0,0
50380035,,5,Coahuila de Zaragoza,Coah.,38,Zaragoza,35,Eduardo Martínez (Puertas Coloradas),R,"28°26´04.133N""","100°56´20.799W""",28.434481,-100.939111,380,H14C74,0,0,0,0
50380036,,5,Coahuila de Zaragoza,Coah.,38,Zaragoza,36,El Refugio,R,"28°33´25.390N""","101°10´14.850W""",28.557053,-101.170791,449,H14C63,0,0,0,0
50380038,,5,Coahuila de Zaragoza,Coah.,38,Zaragoza,38,Congregación el Remolino,R,"28°45´21.261N""","101°04´52.046W""",28.755906,-101.081123,371,H14C53,350,182,168,118
50380040,,5,Coahuila de Zaragoza,Coah.,38,Zaragoza,40,Ex-Hacienda San Fernando,R,"28°35´34.213N""","100°54´48.569W""",28.592837,-100.913491,343,H14C64,0,0,0,0
50380041,,5,Coahuila de Zaragoza,Coah.,38,Zaragoza,41,San Fernando (Dávila),R,"28°35´41.837N""","100°53´51.228W""",28.594954,-100.897563,337,H14C64,91,49,42,26
50380042,,5,Coahuila de Zaragoza,Coah.,38,Zaragoza,42,Santa Anita,R,"28°43´48.054N""","100°58´15.911W""",28.730014,-100.971086,342,H14C64,4,*,*,2
50380043,,5,Coahuila de Zaragoza,Coah.,38,Zaragoza,43,Santa Eulalia,R,"29°13´19.959N""","101°20´54.579W""",29.22221,-101.348494,475,H14C42,252,125,127,77
50380044,,5,Coahuila de Zaragoza,Coah.,38,Zaragoza,44,Balneario Santa Fe,R,"28°26´59.479N""","100°54´13.280W""",28.449855,-100.903689,366,H14C74,0,0,0,0
50380045,,5,Coahuila de Zaragoza,Coah.,38,Zaragoza,45,Tinaja Azul (Los Pilotes),R,"28°42´03.114N""","101°19´42.254W""",28.700865,-101.328403,546,H14C63,0,0,0,0
50380046,,5,Coahuila de Zaragoza,Coah.,38,Zaragoza,46,El Tío Tacho,R,"28°46´04.772N""","101°19´41.629W""",28.767992,-101.32823,464,H14C53,2,*,*,1
50380047,,5,Coahuila de Zaragoza,Coah.,38,Zaragoza,47,El Trébol,R,"28°40´08.140N""","101°24´19.672W""",28.668927,-101.405464,742,H14C62,1,*,*,1
50380049,,5,Coahuila de Zaragoza,Coah.,38,Zaragoza,49,El Tule,R,"28°31´52.619N""","101°31´48.280W""",28.531282,-101.530077,798,H14C62,0,0,0,0
50380053,,5,Coahuila de Zaragoza,Coah.,38,Zaragoza,53,Zaragoza,R,"28°33´27.821N""","100°54´25.549W""",28.557728,-100.907097,345,H14C64,46,26,20,15
50380055,,5,Coahuila de Zaragoza,Coah.,38,Zaragoza,55,Santa Martha de los Osos,R,"28°46´20.609N""","101°06´43.599W""",28.772391,-101.112111,370,H14C53,0,0,0,0
50380057,,5,Coahuila de Zaragoza,Coah.,38,Zaragoza,57,La Mota,R,"28°24´10.362N""","101°10´50.141W""",28.402878,-101.180594,520,H14C73,0,0,0,0
50380058,,5,Coahuila de Zaragoza,Coah.,38,Zaragoza,58,Cuatro Hermanas,R,"28°45´06.393N""","101°04´19.987W""",28.751776,-101.072218,366,H14C53,0,0,0,0
50380059,,5,Coahuila de Zaragoza,Coah.,38,Zaragoza,59,La Presita,R,"28°36´17.872N""","101°14´28.674W""",28.604964,-101.241298,499,H14C63,0,0,0,0
50380060,,5,Coahuila de Zaragoza,Coah.,38,Zaragoza,60,Zaragoza [Centro de Investigación Agrícola],R,"28°35´49.649N""","100°54´27.699W""",28.597124,-100.907694,340,H14C64,0,0,0,0
50380062,,5,Coahuila de Zaragoza,Coah.,38,Zaragoza,62,El Macho,R,"28°23´31.958N""","101°12´46.936W""",28.39221,-101.213038,553,H14C73,1,*,*,1
50380063,,5,Coahuila de Zaragoza,Coah.,38,Zaragoza,63,Las Cuevas,R,"28°25´03.622N""","101°08´29.643W""",28.417672,-101.141567,476,H14C73,1,*,*,1
50380064,,5,Coahuila de Zaragoza,Coah.,38,Zaragoza,64,Los Pinos,R,"28°24´58.557N""","101°09´07.096W""",28.416266,-101.151971,480,H14C73,1,*,*,1
50380065,,5,Coahuila de Zaragoza,Coah.,38,Zaragoza,65,Santa Cecilia,R,"28°23´46.025N""","101°16´23.667W""",28.396118,-101.27324,596,H14C73,9,*,*,2
50380079,,5,Coahuila de Zaragoza,Coah.,38,Zaragoza,79,La Rosita (Gilberto Villarreal Garza),R,"29°07´51.076N""","101°32´13.920W""",29.130854,-101.5372,647,H14C42,1,*,*,1
50380080,,5,Coahuila de Zaragoza,Coah.,38,Zaragoza,80,Galindo,R,"28°32´25.270N""","100°54´45.107W""",28.540352,-100.91253,350,H14C64,0,0,0,0
50380081,,5,Coahuila de Zaragoza,Coah.,38,Zaragoza,81,La Esmeralda (Puertas Cuatas),R,"28°43´20.629N""","100°54´45.060W""",28.722396,-100.912517,333,H14C64,0,0,0,0
50380082,,5,Coahuila de Zaragoza,Coah.,38,Zaragoza,82,Santa Rosa,R,"28°28´25.884N""","100°54´42.577W""",28.473856,-100.911827,362,H14C74,3,*,*,2
50380083,,5,Coahuila de Zaragoza,Coah.,38,Zaragoza,83,El Molino,R,"28°29´44.540N""","100°56´27.625W""",28.495705,-100.941007,365,H14C74,4,*,*,1
50380086,,5,Coahuila de Zaragoza,Coah.,38,Zaragoza,86,San Marcos,R,"28°27´51.124N""","100°54´58.930W""",28.464201,-100.916369,366,H14C74,0,0,0,0
50380087,,5,Coahuila de Zaragoza,Coah.,38,Zaragoza,87,Ojo de las Ánimas,R,"28°27´35.929N""","100°58´59.869W""",28.45998,-100.983296,379,H14C74,0,0,0,0
50380088,,5,Coahuila de Zaragoza,Coah.,38,Zaragoza,88,Ojo de las Ánimas,R,"28°27´05.920N""","100°58´21.420W""",28.451644,-100.972616,384,H14C74,0,0,0,0
50380091,,5,Coahuila de Zaragoza,Coah.,38,Zaragoza,91,El Gato,R,"28°25´23.491N""","100°58´43.027W""",28.423191,-100.978618,390,H14C74,0,0,0,0
50380092,,5,Coahuila de Zaragoza,Coah.,38,Zaragoza,92,El Consuelo,R,"28°23´41.899N""","101°00´11.819W""",28.394972,-101.003283,409,H14C73,0,0,0,0
50380093,,5,Coahuila de Zaragoza,Coah.,38,Zaragoza,93,Barranco Blanco,R,"28°24´25.019N""","100°58´46.049W""",28.40695,-100.979457,400,H14C74,0,0,0,0
50380095,,5,Coahuila de Zaragoza,Coah.,38,Zaragoza,95,Casa Blanca Número Dos,R,"28°24´03.708N""","100°59´42.977W""",28.40103,-100.995271,400,H14C74,0,0,0,0
50380102,,5,Coahuila de Zaragoza,Coah.,38,Zaragoza,102,El Pobre,R,"28°43´17.496N""","101°16´40.357W""",28.721526,-101.277876,514,H14C63,0,0,0,0
50380104,,5,Coahuila de Zaragoza,Coah.,38,Zaragoza,104,Terreros,R,"28°40´34.332N""","101°32´03.266W""",28.676203,-101.53424,958,H14C62,6,*,*,2
50380106,,5,Coahuila de Zaragoza,Coah.,38,Zaragoza,106,La Viña,R,"28°32´26.990N""","100°55´33.662W""",28.54083,-100.926017,355,H14C64,0,0,0,0
50380107,,5,Coahuila de Zaragoza,Coah.,38,Zaragoza,107,La Mota Seca,R,"28°27´16.634N""","100°53´32.305W""",28.454621,-100.892307,360,H14C74,0,0,0,0
50380110,,5,Coahuila de Zaragoza,Coah.,38,Zaragoza,110,Santa Cruz,R,"28°41´17.549N""","101°00´04.340W""",28.688208,-101.001206,384,H14C63,0,0,0,0
50380111,,5,Coahuila de Zaragoza,Coah.,38,Zaragoza,111,San Pablo,R,"28°36´14.309N""","100°59´47.140W""",28.603975,-100.996427,371,H14C64,0,0,0,0
50380112,,5,Coahuila de Zaragoza,Coah.,38,Zaragoza,112,El Ahorcado,R,"28°32´50.057N""","101°10´15.156W""",28.547238,-101.170876,460,H14C63,0,0,0,0
50380113,,5,Coahuila de Zaragoza,Coah.,38,Zaragoza,113,Los Montalvo,R,"29°09´51.552N""","101°26´30.034W""",29.16432,-101.441676,538,H14C42,1,*,*,1
50380114,,5,Coahuila de Zaragoza,Coah.,38,Zaragoza,114,Los Portales,R,"29°09´02.884N""","101°26´54.078W""",29.150801,-101.448355,555,H14C42,1,*,*,1
50380115,,5,Coahuila de Zaragoza,Coah.,38,Zaragoza,115,Santa Anita (Los Betos),R,"28°31´04.843N""","101°39´12.333W""",28.518011,-101.653426,715,H14C62,3,*,*,1
50380117,,5,Coahuila de Zaragoza,Coah.,38,Zaragoza,117,La Vinata,R,"29°08´02.419N""","101°29´35.329W""",29.134005,-101.493147,589,H14C42,3,*,*,2
50380119,,5,Coahuila de Zaragoza,Coah.,38,Zaragoza,119,El Porvenir,R,"29°09´58.734N""","101°27´26.256W""",29.166315,-101.457293,572,H14C42,1,*,*,1
50380128,,5,Coahuila de Zaragoza,Coah.,38,Zaragoza,128,Dieciséis Mil Hectáreas (Ampliación Progreso),R,"28°54´20.476N""","101°20´07.264W""",28.905688,-101.335351,551,H14C52,0,0,0,0
50380130,,5,Coahuila de Zaragoza,Coah.,38,Zaragoza,130,El Sabino,R,"28°24´55.577N""","100°57´30.197W""",28.415438,-100.958388,389,H14C74,1,*,*,1
50380131,,5,Coahuila de Zaragoza,Coah.,38,Zaragoza,131,Los Caballos,R,"28°53´38.081N""","101°48´47.763W""",28.893911,-101.813268,1040,H14C51,0,0,0,0
50380133,,5,Coahuila de Zaragoza,Coah.,38,Zaragoza,133,Los Potros,R,"28°55´28.813N""","101°45´36.386W""",28.92467,-101.760107,1117,H14C51,0,0,0,0
50380135,,5,Coahuila de Zaragoza,Coah.,38,Zaragoza,135,San Agustín,R,"29°07´21.701N""","101°39´13.456W""",29.122694,-101.653738,773,H14C42,3,*,*,2
50380142,,5,Coahuila de Zaragoza,Coah.,38,Zaragoza,142,Agua de Julián,R,"29°01´21.970N""","101°31´51.930W""",29.022769,-101.531091,646,H14C42,1,*,*,1
50380143,,5,Coahuila de Zaragoza,Coah.,38,Zaragoza,143,Agua Nueva,R,"28°31´35.969N""","101°03´28.530W""",28.526657,-101.057925,399,H14C63,0,0,0,0
50380144,,5,Coahuila de Zaragoza,Coah.,38,Zaragoza,144,Los Ahorcados,R,"28°33´04.653N""","101°09´49.376W""",28.551293,-101.163716,445,H14C63,0,0,0,0
50380145,,5,Coahuila de Zaragoza,Coah.,38,Zaragoza,145,Las Américas,R,"29°05´38.649N""","101°23´38.690W""",29.094069,-101.39408,516,H14C42,1,*,*,1
50380148,,5,Coahuila de Zaragoza,Coah.,38,Zaragoza,148,Los Árboles,R,"29°04´05.890N""","101°26´36.489W""",29.068302,-101.443469,548,H14C42,2,*,*,1
50380149,,5,Coahuila de Zaragoza,Coah.,38,Zaragoza,149,El Bambilete,R,"28°40´59.355N""","101°08´58.786W""",28.683154,-101.149662,409,H14C63,3,*,*,1
50380150,,5,Coahuila de Zaragoza,Coah.,38,Zaragoza,150,Barrancos,R,"28°35´27.487N""","101°32´19.915W""",28.590968,-101.538865,869,H14C62,0,0,0,0
50380151,,5,Coahuila de Zaragoza,Coah.,38,Zaragoza,151,El Becerro,R,"29°02´33.566N""","101°22´20.589W""",29.042657,-101.372385,525,H14C42,1,*,*,1
50380152,,5,Coahuila de Zaragoza,Coah.,38,Zaragoza,152,La Esperanza,R,"28°26´56.900N""","100°55´00.909W""",28.449139,-100.916919,371,H14C74,2,*,*,1
50380153,,5,Coahuila de Zaragoza,Coah.,38,Zaragoza,153,El Capitán,R,"28°50´16.800N""","101°14´25.407W""",28.838,-101.240391,439,H14C53,0,0,0,0
50380155,,5,Coahuila de Zaragoza,Coah.,38,Zaragoza,155,Los Cañones,R,"28°37´53.059N""","101°43´07.669W""",28.631405,-101.718796,787,H14C61,0,0,0,0
50380157,,5,Coahuila de Zaragoza,Coah.,38,Zaragoza,157,El Chapote,R,"29°02´49.783N""","101°23´52.476W""",29.047162,-101.39791,543,H14C42,0,0,0,0
50380158,,5,Coahuila de Zaragoza,Coah.,38,Zaragoza,158,Los Charles,R,"28°29´21.696N""","100°53´19.776W""",28.48936,-100.888826,351,H14C74,0,0,0,0
50380160,,5,Coahuila de Zaragoza,Coah.,38,Zaragoza,160,San Andrés,R,"28°33´28.699N""","101°14´37.610W""",28.557972,-101.24378,498,H14C63,1,*,*,1
50380161,,5,Coahuila de Zaragoza,Coah.,38,Zaragoza,161,El Durazno,R,"28°38´55.839N""","101°36´05.180W""",28.648844,-101.601439,774,H14C62,3,*,*,1
50380162,,5,Coahuila de Zaragoza,Coah.,38,Zaragoza,162,El Encino Gordo,R,"29°14´18.250N""","101°31´04.770W""",29.238402,-101.517991,540,H14C42,0,0,0,0
50380164,,5,Coahuila de Zaragoza,Coah.,38,Zaragoza,164,La Escondida,R,"28°51´55.354N""","101°52´21.978W""",28.865376,-101.872771,1037,H14C51,0,0,0,0
50380166,,5,Coahuila de Zaragoza,Coah.,38,Zaragoza,166,La Esperanza,R,"29°00´08.912N""","101°36´25.020W""",29.002476,-101.60695,735,H14C42,0,0,0,0
50380168,,5,Coahuila de Zaragoza,Coah.,38,Zaragoza,168,Los Galemes,R,"29°03´01.503N""","101°35´16.495W""",29.050418,-101.587915,753,H14C42,0,0,0,0
50380171,,5,Coahuila de Zaragoza,Coah.,38,Zaragoza,171,El Granizo,R,"28°46´09.809N""","101°38´36.669W""",28.769391,-101.643519,910,H14C52,0,0,0,0
50380173,,5,Coahuila de Zaragoza,Coah.,38,Zaragoza,173,Lagunitas,R,"29°05´59.727N""","101°49´42.188W""",29.099924,-101.828385,925,H14C41,3,*,*,1
50380174,,5,Coahuila de Zaragoza,Coah.,38,Zaragoza,174,Los Laureles,R,"28°29´31.443N""","100°53´11.902W""",28.492067,-100.886639,349,H14C74,4,*,*,1
50380178,,5,Coahuila de Zaragoza,Coah.,38,Zaragoza,178,La Mariposa,R,"28°49´47.084N""","101°13´02.199W""",28.829745,-101.217277,430,H14C53,0,0,0,0
50380179,,5,Coahuila de Zaragoza,Coah.,38,Zaragoza,179,El Mimbre (La Borrada),R,"28°40´34.499N""","101°48´13.849W""",28.676249,-101.803847,841,H14C61,2,*,*,1
50380180,,5,Coahuila de Zaragoza,Coah.,38,Zaragoza,180,Don Chente,R,"28°30´45.058N""","101°04´12.541W""",28.512516,-101.07015,399,H14C63,0,0,0,0
50380181,,5,Coahuila de Zaragoza,Coah.,38,Zaragoza,181,El Mimbre,R,"28°25´55.466N""","101°04´00.685W""",28.432073,-101.066856,438,H14C73,0,0,0,0
50380182,,5,Coahuila de Zaragoza,Coah.,38,Zaragoza,182,El Mulato Viejo,R,"28°29´04.660N""","101°35´06.129W""",28.484627,-101.585036,621,H14C72,0,0,0,0
50380183,,5,Coahuila de Zaragoza,Coah.,38,Zaragoza,183,Los Ojitos,R,"28°32´48.240N""","101°08´37.888W""",28.546733,-101.143857,437,H14C63,0,0,0,0
50380184,,5,Coahuila de Zaragoza,Coah.,38,Zaragoza,184,El Pájaro,R,"28°46´59.224N""","101°13´55.294W""",28.783117,-101.232025,411,H14C53,0,0,0,0
50380185,,5,Coahuila de Zaragoza,Coah.,38,Zaragoza,185,Papalote de Santa Ana,R,"29°13´33.341N""","101°33´00.895W""",29.225927,-101.550249,575,H14C42,5,*,*,2
50380187,,5,Coahuila de Zaragoza,Coah.,38,Zaragoza,187,El Papalote,R,"29°07´53.919N""","101°28´13.689W""",29.131644,-101.470469,570,H14C42,0,0,0,0
50380188,,5,Coahuila de Zaragoza,Coah.,38,Zaragoza,188,Paraje los Vaqueros,R,"29°10´12.659N""","101°24´27.290W""",29.170182,-101.407581,509,H14C42,2,*,*,1
50380189,,5,Coahuila de Zaragoza,Coah.,38,Zaragoza,189,Tres Hermanos,R,"28°26´14.956N""","100°58´37.298W""",28.437487,-100.977027,388,H14C74,0,0,0,0
50380190,,5,Coahuila de Zaragoza,Coah.,38,Zaragoza,190,La Piedra,R,"29°01´24.019N""","101°24´48.744W""",29.023338,-101.41354,563,H14C42,0,0,0,0
50380191,,5,Coahuila de Zaragoza,Coah.,38,Zaragoza,191,Pila Azul (Pila Roja),R,"28°34´41.719N""","101°42´47.639W""",28.578255,-101.713233,739,H14C61,0,0,0,0
50380192,,5,Coahuila de Zaragoza,Coah.,38,Zaragoza,192,Pila Seca,R,"29°00´39.110N""","101°34´22.580W""",29.010864,-101.572938,682,H14C42,2,*,*,1
50380195,,5,Coahuila de Zaragoza,Coah.,38,Zaragoza,195,El Pino,R,"29°02´48.927N""","101°41´39.950W""",29.046924,-101.69443,839,H14C41,2,*,*,1
50380196,,5,Coahuila de Zaragoza,Coah.,38,Zaragoza,196,Los Pintos,R,"28°33´45.238N""","101°40´56.211W""",28.562566,-101.68228,720,H14C61,0,0,0,0
50380198,,5,Coahuila de Zaragoza,Coah.,38,Zaragoza,198,El Pozo,R,"28°31´13.029N""","101°10´12.020W""",28.520285,-101.170005,455,H14C63,0,0,0,0
50380199,,5,Coahuila de Zaragoza,Coah.,38,Zaragoza,199,El Porvenir,R,"28°58´33.762N""","101°53´33.623W""",28.976044,-101.892673,1215,H14C51,0,0,0,0
50380200,,5,Coahuila de Zaragoza,Coah.,38,Zaragoza,200,El Porvenir,R,"28°34´29.081N""","100°56´18.297W""",28.574744,-100.938416,351,H14C64,9,*,*,2
50380201,,5,Coahuila de Zaragoza,Coah.,38,Zaragoza,201,La Presa,R,"28°31´47.923N""","101°08´47.929W""",28.529978,-101.146647,440,H14C63,0,0,0,0
50380202,,5,Coahuila de Zaragoza,Coah.,38,Zaragoza,202,La Providencia,R,"28°32´12.591N""","101°04´56.165W""",28.536831,-101.082267,409,H14C63,0,0,0,0
50380204,,5,Coahuila de Zaragoza,Coah.,38,Zaragoza,204,El Chapulín,R,"29°04´23.469N""","101°26´56.100W""",29.073185,-101.448916,570,H14C42,1,*,*,1
50380205,,5,Coahuila de Zaragoza,Coah.,38,Zaragoza,205,El Rayo,R,"29°04´06.405N""","101°24´36.610W""",29.068445,-101.410169,523,H14C42,1,*,*,1
50380206,,5,Coahuila de Zaragoza,Coah.,38,Zaragoza,206,La Rosaria,R,"29°04´22.779N""","101°21´25.310W""",29.072994,-101.357031,481,H14C42,6,*,*,1
50380209,,5,Coahuila de Zaragoza,Coah.,38,Zaragoza,209,Saleros,R,"29°00´17.930N""","101°33´22.700W""",29.004981,-101.556306,680,H14C42,0,0,0,0
50380210,,5,Coahuila de Zaragoza,Coah.,38,Zaragoza,210,San Ignacio,R,"29°05´00.750N""","101°23´50.499W""",29.083541,-101.397361,515,H14C42,0,0,0,0
50380211,,5,Coahuila de Zaragoza,Coah.,38,Zaragoza,211,San Ildefonso,R,"28°27´34.999N""","100°55´29.196W""",28.459722,-100.924776,370,H14C74,0,0,0,0
50380213,,5,Coahuila de Zaragoza,Coah.,38,Zaragoza,213,San Miguel,R,"29°12´50.869N""","101°30´04.539W""",29.21413,-101.501261,555,H14C42,7,*,*,2
50380215,,5,Coahuila de Zaragoza,Coah.,38,Zaragoza,215,San Pedro,R,"29°10´46.700N""","101°40´30.763W""",29.179638,-101.675211,714,H14C41,3,*,*,1
50380219,,5,Coahuila de Zaragoza,Coah.,38,Zaragoza,219,Santa Fe,R,"29°00´36.659N""","101°15´55.661W""",29.010183,-101.265461,505,H14C43,0,0,0,0
50380220,,5,Coahuila de Zaragoza,Coah.,38,Zaragoza,220,Siete Hermanos,R,"28°41´58.890N""","101°35´35.959W""",28.699691,-101.593322,840,H14C62,1,*,*,1
50380221,,5,Coahuila de Zaragoza,Coah.,38,Zaragoza,221,Un Potrillo,R,"28°43´16.290N""","101°12´35.560W""",28.721191,-101.209878,437,H14C63,0,0,0,0
50380222,,5,Coahuila de Zaragoza,Coah.,38,Zaragoza,222,El Tule,R,"28°28´51.895N""","101°27´30.176W""",28.481081,-101.458382,710,H14C72,0,0,0,0
50380223,,5,Coahuila de Zaragoza,Coah.,38,Zaragoza,223,La Vaca,R,"28°42´34.105N""","101°07´56.393W""",28.709474,-101.132331,398,H14C63,0,0,0,0
50380224,,5,Coahuila de Zaragoza,Coah.,38,Zaragoza,224,Los Vaqueros,R,"29°10´37.840N""","101°25´40.580W""",29.177177,-101.427938,528,H14C42,2,*,*,1
50380225,,5,Coahuila de Zaragoza,Coah.,38,Zaragoza,225,La Ventana,R,"29°02´22.480N""","101°25´31.670W""",29.039577,-101.425463,548,H14C42,1,*,*,1
50380226,,5,Coahuila de Zaragoza,Coah.,38,Zaragoza,226,La Víbora,R,"29°02´09.629N""","101°24´05.109W""",29.036008,-101.401419,550,H14C42,1,*,*,1
50380228,,5,Coahuila de Zaragoza,Coah.,38,Zaragoza,228,La Victoria,R,"29°04´27.940N""","101°23´21.469W""",29.074427,-101.389297,509,H14C42,2,*,*,1
50380229,,5,Coahuila de Zaragoza,Coah.,38,Zaragoza,229,La Vieja Maya,R,"29°00´55.980N""","101°39´49.968W""",29.01555,-101.66388,775,H14C42,0,0,0,0
50380231,,5,Coahuila de Zaragoza,Coah.,38,Zaragoza,231,Las Américas,R,"29°08´01.129N""","101°21´50.919W""",29.133647,-101.364144,519,H14C42,1,*,*,1
50380232,,5,Coahuila de Zaragoza,Coah.,38,Zaragoza,232,El Arbolito (Catarino Cortez),R,"29°08´54.650N""","101°22´43.629W""",29.148514,-101.378785,534,H14C42,1,*,*,1
50380233,,5,Coahuila de Zaragoza,Coah.,38,Zaragoza,233,Los Barrancos,R,"29°10´29.600N""","101°21´45.569W""",29.174888,-101.362658,482,H14C42,1,*,*,1
50380235,,5,Coahuila de Zaragoza,Coah.,38,Zaragoza,235,Campo de Nico Pérez,R,"29°13´52.679N""","101°32´31.197W""",29.231299,-101.541999,560,H14C42,0,0,0,0
50380236,,5,Coahuila de Zaragoza,Coah.,38,Zaragoza,236,Los Castellanos,R,"29°02´57.135N""","101°54´31.938W""",29.049204,-101.908872,1081,H14C41,2,*,*,1
50380237,,5,Coahuila de Zaragoza,Coah.,38,Zaragoza,237,La Codorniz (La Godorniz),R,"29°17´08.300N""","101°34´32.729W""",29.285639,-101.575757,598,H14C32,1,*,*,1
50380241,,5,Coahuila de Zaragoza,Coah.,38,Zaragoza,241,El Huizache,R,"29°09´02.360N""","101°22´42.859W""",29.150656,-101.378571,524,H14C42,2,*,*,1
50380242,,5,Coahuila de Zaragoza,Coah.,38,Zaragoza,242,Las Iglesias,R,"29°03´37.671N""","101°54´46.183W""",29.060464,-101.912829,1119,H14C41,0,0,0,0
50380243,,5,Coahuila de Zaragoza,Coah.,38,Zaragoza,243,Los Negros,R,"29°15´03.200N""","101°32´52.860W""",29.250889,-101.548016,580,H14C32,0,0,0,0
50380246,,5,Coahuila de Zaragoza,Coah.,38,Zaragoza,246,El Progreso (Zacarías Mendoza),R,"29°09´57.552N""","101°22´20.983W""",29.165987,-101.372495,490,H14C42,0,0,0,0
50380248,,5,Coahuila de Zaragoza,Coah.,38,Zaragoza,248,San Vicente,R,"29°04´54.887N""","101°52´34.550W""",29.081912,-101.876263,1049,H14C41,1,*,*,1
50380250,,5,Coahuila de Zaragoza,Coah.,38,Zaragoza,250,Santa Rosa,R,"28°37´04.590N""","101°44´31.459W""",28.617941,-101.742072,770,H14C61,0,0,0,0
50380251,,5,Coahuila de Zaragoza,Coah.,38,Zaragoza,251,Tinaja el Panal,R,"29°14´01.839N""","101°37´01.350W""",29.233844,-101.617041,626,H14C42,0,0,0,0
50380252,,5,Coahuila de Zaragoza,Coah.,38,Zaragoza,252,El Venado,R,"29°12´56.506N""","101°39´40.449W""",29.215696,-101.661236,673,H14C42,0,0,0,0
50380253,,5,Coahuila de Zaragoza,Coah.,38,Zaragoza,253,La Lipa,R,"28°56´24.230N""","101°13´03.968W""",28.940064,-101.217768,458,H14C53,0,0,0,0
50380257,,5,Coahuila de Zaragoza,Coah.,38,Zaragoza,257,Pico Palomas,R,"29°02´18.650N""","101°47´40.695W""",29.038514,-101.794637,1005,H14C41,0,0,0,0
50380262,,5,Coahuila de Zaragoza,Coah.,38,Zaragoza,262,La Zorra,R,"29°14´17.327N""","101°31´29.710W""",29.238146,-101.524919,555,H14C42,2,*,*,1
50380264,,5,Coahuila de Zaragoza,Coah.,38,Zaragoza,264,Alarcón (Cañón de Barrón),R,"29°08´32.667N""","101°35´02.819W""",29.142407,-101.584116,695,H14C42,2,*,*,1
50380265,,5,Coahuila de Zaragoza,Coah.,38,Zaragoza,265,Los Cuates,R,"29°10´34.906N""","101°32´00.741W""",29.176362,-101.533539,623,H14C42,1,*,*,1
50380266,,5,Coahuila de Zaragoza,Coah.,38,Zaragoza,266,Agua de Natajez (Isabel Saucedo),R,"29°10´07.219N""","101°30´50.328W""",29.168671,-101.51398,614,H14C42,0,0,0,0
50380267,,5,Coahuila de Zaragoza,Coah.,38,Zaragoza,267,Los Encinos,R,"29°06´51.313N""","101°31´05.642W""",29.114254,-101.518233,623,H14C42,0,0,0,0
50380269,,5,Coahuila de Zaragoza,Coah.,38,Zaragoza,269,El Natural,R,"29°10´41.618N""","101°22´11.837W""",29.178227,-101.369954,489,H14C42,0,0,0,0
50380270,,5,Coahuila de Zaragoza,Coah.,38,Zaragoza,270,Agua Grande,R,"29°00´18.810N""","101°25´06.724W""",29.005225,-101.418534,592,H14C42,0,0,0,0
50380273,,5,Coahuila de Zaragoza,Coah.,38,Zaragoza,273,Los Rodríguez,R,"28°29´45.202N""","101°08´05.241W""",28.495889,-101.134789,453,H14C73,0,0,0,0
50380274,,5,Coahuila de Zaragoza,Coah.,38,Zaragoza,274,Santa Gertrudis,R,"28°40´37.590N""","100°54´27.841W""",28.677108,-100.907734,328,H14C64,2,*,*,1
50380275,,5,Coahuila de Zaragoza,Coah.,38,Zaragoza,275,La Esmeralda,R,"28°41´44.590N""","100°55´16.450W""",28.695719,-100.921235,330,H14C64,5,*,*,1
50380276,,5,Coahuila de Zaragoza,Coah.,38,Zaragoza,276,El Papalote,R,"28°38´52.560N""","100°54´41.185W""",28.647933,-100.91144,333,H14C64,0,0,0,0
50380278,,5,Coahuila de Zaragoza,Coah.,38,Zaragoza,278,Tres Hermanos,R,"28°32´13.899N""","100°56´30.875W""",28.537194,-100.941909,361,H14C64,0,0,0,0
50380280,,5,Coahuila de Zaragoza,Coah.,38,Zaragoza,280,El Capricho,R,"28°31´25.837N""","100°58´25.559W""",28.523843,-100.973766,375,H14C64,2,*,*,1
50380281,,5,Coahuila de Zaragoza,Coah.,38,Zaragoza,281,El Chupadero,R,"28°30´58.982N""","100°59´09.461W""",28.516384,-100.985961,379,H14C64,0,0,0,0
50380282,,5,Coahuila de Zaragoza,Coah.,38,Zaragoza,282,Los Encinos,R,"28°31´10.980N""","101°01´53.536W""",28.519716,-101.031537,388,H14C63,0,0,0,0
50380283,,5,Coahuila de Zaragoza,Coah.,38,Zaragoza,283,Los Barrancos,R,"28°32´38.891N""","101°06´49.857W""",28.544136,-101.113849,421,H14C63,0,0,0,0
50380284,,5,Coahuila de Zaragoza,Coah.,38,Zaragoza,284,El Bobo,R,"28°30´52.006N""","101°06´47.266W""",28.514446,-101.113129,434,H14C63,0,0,0,0
50380285,,5,Coahuila de Zaragoza,Coah.,38,Zaragoza,285,Rancho Viejo,R,"28°32´36.305N""","101°08´11.490W""",28.543418,-101.136525,431,H14C63,0,0,0,0
50380286,,5,Coahuila de Zaragoza,Coah.,38,Zaragoza,286,Coahuila,R,"28°36´35.442N""","101°12´33.101W""",28.609845,-101.209195,490,H14C63,0,0,0,0
50380287,,5,Coahuila de Zaragoza,Coah.,38,Zaragoza,287,Zaragoza,R,"28°39´36.354N""","101°18´19.431W""",28.660098,-101.305398,615,H14C63,0,0,0,0
50380289,,5,Coahuila de Zaragoza,Coah.,38,Zaragoza,289,Reynaldo Salinas Vara,R,"28°29´53.595N""","100°55´43.293W""",28.498221,-100.928692,360,H14C74,11,6,5,5
50380290,,5,Coahuila de Zaragoza,Coah.,38,Zaragoza,290,La Ciénega,R,"28°29´48.985N""","100°56´52.972W""",28.49694,-100.948047,366,H14C74,0,0,0,0
50380291,,5,Coahuila de Zaragoza,Coah.,38,Zaragoza,291,Las Compuertas,R,"28°29´07.009N""","100°57´14.839W""",28.48528,-100.954122,369,H14C74,0,0,0,0
50380293,,5,Coahuila de Zaragoza,Coah.,38,Zaragoza,293,Los Corrales,R,"28°25´43.863N""","101°20´24.315W""",28.42885,-101.340087,668,H14C72,0,0,0,0
50380294,,5,Coahuila de Zaragoza,Coah.,38,Zaragoza,294,Tía Rosa,R,"28°28´18.043N""","100°54´52.986W""",28.471678,-100.914718,363,H14C74,2,*,*,1
50380295,,5,Coahuila de Zaragoza,Coah.,38,Zaragoza,295,El Buitre,R,"28°24´34.398N""","100°58´46.030W""",28.409555,-100.979452,399,H14C74,0,0,0,0
50380296,,5,Coahuila de Zaragoza,Coah.,38,Zaragoza,296,La Casita Dixie-B,R,"28°45´44.820N""","101°04´53.559W""",28.76245,-101.081544,360,H14C53,2,*,*,1
50380297,,5,Coahuila de Zaragoza,Coah.,38,Zaragoza,297,La Esmeralda,R,"28°43´52.139N""","100°58´15.579W""",28.731149,-100.970994,340,H14C64,1,*,*,1
50380299,,5,Coahuila de Zaragoza,Coah.,38,Zaragoza,299,Illinois,R,"28°38´02.155N""","100°52´12.415W""",28.633932,-100.870115,319,H14C64,0,0,0,0
50380300,,5,Coahuila de Zaragoza,Coah.,38,Zaragoza,300,Regino Saucedo Sánchez,R,"28°36´21.685N""","100°53´31.669W""",28.606024,-100.89213,333,H14C64,0,0,0,0
50380301,,5,Coahuila de Zaragoza,Coah.,38,Zaragoza,301,Ninguno [Ciudad Sanitaria],R,"28°31´46.353N""","100°54´40.912W""",28.529542,-100.911364,351,H14C64,0,0,0,0
50380302,,5,Coahuila de Zaragoza,Coah.,38,Zaragoza,302,José García Cuevas,R,"28°32´59.981N""","100°55´22.836W""",28.549994,-100.923009,353,H14C64,0,0,0,0
50380306,,5,Coahuila de Zaragoza,Coah.,38,Zaragoza,306,Dolores,R,"28°45´03.099N""","101°03´00.010W""",28.750861,-101.050003,361,H14C53,0,0,0,0
50380307,,5,Coahuila de Zaragoza,Coah.,38,Zaragoza,307,Los Álamos,R,"29°01´48.519N""","101°28´19.310W""",29.030144,-101.47203,563,H14C42,2,*,*,1
50380308,,5,Coahuila de Zaragoza,Coah.,38,Zaragoza,308,San Francisco,R,"28°31´54.635N""","101°08´37.736W""",28.531842,-101.143815,439,H14C63,0,0,0,0
50380309,,5,Coahuila de Zaragoza,Coah.,38,Zaragoza,309,El Cometa,R,"28°30´15.072N""","100°52´34.046W""",28.504187,-100.876123,340,H14C64,1,*,*,1
50380310,,5,Coahuila de Zaragoza,Coah.,38,Zaragoza,310,El Fortín,R,"28°45´04.537N""","101°03´56.297W""",28.75126,-101.065638,365,H14C53,3,*,*,1
50380311,,5,Coahuila de Zaragoza,Coah.,38,Zaragoza,311,Los Lira,R,"28°28´13.960N""","100°56´18.020W""",28.470544,-100.938339,371,H14C74,0,0,0,0
50380314,,5,Coahuila de Zaragoza,Coah.,38,Zaragoza,314,Filemón Gámez,R,"28°45´33.591N""","101°04´29.660W""",28.759331,-101.074905,364,H14C53,0,0,0,0
50380315,,5,Coahuila de Zaragoza,Coah.,38,Zaragoza,315,Los Ríos,R,"28°35´55.175N""","100°55´35.824W""",28.598659,-100.926617,340,H14C64,0,0,0,0
50380316,,5,Coahuila de Zaragoza,Coah.,38,Zaragoza,316,Herminio Altamirano,R,"28°45´26.804N""","101°04´41.200W""",28.757446,-101.07811,371,H14C53,5,*,*,1
50380317,,5,Coahuila de Zaragoza,Coah.,38,Zaragoza,317,Ildefonso Vara Bermúdez,R,"28°32´56.475N""","100°54´47.111W""",28.549021,-100.913086,349,H14C64,0,0,0,0
50380318,,5,Coahuila de Zaragoza,Coah.,38,Zaragoza,318,Tomás García Jiménez [Radio XELR],R,"28°28´23.354N""","100°54´48.540W""",28.473153,-100.913483,362,H14C74,0,0,0,0
50380321,,5,Coahuila de Zaragoza,Coah.,38,Zaragoza,321,Los Luna,R,"28°26´57.081N""","100°53´55.800W""",28.449189,-100.898833,364,H14C74,0,0,0,0
50380322,,5,Coahuila de Zaragoza,Coah.,38,Zaragoza,322,San Adolfo,R,"28°31´03.770N""","101°43´14.340W""",28.517713,-101.720649,661,H14C61,0,0,0,0
50380323,,5,Coahuila de Zaragoza,Coah.,38,Zaragoza,323,El Mimbre,R,"28°41´42.910N""","101°49´10.310W""",28.695252,-101.81953,848,H14C61,0,0,0,0
50380324,,5,Coahuila de Zaragoza,Coah.,38,Zaragoza,324,Pino Solo,R,"28°47´38.019N""","101°49´33.179W""",28.793894,-101.825882,942,H14C51,0,0,0,0
50380325,,5,Coahuila de Zaragoza,Coah.,38,Zaragoza,325,La Gloria (Las Herminias),R,"28°33´10.991N""","101°42´19.807W""",28.553053,-101.705502,710,H14C61,0,0,0,0
50380326,,5,Coahuila de Zaragoza,Coah.,38,Zaragoza,326,Los Pintos,R,"28°32´12.066N""","101°42´05.664W""",28.536685,-101.701573,680,H14C61,0,0,0,0
50380327,,5,Coahuila de Zaragoza,Coah.,38,Zaragoza,327,Las Hermanas,R,"28°34´48.079N""","101°36´19.609W""",28.580021,-101.605447,689,H14C62,0,0,0,0
50380328,,5,Coahuila de Zaragoza,Coah.,38,Zaragoza,328,Corrales Colorados (El Caracol),R,"28°32´41.899N""","101°28´26.460W""",28.544972,-101.474016,830,H14C62,0,0,0,0
50380329,,5,Coahuila de Zaragoza,Coah.,38,Zaragoza,329,Los Charles,R,"28°29´01.065N""","100°53´37.397W""",28.483629,-100.893721,354,H14C74,0,0,0,0
50380330,,5,Coahuila de Zaragoza,Coah.,38,Zaragoza,330,Casa de Mariano,R,"28°23´50.980N""","101°10´55.497W""",28.397494,-101.182082,522,H14C73,0,0,0,0
50380331,,5,Coahuila de Zaragoza,Coah.,38,Zaragoza,331,Don Rogelio,R,"28°26´53.420N""","100°55´24.871W""",28.448172,-100.923575,373,H14C74,0,0,0,0
50380332,,5,Coahuila de Zaragoza,Coah.,38,Zaragoza,332,Silverio Domínguez Hernández,R,"28°26´32.129N""","100°56´22.880W""",28.442258,-100.939689,378,H14C74,6,*,*,2
50380333,,5,Coahuila de Zaragoza,Coah.,38,Zaragoza,333,El Gallo,R,"28°24´47.210N""","100°59´35.239W""",28.413114,-100.993122,400,H14C74,2,*,*,1
50380334,,5,Coahuila de Zaragoza,Coah.,38,Zaragoza,334,El Tule,R,"28°37´32.444N""","101°01´12.348W""",28.625678,-101.020096,374,H14C63,0,0,0,0
50380335,,5,Coahuila de Zaragoza,Coah.,38,Zaragoza,335,El Mezquite,R,"28°44´31.758N""","101°14´17.631W""",28.742155,-101.238231,460,H14C63,0,0,0,0
50380336,,5,Coahuila de Zaragoza,Coah.,38,Zaragoza,336,La Huérfana,R,"28°43´05.553N""","101°07´41.370W""",28.718209,-101.128158,391,H14C63,0,0,0,0
50380337,,5,Coahuila de Zaragoza,Coah.,38,Zaragoza,337,Martha Valdez Montoya,R,"28°28´09.720N""","100°54´43.390W""",28.469366,-100.912053,363,H14C74,3,*,*,1
50380338,,5,Coahuila de Zaragoza,Coah.,38,Zaragoza,338,San Ildefonso,R,"28°28´06.850N""","100°55´26.023W""",28.468569,-100.923895,367,H14C74,0,0,0,0
50380339,,5,Coahuila de Zaragoza,Coah.,38,Zaragoza,339,San Ildefonso,R,"28°27´33.072N""","100°55´46.348W""",28.459187,-100.92954,372,H14C74,0,0,0,0
50380340,,5,Coahuila de Zaragoza,Coah.,38,Zaragoza,340,Huerta las Pinitas,R,"28°27´46.107N""","100°55´38.493W""",28.462808,-100.927359,370,H14C74,4,*,*,1
50380341,,5,Coahuila de Zaragoza,Coah.,38,Zaragoza,341,Huerta las Conchas,R,"28°27´54.755N""","100°55´41.020W""",28.46521,-100.92806,370,H14C74,1,*,*,1
50380342,,5,Coahuila de Zaragoza,Coah.,38,Zaragoza,342,Isidro Rodríguez,R,"28°28´14.499N""","100°56´07.869W""",28.470694,-100.935519,368,H14C74,0,0,0,0
50380343,,5,Coahuila de Zaragoza,Coah.,38,Zaragoza,343,Rogelio González,R,"28°27´49.393N""","100°56´33.047W""",28.46372,-100.942513,370,H14C74,3,*,*,1
50380344,,5,Coahuila de Zaragoza,Coah.,38,Zaragoza,344,Ignacio García Rangel,R,"28°27´26.689N""","100°56´29.330W""",28.457414,-100.94148,371,H14C74,1,*,*,1
50380345,,5,Coahuila de Zaragoza,Coah.,38,Zaragoza,345,Juanita Fuentes,R,"28°27´37.329N""","100°56´37.060W""",28.460369,-100.943627,371,H14C74,0,0,0,0
50380346,,5,Coahuila de Zaragoza,Coah.,38,Zaragoza,346,Benito Martínez,R,"28°27´20.710N""","100°56´24.290W""",28.455753,-100.94008,372,H14C74,0,0,0,0
50380347,,5,Coahuila de Zaragoza,Coah.,38,Zaragoza,347,Huerta las Margaritas,R,"28°26´58.098N""","100°56´32.837W""",28.449471,-100.942454,375,H14C74,0,0,0,0
50380348,,5,Coahuila de Zaragoza,Coah.,38,Zaragoza,348,El Olmo,R,"28°28´45.599N""","100°56´39.429W""",28.479332,-100.944286,370,H14C74,0,0,0,0
50380349,,5,Coahuila de Zaragoza,Coah.,38,Zaragoza,349,Tino Ortiz,R,"28°28´40.079N""","100°57´22.119W""",28.477799,-100.956144,372,H14C74,0,0,0,0
50380350,,5,Coahuila de Zaragoza,Coah.,38,Zaragoza,350,María Guadalupe Salinas,R,"28°28´24.459N""","100°56´39.189W""",28.47346,-100.944219,369,H14C74,0,0,0,0
50380351,,5,Coahuila de Zaragoza,Coah.,38,Zaragoza,351,Jesús Cervera,R,"28°28´10.785N""","100°57´09.752W""",28.469662,-100.952709,373,H14C74,0,0,0,0
50380352,,5,Coahuila de Zaragoza,Coah.,38,Zaragoza,352,El Fresnito,R,"28°27´55.929N""","100°57´23.259W""",28.465536,-100.956461,375,H14C74,1,*,*,1
50380353,,5,Coahuila de Zaragoza,Coah.,38,Zaragoza,353,Los Pirules (Nato de Luna),R,"28°28´06.700N""","100°58´17.079W""",28.468527,-100.97141,376,H14C74,0,0,0,0
50380354,,5,Coahuila de Zaragoza,Coah.,38,Zaragoza,354,Patiño,R,"28°26´43.990N""","100°57´28.720W""",28.445552,-100.957978,379,H14C74,0,0,0,0
50380355,,5,Coahuila de Zaragoza,Coah.,38,Zaragoza,355,Ildefonso Ramón,R,"28°26´43.189N""","100°58´09.400W""",28.44533,-100.969277,382,H14C74,0,0,0,0
50380356,,5,Coahuila de Zaragoza,Coah.,38,Zaragoza,356,Armin Leal Rodríguez,R,"28°26´31.099N""","100°57´55.050W""",28.441972,-100.965292,380,H14C74,0,0,0,0
50380357,,5,Coahuila de Zaragoza,Coah.,38,Zaragoza,357,José Mata,R,"28°26´16.090N""","100°59´35.270W""",28.437802,-100.99313,392,H14C74,0,0,0,0
50380358,,5,Coahuila de Zaragoza,Coah.,38,Zaragoza,358,Oscar Calderón (La Zanja),R,"28°29´03.840N""","100°57´27.309W""",28.4844,-100.957586,370,H14C74,0,0,0,0
50380359,,5,Coahuila de Zaragoza,Coah.,38,Zaragoza,359,San Juan,R,"28°28´35.707N""","100°57´55.096W""",28.476585,-100.965304,372,H14C74,0,0,0,0
50380360,,5,Coahuila de Zaragoza,Coah.,38,Zaragoza,360,Félix Duarte,R,"28°28´31.743N""","100°57´46.868W""",28.475484,-100.963019,372,H14C74,0,0,0,0
50380361,,5,Coahuila de Zaragoza,Coah.,38,Zaragoza,361,Manuel Villarreal,R,"28°28´01.817N""","100°57´37.764W""",28.467171,-100.96049,376,H14C74,0,0,0,0
50380362,,5,Coahuila de Zaragoza,Coah.,38,Zaragoza,362,Patiño,R,"28°28´28.120N""","100°57´59.699W""",28.474477,-100.966583,373,H14C74,0,0,0,0
50380363,,5,Coahuila de Zaragoza,Coah.,38,Zaragoza,363,Los Sabinos,R,"28°29´42.988N""","100°57´05.325W""",28.495274,-100.951479,367,H14C74,0,0,0,0
50380364,,5,Coahuila de Zaragoza,Coah.,38,Zaragoza,364,Rancho de Peña,R,"28°32´30.702N""","100°54´52.996W""",28.541861,-100.914721,351,H14C64,1,*,*,1
50380366,,5,Coahuila de Zaragoza,Coah.,38,Zaragoza,366,Rodolfo Aranda,R,"28°32´03.642N""","100°57´09.245W""",28.534345,-100.952568,364,H14C64,3,*,*,1
50380367,,5,Coahuila de Zaragoza,Coah.,38,Zaragoza,367,Rodrigo Romo,R,"28°32´09.746N""","100°59´21.036W""",28.53604,-100.989176,371,H14C64,0,0,0,0
50380368,,5,Coahuila de Zaragoza,Coah.,38,Zaragoza,368,Casa Blanca,R,"28°32´20.878N""","100°58´27.302W""",28.539132,-100.97425,369,H14C64,0,0,0,0
50380369,,5,Coahuila de Zaragoza,Coah.,38,Zaragoza,369,José María Romo,R,"28°32´50.436N""","100°59´24.311W""",28.547343,-100.990086,372,H14C64,0,0,0,0
50380370,,5,Coahuila de Zaragoza,Coah.,38,Zaragoza,370,Faustino Romo,R,"28°33´23.291N""","100°59´16.103W""",28.55647,-100.987806,370,H14C64,0,0,0,0
50380371,,5,Coahuila de Zaragoza,Coah.,38,Zaragoza,371,Víctor Hernández,R,"28°33´34.936N""","100°58´41.775W""",28.559704,-100.97827,366,H14C64,0,0,0,0
50380372,,5,Coahuila de Zaragoza,Coah.,38,Zaragoza,372,Juan Leija,R,"28°34´44.148N""","100°59´12.187W""",28.578929,-100.986718,367,H14C64,0,0,0,0
50380374,,5,Coahuila de Zaragoza,Coah.,38,Zaragoza,374,Ariel Cardona García,R,"29°06´52.520N""","101°22´23.310W""",29.114589,-101.373141,504,H14C42,1,*,*,1
50380378,,5,Coahuila de Zaragoza,Coah.,38,Zaragoza,378,Los Armendáriz,R,"29°01´56.196N""","101°29´38.651W""",29.032276,-101.494069,600,H14C42,0,0,0,0
50380379,,5,Coahuila de Zaragoza,Coah.,38,Zaragoza,379,La Vieja Maya,R,"29°01´32.579N""","101°40´30.508W""",29.025716,-101.67514,795,H14C41,0,0,0,0
50380380,,5,Coahuila de Zaragoza,Coah.,38,Zaragoza,380,Las Pipas,R,"28°59´24.522N""","101°37´09.637W""",28.990145,-101.619343,763,H14C52,0,0,0,0
50380382,,5,Coahuila de Zaragoza,Coah.,38,Zaragoza,382,Agua de los Árboles,R,"29°04´35.399N""","101°27´19.177W""",29.076499,-101.455327,573,H14C42,3,*,*,1
50380383,,5,Coahuila de Zaragoza,Coah.,38,Zaragoza,383,Juan Castro Guzmán,R,"29°05´16.109N""","101°28´00.559W""",29.087808,-101.466821,599,H14C42,1,*,*,1
50380384,,5,Coahuila de Zaragoza,Coah.,38,Zaragoza,384,Predio la Lechería,R,"29°03´56.908N""","101°29´38.076W""",29.065808,-101.49391,623,H14C42,1,*,*,1
50380385,,5,Coahuila de Zaragoza,Coah.,38,Zaragoza,385,Cerro del Durazno,R,"29°03´54.461N""","101°33´16.553W""",29.065128,-101.554598,697,H14C42,0,0,0,0
50380386,,5,Coahuila de Zaragoza,Coah.,38,Zaragoza,386,Agua del Oso,R,"29°04´26.699N""","101°31´59.300W""",29.074082,-101.533138,661,H14C42,1,*,*,1
50380387,,5,Coahuila de Zaragoza,Coah.,38,Zaragoza,387,La Pasta Seca,R,"29°14´56.274N""","101°21´48.377W""",29.248965,-101.363438,485,H14C42,0,0,0,0
50380389,,5,Coahuila de Zaragoza,Coah.,38,Zaragoza,389,Homero Siller,R,"29°08´23.325N""","101°23´55.750W""",29.139812,-101.398819,534,H14C42,1,*,*,1
50380390,,5,Coahuila de Zaragoza,Coah.,38,Zaragoza,390,Florentino Portales,R,"29°08´14.159N""","101°26´13.300W""",29.137266,-101.437027,558,H14C42,3,*,*,1
50380391,,5,Coahuila de Zaragoza,Coah.,38,Zaragoza,391,Ricardo Ríos,R,"29°07´08.521N""","101°27´12.335W""",29.119033,-101.453426,598,H14C42,0,0,0,0
50380392,,5,Coahuila de Zaragoza,Coah.,38,Zaragoza,392,Cardona,R,"29°08´24.760N""","101°29´06.523W""",29.140211,-101.485145,574,H14C42,0,0,0,0
50380393,,5,Coahuila de Zaragoza,Coah.,38,Zaragoza,393,La Veta,R,"29°05´20.681N""","101°34´50.693W""",29.089078,-101.580747,791,H14C42,0,0,0,0
50380394,,5,Coahuila de Zaragoza,Coah.,38,Zaragoza,394,Loma Blanca (Jesús Salazar Palacios),R,"29°08´59.299N""","101°30´34.459W""",29.149805,-101.509572,609,H14C42,0,0,0,0
50380395,,5,Coahuila de Zaragoza,Coah.,38,Zaragoza,395,Juan Sánchez Esquivel,R,"29°08´20.940N""","101°32´07.130W""",29.13915,-101.535314,654,H14C42,2,*,*,1
50380396,,5,Coahuila de Zaragoza,Coah.,38,Zaragoza,396,Jorge Galindo de Luna,R,"29°07´32.833N""","101°33´21.859W""",29.125786,-101.556072,685,H14C42,0,0,0,0
50380397,,5,Coahuila de Zaragoza,Coah.,38,Zaragoza,397,Pedro de Luna de la Garza,R,"29°09´01.320N""","101°29´02.280W""",29.150367,-101.483966,580,H14C42,1,*,*,1
50380398,,5,Coahuila de Zaragoza,Coah.,38,Zaragoza,398,Los Lobos,R,"29°13´03.889N""","101°28´26.619W""",29.217746,-101.47406,560,H14C42,4,*,*,1
50380399,,5,Coahuila de Zaragoza,Coah.,38,Zaragoza,399,Gustavo Portillo Flores,R,"29°12´02.360N""","101°31´45.055W""",29.200656,-101.529181,598,H14C42,0,0,0,0
50380400,,5,Coahuila de Zaragoza,Coah.,38,Zaragoza,400,Everardo Pérez,R,"29°13´54.754N""","101°35´49.335W""",29.231875,-101.597037,621,H14C42,0,0,0,0
50380401,,5,Coahuila de Zaragoza,Coah.,38,Zaragoza,401,Manuel Gutiérrez (Agua del Durazno),R,"29°11´21.236N""","101°39´25.222W""",29.189232,-101.657006,729,H14C42,2,*,*,1
50380402,,5,Coahuila de Zaragoza,Coah.,38,Zaragoza,402,El Huizache,R,"29°14´55.860N""","101°36´56.990W""",29.24885,-101.615831,619,H14C42,1,*,*,1
50380403,,5,Coahuila de Zaragoza,Coah.,38,Zaragoza,403,El Progreso,R,"29°17´48.120N""","101°40´03.280W""",29.2967,-101.667577,660,H14C31,8,4,4,3
50380404,,5,Coahuila de Zaragoza,Coah.,38,Zaragoza,404,Alejandro Bustos (Tanque el Gavilán),R,"29°17´08.469N""","101°37´38.970W""",29.285686,-101.627491,642,H14C32,0,0,0,0
50380407,,5,Coahuila de Zaragoza,Coah.,38,Zaragoza,407,Jesús de Luna,R,"29°07´47.948N""","101°47´41.078W""",29.129985,-101.794744,877,H14C41,2,*,*,1
50380408,,5,Coahuila de Zaragoza,Coah.,38,Zaragoza,408,Los Garza,R,"29°01´00.044N""","101°53´01.772W""",29.016678,-101.883825,1109,H14C41,0,0,0,0
50380409,,5,Coahuila de Zaragoza,Coah.,38,Zaragoza,409,Héctor Perches,R,"29°03´55.491N""","101°47´30.552W""",29.065414,-101.79182,915,H14C41,0,0,0,0
50380410,,5,Coahuila de Zaragoza,Coah.,38,Zaragoza,410,Las Pilas Cuatas,R,"29°08´32.880N""","101°45´17.636W""",29.142466,-101.754899,802,H14C41,1,*,*,1
50380412,,5,Coahuila de Zaragoza,Coah.,38,Zaragoza,412,Francisco Enciso,R,"29°08´22.947N""","101°43´45.704W""",29.139707,-101.729362,804,H14C41,0,0,0,0
50380413,,5,Coahuila de Zaragoza,Coah.,38,Zaragoza,413,México,R,"29°15´10.206N""","101°46´35.961W""",29.252835,-101.776655,810,H14C31,0,0,0,0
50380414,,5,Coahuila de Zaragoza,Coah.,38,Zaragoza,414,Buenos Aires,R,"29°10´58.209N""","101°51´04.169W""",29.182835,-101.851158,963,H14C41,0,0,0,0
50380415,,5,Coahuila de Zaragoza,Coah.,38,Zaragoza,415,Cañón el Pino,R,"29°08´56.810N""","101°52´57.399W""",29.149114,-101.88261,1058,H14C41,1,*,*,1
50380417,,5,Coahuila de Zaragoza,Coah.,38,Zaragoza,417,Fidencio González Elizondo,R,"29°10´39.230N""","101°35´13.816W""",29.177563,-101.587171,666,H14C42,5,4,1,3
50380418,,5,Coahuila de Zaragoza,Coah.,38,Zaragoza,418,El Sauz (El Papalote),R,"29°10´37.909N""","101°37´22.829W""",29.177196,-101.623007,687,H14C42,1,*,*,1
50380419,,5,Coahuila de Zaragoza,Coah.,38,Zaragoza,419,Federico Romo Tovar,R,"28°30´22.668N""","100°56´13.091W""",28.506297,-100.936969,362,H14C64,1,*,*,1
50380420,,5,Coahuila de Zaragoza,Coah.,38,Zaragoza,420,Los Rodríguez,R,"28°30´35.853N""","100°56´36.753W""",28.509959,-100.943542,364,H14C64,2,*,*,1
50380421,,5,Coahuila de Zaragoza,Coah.,38,Zaragoza,421,La Gloria,R,"28°31´32.021N""","100°58´21.782W""",28.525561,-100.972717,374,H14C64,0,0,0,0
50380422,,5,Coahuila de Zaragoza,Coah.,38,Zaragoza,422,Dos Álamos,R,"28°29´35.713N""","100°54´03.044W""",28.493253,-100.900846,350,H14C74,0,0,0,0
50380423,,5,Coahuila de Zaragoza,Coah.,38,Zaragoza,423,Río Escondido (Ceferino González),R,"28°29´40.105N""","100°53´42.229W""",28.494473,-100.895063,350,H14C74,1,*,*,1
50380424,,5,Coahuila de Zaragoza,Coah.,38,Zaragoza,424,Domingo Fraga Muñoz,R,"28°30´00.887N""","100°52´58.298W""",28.500246,-100.88286,345,H14C64,0,0,0,0
50380425,,5,Coahuila de Zaragoza,Coah.,38,Zaragoza,425,Juan Alonzo López,R,"28°31´29.667N""","100°50´51.328W""",28.524907,-100.847591,331,H14C64,0,0,0,0
50380427,,5,Coahuila de Zaragoza,Coah.,38,Zaragoza,427,Juan Isidro Flores,R,"28°30´58.827N""","100°50´24.919W""",28.516341,-100.840255,332,H14C64,0,0,0,0
50380428,,5,Coahuila de Zaragoza,Coah.,38,Zaragoza,428,La Providencia,R,"28°29´34.096N""","101°06´27.267W""",28.492804,-101.107574,448,H14C73,0,0,0,0
50380429,,5,Coahuila de Zaragoza,Coah.,38,Zaragoza,429,Emiliano Martínez Nandi,R,"28°31´46.153N""","101°07´37.482W""",28.529486,-101.127078,434,H14C63,2,*,*,1
50380430,,5,Coahuila de Zaragoza,Coah.,38,Zaragoza,430,San Antonio,R,"28°31´58.197N""","101°06´40.415W""",28.532832,-101.111226,421,H14C63,0,0,0,0
50380431,,5,Coahuila de Zaragoza,Coah.,38,Zaragoza,431,Las Albercas,R,"28°32´16.687N""","101°07´59.040W""",28.537968,-101.133066,435,H14C63,2,*,*,1
50380432,,5,Coahuila de Zaragoza,Coah.,38,Zaragoza,432,Ermilo Sánchez Ríos,R,"28°32´34.122N""","101°07´08.108W""",28.542811,-101.118918,420,H14C63,3,*,*,1
50380433,,5,Coahuila de Zaragoza,Coah.,38,Zaragoza,433,Santa Rosa,R,"28°34´21.089N""","100°54´36.212W""",28.572524,-100.910059,344,H14C64,3,*,*,2
50380434,,5,Coahuila de Zaragoza,Coah.,38,Zaragoza,434,El Papalote,R,"28°37´35.748N""","100°44´36.185W""",28.626596,-100.743384,290,H14C64,0,0,0,0
50380435,,5,Coahuila de Zaragoza,Coah.,38,Zaragoza,435,El Canalito,R,"28°36´17.444N""","100°44´45.167W""",28.604846,-100.745879,297,H14C64,0,0,0,0
50380436,,5,Coahuila de Zaragoza,Coah.,38,Zaragoza,436,Domingo Plata Sánchez,R,"28°37´58.306N""","100°44´20.635W""",28.632862,-100.739065,290,H14C64,0,0,0,0
50380437,,5,Coahuila de Zaragoza,Coah.,38,Zaragoza,437,Pedro Arellano Canales,R,"28°38´13.034N""","100°43´14.668W""",28.636954,-100.72074,286,H14C64,0,0,0,0
50380439,,5,Coahuila de Zaragoza,Coah.,38,Zaragoza,439,San Juana López,R,"28°38´20.859N""","100°42´19.609W""",28.639127,-100.705447,280,H14C64,3,*,*,1
50380440,,5,Coahuila de Zaragoza,Coah.,38,Zaragoza,440,Alberto García Torres,R,"28°38´14.923N""","100°42´01.561W""",28.637478,-100.700434,280,H14C64,0,0,0,0
50380441,,5,Coahuila de Zaragoza,Coah.,38,Zaragoza,441,Bonifacio Cruz Cabello,R,"28°37´49.258N""","100°41´59.489W""",28.630349,-100.699858,283,H14C64,0,0,0,0
50380442,,5,Coahuila de Zaragoza,Coah.,38,Zaragoza,442,Oscar de la Garza,R,"28°37´56.904N""","100°41´49.144W""",28.632473,-100.696984,280,H14C64,0,0,0,0
50380443,,5,Coahuila de Zaragoza,Coah.,38,Zaragoza,443,Esteban Martínez Hernández (El Paraíso),R,"28°37´15.281N""","100°41´32.963W""",28.620911,-100.692489,279,H14C64,0,0,0,0
50380445,,5,Coahuila de Zaragoza,Coah.,38,Zaragoza,445,Adolfo Enciso Valdéz,R,"28°36´20.800N""","100°41´49.877W""",28.605778,-100.697188,272,H14C64,6,*,*,1
50380446,,5,Coahuila de Zaragoza,Coah.,38,Zaragoza,446,Encarnación Luna Arellano,R,"28°37´04.578N""","100°40´19.843W""",28.617938,-100.672178,264,H14C64,0,0,0,0
50380447,,5,Coahuila de Zaragoza,Coah.,38,Zaragoza,447,María de los Ángeles Eufracio de la Cruz,R,"28°37´50.470N""","100°40´50.746W""",28.630685,-100.680762,275,H14C64,0,0,0,0
50380448,,5,Coahuila de Zaragoza,Coah.,38,Zaragoza,448,Cruz Monsiváis Ramírez,R,"28°39´11.680N""","100°39´38.330W""",28.653244,-100.660647,258,H14C65,0,0,0,0
50380449,,5,Coahuila de Zaragoza,Coah.,38,Zaragoza,449,Julio César Chavarría,R,"28°28´57.992N""","100°49´00.788W""",28.482775,-100.816885,329,H14C74,0,0,0,0
50380450,,5,Coahuila de Zaragoza,Coah.,38,Zaragoza,450,Reyes Guevara,R,"28°28´59.702N""","100°49´11.959W""",28.48325,-100.819988,330,H14C74,0,0,0,0
50380451,,5,Coahuila de Zaragoza,Coah.,38,Zaragoza,451,Fraga,R,"28°30´12.159N""","100°52´27.694W""",28.503378,-100.874359,340,H14C64,0,0,0,0
50380452,,5,Coahuila de Zaragoza,Coah.,38,Zaragoza,452,Remberto Pérez,R,"28°31´53.707N""","100°47´25.417W""",28.531585,-100.790393,316,H14C64,0,0,0,0
50380453,,5,Coahuila de Zaragoza,Coah.,38,Zaragoza,453,San Antonio (El Veinticuatro),R,"28°36´20.499N""","100°55´59.919W""",28.605694,-100.93331,341,H14C64,4,*,*,1
50380454,,5,Coahuila de Zaragoza,Coah.,38,Zaragoza,454,Palo Blanco (Gosfrey Talamantes),R,"28°44´18.264N""","101°08´24.732W""",28.738406,-101.140203,392,H14C63,0,0,0,0
50380455,,5,Coahuila de Zaragoza,Coah.,38,Zaragoza,455,Los Encinos (Candelario Talamantes García),R,"28°43´51.504N""","101°06´43.355W""",28.730973,-101.112043,382,H14C63,0,0,0,0
50380456,,5,Coahuila de Zaragoza,Coah.,38,Zaragoza,456,Isidro Orozco Talamantes,R,"28°43´32.305N""","101°05´23.242W""",28.72564,-101.089789,386,H14C63,0,0,0,0
50380457,,5,Coahuila de Zaragoza,Coah.,38,Zaragoza,457,Las Lagunetas (Juan Pedro Mares Fuentes),R,"28°43´26.402N""","101°04´04.133W""",28.724,-101.067814,373,H14C63,0,0,0,0
50380459,,5,Coahuila de Zaragoza,Coah.,38,Zaragoza,459,Lucas (Raúl Orozco Talamantes),R,"28°42´49.271N""","101°05´27.347W""",28.713686,-101.090929,385,H14C63,1,*,*,1
50380460,,5,Coahuila de Zaragoza,Coah.,38,Zaragoza,460,Antonio García Torres,R,"28°48´21.993N""","101°08´49.060W""",28.806109,-101.146961,387,H14C53,1,*,*,1
50380461,,5,Coahuila de Zaragoza,Coah.,38,Zaragoza,461,Jesús Sánchez Torres,R,"28°48´29.178N""","101°10´24.321W""",28.808105,-101.173422,399,H14C53,1,*,*,1
50380462,,5,Coahuila de Zaragoza,Coah.,38,Zaragoza,462,Félix Edmundo Macías,R,"28°50´50.330N""","101°12´26.899W""",28.847314,-101.207472,440,H14C53,0,0,0,0
50380463,,5,Coahuila de Zaragoza,Coah.,38,Zaragoza,463,El Caballo,R,"28°54´25.593N""","101°09´58.410W""",28.907109,-101.166225,427,H14C53,0,0,0,0
50380464,,5,Coahuila de Zaragoza,Coah.,38,Zaragoza,464,Rogelio Treviño,R,"28°52´02.198N""","101°10´53.196W""",28.867277,-101.181443,454,H14C53,0,0,0,0
50380466,,5,Coahuila de Zaragoza,Coah.,38,Zaragoza,466,Pedro Domínguez Santos,R,"28°47´33.398N""","101°09´58.070W""",28.79261,-101.166131,389,H14C53,0,0,0,0
50380468,,5,Coahuila de Zaragoza,Coah.,38,Zaragoza,468,La Mota (Cosme Torres Reyes),R,"28°44´43.439N""","101°09´52.399W""",28.745399,-101.164555,394,H14C63,0,0,0,0
50380469,,5,Coahuila de Zaragoza,Coah.,38,Zaragoza,469,Las Tiendas,R,"28°59´25.049N""","101°08´38.948W""",28.990291,-101.144152,384,H14C53,1,*,*,1
50380470,,5,Coahuila de Zaragoza,Coah.,38,Zaragoza,470,Agua Dulce,R,"29°03´11.024N""","101°12´19.371W""",29.053062,-101.205381,425,H14C43,0,0,0,0
50380471,,5,Coahuila de Zaragoza,Coah.,38,Zaragoza,471,Buenos Aires,R,"28°52´49.180N""","101°15´28.590W""",28.880327,-101.257942,472,H14C53,0,0,0,0
50380473,,5,Coahuila de Zaragoza,Coah.,38,Zaragoza,473,Los González,R,"28°39´00.079N""","100°50´58.040W""",28.650022,-100.849455,306,H14C64,0,0,0,0
50380474,,5,Coahuila de Zaragoza,Coah.,38,Zaragoza,474,La Bodega,R,"28°45´49.269N""","101°06´35.129W""",28.763686,-101.109758,382,H14C53,0,0,0,0
50380475,,5,Coahuila de Zaragoza,Coah.,38,Zaragoza,475,Casa Blanca,R,"28°45´51.061N""","101°05´23.126W""",28.764184,-101.089757,370,H14C53,0,0,0,0
50380476,,5,Coahuila de Zaragoza,Coah.,38,Zaragoza,476,La Tarjea,R,"28°44´58.908N""","101°05´26.428W""",28.749696,-101.090674,369,H14C63,0,0,0,0
50380477,,5,Coahuila de Zaragoza,Coah.,38,Zaragoza,477,La Agrícola,R,"28°45´12.272N""","101°07´35.860W""",28.753409,-101.126627,378,H14C53,0,0,0,0
50380478,,5,Coahuila de Zaragoza,Coah.,38,Zaragoza,478,Pedroyo,R,"28°47´25.230N""","101°17´06.770W""",28.790341,-101.285214,427,H14C53,0,0,0,0
50380479,,5,Coahuila de Zaragoza,Coah.,38,Zaragoza,479,El Papalote,R,"28°44´40.930N""","100°47´29.191W""",28.744702,-100.791442,302,H14C64,2,*,*,1
50380480,,5,Coahuila de Zaragoza,Coah.,38,Zaragoza,480,El Papalote,R,"28°40´18.745N""","100°47´22.406W""",28.671873,-100.789557,290,H14C64,0,0,0,0
50380481,,5,Coahuila de Zaragoza,Coah.,38,Zaragoza,481,Fernando Arredondo Escamilla,R,"28°55´50.239N""","101°12´00.780W""",28.930621,-101.200217,443,H14C53,0,0,0,0
50380483,,5,Coahuila de Zaragoza,Coah.,38,Zaragoza,483,El Pedregal,R,"28°40´27.684N""","101°27´01.244W""",28.674356,-101.450346,786,H14C62,0,0,0,0
50380484,,5,Coahuila de Zaragoza,Coah.,38,Zaragoza,484,Insurgentes,R,"28°41´08.864N""","101°29´35.650W""",28.685795,-101.493236,867,H14C62,0,0,0,0
50380485,,5,Coahuila de Zaragoza,Coah.,38,Zaragoza,485,José Almanza Hernández,R,"28°39´13.350N""","100°38´05.240W""",28.653708,-100.634789,241,H14C65,0,0,0,0
50380486,,5,Coahuila de Zaragoza,Coah.,38,Zaragoza,486,San Juan,R,"28°39´21.310N""","100°38´54.400W""",28.655919,-100.648444,248,H14C65,0,0,0,0
50380487,,5,Coahuila de Zaragoza,Coah.,38,Zaragoza,487,El Huajillo,R,"28°40´38.118N""","100°41´25.021W""",28.677254,-100.690283,264,H14C64,0,0,0,0
50380488,,5,Coahuila de Zaragoza,Coah.,38,Zaragoza,488,El Feo,R,"28°41´20.470N""","100°42´37.425W""",28.689019,-100.710396,270,H14C64,0,0,0,0
50380489,,5,Coahuila de Zaragoza,Coah.,38,Zaragoza,489,Nogalera el Guante,R,"28°41´44.637N""","100°44´12.061W""",28.695732,-100.736683,277,H14C64,0,0,0,0
50380490,,5,Coahuila de Zaragoza,Coah.,38,Zaragoza,490,El Guante,R,"28°44´30.103N""","100°42´37.772W""",28.741695,-100.710492,288,H14C64,0,0,0,0
50380491,,5,Coahuila de Zaragoza,Coah.,38,Zaragoza,491,El Yerno,R,"28°41´16.569N""","100°45´11.282W""",28.687936,-100.753134,285,H14C64,0,0,0,0
50380492,,5,Coahuila de Zaragoza,Coah.,38,Zaragoza,492,Alfonso Villarreal Salinas,R,"28°46´15.641N""","101°12´35.353W""",28.771011,-101.20982,408,H14C53,0,0,0,0
50380493,,5,Coahuila de Zaragoza,Coah.,38,Zaragoza,493,El Reseco,R,"29°14´36.163N""","101°25´37.063W""",29.243378,-101.426961,521,H14C42,1,*,*,1
50380494,,5,Coahuila de Zaragoza,Coah.,38,Zaragoza,494,Los Indios,R,"29°20´26.668N""","101°30´30.079W""",29.340741,-101.508355,520,H14C32,3,*,*,1
50380496,,5,Coahuila de Zaragoza,Coah.,38,Zaragoza,496,Paso de las Mulas,R,"28°48´51.228N""","100°43´24.569W""",28.81423,-100.723491,269,H14C54,3,*,*,1
50380497,,5,Coahuila de Zaragoza,Coah.,38,Zaragoza,497,La Esmeralda (Villarreal),R,"28°47´16.986N""","100°50´25.006W""",28.788051,-100.840279,306,H14C54,0,0,0,0
50380501,,5,Coahuila de Zaragoza,Coah.,38,Zaragoza,501,La Cañada,R,"28°30´45.340N""","100°51´33.683W""",28.512594,-100.859356,339,H14C64,0,0,0,0
50380502,,5,Coahuila de Zaragoza,Coah.,38,Zaragoza,502,La Cruz,R,"28°31´12.634N""","100°52´38.185W""",28.520175,-100.877273,340,H14C64,0,0,0,0
50380504,,5,Coahuila de Zaragoza,Coah.,38,Zaragoza,504,Lorenzo Mendoza Durón (Patiño),R,"28°24´21.269N""","100°59´41.039W""",28.405908,-100.994733,399,H14C74,0,0,0,0
50380506,,5,Coahuila de Zaragoza,Coah.,38,Zaragoza,506,Arnulfo Navarro (Las Adjuntas),R,"28°38´54.690N""","100°36´29.950W""",28.648525,-100.608319,236,H14C65,0,0,0,0
50380507,,5,Coahuila de Zaragoza,Coah.,38,Zaragoza,507,Rodrigo Navarro,R,"28°38´36.350N""","100°37´11.070W""",28.64343,-100.619741,240,H14C65,0,0,0,0
50380508,,5,Coahuila de Zaragoza,Coah.,38,Zaragoza,508,Hermenegilda Guerrero Sotelo,R,"28°38´27.310N""","100°38´26.490W""",28.640919,-100.640691,254,H14C65,0,0,0,0
50380509,,5,Coahuila de Zaragoza,Coah.,38,Zaragoza,509,Jesús Casillas Castro,R,"28°38´13.008N""","100°38´37.210W""",28.636946,-100.643669,250,H14C65,3,*,*,1
50380510,,5,Coahuila de Zaragoza,Coah.,38,Zaragoza,510,José Inés Vázquez Cardona,R,"28°37´33.600N""","100°39´41.670W""",28.625999,-100.661575,253,H14C65,2,*,*,1
50380512,,5,Coahuila de Zaragoza,Coah.,38,Zaragoza,512,El Jardín,R,"28°29´01.699N""","101°12´38.279W""",28.483805,-101.210633,540,H14C73,0,0,0,0
50380513,,5,Coahuila de Zaragoza,Coah.,38,Zaragoza,513,Héctor Luna,R,"28°30´11.656N""","100°55´03.784W""",28.503238,-100.917717,356,H14C64,0,0,0,0
50380514,,5,Coahuila de Zaragoza,Coah.,38,Zaragoza,514,Benito Juárez Leija,R,"28°52´35.580N""","101°11´41.250W""",28.876549,-101.194791,458,H14C53,0,0,0,0
50380515,,5,Coahuila de Zaragoza,Coah.,38,Zaragoza,515,Silverio Domínguez,R,"28°49´53.352N""","101°11´54.330W""",28.831486,-101.198425,421,H14C53,0,0,0,0
50380516,,5,Coahuila de Zaragoza,Coah.,38,Zaragoza,516,Rodolfo Rivera,R,"28°51´08.319N""","101°11´03.590W""",28.852311,-101.18433,435,H14C53,0,0,0,0
50380517,,5,Coahuila de Zaragoza,Coah.,38,Zaragoza,517,El Mulato,R,"28°31´59.522N""","101°32´45.779W""",28.5332,-101.546049,799,H14C62,0,0,0,0
50380520,,5,Coahuila de Zaragoza,Coah.,38,Zaragoza,520,El Cedro,R,"28°56´07.190N""","101°14´06.299W""",28.93533,-101.235083,455,H14C53,5,*,*,1
50380521,,5,Coahuila de Zaragoza,Coah.,38,Zaragoza,521,Alejandro Domínguez Rivas,R,"28°29´14.403N""","100°56´39.833W""",28.487334,-100.944398,368,H14C74,6,*,*,1
50380522,,5,Coahuila de Zaragoza,Coah.,38,Zaragoza,522,Herminio Aguirre Delgado,R,"28°32´51.104N""","100°56´10.167W""",28.547529,-100.936157,359,H14C64,0,0,0,0
50380523,,5,Coahuila de Zaragoza,Coah.,38,Zaragoza,523,Rancho Viejo,R,"28°30´22.719N""","100°52´17.190W""",28.506311,-100.871441,340,H14C64,0,0,0,0
50380525,,5,Coahuila de Zaragoza,Coah.,38,Zaragoza,525,Leopoldo Salinas,R,"28°25´36.080N""","100°59´22.629W""",28.426688,-100.989619,395,H14C74,0,0,0,0
50380526,,5,Coahuila de Zaragoza,Coah.,38,Zaragoza,526,Leopoldo Salinas García,R,"28°26´26.627N""","100°58´22.263W""",28.440729,-100.97285,385,H14C74,2,*,*,1
50380527,,5,Coahuila de Zaragoza,Coah.,38,Zaragoza,527,El Faisán,R,"28°35´37.812N""","100°45´06.251W""",28.593836,-100.751736,298,H14C64,0,0,0,0
50380528,,5,Coahuila de Zaragoza,Coah.,38,Zaragoza,528,Norberto Aguilar Luna,R,"28°29´11.789N""","100°56´47.379W""",28.486608,-100.946494,368,H14C74,11,7,4,3
50380529,,5,Coahuila de Zaragoza,Coah.,38,Zaragoza,529,Pico Deivis,R,"29°02´03.362N""","101°56´11.245W""",29.034267,-101.936457,1148,H14C41,0,0,0,0
50380530,,5,Coahuila de Zaragoza,Coah.,38,Zaragoza,530,Dos Countries,R,"28°26´13.939N""","100°56´23.280W""",28.437205,-100.9398,379,H14C74,0,0,0,0
50380531,,5,Coahuila de Zaragoza,Coah.,38,Zaragoza,531,Rancho de Miguel,R,"28°31´03.835N""","100°55´04.175W""",28.517731,-100.917826,350,H14C64,2,*,*,1
50380532,,5,Coahuila de Zaragoza,Coah.,38,Zaragoza,532,Silvia Sánchez Chávez (El Canelito),R,"28°35´54.830N""","100°46´34.389W""",28.598564,-100.776219,310,H14C64,0,0,0,0
50380533,,5,Coahuila de Zaragoza,Coah.,38,Zaragoza,533,Balo Garza,R,"28°27´33.257N""","100°56´36.738W""",28.459238,-100.943538,372,H14C74,0,0,0,0
50380534,,5,Coahuila de Zaragoza,Coah.,38,Zaragoza,534,El Paraíso,R,"28°26´36.510N""","100°56´23.208W""",28.443475,-100.93978,377,H14C74,0,0,0,0
50380535,,5,Coahuila de Zaragoza,Coah.,38,Zaragoza,535,César Cárdenas Adán (Las Moritas),R,"28°28´30.110N""","100°55´16.520W""",28.47503,-100.921255,364,H14C74,0,0,0,0
50380536,,5,Coahuila de Zaragoza,Coah.,38,Zaragoza,536,Club de Leones [Instalación Recreativa],R,"28°28´57.696N""","100°54´59.790W""",28.482693,-100.916608,359,H14C74,2,*,*,1
50380537,,5,Coahuila de Zaragoza,Coah.,38,Zaragoza,537,Crisóforo Medina,R,"28°26´36.089N""","100°57´51.750W""",28.443358,-100.964375,380,H14C74,0,0,0,0
50380538,,5,Coahuila de Zaragoza,Coah.,38,Zaragoza,538,Los Dos Hilarios,R,"28°28´14.639N""","100°54´53.300W""",28.470732,-100.914806,364,H14C74,4,*,*,1
50380539,,5,Coahuila de Zaragoza,Coah.,38,Zaragoza,539,El Estadio,R,"28°28´52.659N""","100°55´08.929W""",28.481294,-100.919146,360,H14C74,0,0,0,0
50380540,,5,Coahuila de Zaragoza,Coah.,38,Zaragoza,540,Hermila Sánchez Longoria,R,"28°29´14.920N""","100°48´59.502W""",28.487477,-100.816528,329,H14C74,0,0,0,0
50380541,,5,Coahuila de Zaragoza,Coah.,38,Zaragoza,541,Javier Valdez (Tía Rosa),R,"28°28´16.900N""","100°54´57.533W""",28.47136,-100.915981,364,H14C74,4,*,*,1
50380542,,5,Coahuila de Zaragoza,Coah.,38,Zaragoza,542,La Mota,R,"28°27´35.510N""","100°53´35.909W""",28.459864,-100.893308,360,H14C74,0,0,0,0
50380543,,5,Coahuila de Zaragoza,Coah.,38,Zaragoza,543,Olga Salinas,R,"28°24´35.561N""","100°57´23.338W""",28.409878,-100.956483,390,H14C74,0,0,0,0
50380544,,5,Coahuila de Zaragoza,Coah.,38,Zaragoza,544,Olivia Domínguez Muñoz,R,"28°29´51.269N""","100°53´29.206W""",28.497574,-100.891446,349,H14C74,0,0,0,0
50380545,,5,Coahuila de Zaragoza,Coah.,38,Zaragoza,545,Oscar Arredondo,R,"28°28´08.280N""","100°57´12.279W""",28.468966,-100.953411,373,H14C74,0,0,0,0
50380546,,5,Coahuila de Zaragoza,Coah.,38,Zaragoza,546,Ninguno [Almacén Acondicionador de Semillas],R,"28°28´13.839N""","100°54´43.369W""",28.47051,-100.912047,363,H14C74,0,0,0,0
50380547,,5,Coahuila de Zaragoza,Coah.,38,Zaragoza,547,Rancho de Dios,R,"28°26´44.109N""","100°56´20.429W""",28.445586,-100.939008,376,H14C74,0,0,0,0
50380548,,5,Coahuila de Zaragoza,Coah.,38,Zaragoza,548,Rogelio Meza Jiménez,R,"28°29´44.144N""","100°56´56.813W""",28.495595,-100.949114,366,H14C74,1,*,*,1
50380549,,5,Coahuila de Zaragoza,Coah.,38,Zaragoza,549,Rolando Chávez (El Ojo de Agua),R,"28°27´24.741N""","100°58´53.089W""",28.456873,-100.981413,379,H14C74,0,0,0,0
50380550,,5,Coahuila de Zaragoza,Coah.,38,Zaragoza,550,Rubén Castro Medina,R,"28°25´27.953N""","100°58´13.980W""",28.424431,-100.970549,391,H14C74,0,0,0,0
50380551,,5,Coahuila de Zaragoza,Coah.,38,Zaragoza,551,San Alfonso,R,"28°28´49.260N""","100°56´27.070W""",28.480349,-100.940852,369,H14C74,0,0,0,0
50380552,,5,Coahuila de Zaragoza,Coah.,38,Zaragoza,552,La Parcela,R,"28°26´04.315N""","100°56´10.683W""",28.434532,-100.936301,380,H14C74,0,0,0,0
50380553,,5,Coahuila de Zaragoza,Coah.,38,Zaragoza,553,La Escondida,R,"28°26´10.389N""","100°56´01.539W""",28.436219,-100.933761,379,H14C74,0,0,0,0
50380554,,5,Coahuila de Zaragoza,Coah.,38,Zaragoza,554,San Antonio (El Salvador),R,"28°43´44.828N""","100°40´10.727W""",28.729118,-100.669646,281,H14C64,0,0,0,0
50380555,,5,Coahuila de Zaragoza,Coah.,38,Zaragoza,555,Francisco Rodríguez Leza,R,"28°32´42.886N""","100°54´50.089W""",28.545246,-100.913914,350,H14C64,1,*,*,1
50380556,,5,Coahuila de Zaragoza,Coah.,38,Zaragoza,556,Palo Blanco (Juan Antonio Hernández),R,"28°36´34.908N""","100°44´49.413W""",28.609697,-100.747059,296,H14C64,0,0,0,0
50380557,,5,Coahuila de Zaragoza,Coah.,38,Zaragoza,557,La Encinada,R,"28°38´25.036N""","100°41´29.085W""",28.640287,-100.691412,275,H14C64,0,0,0,0
50380558,,5,Coahuila de Zaragoza,Coah.,38,Zaragoza,558,Isidro Aranda Mata,R,"28°33´27.408N""","100°53´16.151W""",28.557613,-100.887819,340,H14C64,0,0,0,0
50380559,,5,Coahuila de Zaragoza,Coah.,38,Zaragoza,559,Don Abelardo,R,"28°38´32.323N""","100°54´39.794W""",28.642312,-100.911054,335,H14C64,3,*,*,1
50380560,,5,Coahuila de Zaragoza,Coah.,38,Zaragoza,560,Las Zapas,R,"28°39´30.654N""","100°40´12.355W""",28.658515,-100.670098,253,H14C64,0,0,0,0
50380561,,5,Coahuila de Zaragoza,Coah.,38,Zaragoza,561,Gustavo Rodríguez,R,"28°30´53.970N""","100°50´34.255W""",28.514992,-100.842848,332,H14C64,0,0,0,0
50380562,,5,Coahuila de Zaragoza,Coah.,38,Zaragoza,562,Eliseo Martínez,R,"28°31´53.675N""","100°50´30.372W""",28.531576,-100.84177,328,H14C64,0,0,0,0
50380563,,5,Coahuila de Zaragoza,Coah.,38,Zaragoza,563,Jesús Humberto Encinas,R,"28°37´31.400N""","100°52´23.430W""",28.625388,-100.873174,320,H14C64,0,0,0,0
50380564,,5,Coahuila de Zaragoza,Coah.,38,Zaragoza,564,La Cruz,R,"28°30´54.438N""","100°50´22.373W""",28.515122,-100.839548,332,H14C64,3,*,*,1
50380565,,5,Coahuila de Zaragoza,Coah.,38,Zaragoza,565,Dolores Sánchez Noriega,R,"28°31´21.050N""","100°47´51.910W""",28.522513,-100.797752,319,H14C64,1,*,*,1
50380566,,5,Coahuila de Zaragoza,Coah.,38,Zaragoza,566,San Fernando,R,"28°34´58.930N""","100°54´57.789W""",28.583035,-100.916053,346,H14C64,0,0,0,0
50380567,,5,Coahuila de Zaragoza,Coah.,38,Zaragoza,567,El Venado,R,"28°36´20.760N""","100°54´57.901W""",28.605767,-100.916084,340,H14C64,0,0,0,0
50380568,,5,Coahuila de Zaragoza,Coah.,38,Zaragoza,568,Rodolfo González,R,"28°41´03.180N""","100°50´35.990W""",28.684216,-100.84333,311,H14C64,0,0,0,0
50380569,,5,Coahuila de Zaragoza,Coah.,38,Zaragoza,569,Espiridión de los Santos,R,"28°40´02.021N""","100°49´35.115W""",28.667227,-100.82642,300,H14C64,0,0,0,0
50380570,,5,Coahuila de Zaragoza,Coah.,38,Zaragoza,570,La Maroma (La Presa),R,"28°34´17.299N""","100°45´42.120W""",28.571471,-100.7617,300,H14C64,0,0,0,0
50380571,,5,Coahuila de Zaragoza,Coah.,38,Zaragoza,571,Carlos Leija,R,"28°31´23.963N""","100°49´44.671W""",28.523322,-100.829075,327,H14C64,0,0,0,0
50380572,,5,Coahuila de Zaragoza,Coah.,38,Zaragoza,572,La Maroma (La Presa),R,"28°32´52.059N""","100°46´43.600W""",28.547794,-100.778777,304,H14C64,0,0,0,0
50380573,,5,Coahuila de Zaragoza,Coah.,38,Zaragoza,573,Jorge Carranco y Carranco,R,"28°31´34.470N""","100°49´38.589W""",28.526241,-100.827385,321,H14C64,0,0,0,0
50380574,,5,Coahuila de Zaragoza,Coah.,38,Zaragoza,574,Abelardo Vara Flores,R,"28°31´58.220N""","100°49´00.832W""",28.532838,-100.816897,321,H14C64,0,0,0,0
50380575,,5,Coahuila de Zaragoza,Coah.,38,Zaragoza,575,Filiberto Rodríguez,R,"28°31´48.905N""","100°47´49.104W""",28.530251,-100.796973,316,H14C64,0,0,0,0
50380576,,5,Coahuila de Zaragoza,Coah.,38,Zaragoza,576,El Mirador (Rodolfo Rivera Montalvo),R,"28°35´42.716N""","100°53´07.930W""",28.595199,-100.885536,334,H14C64,0,0,0,0
50380577,,5,Coahuila de Zaragoza,Coah.,38,Zaragoza,577,Juan Amando Flores Longoria,R,"28°32´35.727N""","100°54´50.947W""",28.543257,-100.914152,350,H14C64,0,0,0,0
50380578,,5,Coahuila de Zaragoza,Coah.,38,Zaragoza,578,El Venado (Rodolfo de los Santos),R,"28°42´19.879N""","100°50´49.610W""",28.705522,-100.847114,310,H14C64,0,0,0,0
50380579,,5,Coahuila de Zaragoza,Coah.,38,Zaragoza,579,Cuatro Hermanos,R,"28°30´40.534N""","100°50´54.084W""",28.511259,-100.848356,331,H14C64,0,0,0,0
50380580,,5,Coahuila de Zaragoza,Coah.,38,Zaragoza,580,José Ángel López Borrego,R,"28°35´15.346N""","100°52´40.726W""",28.587596,-100.877979,330,H14C64,0,0,0,0
50380581,,5,Coahuila de Zaragoza,Coah.,38,Zaragoza,581,La Purísima,R,"28°39´15.549N""","100°50´47.220W""",28.654319,-100.84645,310,H14C64,0,0,0,0
50380582,,5,Coahuila de Zaragoza,Coah.,38,Zaragoza,582,Raúl Flores de Luna,R,"28°30´20.722N""","100°48´20.652W""",28.505756,-100.805737,324,H14C64,0,0,0,0
50380583,,5,Coahuila de Zaragoza,Coah.,38,Zaragoza,583,Hilario Torres (Las Galleras),R,"28°33´49.311N""","100°56´47.829W""",28.563698,-100.946619,357,H14C64,0,0,0,0
50380584,,5,Coahuila de Zaragoza,Coah.,38,Zaragoza,584,UAAAN [Centro de Investigación Agrícola],R,"28°36´42.576N""","100°54´32.993W""",28.611827,-100.909165,334,H14C64,0,0,0,0
50380585,,5,Coahuila de Zaragoza,Coah.,38,Zaragoza,585,Minerva (Juan Francisco Torres),R,"28°31´37.191N""","100°57´10.762W""",28.526997,-100.952989,367,H14C64,0,0,0,0
50380586,,5,Coahuila de Zaragoza,Coah.,38,Zaragoza,586,José Sánchez,R,"28°37´51.606N""","100°47´21.654W""",28.631001,-100.789348,305,H14C64,0,0,0,0
50380587,,5,Coahuila de Zaragoza,Coah.,38,Zaragoza,587,El Bobo,R,"28°31´28.497N""","101°19´59.301W""",28.524582,-101.333139,720,H14C63,0,0,0,0
50380588,,5,Coahuila de Zaragoza,Coah.,38,Zaragoza,588,Cañón Prieto,R,"28°35´36.704N""","101°19´11.623W""",28.593529,-101.319895,572,H14C63,0,0,0,0
50380589,,5,Coahuila de Zaragoza,Coah.,38,Zaragoza,589,Los Barrancos (Víctor Gómez),R,"28°32´37.529N""","101°06´07.155W""",28.543758,-101.101988,414,H14C63,0,0,0,0
50380590,,5,Coahuila de Zaragoza,Coah.,38,Zaragoza,590,Los Gómez,R,"28°32´45.808N""","101°07´29.107W""",28.546057,-101.124751,423,H14C63,0,0,0,0
50380591,,5,Coahuila de Zaragoza,Coah.,38,Zaragoza,591,Los Jiménez,R,"28°31´57.142N""","101°07´01.939W""",28.532539,-101.117205,425,H14C63,0,0,0,0
50380592,,5,Coahuila de Zaragoza,Coah.,38,Zaragoza,592,La Mora,R,"28°44´27.967N""","101°01´55.350W""",28.741102,-101.032041,360,H14C63,0,0,0,0
50380593,,5,Coahuila de Zaragoza,Coah.,38,Zaragoza,593,Los Primos,R,"28°31´43.895N""","101°08´55.380W""",28.528859,-101.148716,440,H14C63,0,0,0,0
50380594,,5,Coahuila de Zaragoza,Coah.,38,Zaragoza,594,Celestino Álvarez Dávila,R,"28°45´01.027N""","101°12´22.002W""",28.750285,-101.206112,420,H14C53,0,0,0,0
50380595,,5,Coahuila de Zaragoza,Coah.,38,Zaragoza,595,Abelardo Galván,R,"28°26´48.980N""","100°51´10.440W""",28.446939,-100.8529,347,H14C74,0,0,0,0
50380597,,5,Coahuila de Zaragoza,Coah.,38,Zaragoza,597,Barbarita Rivera,R,"28°47´10.954N""","101°11´53.530W""",28.786376,-101.198202,400,H14C53,0,0,0,0
50380598,,5,Coahuila de Zaragoza,Coah.,38,Zaragoza,598,Juan Villarreal Canales,R,"28°31´49.549N""","100°54´40.794W""",28.53043,-100.911332,351,H14C64,2,*,*,1
50380599,,5,Coahuila de Zaragoza,Coah.,38,Zaragoza,599,Palomas,R,"29°08´13.970N""","101°45´27.650W""",29.137214,-101.757681,808,H14C41,3,*,*,1
50380600,,5,Coahuila de Zaragoza,Coah.,38,Zaragoza,600,Hermilo Sánchez,R,"28°47´44.050N""","101°12´40.939W""",28.795569,-101.211372,404,H14C53,0,0,0,0
50380601,,5,Coahuila de Zaragoza,Coah.,38,Zaragoza,601,Rubén Cárdenas,R,"28°45´33.459N""","101°12´38.720W""",28.759294,-101.210756,418,H14C53,0,0,0,0
50380602,,5,Coahuila de Zaragoza,Coah.,38,Zaragoza,602,Juan Manuel Bustos,R,"29°17´14.151N""","101°36´42.277W""",29.287264,-101.611744,624,H14C32,0,0,0,0
50380603,,5,Coahuila de Zaragoza,Coah.,38,Zaragoza,603,Armandina Ramírez,R,"29°15´34.461N""","101°31´51.229W""",29.259573,-101.530896,580,H14C32,0,0,0,0
50380606,,5,Coahuila de Zaragoza,Coah.,38,Zaragoza,606,Ariel Cardona Borrego (Pasta el Cenizo),R,"29°14´34.860N""","101°23´03.029W""",29.243016,-101.384174,495,H14C42,0,0,0,0
50380607,,5,Coahuila de Zaragoza,Coah.,38,Zaragoza,607,Martín Mendoza Tovar,R,"29°13´09.882N""","101°22´11.874W""",29.219411,-101.369964,485,H14C42,0,0,0,0
50380608,,5,Coahuila de Zaragoza,Coah.,38,Zaragoza,608,Maurilio Romero,R,"29°10´38.420N""","101°25´44.540W""",29.177338,-101.429038,524,H14C42,1,*,*,1
50380609,,5,Coahuila de Zaragoza,Coah.,38,Zaragoza,609,Humberto López,R,"29°11´15.789N""","101°35´43.100W""",29.187719,-101.595305,647,H14C42,1,*,*,1
50380610,,5,Coahuila de Zaragoza,Coah.,38,Zaragoza,610,Carlos Portillo Maldonado,R,"29°09´47.184N""","101°34´00.282W""",29.163107,-101.566744,658,H14C42,1,*,*,1
50380611,,5,Coahuila de Zaragoza,Coah.,38,Zaragoza,611,Cayetano Hernández,R,"29°09´09.247N""","101°38´07.455W""",29.152569,-101.635404,730,H14C42,1,*,*,1
50380612,,5,Coahuila de Zaragoza,Coah.,38,Zaragoza,612,Tanque de Palomas (José Treviño Villarreal),R,"29°02´16.032N""","101°46´31.515W""",29.037786,-101.77542,987,H14C41,0,0,0,0
50380613,,5,Coahuila de Zaragoza,Coah.,38,Zaragoza,613,José Alejandro Bustos Castillo,R,"29°01´18.757N""","101°40´20.184W""",29.021876,-101.672273,784,H14C41,0,0,0,0
50380614,,5,Coahuila de Zaragoza,Coah.,38,Zaragoza,614,José Castillo Hernández,R,"29°00´56.379N""","101°39´56.871W""",29.015661,-101.665798,777,H14C42,4,*,*,2
50380615,,5,Coahuila de Zaragoza,Coah.,38,Zaragoza,615,José Ríos González,R,"28°59´54.631N""","101°44´23.878W""",28.998508,-101.739966,912,H14C51,0,0,0,0
50380616,,5,Coahuila de Zaragoza,Coah.,38,Zaragoza,616,Espiridión Cervera,R,"28°44´51.366N""","101°09´45.462W""",28.747601,-101.162628,393,H14C63,0,0,0,0
50380617,,5,Coahuila de Zaragoza,Coah.,38,Zaragoza,617,Javier Mares Fuentes,R,"28°42´59.658N""","101°03´06.479W""",28.716572,-101.0518,370,H14C63,0,0,0,0
50380618,,5,Coahuila de Zaragoza,Coah.,38,Zaragoza,618,Pedro Zúñiga,R,"28°30´27.604N""","100°56´22.368W""",28.507668,-100.939546,362,H14C64,0,0,0,0
50380619,,5,Coahuila de Zaragoza,Coah.,38,Zaragoza,619,Adrián Valdez,R,"28°28´08.917N""","100°54´56.779W""",28.469143,-100.915772,365,H14C74,1,*,*,1
50380620,,5,Coahuila de Zaragoza,Coah.,38,Zaragoza,620,El Abuelo (Rodolfo Villarreal),R,"28°44´52.469N""","101°10´39.799W""",28.747908,-101.177721,399,H14C63,0,0,0,0
50380621,,5,Coahuila de Zaragoza,Coah.,38,Zaragoza,621,Campo del Flaco,R,"29°17´21.366N""","101°42´41.719W""",29.289268,-101.711589,705,H14C31,6,*,*,2
50380622,,5,Coahuila de Zaragoza,Coah.,38,Zaragoza,622,Casa Blanca,R,"28°34´14.730N""","100°56´31.438W""",28.570758,-100.942066,352,H14C64,0,0,0,0
50380623,,5,Coahuila de Zaragoza,Coah.,38,Zaragoza,623,Cedro Solo,R,"28°30´48.854N""","101°26´16.479W""",28.513571,-101.437911,763,H14C62,0,0,0,0
50380624,,5,Coahuila de Zaragoza,Coah.,38,Zaragoza,624,La Crema,R,"28°34´06.255N""","100°50´23.459W""",28.568404,-100.839849,323,H14C64,0,0,0,0
50380625,,5,Coahuila de Zaragoza,Coah.,38,Zaragoza,625,Dos Amigos,R,"28°33´08.645N""","100°56´44.231W""",28.552401,-100.945619,357,H14C64,0,0,0,0
50380626,,5,Coahuila de Zaragoza,Coah.,38,Zaragoza,626,El Durazno,R,"29°10´12.232N""","101°23´31.314W""",29.170064,-101.392031,499,H14C42,1,*,*,1
50380627,,5,Coahuila de Zaragoza,Coah.,38,Zaragoza,627,Epitacio Solís,R,"28°34´11.433N""","100°47´24.902W""",28.569842,-100.79025,311,H14C64,0,0,0,0
50380628,,5,Coahuila de Zaragoza,Coah.,38,Zaragoza,628,Gallera la Mota,R,"28°24´55.919N""","100°57´12.606W""",28.415533,-100.953502,390,H14C74,8,*,*,2
50380629,,5,Coahuila de Zaragoza,Coah.,38,Zaragoza,629,Heriberto Cardona,R,"28°45´01.488N""","101°06´22.316W""",28.750413,-101.106199,379,H14C53,0,0,0,0
50380630,,5,Coahuila de Zaragoza,Coah.,38,Zaragoza,630,Jaime Cárdenas,R,"28°47´41.089N""","101°13´23.270W""",28.794747,-101.22313,412,H14C53,0,0,0,0
50380631,,5,Coahuila de Zaragoza,Coah.,38,Zaragoza,631,Javier Santos,R,"29°11´25.800N""","101°24´25.679W""",29.1905,-101.407133,504,H14C42,1,*,*,1
50380632,,5,Coahuila de Zaragoza,Coah.,38,Zaragoza,632,Juan Isidro Flores,R,"28°28´51.738N""","100°51´05.309W""",28.481038,-100.851475,340,H14C74,0,0,0,0
50380633,,5,Coahuila de Zaragoza,Coah.,38,Zaragoza,633,José Lira,R,"28°28´31.689N""","100°57´16.459W""",28.475469,-100.954572,373,H14C74,3,*,*,1
50380635,,5,Coahuila de Zaragoza,Coah.,38,Zaragoza,635,Lorenzo Portillo,R,"29°12´12.700N""","101°24´26.769W""",29.203528,-101.407436,509,H14C42,4,*,*,1
50380636,,5,Coahuila de Zaragoza,Coah.,38,Zaragoza,636,Martín López,R,"28°25´53.248N""","100°59´38.357W""",28.431457,-100.993988,395,H14C74,0,0,0,0
50380637,,5,Coahuila de Zaragoza,Coah.,38,Zaragoza,637,Martín Sánchez,R,"28°40´16.351N""","100°54´34.825W""",28.671208,-100.909674,330,H14C64,0,0,0,0
50380638,,5,Coahuila de Zaragoza,Coah.,38,Zaragoza,638,Las Palmas,R,"28°34´08.706N""","100°45´07.192W""",28.569084,-100.751998,296,H14C64,0,0,0,0
50380639,,5,Coahuila de Zaragoza,Coah.,38,Zaragoza,639,Ricardo Gómez,R,"28°45´17.511N""","101°05´57.861W""",28.754864,-101.099406,371,H14C53,0,0,0,0
50380640,,5,Coahuila de Zaragoza,Coah.,38,Zaragoza,640,Tanque Cochaldo (Campo del Nene),R,"29°16´38.847N""","101°44´10.793W""",29.277457,-101.736331,740,H14C31,3,*,*,1
50380641,,5,Coahuila de Zaragoza,Coah.,38,Zaragoza,641,La Maroma,R,"28°35´18.281N""","100°45´18.999W""",28.588411,-100.755278,299,H14C64,0,0,0,0
50380642,,5,Coahuila de Zaragoza,Coah.,38,Zaragoza,642,Los Faisanes,R,"28°28´19.614N""","100°52´32.289W""",28.472114,-100.875635,352,H14C74,1,*,*,1
50380643,,5,Coahuila de Zaragoza,Coah.,38,Zaragoza,643,Ubaldo Fraga Rivera,R,"28°30´06.369N""","100°51´59.894W""",28.501769,-100.866637,342,H14C64,0,0,0,0
50380645,,5,Coahuila de Zaragoza,Coah.,38,Zaragoza,645,Las Palmas,R,"28°29´32.637N""","101°30´40.227W""",28.492399,-101.511174,734,H14C72,0,0,0,0
50380646,,5,Coahuila de Zaragoza,Coah.,38,Zaragoza,646,Arturo Garza Elizalde,R,"28°37´31.301N""","100°45´20.404W""",28.625361,-100.755668,295,H14C64,0,0,0,0
50380647,,5,Coahuila de Zaragoza,Coah.,38,Zaragoza,647,Alberto Sandoval Figueroa,R,"28°37´43.897N""","100°39´55.864W""",28.62886,-100.665518,262,H14C65,3,*,*,1
50380648,,5,Coahuila de Zaragoza,Coah.,38,Zaragoza,648,La Providencia,R,"28°30´14.136N""","100°52´42.058W""",28.503927,-100.878349,343,H14C64,1,*,*,1
50380649,,5,Coahuila de Zaragoza,Coah.,38,Zaragoza,649,El Arado,R,"28°26´08.660N""","100°56´21.450W""",28.435739,-100.939291,379,H14C74,0,0,0,0
50380650,,5,Coahuila de Zaragoza,Coah.,38,Zaragoza,650,Juan Antonio Guerra López,R,"28°39´05.117N""","100°39´12.543W""",28.651421,-100.653484,250,H14C65,0,0,0,0
50380651,,5,Coahuila de Zaragoza,Coah.,38,Zaragoza,651,Maldonado,R,"28°26´00.130N""","100°56´24.320W""",28.433369,-100.940089,381,H14C74,3,*,*,1
50380652,,5,Coahuila de Zaragoza,Coah.,38,Zaragoza,652,La Espuela,R,"28°27´59.830N""","100°55´02.830W""",28.466619,-100.917452,366,H14C74,2,*,*,1
50380653,,5,Coahuila de Zaragoza,Coah.,38,Zaragoza,653,La Linda,R,"28°35´35.705N""","100°42´53.898W""",28.593251,-100.714972,280,H14C64,0,0,0,0
50380654,,5,Coahuila de Zaragoza,Coah.,38,Zaragoza,654,Los Galleros,R,"28°36´27.231N""","100°42´14.368W""",28.607564,-100.703991,282,H14C64,3,*,*,1
50380655,,5,Coahuila de Zaragoza,Coah.,38,Zaragoza,655,La Yoya,R,"29°12´05.016N""","101°32´40.186W""",29.201393,-101.544496,620,H14C42,6,6,0,3
50380656,,5,Coahuila de Zaragoza,Coah.,38,Zaragoza,656,Los Dos Camiones,R,"29°16´27.499N""","101°36´11.214W""",29.274305,-101.603115,619,H14C32,1,*,*,1
50380657,,5,Coahuila de Zaragoza,Coah.,38,Zaragoza,657,Los Magueyales,R,"28°32´17.750N""","100°54´55.700W""",28.538264,-100.915472,351,H14C64,3,*,*,1
50380658,,5,Coahuila de Zaragoza,Coah.,38,Zaragoza,658,Yonque Express,R,"28°30´39.830N""","100°54´37.590W""",28.511064,-100.910442,352,H14C64,3,*,*,1
50380659,,5,Coahuila de Zaragoza,Coah.,38,Zaragoza,659,La Casa Rodante,R,"28°28´06.190N""","100°52´07.200W""",28.468385,-100.868666,350,H14C74,0,0,0,0
50380660,,5,Coahuila de Zaragoza,Coah.,38,Zaragoza,660,Los Charles (Héctor Laurence),R,"28°28´44.470N""","100°52´58.330W""",28.479019,-100.882869,352,H14C74,0,0,0,0
50380661,,5,Coahuila de Zaragoza,Coah.,38,Zaragoza,661,San Graciano,R,"29°09´05.345N""","101°47´55.400W""",29.151485,-101.798722,896,H14C41,2,*,*,1
50380662,,5,Coahuila de Zaragoza,Coah.,38,Zaragoza,662,La Potra (Juan Antonio Hernández Segura),R,"28°36´01.730N""","100°43´14.180W""",28.600481,-100.720605,283,H14C64,5,*,*,1
50380663,,5,Coahuila de Zaragoza,Coah.,38,Zaragoza,663,La Maroma,R,"28°36´15.800N""","100°43´10.160W""",28.604389,-100.719488,281,H14C64,0,0,0,0
50380664,,5,Coahuila de Zaragoza,Coah.,38,Zaragoza,664,Puerta Colorada,R,"28°25´43.850N""","100°56´52.710W""",28.428847,-100.947975,384,H14C74,2,*,*,1
50380665,,5,Coahuila de Zaragoza,Coah.,38,Zaragoza,665,La Carreta,R,"28°26´46.880N""","100°54´09.770W""",28.446355,-100.902714,367,H14C74,0,0,0,0
50380666,,5,Coahuila de Zaragoza,Coah.,38,Zaragoza,666,Dagoberto Pérez Zamora,R,"28°27´08.660N""","100°57´22.080W""",28.452406,-100.956133,378,H14C74,0,0,0,0
50380667,,5,Coahuila de Zaragoza,Coah.,38,Zaragoza,667,Guadalupe Aguirre,R,"28°34´11.100N""","100°56´22.350W""",28.569749,-100.939541,352,H14C64,0,0,0,0
50380668,,5,Coahuila de Zaragoza,Coah.,38,Zaragoza,668,María Álvarez Yáñez,R,"28°30´47.100N""","100°50´53.950W""",28.513083,-100.848319,330,H14C64,0,0,0,0
50380669,,5,Coahuila de Zaragoza,Coah.,38,Zaragoza,669,El Guajolote Descalabrado,R,"28°36´49.420N""","100°54´04.030W""",28.613728,-100.901119,335,H14C64,1,*,*,1
50380670,,5,Coahuila de Zaragoza,Coah.,38,Zaragoza,670,San Fernando,R,"28°34´34.500N""","100°54´59.250W""",28.576249,-100.916458,347,H14C64,0,0,0,0
50380671,,5,Coahuila de Zaragoza,Coah.,38,Zaragoza,671,San Isidro,R,"28°34´16.960N""","100°54´24.440W""",28.571377,-100.906789,343,H14C64,0,0,0,0
50380672,,5,Coahuila de Zaragoza,Coah.,38,Zaragoza,672,La Trampa,R,"28°33´54.320N""","100°54´29.340W""",28.565089,-100.90815,346,H14C64,5,*,*,1
50380673,,5,Coahuila de Zaragoza,Coah.,38,Zaragoza,673,Roberto Garza,R,"28°45´10.840N""","101°03´56.230W""",28.753011,-101.065619,364,H14C53,1,*,*,1
50380674,,5,Coahuila de Zaragoza,Coah.,38,Zaragoza,674,La Nogalera,R,"28°35´40.860N""","100°53´44.740W""",28.594683,-100.895761,337,H14C64,1,*,*,1
50380675,,5,Coahuila de Zaragoza,Coah.,38,Zaragoza,675,Cañón de León (Jorge Escamilla),R,"29°00´13.260N""","101°24´57.360W""",29.003683,-101.415933,596,H14C42,4,*,*,2
50380676,,5,Coahuila de Zaragoza,Coah.,38,Zaragoza,676,El Centinela,R,"29°08´02.730N""","101°44´27.260W""",29.134091,-101.740905,797,H14C41,0,0,0,0
