MAPA,Estatus,CVE_ENT,NOM_ENT,NOM_ABR,CVE_MUN,NOM_MUN,CVE_LOC,NOM_LOC,AMBITO,LATITUD,LONGITUD,LAT_DECIMAL,LON_DECIMAL,ALTITUD,CVE_CARTA,POB_TOTAL,POB_MASCULINA,POB_FEMENINA,TOTAL DE VIVIENDAS HABITADAS
50120001,,5,Coahuila de Zaragoza,Coah.,12,Guerrero,1,Guerrero,U,"28°18´30.306N""","100°22´43.412W""",28.308418,-100.378725,220,H14C75,775,399,376,236
50120002,,5,Coahuila de Zaragoza,Coah.,12,Guerrero,2,El Amole,R,"28°08´29.178N""","100°06´34.824W""",28.141438,-100.109673,180,H14C86,0,0,0,0
50120004,,5,Coahuila de Zaragoza,Coah.,12,Guerrero,4,El Azulejo 2,R,"27°59´20.551N""","100°22´38.457W""",27.989042,-100.377349,280,G14A15,0,0,0,0
50120005,,5,Coahuila de Zaragoza,Coah.,12,Guerrero,5,El Barranco Blanco,R,"28°14´48.184N""","100°34´13.618W""",28.246717,-100.570449,302,H14C85,4,*,*,1
50120006,,5,Coahuila de Zaragoza,Coah.,12,Guerrero,6,La Burra (La Trinidad),R,"28°03´36.191N""","100°09´39.856W""",28.060053,-100.161071,206,H14C86,3,*,*,1
50120007,,5,Coahuila de Zaragoza,Coah.,12,Guerrero,7,La Candelaria (El Armadillo),R,"28°20´24.230N""","100°26´47.423W""",28.340064,-100.446506,252,H14C75,0,0,0,0
50120008,,5,Coahuila de Zaragoza,Coah.,12,Guerrero,8,El Caracol,R,"28°10´16.799N""","100°38´00.430W""",28.171332,-100.633452,349,H14C85,0,0,0,0
50120010,,5,Coahuila de Zaragoza,Coah.,12,Guerrero,10,La Concordia (Cerrito Prieto),R,"28°13´19.774N""","100°13´30.908W""",28.222159,-100.225252,180,H14C86,0,0,0,0
50120015,,5,Coahuila de Zaragoza,Coah.,12,Guerrero,15,Hacienda San Patricio,R,"28°18´40.228N""","100°25´18.651W""",28.311174,-100.421847,240,H14C75,2,*,*,1
50120016,,5,Coahuila de Zaragoza,Coah.,12,Guerrero,16,La Estancia,R,"28°06´44.868N""","100°12´37.437W""",28.112463,-100.210399,186,H14C86,0,0,0,0
50120017,,5,Coahuila de Zaragoza,Coah.,12,Guerrero,17,Galván,R,"28°20´38.334N""","100°34´03.183W""",28.343981,-100.56755,285,H14C75,0,0,0,0
50120018,,5,Coahuila de Zaragoza,Coah.,12,Guerrero,18,El Gato,R,"28°08´01.750N""","100°19´13.535W""",28.133819,-100.320426,233,H14C86,1,*,*,1
50120019,,5,Coahuila de Zaragoza,Coah.,12,Guerrero,19,La Concepción,R,"28°21´58.094N""","100°20´27.152W""",28.366137,-100.340875,200,H14C75,0,0,0,0
50120020,,5,Coahuila de Zaragoza,Coah.,12,Guerrero,20,Hacienda de Guadalupe,R,"28°09´09.378N""","100°36´36.908W""",28.152605,-100.610252,344,H14C85,35,17,18,13
50120021,,5,Coahuila de Zaragoza,Coah.,12,Guerrero,21,Guadalupe,R,"28°07´33.434N""","100°34´29.492W""",28.125953,-100.574858,334,H14C85,159,78,81,50
50120025,,5,Coahuila de Zaragoza,Coah.,12,Guerrero,25,Oro Blanco,R,"28°13´31.379N""","100°29´21.121W""",28.225382,-100.4892,285,H14C85,0,0,0,0
50120026,,5,Coahuila de Zaragoza,Coah.,12,Guerrero,26,El Papalote,R,"27°54´21.420N""","100°30´37.169W""",27.90595,-100.510325,321,G14A15,3,*,*,1
50120027,,5,Coahuila de Zaragoza,Coah.,12,Guerrero,27,La Reforma,R,"28°13´38.558N""","100°35´23.760W""",28.227377,-100.589933,318,H14C85,0,0,0,0
50120028,,5,Coahuila de Zaragoza,Coah.,12,Guerrero,28,Congregación Rodríguez,R,"28°28´29.299N""","100°22´55.449W""",28.474805,-100.382069,230,H14C75,52,29,23,16
50120029,,5,Coahuila de Zaragoza,Coah.,12,Guerrero,29,San Agustín,R,"28°16´55.182N""","100°36´19.501W""",28.281994,-100.605417,306,H14C75,4,*,*,1
50120031,,5,Coahuila de Zaragoza,Coah.,12,Guerrero,31,San José,R,"28°26´35.273N""","100°22´09.159W""",28.443131,-100.36921,224,H14C75,7,*,*,2
50120032,,5,Coahuila de Zaragoza,Coah.,12,Guerrero,32,San Luis,R,"28°13´52.976N""","100°36´02.797W""",28.231382,-100.600777,319,H14C85,2,*,*,1
50120033,,5,Coahuila de Zaragoza,Coah.,12,Guerrero,33,Los Ajos (San Lucas Uno),R,"28°18´39.882N""","100°20´01.413W""",28.311078,-100.333726,207,H14C75,0,0,0,0
50120034,,5,Coahuila de Zaragoza,Coah.,12,Guerrero,34,Santa Lucía,R,"28°08´04.700N""","100°35´57.159W""",28.134639,-100.599211,344,H14C85,0,0,0,0
50120035,,5,Coahuila de Zaragoza,Coah.,12,Guerrero,35,Santa Mónica,R,"28°12´08.629N""","100°37´32.042W""",28.202397,-100.625567,337,H14C85,294,158,136,89
50120037,,5,Coahuila de Zaragoza,Coah.,12,Guerrero,37,San Vicente,R,"28°25´41.149N""","100°21´43.959W""",28.428096,-100.362211,231,H14C75,65,37,28,24
50120041,,5,Coahuila de Zaragoza,Coah.,12,Guerrero,41,El Tejas de Abajo (El Tejas Uno),R,"28°30´46.842N""","100°24´53.656W""",28.513012,-100.414904,241,H14C65,3,*,*,1
50120043,,5,Coahuila de Zaragoza,Coah.,12,Guerrero,43,El Amole,R,"28°09´02.944N""","100°06´40.324W""",28.150818,-100.111201,178,H14C86,0,0,0,0
50120044,,5,Coahuila de Zaragoza,Coah.,12,Guerrero,44,El Alamillo,R,"27°59´05.230N""","100°31´22.188W""",27.984786,-100.522829,328,G14A15,1,*,*,1
50120047,,5,Coahuila de Zaragoza,Coah.,12,Guerrero,47,Agua Nueva,R,"27°55´52.723N""","100°34´24.942W""",27.931311,-100.573594,371,G14A15,3,*,*,1
50120048,,5,Coahuila de Zaragoza,Coah.,12,Guerrero,48,Los Ajos,R,"27°50´20.129N""","100°27´39.579W""",27.838924,-100.460994,281,G14A15,0,0,0,0
50120050,,5,Coahuila de Zaragoza,Coah.,12,Guerrero,50,Buenavista,R,"28°05´44.980N""","100°32´44.838W""",28.095827,-100.545788,317,H14C85,5,*,*,2
50120051,,5,Coahuila de Zaragoza,Coah.,12,Guerrero,51,Bracitos,R,"28°00´45.994N""","100°24´59.339W""",28.012776,-100.416483,284,H14C85,0,0,0,0
50120053,,5,Coahuila de Zaragoza,Coah.,12,Guerrero,53,El Centeno,R,"28°26´27.112N""","100°26´22.049W""",28.440864,-100.439458,266,H14C75,4,*,*,2
50120054,,5,Coahuila de Zaragoza,Coah.,12,Guerrero,54,La Colmena,R,"28°09´21.750N""","100°34´51.849W""",28.156042,-100.581069,333,H14C85,0,0,0,0
50120056,,5,Coahuila de Zaragoza,Coah.,12,Guerrero,56,Charco Azul,R,"28°16´32.732N""","100°31´58.005W""",28.275758,-100.532779,288,H14C75,0,0,0,0
50120057,,5,Coahuila de Zaragoza,Coah.,12,Guerrero,57,El Chamizal (El Encinal),R,"28°19´43.032N""","100°27´57.707W""",28.328619,-100.46603,255,H14C75,6,*,*,1
50120059,,5,Coahuila de Zaragoza,Coah.,12,Guerrero,59,Don Felipe,R,"28°23´58.125N""","100°24´19.609W""",28.399479,-100.405447,257,H14C75,1,*,*,1
50120060,,5,Coahuila de Zaragoza,Coah.,12,Guerrero,60,El Cono (Ramón Fernández),R,"28°26´04.640N""","100°25´05.750W""",28.434622,-100.418263,260,H14C75,1,*,*,1
50120063,,5,Coahuila de Zaragoza,Coah.,12,Guerrero,63,El Jardín (Tres Encinos),R,"28°05´59.300N""","100°05´13.220W""",28.099805,-100.087005,192,H14C86,1,*,*,1
50120064,,5,Coahuila de Zaragoza,Coah.,12,Guerrero,64,La Luz,R,"28°12´57.722N""","100°35´59.385W""",28.216034,-100.599829,325,H14C85,1,*,*,1
50120065,,5,Coahuila de Zaragoza,Coah.,12,Guerrero,65,La Mota,R,"28°09´18.729N""","100°35´44.610W""",28.155203,-100.595725,337,H14C85,0,0,0,0
50120067,,5,Coahuila de Zaragoza,Coah.,12,Guerrero,67,El Mesteño,R,"27°50´57.279N""","100°28´11.560W""",27.849244,-100.469877,291,G14A15,0,0,0,0
50120072,,5,Coahuila de Zaragoza,Coah.,12,Guerrero,72,Pelones,R,"27°52´05.072N""","100°28´38.304W""",27.868075,-100.477306,298,G14A15,0,0,0,0
50120073,,5,Coahuila de Zaragoza,Coah.,12,Guerrero,73,La Rodaja,R,"28°05´41.714N""","100°32´36.786W""",28.09492,-100.543551,318,H14C85,6,*,*,2
50120074,,5,Coahuila de Zaragoza,Coah.,12,Guerrero,74,El Refugio,R,"28°06´09.546N""","100°07´53.058W""",28.102652,-100.131404,183,H14C86,0,0,0,0
50120075,,5,Coahuila de Zaragoza,Coah.,12,Guerrero,75,El Salitrillo,R,"28°16´08.979N""","100°29´44.600W""",28.26916,-100.495722,270,H14C75,0,0,0,0
50120076,,5,Coahuila de Zaragoza,Coah.,12,Guerrero,76,San Diego,R,"28°03´17.459N""","100°32´33.105W""",28.05485,-100.542529,329,H14C85,0,0,0,0
50120077,,5,Coahuila de Zaragoza,Coah.,12,Guerrero,77,La Salada,R,"28°04´25.683N""","100°17´06.672W""",28.0738,-100.285186,220,H14C86,0,0,0,0
50120078,,5,Coahuila de Zaragoza,Coah.,12,Guerrero,78,Las Tórtolas,R,"27°54´01.903N""","100°36´33.063W""",27.900529,-100.609184,390,G14A15,2,*,*,1
50120079,,5,Coahuila de Zaragoza,Coah.,12,Guerrero,79,Zacatosa,R,"27°51´45.673N""","100°35´35.849W""",27.862687,-100.593291,367,G14A15,2,*,*,1
50120080,,5,Coahuila de Zaragoza,Coah.,12,Guerrero,80,Buenavista,R,"28°11´45.179N""","100°19´26.559W""",28.195883,-100.324044,229,H14C86,1,*,*,1
50120081,,5,Coahuila de Zaragoza,Coah.,12,Guerrero,81,Santa Elena,R,"28°17´22.129N""","100°19´37.649W""",28.28948,-100.327124,197,H14C76,0,0,0,0
50120082,,5,Coahuila de Zaragoza,Coah.,12,Guerrero,82,El Ojo de Agua,R,"28°09´16.813N""","100°38´34.932W""",28.15467,-100.643036,360,H14C85,0,0,0,0
50120084,,5,Coahuila de Zaragoza,Coah.,12,Guerrero,84,El Macho,R,"28°09´08.923N""","100°30´44.387W""",28.152479,-100.51233,301,H14C85,0,0,0,0
50120085,,5,Coahuila de Zaragoza,Coah.,12,Guerrero,85,San Isidro,R,"28°07´48.516N""","100°35´00.490W""",28.130143,-100.583469,336,H14C85,2,*,*,1
50120089,,5,Coahuila de Zaragoza,Coah.,12,Guerrero,89,El Bayo,R,"28°12´45.919N""","100°35´49.569W""",28.212755,-100.597102,323,H14C85,0,0,0,0
50120093,,5,Coahuila de Zaragoza,Coah.,12,Guerrero,93,La Cortina,R,"28°20´14.424N""","100°20´56.767W""",28.33734,-100.349102,206,H14C75,0,0,0,0
50120094,,5,Coahuila de Zaragoza,Coah.,12,Guerrero,94,Los Cuates Dos,R,"28°12´12.070N""","100°35´52.940W""",28.203353,-100.598039,321,H14C85,0,0,0,0
50120095,,5,Coahuila de Zaragoza,Coah.,12,Guerrero,95,San Blas (El Duende),R,"28°11´15.627N""","100°32´13.883W""",28.187674,-100.537189,309,H14C85,2,*,*,1
50120097,,5,Coahuila de Zaragoza,Coah.,12,Guerrero,97,Loma Pinta,R,"27°53´57.062N""","100°36´40.677W""",27.899184,-100.611299,398,G14A15,0,0,0,0
50120098,,5,Coahuila de Zaragoza,Coah.,12,Guerrero,98,La Misión,R,"28°19´12.284N""","100°19´55.478W""",28.320078,-100.332077,193,H14C76,4,*,*,1
50120100,,5,Coahuila de Zaragoza,Coah.,12,Guerrero,100,La Pita,R,"28°03´43.759N""","100°29´46.449W""",28.062155,-100.496236,302,H14C85,0,0,0,0
50120101,,5,Coahuila de Zaragoza,Coah.,12,Guerrero,101,La Reforma,R,"28°21´31.638N""","100°26´14.423W""",28.358788,-100.437339,250,H14C75,3,*,*,1
50120102,,5,Coahuila de Zaragoza,Coah.,12,Guerrero,102,Río Grande,R,"28°12´14.077N""","100°12´56.984W""",28.20391,-100.215829,181,H14C86,0,0,0,0
50120103,,5,Coahuila de Zaragoza,Coah.,12,Guerrero,103,San Pablo (El Rosario),R,"28°08´09.480N""","100°34´03.183W""",28.135966,-100.56755,330,H14C85,9,*,*,2
50120105,,5,Coahuila de Zaragoza,Coah.,12,Guerrero,105,Oro Verde,R,"28°31´55.064N""","100°25´32.840W""",28.531962,-100.425788,252,H14C65,0,0,0,0
50120106,,5,Coahuila de Zaragoza,Coah.,12,Guerrero,106,Zaragoza (Alex Flores Rodríguez) [Granja Avícola],R,"28°25´33.342N""","100°23´54.124W""",28.425928,-100.398367,254,H14C75,0,0,0,0
50120108,,5,Coahuila de Zaragoza,Coah.,12,Guerrero,108,San Miguel (Raúl González),R,"28°24´59.230N""","100°25´33.520W""",28.416453,-100.425977,263,H14C75,3,*,*,1
50120109,,5,Coahuila de Zaragoza,Coah.,12,Guerrero,109,Jesús Pérez Hernández,R,"28°15´46.990N""","100°18´45.519W""",28.263053,-100.312644,193,H14C76,0,0,0,0
50120112,,5,Coahuila de Zaragoza,Coah.,12,Guerrero,112,El Cerrito,R,"28°16´25.650N""","100°19´30.719W""",28.273791,-100.325199,190,H14C76,0,0,0,0
50120113,,5,Coahuila de Zaragoza,Coah.,12,Guerrero,113,San Lucas Dos (Los Palmares),R,"28°18´21.409N""","100°19´55.800W""",28.305947,-100.332166,203,H14C76,0,0,0,0
50120115,,5,Coahuila de Zaragoza,Coah.,12,Guerrero,115,Los Palmares,R,"28°16´30.738N""","100°18´43.777W""",28.275204,-100.31216,190,H14C76,5,*,*,1
50120117,,5,Coahuila de Zaragoza,Coah.,12,Guerrero,117,Las Moras (Almagre),R,"28°11´05.052N""","100°12´12.534W""",28.184736,-100.203482,201,H14C86,4,*,*,1
50120119,,5,Coahuila de Zaragoza,Coah.,12,Guerrero,119,San Juan,R,"28°27´47.161N""","100°24´31.994W""",28.4631,-100.408887,257,H14C75,0,0,0,0
50120125,,5,Coahuila de Zaragoza,Coah.,12,Guerrero,125,Don Jesús,R,"28°29´34.568N""","100°20´17.519W""",28.492935,-100.338199,200,H14C75,0,0,0,0
50120127,,5,Coahuila de Zaragoza,Coah.,12,Guerrero,127,Arroyo Seco,R,"28°21´40.005N""","100°23´28.390W""",28.361113,-100.391219,244,H14C75,0,0,0,0
50120129,,5,Coahuila de Zaragoza,Coah.,12,Guerrero,129,Los Pinos,R,"28°16´12.987N""","100°31´12.332W""",28.270274,-100.520092,285,H14C75,0,0,0,0
50120130,,5,Coahuila de Zaragoza,Coah.,12,Guerrero,130,El Ombligo,R,"28°24´04.899N""","100°27´36.354W""",28.401361,-100.460098,262,H14C75,2,*,*,1
50120131,,5,Coahuila de Zaragoza,Coah.,12,Guerrero,131,El Laurel,R,"28°13´21.015N""","100°36´29.730W""",28.222504,-100.608258,321,H14C85,0,0,0,0
50120135,,5,Coahuila de Zaragoza,Coah.,12,Guerrero,135,La Encalmada,R,"28°10´30.119N""","100°37´07.800W""",28.175032,-100.618833,342,H14C85,0,0,0,0
50120136,,5,Coahuila de Zaragoza,Coah.,12,Guerrero,136,La Casita,R,"28°08´32.714N""","100°35´24.963W""",28.14242,-100.590267,339,H14C85,0,0,0,0
50120137,,5,Coahuila de Zaragoza,Coah.,12,Guerrero,137,Canoas,R,"28°13´27.741N""","100°37´24.032W""",28.224372,-100.623342,326,H14C85,3,*,*,1
50120138,,5,Coahuila de Zaragoza,Coah.,12,Guerrero,138,El Verde,R,"28°10´49.106N""","100°37´53.788W""",28.180307,-100.631607,346,H14C85,0,0,0,0
50120139,,5,Coahuila de Zaragoza,Coah.,12,Guerrero,139,Los Nueve A,R,"28°11´07.169N""","100°37´41.459W""",28.185324,-100.628182,343,H14C85,0,0,0,0
50120145,,5,Coahuila de Zaragoza,Coah.,12,Guerrero,145,La Manzana,R,"28°31´02.865N""","100°28´55.866W""",28.517462,-100.482184,270,H14C65,8,*,*,1
50120148,,5,Coahuila de Zaragoza,Coah.,12,Guerrero,148,Los Pavos (Enrique Campos),R,"28°32´55.004N""","100°25´22.906W""",28.548612,-100.423029,227,H14C65,0,0,0,0
50120149,,5,Coahuila de Zaragoza,Coah.,12,Guerrero,149,Guadalupe,R,"28°31´17.314N""","100°26´40.053W""",28.521475,-100.444459,260,H14C65,1,*,*,1
50120150,,5,Coahuila de Zaragoza,Coah.,12,Guerrero,150,San Luis (Santa Hermila),R,"28°29´55.021N""","100°27´14.375W""",28.498617,-100.453993,265,H14C75,0,0,0,0
50120151,,5,Coahuila de Zaragoza,Coah.,12,Guerrero,151,La Chiripa,R,"28°31´22.546N""","100°27´41.696W""",28.522929,-100.461582,262,H14C65,1,*,*,1
50120152,,5,Coahuila de Zaragoza,Coah.,12,Guerrero,152,El Socio B,R,"28°30´22.090N""","100°27´51.071W""",28.506136,-100.464186,268,H14C65,5,*,*,2
50120153,,5,Coahuila de Zaragoza,Coah.,12,Guerrero,153,El Colorín,R,"28°31´11.885N""","100°28´38.111W""",28.519967,-100.477252,268,H14C65,0,0,0,0
50120154,,5,Coahuila de Zaragoza,Coah.,12,Guerrero,154,Las Palapas,R,"28°09´17.540N""","100°12´48.049W""",28.154872,-100.213347,230,H14C86,0,0,0,0
50120157,,5,Coahuila de Zaragoza,Coah.,12,Guerrero,157,Los Juanes,R,"28°01´17.565N""","100°22´29.516W""",28.021545,-100.374865,276,H14C85,0,0,0,0
50120159,,5,Coahuila de Zaragoza,Coah.,12,Guerrero,159,Los Laureles,R,"28°32´59.163N""","100°24´51.481W""",28.549767,-100.4143,215,H14C65,0,0,0,0
50120160,,5,Coahuila de Zaragoza,Coah.,12,Guerrero,160,Martínez (San Rutilio),R,"28°31´07.399N""","100°28´43.900W""",28.518721,-100.47886,269,H14C65,0,0,0,0
50120161,,5,Coahuila de Zaragoza,Coah.,12,Guerrero,161,Kilitla,R,"28°30´12.046N""","100°27´51.073W""",28.503346,-100.464187,268,H14C65,0,0,0,0
50120162,,5,Coahuila de Zaragoza,Coah.,12,Guerrero,162,El Saucito,R,"28°30´40.323N""","100°27´20.098W""",28.511201,-100.455583,264,H14C65,31,19,12,10
50120168,,5,Coahuila de Zaragoza,Coah.,12,Guerrero,168,Ramón Diego,R,"28°31´34.279N""","100°26´37.176W""",28.526188,-100.44366,260,H14C65,3,*,*,1
50120171,,5,Coahuila de Zaragoza,Coah.,12,Guerrero,171,San Ricardo,R,"27°56´55.677N""","100°17´25.104W""",27.948799,-100.290306,247,G14A16,0,0,0,0
50120172,,5,Coahuila de Zaragoza,Coah.,12,Guerrero,172,Las Víboras (Longoria),R,"27°53´26.538N""","100°12´19.289W""",27.890705,-100.205358,232,G14A16,0,0,0,0
50120173,,5,Coahuila de Zaragoza,Coah.,12,Guerrero,173,El Novillo,R,"27°51´13.738N""","100°22´01.340W""",27.853816,-100.367038,257,G14A15,0,0,0,0
50120174,,5,Coahuila de Zaragoza,Coah.,12,Guerrero,174,Santa Rosa,R,"28°01´12.849N""","100°06´30.549W""",28.020235,-100.108486,203,H14C86,0,0,0,0
50120175,,5,Coahuila de Zaragoza,Coah.,12,Guerrero,175,El Águila,R,"27°58´47.272N""","100°13´38.285W""",27.979797,-100.227301,260,G14A16,7,5,2,4
50120176,,5,Coahuila de Zaragoza,Coah.,12,Guerrero,176,La Manzana,R,"28°26´50.314N""","100°22´34.589W""",28.447309,-100.376274,232,H14C75,0,0,0,0
50120177,,5,Coahuila de Zaragoza,Coah.,12,Guerrero,177,Sanguijuela,R,"28°24´42.131N""","100°22´02.107W""",28.411703,-100.367251,240,H14C75,0,0,0,0
50120178,,5,Coahuila de Zaragoza,Coah.,12,Guerrero,178,La Zorra,R,"28°02´00.611N""","100°11´58.304W""",28.033503,-100.199529,218,H14C86,0,0,0,0
50120179,,5,Coahuila de Zaragoza,Coah.,12,Guerrero,179,María Magdalena del Toro (Eben Ezer),R,"28°24´18.309N""","100°24´35.210W""",28.405086,-100.409781,259,H14C75,0,0,0,0
50120180,,5,Coahuila de Zaragoza,Coah.,12,Guerrero,180,Jesús Navarro Villegas,R,"28°22´24.047N""","100°24´02.087W""",28.373346,-100.40058,253,H14C75,0,0,0,0
50120181,,5,Coahuila de Zaragoza,Coah.,12,Guerrero,181,La Concordia (Loma Verde),R,"28°11´36.610N""","100°13´17.743W""",28.193502,-100.221595,180,H14C86,2,*,*,1
50120182,,5,Coahuila de Zaragoza,Coah.,12,Guerrero,182,El Huajillo,R,"28°31´13.348N""","100°28´32.076W""",28.520374,-100.475576,268,H14C65,0,0,0,0
50120183,,5,Coahuila de Zaragoza,Coah.,12,Guerrero,183,El Encinal,R,"28°18´50.325N""","100°24´39.974W""",28.313979,-100.411104,236,H14C75,7,*,*,2
50120184,,5,Coahuila de Zaragoza,Coah.,12,Guerrero,184,Álvaro Sotelo,R,"28°12´51.759N""","100°37´21.862W""",28.214378,-100.622739,329,H14C85,2,*,*,1
50120185,,5,Coahuila de Zaragoza,Coah.,12,Guerrero,185,El Nogalito,R,"28°11´37.347N""","100°37´20.252W""",28.193707,-100.622292,338,H14C85,0,0,0,0
50120187,,5,Coahuila de Zaragoza,Coah.,12,Guerrero,187,Los Pinos,R,"28°27´29.435N""","100°27´33.406W""",28.458176,-100.459279,266,H14C75,2,*,*,1
50120188,,5,Coahuila de Zaragoza,Coah.,12,Guerrero,188,San Diego,R,"27°59´52.404N""","100°32´01.874W""",27.99789,-100.533854,333,G14A15,0,0,0,0
50120189,,5,Coahuila de Zaragoza,Coah.,12,Guerrero,189,Baldomero Rodríguez,R,"28°31´47.337N""","100°28´27.767W""",28.529815,-100.474379,264,H14C65,5,*,*,1
50120190,,5,Coahuila de Zaragoza,Coah.,12,Guerrero,190,Cabeceras,R,"28°32´07.930N""","100°28´13.611W""",28.535536,-100.470447,260,H14C65,0,0,0,0
50120191,,5,Coahuila de Zaragoza,Coah.,12,Guerrero,191,Tejas Dos,R,"28°29´20.198N""","100°27´20.006W""",28.488944,-100.455557,266,H14C75,0,0,0,0
50120192,,5,Coahuila de Zaragoza,Coah.,12,Guerrero,192,La Calabaza,R,"27°50´06.700N""","100°24´30.769W""",27.835194,-100.408547,268,G14A15,0,0,0,0
50120193,,5,Coahuila de Zaragoza,Coah.,12,Guerrero,193,Bracitos,R,"28°01´41.881N""","100°26´21.272W""",28.0283,-100.439242,279,H14C85,0,0,0,0
50120194,,5,Coahuila de Zaragoza,Coah.,12,Guerrero,194,Santa Rita,R,"28°08´42.888N""","100°35´09.710W""",28.145246,-100.58603,338,H14C85,0,0,0,0
50120195,,5,Coahuila de Zaragoza,Coah.,12,Guerrero,195,La Presa,R,"28°08´15.329N""","100°34´52.210W""",28.137591,-100.581169,335,H14C85,0,0,0,0
50120197,,5,Coahuila de Zaragoza,Coah.,12,Guerrero,197,San Isidro,R,"28°31´24.399N""","100°27´29.070W""",28.523444,-100.458075,262,H14C65,0,0,0,0
50120198,,5,Coahuila de Zaragoza,Coah.,12,Guerrero,198,Tamaris,R,"28°33´19.140N""","100°24´53.600W""",28.555317,-100.414889,214,H14C65,0,0,0,0
50120199,,5,Coahuila de Zaragoza,Coah.,12,Guerrero,199,Los Gavilanes,R,"28°31´23.543N""","100°25´47.929W""",28.523206,-100.42998,260,H14C65,0,0,0,0
50120200,,5,Coahuila de Zaragoza,Coah.,12,Guerrero,200,Mario Torres,R,"28°32´15.471N""","100°25´44.083W""",28.537631,-100.428911,253,H14C65,0,0,0,0
50120201,,5,Coahuila de Zaragoza,Coah.,12,Guerrero,201,Cinco Hermanos,R,"28°28´35.471N""","100°28´11.301W""",28.476519,-100.469805,269,H14C75,0,0,0,0
50120202,,5,Coahuila de Zaragoza,Coah.,12,Guerrero,202,Los Huercos,R,"28°28´12.668N""","100°27´45.652W""",28.470185,-100.462681,267,H14C75,0,0,0,0
50120203,,5,Coahuila de Zaragoza,Coah.,12,Guerrero,203,Arturo Rodríguez Pope,R,"28°27´38.731N""","100°24´13.457W""",28.460759,-100.403738,254,H14C75,0,0,0,0
50120204,,5,Coahuila de Zaragoza,Coah.,12,Guerrero,204,Los Pinos (Arturo Rodríguez Pope),R,"28°27´32.590N""","100°23´34.349W""",28.459053,-100.392874,248,H14C75,0,0,0,0
50120205,,5,Coahuila de Zaragoza,Coah.,12,Guerrero,205,Las Palmas,R,"28°18´10.978N""","100°19´45.474W""",28.303049,-100.329298,200,H14C76,0,0,0,0
50120206,,5,Coahuila de Zaragoza,Coah.,12,Guerrero,206,Rancho los Hermanos,R,"28°22´43.074N""","100°23´02.866W""",28.378631,-100.384129,249,H14C75,0,0,0,0
50120207,,5,Coahuila de Zaragoza,Coah.,12,Guerrero,207,La Joya,R,"28°06´27.554N""","100°16´49.685W""",28.107654,-100.280467,230,H14C86,7,*,*,2
50120209,,5,Coahuila de Zaragoza,Coah.,12,Guerrero,209,El Capricho,R,"28°20´13.924N""","100°28´49.001W""",28.337201,-100.480277,259,H14C75,0,0,0,0
50120210,,5,Coahuila de Zaragoza,Coah.,12,Guerrero,210,El Cascabel,R,"28°14´45.173N""","100°37´17.090W""",28.245881,-100.621413,323,H14C85,0,0,0,0
50120211,,5,Coahuila de Zaragoza,Coah.,12,Guerrero,211,El Dado,R,"28°29´02.297N""","100°27´46.288W""",28.483971,-100.462858,268,H14C75,0,0,0,0
50120212,,5,Coahuila de Zaragoza,Coah.,12,Guerrero,212,Alberto Juantos,R,"28°28´29.817N""","100°27´10.203W""",28.474949,-100.452834,266,H14C75,0,0,0,0
50120213,,5,Coahuila de Zaragoza,Coah.,12,Guerrero,213,Arturo Soto Campa,R,"28°28´59.460N""","100°27´23.692W""",28.483183,-100.456581,267,H14C75,0,0,0,0
50120214,,5,Coahuila de Zaragoza,Coah.,12,Guerrero,214,El Paso,R,"28°32´31.799N""","100°26´23.932W""",28.542166,-100.439981,236,H14C65,0,0,0,0
50120216,,5,Coahuila de Zaragoza,Coah.,12,Guerrero,216,Tres Hermanos,R,"28°28´23.304N""","100°28´03.564W""",28.473139,-100.467656,268,H14C75,0,0,0,0
50120217,,5,Coahuila de Zaragoza,Coah.,12,Guerrero,217,San Francisco (Palos Nietos),R,"28°27´49.581N""","100°27´43.244W""",28.463773,-100.462012,267,H14C75,4,*,*,1
50120218,,5,Coahuila de Zaragoza,Coah.,12,Guerrero,218,Alejandrina,R,"28°28´11.726N""","100°27´52.773W""",28.469923,-100.464659,268,H14C75,0,0,0,0
50120219,,5,Coahuila de Zaragoza,Coah.,12,Guerrero,219,Las Sauces,R,"28°28´35.049N""","100°28´17.723W""",28.476402,-100.471589,269,H14C75,0,0,0,0
50120220,,5,Coahuila de Zaragoza,Coah.,12,Guerrero,220,El Potrillo (Barranquitos),R,"28°26´07.050N""","100°22´51.746W""",28.435291,-100.38104,246,H14C75,0,0,0,0
50120221,,5,Coahuila de Zaragoza,Coah.,12,Guerrero,221,El Dorado (David Rincón),R,"28°28´35.119N""","100°27´25.989W""",28.476421,-100.457219,267,H14C75,0,0,0,0
50120222,,5,Coahuila de Zaragoza,Coah.,12,Guerrero,222,El Careto,R,"28°28´46.292N""","100°28´14.497W""",28.479525,-100.470693,269,H14C75,0,0,0,0
50120223,,5,Coahuila de Zaragoza,Coah.,12,Guerrero,223,Santo Niño,R,"28°28´02.305N""","100°27´20.906W""",28.467306,-100.455807,266,H14C75,0,0,0,0
50120224,,5,Coahuila de Zaragoza,Coah.,12,Guerrero,224,Dos R,R,"28°31´25.174N""","100°27´37.750W""",28.523659,-100.460486,262,H14C65,5,*,*,1
50120225,,5,Coahuila de Zaragoza,Coah.,12,Guerrero,225,San José (El Chupadero),R,"28°27´42.206N""","100°22´50.045W""",28.461724,-100.380567,234,H14C75,1,*,*,1
50120226,,5,Coahuila de Zaragoza,Coah.,12,Guerrero,226,La Parrita,R,"28°11´34.439N""","100°37´26.964W""",28.192899,-100.624156,340,H14C85,5,*,*,1
50120227,,5,Coahuila de Zaragoza,Coah.,12,Guerrero,227,El Bonito (La Vuelta),R,"28°08´50.875N""","100°34´30.066W""",28.147465,-100.575018,331,H14C85,0,0,0,0
50120228,,5,Coahuila de Zaragoza,Coah.,12,Guerrero,228,Armando Losoya,R,"28°11´18.768N""","100°37´33.082W""",28.188546,-100.625855,341,H14C85,0,0,0,0
50120229,,5,Coahuila de Zaragoza,Coah.,12,Guerrero,229,Homero García Montoya,R,"28°10´35.232N""","100°37´09.639W""",28.176453,-100.619344,343,H14C85,0,0,0,0
50120230,,5,Coahuila de Zaragoza,Coah.,12,Guerrero,230,La Gloria,R,"28°05´11.912N""","100°28´18.736W""",28.086642,-100.47187,285,H14C85,0,0,0,0
50120232,,5,Coahuila de Zaragoza,Coah.,12,Guerrero,232,"Piedras Negras [Club de Caza, Tiro y Pesca]",R,"28°28´54.079N""","100°28´58.260W""",28.481688,-100.482849,271,H14C75,4,*,*,1
50120233,,5,Coahuila de Zaragoza,Coah.,12,Guerrero,233,El Coyote,R,"27°56´40.237N""","100°21´54.776W""",27.94451,-100.365216,268,G14A15,1,*,*,1
50120234,,5,Coahuila de Zaragoza,Coah.,12,Guerrero,234,Las Cuevas,R,"28°04´44.681N""","100°23´43.631W""",28.079077,-100.395453,270,H14C85,0,0,0,0
50120235,,5,Coahuila de Zaragoza,Coah.,12,Guerrero,235,El Guajillal,R,"28°14´59.875N""","100°27´15.612W""",28.249965,-100.454337,260,H14C85,1,*,*,1
50120236,,5,Coahuila de Zaragoza,Coah.,12,Guerrero,236,El Muerto,R,"27°59´57.258N""","100°22´18.315W""",27.999238,-100.371754,279,G14A15,0,0,0,0
50120237,,5,Coahuila de Zaragoza,Coah.,12,Guerrero,237,El Cebrado,R,"28°15´47.838N""","100°16´46.087W""",28.263288,-100.279468,160,H14C76,0,0,0,0
50120238,,5,Coahuila de Zaragoza,Coah.,12,Guerrero,238,El Dorado,R,"28°27´32.040N""","100°27´41.359W""",28.4589,-100.461489,267,H14C75,1,*,*,1
50120239,,5,Coahuila de Zaragoza,Coah.,12,Guerrero,239,La Pileta,R,"28°27´45.121N""","100°28´00.918W""",28.462534,-100.466921,268,H14C75,0,0,0,0
50120240,,5,Coahuila de Zaragoza,Coah.,12,Guerrero,240,Ermín Martínez,R,"28°27´25.214N""","100°23´30.376W""",28.457004,-100.391771,250,H14C75,0,0,0,0
50120241,,5,Coahuila de Zaragoza,Coah.,12,Guerrero,241,Los Griegos,R,"28°22´20.963N""","100°20´18.634W""",28.372489,-100.338509,200,H14C75,0,0,0,0
50120242,,5,Coahuila de Zaragoza,Coah.,12,Guerrero,242,Las Margaritas,R,"28°15´42.449N""","100°16´42.060W""",28.261791,-100.278349,154,H14C76,0,0,0,0
50120243,,5,Coahuila de Zaragoza,Coah.,12,Guerrero,243,Las Pilas,R,"28°27´44.504N""","100°23´21.988W""",28.462362,-100.389441,246,H14C75,0,0,0,0
50120246,,5,Coahuila de Zaragoza,Coah.,12,Guerrero,246,El Saladito,R,"28°20´39.066N""","100°20´46.193W""",28.344185,-100.346164,200,H14C75,1,*,*,1
50120247,,5,Coahuila de Zaragoza,Coah.,12,Guerrero,247,San José (Oscar Jiménez López),R,"28°26´50.370N""","100°21´51.601W""",28.447325,-100.364334,210,H14C75,0,0,0,0
50120248,,5,Coahuila de Zaragoza,Coah.,12,Guerrero,248,Las 3 V,R,"28°19´50.907N""","100°23´27.373W""",28.330807,-100.390937,239,H14C75,5,*,*,1
50120249,,5,Coahuila de Zaragoza,Coah.,12,Guerrero,249,Santa Emilia,R,"28°27´47.188N""","100°27´43.891W""",28.463108,-100.462192,267,H14C75,0,0,0,0
50120250,,5,Coahuila de Zaragoza,Coah.,12,Guerrero,250,Las Sapitas,R,"28°28´43.091N""","100°28´22.783W""",28.478636,-100.472995,269,H14C75,1,*,*,1
50120251,,5,Coahuila de Zaragoza,Coah.,12,Guerrero,251,Roberto Bustos Portillo,R,"28°27´56.613N""","100°28´36.880W""",28.465726,-100.47691,269,H14C75,3,*,*,1
50120252,,5,Coahuila de Zaragoza,Coah.,12,Guerrero,252,Quinta Aurora,R,"28°28´54.701N""","100°27´54.924W""",28.481861,-100.465257,268,H14C75,0,0,0,0
50120253,,5,Coahuila de Zaragoza,Coah.,12,Guerrero,253,Antonio González,R,"28°28´46.186N""","100°27´27.101W""",28.479495,-100.457528,267,H14C75,0,0,0,0
50120254,,5,Coahuila de Zaragoza,Coah.,12,Guerrero,254,Pedro Sánchez Ranch,R,"28°28´27.160N""","100°27´41.558W""",28.47421,-100.461544,267,H14C75,4,*,*,1
50120255,,5,Coahuila de Zaragoza,Coah.,12,Guerrero,255,Pedro Sánchez,R,"28°28´28.064N""","100°27´53.751W""",28.474462,-100.464931,268,H14C75,0,0,0,0
50120256,,5,Coahuila de Zaragoza,Coah.,12,Guerrero,256,El Recuerdo,R,"28°15´04.510N""","100°18´15.999W""",28.251253,-100.304444,203,H14C76,0,0,0,0
50120257,,5,Coahuila de Zaragoza,Coah.,12,Guerrero,257,El Divisadero,R,"28°17´41.218N""","100°21´06.307W""",28.294782,-100.351752,229,H14C75,0,0,0,0
50120258,,5,Coahuila de Zaragoza,Coah.,12,Guerrero,258,La Gloria,R,"28°27´23.264N""","100°22´23.120W""",28.456462,-100.373088,224,H14C75,3,*,*,1
50120259,,5,Coahuila de Zaragoza,Coah.,12,Guerrero,259,Cabeza de Toro,R,"28°17´25.317N""","100°22´58.182W""",28.290366,-100.382828,230,H14C75,3,*,*,1
50120261,,5,Coahuila de Zaragoza,Coah.,12,Guerrero,261,San Pedro el Siete,R,"28°17´43.789N""","100°20´10.460W""",28.295497,-100.336239,199,H14C75,0,0,0,0
50120262,,5,Coahuila de Zaragoza,Coah.,12,Guerrero,262,Profesor Daniel Pérez S. [Centro Recreativo Regional Sección 5],R,"28°31´33.708N""","100°28´39.285W""",28.526029,-100.477579,266,H14C65,0,0,0,0
50120263,,5,Coahuila de Zaragoza,Coah.,12,Guerrero,263,Las Margaritas,R,"28°31´39.030N""","100°26´10.343W""",28.527508,-100.436206,260,H14C65,4,*,*,1
50120264,,5,Coahuila de Zaragoza,Coah.,12,Guerrero,264,San Rafael,R,"28°31´34.051N""","100°25´48.060W""",28.526125,-100.430016,260,H14C65,1,*,*,1
50120265,,5,Coahuila de Zaragoza,Coah.,12,Guerrero,265,Osvaldo Sánchez (Ven a Mi),R,"28°12´49.128N""","100°36´42.427W""",28.213647,-100.611785,330,H14C85,0,0,0,0
50120266,,5,Coahuila de Zaragoza,Coah.,12,Guerrero,266,Los Alacranes,R,"28°31´41.115N""","100°25´48.204W""",28.528087,-100.430056,258,H14C65,0,0,0,0
50120267,,5,Coahuila de Zaragoza,Coah.,12,Guerrero,267,El Armadillo Dos,R,"28°20´55.938N""","100°31´28.325W""",28.348871,-100.524534,274,H14C75,0,0,0,0
50120268,,5,Coahuila de Zaragoza,Coah.,12,Guerrero,268,Las Yeguas,R,"28°27´44.138N""","100°27´08.046W""",28.462261,-100.452235,266,H14C75,0,0,0,0
50120269,,5,Coahuila de Zaragoza,Coah.,12,Guerrero,269,Palo Blanco,R,"28°24´07.108N""","100°22´15.517W""",28.401974,-100.370976,250,H14C75,0,0,0,0
50120270,,5,Coahuila de Zaragoza,Coah.,12,Guerrero,270,Marcos Tijerina,R,"28°19´12.182N""","100°23´44.714W""",28.32005,-100.395754,230,H14C75,3,*,*,1
50120271,,5,Coahuila de Zaragoza,Coah.,12,Guerrero,271,El Pitayo,R,"28°27´50.848N""","100°26´53.519W""",28.464124,-100.448199,265,H14C75,0,0,0,0
50120272,,5,Coahuila de Zaragoza,Coah.,12,Guerrero,272,La Quinta de los Santos,R,"28°29´15.296N""","100°27´32.301W""",28.487582,-100.458973,267,H14C75,0,0,0,0
50120274,,5,Coahuila de Zaragoza,Coah.,12,Guerrero,274,Dos Hermanos,R,"28°24´26.625N""","100°24´44.778W""",28.407396,-100.412438,259,H14C75,2,*,*,1
50120275,,5,Coahuila de Zaragoza,Coah.,12,Guerrero,275,La Quincena,R,"28°31´24.554N""","100°28´38.342W""",28.523487,-100.477317,267,H14C65,1,*,*,1
50120276,,5,Coahuila de Zaragoza,Coah.,12,Guerrero,276,La Dueña,R,"28°31´52.044N""","100°28´52.970W""",28.531123,-100.48138,266,H14C65,0,0,0,0
50120277,,5,Coahuila de Zaragoza,Coah.,12,Guerrero,277,Baldomero Rodríguez,R,"28°31´30.807N""","100°29´11.016W""",28.525224,-100.486393,270,H14C65,6,*,*,1
50120278,,5,Coahuila de Zaragoza,Coah.,12,Guerrero,278,La Rata,R,"27°58´46.218N""","100°33´28.691W""",27.979504,-100.55797,353,G14A15,2,*,*,1
50120279,,5,Coahuila de Zaragoza,Coah.,12,Guerrero,279,El Puerto,R,"27°50´09.255N""","100°35´04.957W""",27.835904,-100.58471,359,G14A15,1,*,*,1
50120280,,5,Coahuila de Zaragoza,Coah.,12,Guerrero,280,El Águila,R,"28°30´57.672N""","100°26´07.957W""",28.51602,-100.435543,260,H14C65,4,*,*,2
50120281,,5,Coahuila de Zaragoza,Coah.,12,Guerrero,281,Águila Azteca,R,"28°19´41.641N""","100°25´33.754W""",28.328233,-100.426042,243,H14C75,0,0,0,0
50120282,,5,Coahuila de Zaragoza,Coah.,12,Guerrero,282,La Parreña,R,"28°00´31.750N""","100°09´54.050W""",28.008819,-100.165014,215,H14C86,3,*,*,2
50120283,,5,Coahuila de Zaragoza,Coah.,12,Guerrero,283,Jesús Luna,R,"28°25´53.340N""","100°20´48.460W""",28.431483,-100.346794,197,H14C75,3,*,*,1
50120284,,5,Coahuila de Zaragoza,Coah.,12,Guerrero,284,Camino Real,R,"28°31´10.650N""","100°26´27.450W""",28.519624,-100.440958,260,H14C65,0,0,0,0
50120285,,5,Coahuila de Zaragoza,Coah.,12,Guerrero,285,Jaime Tovar,R,"28°29´39.670N""","100°23´13.410W""",28.494352,-100.387058,234,H14C75,9,*,*,1
50120286,,5,Coahuila de Zaragoza,Coah.,12,Guerrero,286,Sueño del Viejo,R,"28°29´30.830N""","100°23´49.390W""",28.491897,-100.397052,245,H14C75,0,0,0,0
50120287,,5,Coahuila de Zaragoza,Coah.,12,Guerrero,287,Arturo Godoy,R,"28°25´43.520N""","100°22´16.510W""",28.428755,-100.371252,240,H14C75,1,*,*,1
50120288,,5,Coahuila de Zaragoza,Coah.,12,Guerrero,288,Los Picos,R,"28°29´23.950N""","100°25´20.220W""",28.489986,-100.422283,257,H14C75,0,0,0,0
50120289,,5,Coahuila de Zaragoza,Coah.,12,Guerrero,289,José Morales,R,"28°25´50.860N""","100°22´01.810W""",28.430794,-100.367169,236,H14C75,0,0,0,0
50120290,,5,Coahuila de Zaragoza,Coah.,12,Guerrero,290,La Maceta,R,"28°12´25.720N""","100°37´46.350W""",28.207144,-100.629541,338,H14C85,0,0,0,0
50120291,,5,Coahuila de Zaragoza,Coah.,12,Guerrero,291,Marcos Tijerina,R,"28°19´20.494N""","100°23´30.535W""",28.322359,-100.391815,234,H14C75,0,0,0,0
