MAPA,Estatus,CVE_ENT,NOM_ENT,NOM_ABR,CVE_MUN,NOM_MUN,CVE_LOC,NOM_LOC,AMBITO,LATITUD,LONGITUD,LAT_DECIMAL,LON_DECIMAL,ALTITUD,CVE_CARTA,POB_TOTAL,POB_MASCULINA,POB_FEMENINA,TOTAL DE VIVIENDAS HABITADAS
50260001,,5,Coahuila de Zaragoza,Coah.,26,Progreso,1,Progreso,U,"27°25´44.320N""","100°59´14.040W""",27.428977,-100.987233,302,G14A34,675,341,334,200
50260002,,5,Coahuila de Zaragoza,Coah.,26,Progreso,2,Las Iglesias,R,"27°32´08.540N""","101°18´20.944W""",27.535705,-101.305818,426,G14A23,15,8,7,8
50260003,,5,Coahuila de Zaragoza,Coah.,26,Progreso,3,Mineral la Luz (Minas de la Luz),R,"27°34´59.788N""","101°29´01.609W""",27.583274,-101.48378,544,G14A22,476,232,244,126
50260004,,5,Coahuila de Zaragoza,Coah.,26,Progreso,4,Mota de Corona (Mota Corona),R,"27°25´25.176N""","101°11´03.013W""",27.423659,-101.18417,360,G14A33,68,33,35,22
50260005,,5,Coahuila de Zaragoza,Coah.,26,Progreso,5,Ramírez,R,"27°21´46.827N""","100°58´28.810W""",27.363008,-100.974669,325,G14A34,9,5,4,5
50260006,,5,Coahuila de Zaragoza,Coah.,26,Progreso,6,San Alberto,R,"27°26´33.777N""","101°17´43.592W""",27.442716,-101.295442,394,G14A33,418,216,202,123
50260007,,5,Coahuila de Zaragoza,Coah.,26,Progreso,7,San José de Aura,R,"27°35´17.735N""","101°22´18.865W""",27.588259,-101.371906,471,G14A22,1232,612,620,393
50260009,,5,Coahuila de Zaragoza,Coah.,26,Progreso,9,El Socorro,R,"27°31´30.138N""","101°21´20.838W""",27.525038,-101.355788,441,G14A22,0,0,0,0
50260010,,5,Coahuila de Zaragoza,Coah.,26,Progreso,10,Agua Buena,R,"27°22´50.160N""","101°09´10.350W""",27.380599,-101.152875,341,G14A33,0,0,0,0
50260011,,5,Coahuila de Zaragoza,Coah.,26,Progreso,11,Comales,R,"27°24´46.197N""","100°48´48.821W""",27.412833,-100.813561,286,G14A34,0,0,0,0
50260012,,5,Coahuila de Zaragoza,Coah.,26,Progreso,12,La Azufrosa,R,"27°24´17.655N""","100°46´22.592W""",27.404904,-100.772942,279,G14A34,0,0,0,0
50260013,,5,Coahuila de Zaragoza,Coah.,26,Progreso,13,Encinitos,R,"27°13´18.552N""","100°56´01.508W""",27.221819,-100.933752,427,G14A44,0,0,0,0
50260016,,5,Coahuila de Zaragoza,Coah.,26,Progreso,16,La Capilla (Las Cuatas),R,"27°20´54.350N""","100°50´41.589W""",27.34843,-100.844886,309,G14A34,0,0,0,0
50260017,,5,Coahuila de Zaragoza,Coah.,26,Progreso,17,Monte Verde Viejo,R,"27°21´58.937N""","100°41´26.878W""",27.366371,-100.690799,301,G14A34,0,0,0,0
50260018,,5,Coahuila de Zaragoza,Coah.,26,Progreso,18,El Brasil,R,"27°24´32.820N""","100°38´40.329W""",27.409117,-100.644536,269,G14A35,0,0,0,0
50260019,,5,Coahuila de Zaragoza,Coah.,26,Progreso,19,La Botija,R,"27°16´01.129N""","100°48´54.619W""",27.26698,-100.815172,328,G14A34,0,0,0,0
50260020,,5,Coahuila de Zaragoza,Coah.,26,Progreso,20,Palo Blanco,R,"27°18´45.394N""","100°47´03.980W""",27.312609,-100.784439,303,G14A34,0,0,0,0
50260025,,5,Coahuila de Zaragoza,Coah.,26,Progreso,25,El Álamo,R,"27°31´12.888N""","101°20´38.915W""",27.520246,-101.344143,430,G14A22,0,0,0,0
50260026,,5,Coahuila de Zaragoza,Coah.,26,Progreso,26,Mi Ranchito (El Carmen),R,"27°29´07.650N""","101°21´31.085W""",27.485458,-101.358635,433,G14A32,0,0,0,0
50260027,,5,Coahuila de Zaragoza,Coah.,26,Progreso,27,El Huizachal,R,"27°30´36.446N""","101°16´54.555W""",27.510124,-101.28182,408,G14A23,0,0,0,0
50260028,,5,Coahuila de Zaragoza,Coah.,26,Progreso,28,Espinoza (Mexiquito),R,"27°29´15.860N""","100°34´27.549W""",27.487739,-100.574319,242,G14A35,0,0,0,0
50260029,,5,Coahuila de Zaragoza,Coah.,26,Progreso,29,El Sauz (Roncesvalles),R,"27°38´25.236N""","101°11´05.375W""",27.640343,-101.184826,374,G14A23,0,0,0,0
50260031,,5,Coahuila de Zaragoza,Coah.,26,Progreso,31,Santa Cruz,R,"27°23´50.610N""","101°08´26.559W""",27.397391,-101.140711,345,G14A33,0,0,0,0
50260033,,5,Coahuila de Zaragoza,Coah.,26,Progreso,33,El Borrego,R,"27°18´05.240N""","100°55´30.140W""",27.301456,-100.925038,350,G14A34,0,0,0,0
50260034,,5,Coahuila de Zaragoza,Coah.,26,Progreso,34,Los Aniegos (La Ceja),R,"27°23´49.784N""","100°37´46.597W""",27.397162,-100.62961,269,G14A35,0,0,0,0
50260035,,5,Coahuila de Zaragoza,Coah.,26,Progreso,35,Ignacio Zaragoza (Casa Blanca),R,"27°19´18.993N""","101°01´25.101W""",27.321942,-101.023639,360,G14A33,45,22,23,17
50260036,,5,Coahuila de Zaragoza,Coah.,26,Progreso,36,Encinas,R,"27°20´30.523N""","100°57´15.799W""",27.341812,-100.954389,336,G14A34,0,0,0,0
50260037,,5,Coahuila de Zaragoza,Coah.,26,Progreso,37,San Esteban,R,"27°27´54.180N""","100°52´46.191W""",27.46505,-100.879497,285,G14A34,0,0,0,0
50260038,,5,Coahuila de Zaragoza,Coah.,26,Progreso,38,Santa Martha,R,"27°26´09.260N""","100°58´59.030W""",27.435905,-100.983063,304,G14A34,2,*,*,1
50260040,,5,Coahuila de Zaragoza,Coah.,26,Progreso,40,La Poza,R,"27°27´25.930N""","100°53´44.930W""",27.457203,-100.895814,291,G14A34,0,0,0,0
50260041,,5,Coahuila de Zaragoza,Coah.,26,Progreso,41,David Cárdenas,R,"27°26´17.364N""","100°57´53.368W""",27.438156,-100.964824,303,G14A34,0,0,0,0
50260042,,5,Coahuila de Zaragoza,Coah.,26,Progreso,42,Jaboncillos,R,"27°33´27.352N""","101°16´33.377W""",27.557598,-101.275937,429,G14A23,0,0,0,0
50260043,,5,Coahuila de Zaragoza,Coah.,26,Progreso,43,La Rana (San José),R,"27°32´57.552N""","101°06´51.881W""",27.54932,-101.114411,354,G14A23,0,0,0,0
50260044,,5,Coahuila de Zaragoza,Coah.,26,Progreso,44,El Pinabete (Balconcitos),R,"27°29´21.305N""","101°15´59.102W""",27.489251,-101.266417,396,G14A33,0,0,0,0
50260045,,5,Coahuila de Zaragoza,Coah.,26,Progreso,45,Pirineos,R,"27°33´02.679N""","101°11´39.522W""",27.550744,-101.194311,413,G14A23,2,*,*,1
50260046,,5,Coahuila de Zaragoza,Coah.,26,Progreso,46,San Ignacio,R,"27°36´48.549N""","101°30´31.773W""",27.613486,-101.508826,557,G14A22,0,0,0,0
50260047,,5,Coahuila de Zaragoza,Coah.,26,Progreso,47,San Alberto,R,"27°25´55.559N""","101°12´42.149W""",27.432099,-101.211708,367,G14A33,1,*,*,1
50260048,,5,Coahuila de Zaragoza,Coah.,26,Progreso,48,Puente el Columpio,R,"27°24´20.419N""","101°12´43.409W""",27.405672,-101.212058,358,G14A33,0,0,0,0
50260050,,5,Coahuila de Zaragoza,Coah.,26,Progreso,50,El Seminol,R,"27°25´13.760N""","100°56´17.379W""",27.420488,-100.938161,300,G14A34,0,0,0,0
50260051,,5,Coahuila de Zaragoza,Coah.,26,Progreso,51,Aura [Estación],R,"27°34´30.382N""","101°20´13.578W""",27.575105,-101.337105,455,G14A22,0,0,0,0
50260052,,5,Coahuila de Zaragoza,Coah.,26,Progreso,52,El Fortín,R,"27°37´53.586N""","101°32´00.989W""",27.631551,-101.533608,586,G14A22,0,0,0,0
50260053,,5,Coahuila de Zaragoza,Coah.,26,Progreso,53,Palo Blanco,R,"27°32´15.814N""","101°29´15.312W""",27.537726,-101.487586,623,G14A22,1,*,*,1
50260054,,5,Coahuila de Zaragoza,Coah.,26,Progreso,54,La Rosita,R,"27°32´22.030N""","101°24´11.655W""",27.539452,-101.403238,483,G14A22,0,0,0,0
50260055,,5,Coahuila de Zaragoza,Coah.,26,Progreso,55,Las Cruces,R,"27°32´47.130N""","101°27´48.859W""",27.546425,-101.463572,549,G14A22,1,*,*,1
50260056,,5,Coahuila de Zaragoza,Coah.,26,Progreso,56,Peñitas 1,R,"27°28´56.979N""","101°04´43.439W""",27.482494,-101.078732,338,G14A33,0,0,0,0
50260057,,5,Coahuila de Zaragoza,Coah.,26,Progreso,57,El Puerto,R,"27°25´40.067N""","100°30´51.108W""",27.427796,-100.514197,254,G14A35,0,0,0,0
50260058,,5,Coahuila de Zaragoza,Coah.,26,Progreso,58,Santa Cruz,R,"27°28´57.024N""","101°11´17.240W""",27.482506,-101.188122,376,G14A33,0,0,0,0
50260059,,5,Coahuila de Zaragoza,Coah.,26,Progreso,59,La Lajita,R,"27°13´11.004N""","100°52´25.659W""",27.219723,-100.873794,389,G14A44,0,0,0,0
50260060,,5,Coahuila de Zaragoza,Coah.,26,Progreso,60,San Rafael (Palmira),R,"27°23´25.439N""","101°03´48.870W""",27.390399,-101.063575,322,G14A33,0,0,0,0
50260063,,5,Coahuila de Zaragoza,Coah.,26,Progreso,63,El Pelial,R,"27°31´40.827N""","101°24´30.219W""",27.528007,-101.408394,486,G14A22,0,0,0,0
50260067,,5,Coahuila de Zaragoza,Coah.,26,Progreso,67,San Andrés,R,"27°23´16.568N""","101°11´09.432W""",27.387935,-101.185953,350,G14A33,4,*,*,1
50260069,,5,Coahuila de Zaragoza,Coah.,26,Progreso,69,El Afán,R,"27°34´23.951N""","101°25´41.191W""",27.573319,-101.428108,497,G14A22,0,0,0,0
50260072,,5,Coahuila de Zaragoza,Coah.,26,Progreso,72,La Chalina (El Coloche),R,"27°25´50.968N""","100°56´05.629W""",27.430824,-100.934897,296,G14A34,0,0,0,0
50260073,,5,Coahuila de Zaragoza,Coah.,26,Progreso,73,El Crucero de Progreso,R,"27°25´52.770N""","101°12´39.570W""",27.431324,-101.210992,367,G14A33,4,*,*,1
50260074,,5,Coahuila de Zaragoza,Coah.,26,Progreso,74,El Dique,R,"27°27´22.140N""","100°34´53.789W""",27.45615,-100.581607,270,G14A35,0,0,0,0
50260075,,5,Coahuila de Zaragoza,Coah.,26,Progreso,75,San Francisco (El Jardín),R,"27°32´34.230N""","101°14´30.510W""",27.542841,-101.241808,407,G14A23,0,0,0,0
50260076,,5,Coahuila de Zaragoza,Coah.,26,Progreso,76,La Joya,R,"27°35´12.770N""","101°20´11.569W""",27.58688,-101.336547,454,G14A22,0,0,0,0
50260077,,5,Coahuila de Zaragoza,Coah.,26,Progreso,77,Loma Blanca,R,"27°20´01.389N""","100°57´14.339W""",27.333719,-100.953983,340,G14A34,0,0,0,0
50260078,,5,Coahuila de Zaragoza,Coah.,26,Progreso,78,Don Roberto (El Veinte),R,"27°13´55.779N""","100°55´13.232W""",27.23216,-100.920342,405,G14A44,0,0,0,0
50260079,,5,Coahuila de Zaragoza,Coah.,26,Progreso,79,Mexiquito,R,"27°30´58.357N""","100°36´23.258W""",27.51621,-100.606461,245,G14A25,60,32,28,20
50260080,,5,Coahuila de Zaragoza,Coah.,26,Progreso,80,Los Palave,R,"27°38´06.632N""","101°14´56.895W""",27.635175,-101.249137,418,G14A23,0,0,0,0
50260081,,5,Coahuila de Zaragoza,Coah.,26,Progreso,81,El Caracol,R,"27°22´18.449N""","101°05´40.679W""",27.371791,-101.094633,325,G14A33,0,0,0,0
50260082,,5,Coahuila de Zaragoza,Coah.,26,Progreso,82,La Mota,R,"27°34´07.192N""","101°30´05.256W""",27.568664,-101.50146,605,G14A22,1,*,*,1
50260084,,5,Coahuila de Zaragoza,Coah.,26,Progreso,84,Peñitas Ranch (Las Peñitas),R,"27°26´40.070N""","100°29´20.100W""",27.444464,-100.488916,235,G14A35,0,0,0,0
50260087,,5,Coahuila de Zaragoza,Coah.,26,Progreso,87,San Ignacio,R,"27°23´18.402N""","101°04´06.599W""",27.388445,-101.068499,321,G14A33,0,0,0,0
50260088,,5,Coahuila de Zaragoza,Coah.,26,Progreso,88,San Jorge,R,"27°24´35.561N""","100°26´49.525W""",27.409878,-100.44709,220,G14A35,0,0,0,0
50260089,,5,Coahuila de Zaragoza,Coah.,26,Progreso,89,San José de Aura,R,"27°35´00.447N""","101°27´19.710W""",27.583457,-101.455475,526,G14A22,184,92,92,56
50260090,,5,Coahuila de Zaragoza,Coah.,26,Progreso,90,San Juanito,R,"27°23´27.126N""","101°07´06.932W""",27.390868,-101.118592,338,G14A33,2,*,*,1
50260091,,5,Coahuila de Zaragoza,Coah.,26,Progreso,91,La Zorra,R,"27°18´03.979N""","100°58´41.630W""",27.301105,-100.97823,368,G14A34,0,0,0,0
50260094,,5,Coahuila de Zaragoza,Coah.,26,Progreso,94,Buenos Aires,R,"27°31´44.531N""","101°19´47.165W""",27.529036,-101.329767,431,G14A23,0,0,0,0
50260100,,5,Coahuila de Zaragoza,Coah.,26,Progreso,100,El Fortín (San Juan),R,"27°35´31.976N""","101°19´58.231W""",27.592215,-101.332841,450,G14A23,0,0,0,0
50260102,,5,Coahuila de Zaragoza,Coah.,26,Progreso,102,San Gerardo,R,"27°27´03.790N""","101°12´01.800W""",27.451053,-101.2005,371,G14A33,0,0,0,0
50260103,,5,Coahuila de Zaragoza,Coah.,26,Progreso,103,Los Girasoles,R,"27°35´16.124N""","101°21´56.441W""",27.587812,-101.365678,467,G14A22,6,*,*,1
50260104,,5,Coahuila de Zaragoza,Coah.,26,Progreso,104,Hernán García,R,"27°34´51.240N""","101°21´53.223W""",27.580899,-101.364784,464,G14A22,1,*,*,1
50260105,,5,Coahuila de Zaragoza,Coah.,26,Progreso,105,San Jesús,R,"27°27´35.252N""","100°53´30.951W""",27.459792,-100.891931,290,G14A34,0,0,0,0
50260106,,5,Coahuila de Zaragoza,Coah.,26,Progreso,106,Jesús Bonet,R,"27°26´53.739N""","100°55´51.819W""",27.448261,-100.93106,298,G14A34,0,0,0,0
50260107,,5,Coahuila de Zaragoza,Coah.,26,Progreso,107,Jorge Rodríguez,R,"27°27´52.914N""","100°52´42.712W""",27.464698,-100.87853,285,G14A34,0,0,0,0
50260109,,5,Coahuila de Zaragoza,Coah.,26,Progreso,109,Fernando González (San Juan),R,"27°35´34.851N""","101°21´13.976W""",27.593014,-101.353882,461,G14A22,0,0,0,0
50260112,,5,Coahuila de Zaragoza,Coah.,26,Progreso,112,San Marcos,R,"27°34´57.683N""","101°24´40.971W""",27.582689,-101.411381,488,G14A22,0,0,0,0
50260113,,5,Coahuila de Zaragoza,Coah.,26,Progreso,113,San Martín,R,"27°28´49.832N""","100°56´09.313W""",27.480508,-100.93592,294,G14A34,0,0,0,0
50260116,,5,Coahuila de Zaragoza,Coah.,26,Progreso,116,Las Cazuelas,R,"27°33´16.939N""","101°15´40.895W""",27.554705,-101.26136,430,G14A23,0,0,0,0
50260117,,5,Coahuila de Zaragoza,Coah.,26,Progreso,117,El Rayón Cuarenta y Tres,R,"27°23´52.600N""","101°05´15.232W""",27.397944,-101.087564,340,G14A33,0,0,0,0
50260118,,5,Coahuila de Zaragoza,Coah.,26,Progreso,118,La Ilusión,R,"27°27´01.320N""","100°55´54.339W""",27.450367,-100.93176,299,G14A34,0,0,0,0
50260120,,5,Coahuila de Zaragoza,Coah.,26,Progreso,120,Santa María,R,"27°34´40.099N""","101°20´01.924W""",27.577805,-101.333867,453,G14A22,0,0,0,0
50260121,,5,Coahuila de Zaragoza,Coah.,26,Progreso,121,Santa Rita,R,"27°35´14.888N""","101°19´04.488W""",27.587469,-101.317913,445,G14A23,0,0,0,0
50260123,,5,Coahuila de Zaragoza,Coah.,26,Progreso,123,San Isidro,R,"27°34´23.610N""","101°02´34.199W""",27.573224,-101.042833,330,G14A23,0,0,0,0
50260124,,5,Coahuila de Zaragoza,Coah.,26,Progreso,124,El Río,R,"27°28´37.490N""","100°31´58.871W""",27.47708,-100.533019,239,G14A35,0,0,0,0
50260125,,5,Coahuila de Zaragoza,Coah.,26,Progreso,125,El Fresno,R,"27°27´31.126N""","100°53´32.213W""",27.458646,-100.892281,290,G14A34,0,0,0,0
50260128,,5,Coahuila de Zaragoza,Coah.,26,Progreso,128,José Rodríguez,R,"27°27´11.519N""","100°54´42.299W""",27.4532,-100.91175,294,G14A34,0,0,0,0
50260131,,5,Coahuila de Zaragoza,Coah.,26,Progreso,131,Francisco Díaz,R,"27°26´04.970N""","100°58´59.120W""",27.434714,-100.983088,303,G14A34,0,0,0,0
50260132,,5,Coahuila de Zaragoza,Coah.,26,Progreso,132,Santa María,R,"27°04´50.149N""","100°50´20.420W""",27.080596,-100.839005,452,G14A44,0,0,0,0
50260133,,5,Coahuila de Zaragoza,Coah.,26,Progreso,133,Los Félix,R,"27°23´04.948N""","101°06´04.903W""",27.384707,-101.101362,329,G14A33,0,0,0,0
50260135,,5,Coahuila de Zaragoza,Coah.,26,Progreso,135,Progreso,R,"27°26´52.712N""","100°55´56.417W""",27.447975,-100.932337,299,G14A34,0,0,0,0
50260136,,5,Coahuila de Zaragoza,Coah.,26,Progreso,136,Pedro Arnulfo García,R,"27°27´40.199N""","100°53´13.310W""",27.461166,-100.88703,288,G14A34,0,0,0,0
50260137,,5,Coahuila de Zaragoza,Coah.,26,Progreso,137,Eusebio Witrón,R,"27°27´38.594N""","100°53´49.225W""",27.460721,-100.897007,291,G14A34,0,0,0,0
50260138,,5,Coahuila de Zaragoza,Coah.,26,Progreso,138,Yaritza,R,"27°27´12.399N""","100°53´35.130W""",27.453444,-100.893091,290,G14A34,0,0,0,0
50260141,,5,Coahuila de Zaragoza,Coah.,26,Progreso,141,La Fe,R,"27°26´42.079N""","100°57´00.219W""",27.445022,-100.950061,301,G14A34,0,0,0,0
50260142,,5,Coahuila de Zaragoza,Coah.,26,Progreso,142,Oscar Pérez,R,"27°26´56.966N""","100°56´17.997W""",27.449157,-100.938332,300,G14A34,0,0,0,0
50260143,,5,Coahuila de Zaragoza,Coah.,26,Progreso,143,Ernesto Moreno,R,"27°26´32.870N""","100°57´31.749W""",27.442464,-100.958819,303,G14A34,0,0,0,0
50260144,,5,Coahuila de Zaragoza,Coah.,26,Progreso,144,Jesús Tovar,R,"27°26´29.140N""","100°57´53.169W""",27.441427,-100.964769,303,G14A34,0,0,0,0
50260145,,5,Coahuila de Zaragoza,Coah.,26,Progreso,145,Elva Coronado,R,"27°26´13.049N""","100°58´44.289W""",27.436958,-100.978969,303,G14A34,0,0,0,0
50260146,,5,Coahuila de Zaragoza,Coah.,26,Progreso,146,Teresita,R,"27°25´53.238N""","101°12´42.589W""",27.431454,-101.21183,367,G14A33,2,*,*,1
50260147,,5,Coahuila de Zaragoza,Coah.,26,Progreso,147,San Vicente,R,"27°22´57.302N""","101°04´50.149W""",27.382583,-101.080596,320,G14A33,0,0,0,0
50260148,,5,Coahuila de Zaragoza,Coah.,26,Progreso,148,Loreto Lazo,R,"27°38´11.765N""","101°14´48.543W""",27.636601,-101.246817,411,G14A23,0,0,0,0
50260149,,5,Coahuila de Zaragoza,Coah.,26,Progreso,149,Minas de Barroterán,R,"27°38´07.108N""","101°15´11.117W""",27.635307,-101.253088,414,G14A23,12,8,4,5
50260150,,5,Coahuila de Zaragoza,Coah.,26,Progreso,150,Los Compadres (Los Betos),R,"27°33´18.869N""","101°09´22.740W""",27.555241,-101.156317,379,G14A23,0,0,0,0
50260151,,5,Coahuila de Zaragoza,Coah.,26,Progreso,151,Jesús Treviño,R,"27°35´42.539N""","101°21´40.274W""",27.595149,-101.361187,465,G14A22,0,0,0,0
50260152,,5,Coahuila de Zaragoza,Coah.,26,Progreso,152,Alonso Treviño,R,"27°35´18.645N""","101°21´05.522W""",27.588512,-101.351534,461,G14A22,0,0,0,0
50260153,,5,Coahuila de Zaragoza,Coah.,26,Progreso,153,Donaciano Acosta,R,"27°35´57.485N""","101°26´51.314W""",27.599301,-101.447587,519,G14A22,0,0,0,0
50260154,,5,Coahuila de Zaragoza,Coah.,26,Progreso,154,Andrea Rojas,R,"27°34´25.300N""","101°25´58.918W""",27.573694,-101.433032,500,G14A22,0,0,0,0
50260155,,5,Coahuila de Zaragoza,Coah.,26,Progreso,155,Miguel Barrientos,R,"27°36´01.130N""","101°26´41.035W""",27.600314,-101.444732,519,G14A22,0,0,0,0
50260156,,5,Coahuila de Zaragoza,Coah.,26,Progreso,156,Alonso Treviño,R,"27°34´51.636N""","101°22´59.258W""",27.581009,-101.383127,477,G14A22,0,0,0,0
50260157,,5,Coahuila de Zaragoza,Coah.,26,Progreso,157,Torrecitas,R,"27°32´35.252N""","101°12´29.166W""",27.543125,-101.208102,398,G14A23,0,0,0,0
50260158,,5,Coahuila de Zaragoza,Coah.,26,Progreso,158,La Cagarruta,R,"27°26´33.094N""","101°13´45.548W""",27.442526,-101.229318,372,G14A33,0,0,0,0
50260159,,5,Coahuila de Zaragoza,Coah.,26,Progreso,159,La Azufrosa,R,"27°23´49.750N""","100°46´18.130W""",27.397152,-100.771702,280,G14A34,0,0,0,0
50260160,,5,Coahuila de Zaragoza,Coah.,26,Progreso,160,La Naranja,R,"27°23´04.958N""","100°46´06.050W""",27.38471,-100.768347,283,G14A34,0,0,0,0
50260161,,5,Coahuila de Zaragoza,Coah.,26,Progreso,161,Las Leonas,R,"27°26´14.663N""","100°33´24.712W""",27.437406,-100.556864,260,G14A35,3,*,*,1
50260162,,5,Coahuila de Zaragoza,Coah.,26,Progreso,162,Los Valdez,R,"27°27´12.670N""","100°43´32.884W""",27.453519,-100.7258,269,G14A34,0,0,0,0
50260163,,5,Coahuila de Zaragoza,Coah.,26,Progreso,163,Los Amigos,R,"27°27´54.947N""","100°43´10.036W""",27.465263,-100.719454,266,G14A34,0,0,0,0
50260164,,5,Coahuila de Zaragoza,Coah.,26,Progreso,164,Loma Prieta,R,"27°26´37.644N""","100°43´42.731W""",27.44379,-100.728536,269,G14A34,0,0,0,0
50260167,,5,Coahuila de Zaragoza,Coah.,26,Progreso,167,Alberto Peralta,R,"27°38´03.808N""","101°15´22.892W""",27.634391,-101.256359,420,G14A23,0,0,0,0
50260169,,5,Coahuila de Zaragoza,Coah.,26,Progreso,169,Los Chapotes,R,"27°37´58.411N""","101°17´35.288W""",27.632891,-101.293135,477,G14A23,0,0,0,0
50260172,,5,Coahuila de Zaragoza,Coah.,26,Progreso,172,Las Moras (Arnoldo Garza),R,"27°37´24.848N""","101°19´18.607W""",27.623568,-101.321835,474,G14A23,0,0,0,0
50260173,,5,Coahuila de Zaragoza,Coah.,26,Progreso,173,El Gavilán,R,"27°37´08.286N""","101°27´26.794W""",27.618968,-101.457443,555,G14A22,0,0,0,0
50260174,,5,Coahuila de Zaragoza,Coah.,26,Progreso,174,La Soledad,R,"27°41´09.059N""","101°35´40.099W""",27.685849,-101.594472,655,G14A22,4,*,*,1
50260175,,5,Coahuila de Zaragoza,Coah.,26,Progreso,175,San Francisco (Dumac),R,"27°21´57.795N""","100°37´06.351W""",27.366054,-100.61843,280,G14A35,0,0,0,0
50260176,,5,Coahuila de Zaragoza,Coah.,26,Progreso,176,El Jabalí,R,"27°11´54.241N""","100°49´54.078W""",27.1984,-100.831688,370,G14A44,0,0,0,0
50260177,,5,Coahuila de Zaragoza,Coah.,26,Progreso,177,Noria Bonita (San Roberto),R,"27°06´08.070N""","100°50´12.630W""",27.102242,-100.836841,455,G14A44,0,0,0,0
50260178,,5,Coahuila de Zaragoza,Coah.,26,Progreso,178,Palma,R,"27°07´21.072N""","100°50´37.537W""",27.122519,-100.84376,429,G14A44,0,0,0,0
50260179,,5,Coahuila de Zaragoza,Coah.,26,Progreso,179,San Patricio (Los Realitos),R,"27°17´05.406N""","100°44´41.320W""",27.284835,-100.744811,311,G14A34,0,0,0,0
50260180,,5,Coahuila de Zaragoza,Coah.,26,Progreso,180,La Dorita,R,"27°37´15.445N""","101°05´43.399W""",27.620956,-101.095388,350,G14A23,5,*,*,2
50260181,,5,Coahuila de Zaragoza,Coah.,26,Progreso,181,El Cadillal,R,"27°37´26.274N""","101°24´30.462W""",27.623964,-101.408462,490,G14A22,0,0,0,0
50260182,,5,Coahuila de Zaragoza,Coah.,26,Progreso,182,Ramón Alonso Montoya (El Paisa),R,"27°34´46.560N""","101°26´38.748W""",27.579599,-101.444096,510,G14A22,0,0,0,0
50260183,,5,Coahuila de Zaragoza,Coah.,26,Progreso,183,La Leona,R,"27°10´46.230N""","100°57´02.497W""",27.179508,-100.950694,541,G14A44,0,0,0,0
50260184,,5,Coahuila de Zaragoza,Coah.,26,Progreso,184,El Chapote,R,"27°18´35.740N""","101°04´40.529W""",27.309928,-101.077924,358,G14A33,0,0,0,0
50260185,,5,Coahuila de Zaragoza,Coah.,26,Progreso,185,Monte Verde,R,"27°21´28.806N""","100°41´01.635W""",27.358002,-100.683787,301,G14A34,0,0,0,0
50260186,,5,Coahuila de Zaragoza,Coah.,26,Progreso,186,Daniel Cárdenas,R,"27°26´19.969N""","100°58´09.289W""",27.43888,-100.969246,303,G14A34,0,0,0,0
50260187,,5,Coahuila de Zaragoza,Coah.,26,Progreso,187,Chago Riojas,R,"27°26´42.023N""","100°56´39.419W""",27.445006,-100.944283,301,G14A34,0,0,0,0
50260188,,5,Coahuila de Zaragoza,Coah.,26,Progreso,188,El Retiro,R,"27°27´01.929N""","100°55´46.610W""",27.450536,-100.929613,298,G14A34,2,*,*,1
50260189,,5,Coahuila de Zaragoza,Coah.,26,Progreso,189,Las Dos Marías,R,"27°28´56.208N""","101°16´54.059W""",27.482279,-101.281682,400,G14A33,0,0,0,0
50260190,,5,Coahuila de Zaragoza,Coah.,26,Progreso,190,Mario Treviño (Las Cabras),R,"27°36´31.290N""","101°07´27.509W""",27.608692,-101.124307,361,G14A23,0,0,0,0
50260191,,5,Coahuila de Zaragoza,Coah.,26,Progreso,191,Ramón Orozco Ponce (Isla Todos los Santos),R,"27°28´28.098N""","100°38´41.302W""",27.474471,-100.644806,270,G14A35,0,0,0,0
50260192,,5,Coahuila de Zaragoza,Coah.,26,Progreso,192,El Carrizo,R,"27°29´43.589N""","101°10´55.200W""",27.495441,-101.181999,389,G14A33,0,0,0,0
50260193,,5,Coahuila de Zaragoza,Coah.,26,Progreso,193,Encinitos,R,"27°14´38.432N""","100°57´16.651W""",27.244009,-100.954625,423,G14A44,0,0,0,0
50260195,,5,Coahuila de Zaragoza,Coah.,26,Progreso,195,Saltillito,R,"27°35´22.089N""","101°15´10.167W""",27.589469,-101.252824,437,G14A23,0,0,0,0
50260196,,5,Coahuila de Zaragoza,Coah.,26,Progreso,196,La Zorra,R,"27°14´40.689N""","100°59´01.113W""",27.244636,-100.983642,441,G14A44,0,0,0,0
50260197,,5,Coahuila de Zaragoza,Coah.,26,Progreso,197,Alfonso Santos,R,"27°24´29.959N""","101°02´15.709W""",27.408322,-101.037697,314,G14A33,0,0,0,0
50260198,,5,Coahuila de Zaragoza,Coah.,26,Progreso,198,Ernesto Pérez,R,"27°23´31.059N""","101°02´05.439W""",27.391961,-101.034844,312,G14A33,0,0,0,0
50260199,,5,Coahuila de Zaragoza,Coah.,26,Progreso,199,Ojo de Encinas,R,"27°14´36.529N""","101°00´30.129W""",27.24348,-101.008369,479,G14A43,0,0,0,0
50260200,,5,Coahuila de Zaragoza,Coah.,26,Progreso,200,Marcial Campos García,R,"27°36´57.105N""","101°24´35.199W""",27.615863,-101.409778,498,G14A22,0,0,0,0
50260202,,5,Coahuila de Zaragoza,Coah.,26,Progreso,202,Noritas,R,"27°35´03.519N""","101°05´39.829W""",27.584311,-101.094397,350,G14A23,0,0,0,0
50260203,,5,Coahuila de Zaragoza,Coah.,26,Progreso,203,Inocencio Paz,R,"27°25´54.729N""","101°12´39.570W""",27.431869,-101.210992,367,G14A33,2,*,*,1
50260204,,5,Coahuila de Zaragoza,Coah.,26,Progreso,204,Santa Carmen,R,"27°30´04.739N""","101°01´38.799W""",27.501316,-101.027444,319,G14A23,0,0,0,0
50260205,,5,Coahuila de Zaragoza,Coah.,26,Progreso,205,Don Juan,R,"27°21´45.289N""","101°03´01.059W""",27.36258,-101.050294,327,G14A33,0,0,0,0
50260206,,5,Coahuila de Zaragoza,Coah.,26,Progreso,206,El Baluarte,R,"27°17´35.100N""","101°06´17.312W""",27.293083,-101.104809,421,G14A33,0,0,0,0
50260207,,5,Coahuila de Zaragoza,Coah.,26,Progreso,207,Cola Blanca,R,"27°19´09.769N""","101°01´01.310W""",27.31938,-101.01703,371,G14A33,0,0,0,0
50260208,,5,Coahuila de Zaragoza,Coah.,26,Progreso,208,El Cachitos,R,"27°15´46.760N""","101°03´03.740W""",27.262989,-101.051039,416,G14A33,0,0,0,0
50260209,,5,Coahuila de Zaragoza,Coah.,26,Progreso,209,La Florida,R,"27°37´54.460N""","101°22´38.420W""",27.631794,-101.377338,502,G14A22,0,0,0,0
50260210,,5,Coahuila de Zaragoza,Coah.,26,Progreso,210,El Chapulín,R,"27°34´11.860N""","101°19´46.730W""",27.56996,-101.329647,445,G14A23,1,*,*,1
50260211,,5,Coahuila de Zaragoza,Coah.,26,Progreso,211,Los Dimas,R,"27°37´49.470N""","101°14´54.060W""",27.630408,-101.24835,427,G14A23,1,*,*,1
50260212,,5,Coahuila de Zaragoza,Coah.,26,Progreso,212,El Palomar,R,"27°26´45.270N""","101°03´01.300W""",27.445908,-101.050361,325,G14A33,0,0,0,0
50260213,,5,Coahuila de Zaragoza,Coah.,26,Progreso,213,El Chapote,R,"27°18´08.610N""","101°02´45.060W""",27.302392,-101.04585,380,G14A33,0,0,0,0
50260214,,5,Coahuila de Zaragoza,Coah.,26,Progreso,214,Cola Blanca,R,"27°18´45.660N""","101°00´40.510W""",27.312683,-101.011253,381,G14A33,0,0,0,0
