MAPA,Estatus,CVE_ENT,NOM_ENT,NOM_ABR,CVE_MUN,NOM_MUN,CVE_LOC,NOM_LOC,AMBITO,LATITUD,LONGITUD,LAT_DECIMAL,LON_DECIMAL,ALTITUD,CVE_CARTA,POB_TOTAL,POB_MASCULINA,POB_FEMENINA,TOTAL DE VIVIENDAS HABITADAS
50280001,,5,Coahuila de Zaragoza,Coah.,28,Sabinas,1,Sabinas,U,"27°50´55.998N""","101°07´11.961W""",27.848888,-101.119989,343,G14A13,59196,29281,29915,18424
50280003,,5,Coahuila de Zaragoza,Coah.,28,Sabinas,3,Cloete,U,"27°55´27.536N""","101°10´43.938W""",27.924315,-101.178871,360,G14A13,3447,1809,1638,1126
50280004,,5,Coahuila de Zaragoza,Coah.,28,Sabinas,4,Guadalupe Victoria (Pueblo Nuevo),R,"27°46´22.055N""","101°01´12.512W""",27.772792,-101.020142,323,G14A13,106,63,43,32
50280005,,5,Coahuila de Zaragoza,Coah.,28,Sabinas,5,Puente Negro,R,"27°58´06.110N""","101°00´37.460W""",27.968363,-101.010406,413,G14A13,38,19,19,14
50280006,,5,Coahuila de Zaragoza,Coah.,28,Sabinas,6,Riva Palacio,R,"27°55´36.760N""","101°00´05.839W""",27.926877,-101.001622,390,G14A13,0,0,0,0
50280007,,5,Coahuila de Zaragoza,Coah.,28,Sabinas,7,San Isidro,R,"28°12´43.490N""","101°10´21.870W""",28.212081,-101.172741,468,H14C83,1,*,*,1
50280008,,5,Coahuila de Zaragoza,Coah.,28,Sabinas,8,El Norteño,R,"28°12´56.390N""","101°09´22.827W""",28.215664,-101.156341,493,H14C83,1,*,*,1
50280009,,5,Coahuila de Zaragoza,Coah.,28,Sabinas,9,El Rincón,R,"28°11´26.040N""","101°13´49.090W""",28.190566,-101.230302,492,H14C83,1,*,*,1
50280010,,5,Coahuila de Zaragoza,Coah.,28,Sabinas,10,El Mimbre,R,"28°12´47.863N""","101°08´06.737W""",28.213295,-101.135204,496,H14C83,0,0,0,0
50280011,,5,Coahuila de Zaragoza,Coah.,28,Sabinas,11,El Naranjo,R,"28°12´51.595N""","101°04´30.021W""",28.214332,-101.075005,538,H14C83,1,*,*,1
50280012,,5,Coahuila de Zaragoza,Coah.,28,Sabinas,12,El Infante,R,"28°14´36.733N""","101°02´24.595W""",28.243537,-101.040165,508,H14C83,2,*,*,1
50280015,,5,Coahuila de Zaragoza,Coah.,28,Sabinas,15,La Presita,R,"28°08´09.775N""","101°09´54.755W""",28.136048,-101.16521,427,H14C83,0,0,0,0
50280016,,5,Coahuila de Zaragoza,Coah.,28,Sabinas,16,El Durazno,R,"28°11´18.845N""","101°05´04.166W""",28.188568,-101.08449,508,H14C83,0,0,0,0
50280017,,5,Coahuila de Zaragoza,Coah.,28,Sabinas,17,Buenavista,R,"28°11´49.974N""","101°06´38.897W""",28.197215,-101.110805,520,H14C83,0,0,0,0
50280018,,5,Coahuila de Zaragoza,Coah.,28,Sabinas,18,La Becerra,R,"28°10´05.693N""","101°12´47.813W""",28.168247,-101.213281,450,H14C83,1,*,*,1
50280020,,5,Coahuila de Zaragoza,Coah.,28,Sabinas,20,Cuesta de las Codornices,R,"28°09´47.420N""","101°06´04.811W""",28.163172,-101.101336,515,H14C83,0,0,0,0
50280022,,5,Coahuila de Zaragoza,Coah.,28,Sabinas,22,El Venado,R,"28°07´43.066N""","101°07´18.036W""",28.128629,-101.121676,450,H14C83,1,*,*,1
50280023,,5,Coahuila de Zaragoza,Coah.,28,Sabinas,23,San José,R,"27°59´01.190N""","101°11´04.499W""",27.983664,-101.184583,389,G14A13,0,0,0,0
50280025,,5,Coahuila de Zaragoza,Coah.,28,Sabinas,25,Dos Hermanos,R,"27°58´46.120N""","101°11´07.350W""",27.979477,-101.185375,387,G14A13,1,*,*,1
50280026,,5,Coahuila de Zaragoza,Coah.,28,Sabinas,26,El Cautivo,R,"28°04´14.760N""","101°08´52.199W""",28.070766,-101.147833,403,H14C83,2,*,*,1
50280028,,5,Coahuila de Zaragoza,Coah.,28,Sabinas,28,Corrales Viejos,R,"28°08´52.533N""","101°09´11.133W""",28.147926,-101.153093,430,H14C83,1,*,*,1
50280030,,5,Coahuila de Zaragoza,Coah.,28,Sabinas,30,San José,R,"28°05´24.989N""","101°12´16.539W""",28.090274,-101.204594,406,H14C83,0,0,0,0
50280031,,5,Coahuila de Zaragoza,Coah.,28,Sabinas,31,Toro Viejo,R,"28°03´03.329N""","101°10´43.460W""",28.050925,-101.178738,393,H14C83,1,*,*,1
50280032,,5,Coahuila de Zaragoza,Coah.,28,Sabinas,32,El Silencio,R,"28°03´27.351N""","101°01´28.823W""",28.057598,-101.024672,453,H14C83,0,0,0,0
50280034,,5,Coahuila de Zaragoza,Coah.,28,Sabinas,34,El Nogal,R,"28°06´03.453N""","101°06´22.450W""",28.100959,-101.106236,458,H14C83,0,0,0,0
50280035,,5,Coahuila de Zaragoza,Coah.,28,Sabinas,35,San José de Cloete,R,"28°02´35.829N""","101°06´17.411W""",28.043286,-101.104836,420,H14C83,0,0,0,0
50280036,,5,Coahuila de Zaragoza,Coah.,28,Sabinas,36,Arroyo Blanco,R,"27°55´08.870N""","101°05´24.939W""",27.91913,-101.090261,360,G14A13,3,*,*,1
50280038,,5,Coahuila de Zaragoza,Coah.,28,Sabinas,38,San José de Cloete (San José de Cloete Uno),R,"28°00´30.478N""","101°05´37.723W""",28.008466,-101.093812,418,H14C83,0,0,0,0
50280039,,5,Coahuila de Zaragoza,Coah.,28,Sabinas,39,El Blanco,R,"27°57´39.238N""","101°07´33.613W""",27.960899,-101.126003,369,G14A13,0,0,0,0
50280040,,5,Coahuila de Zaragoza,Coah.,28,Sabinas,40,El Dorado,R,"27°55´59.229N""","101°08´46.269W""",27.933119,-101.146186,370,G14A13,0,0,0,0
50280042,,5,Coahuila de Zaragoza,Coah.,28,Sabinas,42,San José de Cloete (San José de Cloete Tres),R,"28°01´13.316N""","101°09´56.382W""",28.020365,-101.165662,390,H14C83,0,0,0,0
50280043,,5,Coahuila de Zaragoza,Coah.,28,Sabinas,43,San José de Cloete (San José de Cloete Cuatro),R,"28°01´47.956N""","101°06´17.987W""",28.029987,-101.104996,411,H14C83,0,0,0,0
50280045,,5,Coahuila de Zaragoza,Coah.,28,Sabinas,45,Riva Palacio,R,"27°54´06.472N""","101°00´19.574W""",27.901798,-101.005437,379,G14A13,0,0,0,0
50280047,,5,Coahuila de Zaragoza,Coah.,28,Sabinas,47,Arroyo Blanco,R,"27°54´21.239N""","101°04´30.460W""",27.9059,-101.075127,351,G14A13,0,0,0,0
50280052,,5,Coahuila de Zaragoza,Coah.,28,Sabinas,52,Los Piloncillos (El Siete-Once),R,"27°48´18.904N""","101°18´23.073W""",27.805251,-101.306409,404,G14A13,0,0,0,0
50280053,,5,Coahuila de Zaragoza,Coah.,28,Sabinas,53,Las Trampas (El Mezquite Viejo),R,"27°49´27.929N""","101°15´29.345W""",27.824424,-101.258151,370,G14A13,0,0,0,0
50280054,,5,Coahuila de Zaragoza,Coah.,28,Sabinas,54,Las Tres Lilas,R,"27°53´10.941N""","101°18´21.286W""",27.886372,-101.305913,380,G14A13,0,0,0,0
50280057,,5,Coahuila de Zaragoza,Coah.,28,Sabinas,57,La Gloria (La Cuca),R,"27°53´42.370N""","101°11´07.800W""",27.895102,-101.1855,351,G14A13,1,*,*,1
50280075,,5,Coahuila de Zaragoza,Coah.,28,Sabinas,75,Santa Elena (Las Palomas),R,"27°47´26.334N""","101°06´09.396W""",27.790648,-101.10261,359,G14A13,0,0,0,0
50280076,,5,Coahuila de Zaragoza,Coah.,28,Sabinas,76,San José,R,"27°51´17.730N""","101°05´39.104W""",27.854925,-101.094195,338,G14A13,0,0,0,0
50280077,,5,Coahuila de Zaragoza,Coah.,28,Sabinas,77,Francisco Díaz,R,"27°49´44.381N""","101°04´00.201W""",27.828994,-101.066722,338,G14A13,0,0,0,0
50280078,,5,Coahuila de Zaragoza,Coah.,28,Sabinas,78,El Chaparral,R,"27°50´49.154N""","101°03´36.007W""",27.846987,-101.060002,343,G14A13,0,0,0,0
50280079,,5,Coahuila de Zaragoza,Coah.,28,Sabinas,79,Santa Elisa,R,"27°52´53.680N""","101°04´57.439W""",27.881577,-101.082621,346,G14A13,1,*,*,1
50280082,,5,Coahuila de Zaragoza,Coah.,28,Sabinas,82,San José Número Dos,R,"27°49´50.413N""","101°04´30.339W""",27.83067,-101.075094,335,G14A13,0,0,0,0
50280083,,5,Coahuila de Zaragoza,Coah.,28,Sabinas,83,El Continental,R,"27°48´29.270N""","101°08´36.540W""",27.808131,-101.143483,339,G14A13,7,*,*,1
50280085,,5,Coahuila de Zaragoza,Coah.,28,Sabinas,85,Los Arizpes,R,"27°51´10.241N""","101°05´31.390W""",27.852845,-101.092052,337,G14A13,0,0,0,0
50280088,,5,Coahuila de Zaragoza,Coah.,28,Sabinas,88,Los Puentes Cuates,R,"27°47´45.576N""","101°02´07.129W""",27.795993,-101.035313,328,G14A13,0,0,0,0
50280089,,5,Coahuila de Zaragoza,Coah.,28,Sabinas,89,José Guadalupe Flores Puente,R,"27°48´03.211N""","101°01´58.437W""",27.800892,-101.032899,339,G14A13,0,0,0,0
50280090,,5,Coahuila de Zaragoza,Coah.,28,Sabinas,90,Peñitas,R,"27°48´56.940N""","101°00´37.509W""",27.815817,-101.010419,341,G14A13,0,0,0,0
50280092,,5,Coahuila de Zaragoza,Coah.,28,Sabinas,92,Las Conchas,R,"27°46´38.374N""","101°12´01.140W""",27.777325,-101.200317,362,G14A13,0,0,0,0
50280093,,5,Coahuila de Zaragoza,Coah.,28,Sabinas,93,La Soledad,R,"27°45´15.140N""","101°14´10.975W""",27.754206,-101.236382,378,G14A13,0,0,0,0
50280095,,5,Coahuila de Zaragoza,Coah.,28,Sabinas,95,San Alberto,R,"27°46´40.471N""","101°14´45.799W""",27.777908,-101.246055,382,G14A13,1,*,*,1
50280096,,5,Coahuila de Zaragoza,Coah.,28,Sabinas,96,El Pando,R,"27°43´17.469N""","101°13´27.410W""",27.721519,-101.22428,381,G14A23,0,0,0,0
50280097,,5,Coahuila de Zaragoza,Coah.,28,Sabinas,97,Loma Larga,R,"27°43´01.678N""","101°17´54.081W""",27.717132,-101.298356,429,G14A23,0,0,0,0
50280098,,5,Coahuila de Zaragoza,Coah.,28,Sabinas,98,Andrés Vallejo,R,"27°42´05.940N""","101°17´25.070W""",27.70165,-101.290297,420,G14A23,0,0,0,0
50280099,,5,Coahuila de Zaragoza,Coah.,28,Sabinas,99,La Escondida,R,"27°44´10.824N""","101°09´32.103W""",27.73634,-101.158918,410,G14A23,0,0,0,0
50280100,,5,Coahuila de Zaragoza,Coah.,28,Sabinas,100,Las Cruces,R,"27°42´54.699N""","101°09´59.649W""",27.715194,-101.166569,424,G14A23,0,0,0,0
50280101,,5,Coahuila de Zaragoza,Coah.,28,Sabinas,101,San Francisco,R,"27°46´42.180N""","101°10´22.120W""",27.778383,-101.17281,350,G14A13,0,0,0,0
50280102,,5,Coahuila de Zaragoza,Coah.,28,Sabinas,102,Carrizalejo,R,"27°42´06.408N""","101°06´51.040W""",27.70178,-101.114178,349,G14A23,0,0,0,0
50280105,,5,Coahuila de Zaragoza,Coah.,28,Sabinas,105,Kakanapo,R,"27°41´17.139N""","101°13´25.749W""",27.688094,-101.223819,407,G14A23,0,0,0,0
50280109,,5,Coahuila de Zaragoza,Coah.,28,Sabinas,109,Jorge Cárdenas,R,"27°54´02.670N""","101°11´00.260W""",27.900742,-101.183405,350,G14A13,0,0,0,0
50280115,,5,Coahuila de Zaragoza,Coah.,28,Sabinas,115,Agujita,R,"27°52´31.360N""","101°13´59.459W""",27.875377,-101.233182,360,G14A13,0,0,0,0
50280116,,5,Coahuila de Zaragoza,Coah.,28,Sabinas,116,Jesús Martínez,R,"27°51´14.166N""","101°11´35.901W""",27.853935,-101.193306,384,G14A13,0,0,0,0
50280118,,5,Coahuila de Zaragoza,Coah.,28,Sabinas,118,José Guerrero,R,"27°52´46.740N""","101°10´57.550W""",27.879649,-101.182652,347,G14A13,0,0,0,0
50280119,,5,Coahuila de Zaragoza,Coah.,28,Sabinas,119,Juan Guerrero,R,"27°52´27.990N""","101°12´30.140W""",27.874441,-101.208372,363,G14A13,0,0,0,0
50280120,,5,Coahuila de Zaragoza,Coah.,28,Sabinas,120,Las Amapolas,R,"27°46´37.196N""","100°59´52.434W""",27.776998,-100.997898,326,G14A14,0,0,0,0
50280121,,5,Coahuila de Zaragoza,Coah.,28,Sabinas,121,Los Arizpe,R,"27°49´44.520N""","101°06´43.710W""",27.829033,-101.112142,330,G14A13,0,0,0,0
50280122,,5,Coahuila de Zaragoza,Coah.,28,Sabinas,122,Barrio Seis (Agujita),R,"27°53´05.889N""","101°10´02.499W""",27.884969,-101.16736,343,G14A13,64,33,31,17
50280123,,5,Coahuila de Zaragoza,Coah.,28,Sabinas,123,La Casa de Piedra,R,"27°52´51.419N""","101°12´24.620W""",27.880949,-101.206839,353,G14A13,0,0,0,0
50280124,,5,Coahuila de Zaragoza,Coah.,28,Sabinas,124,Cañada Honda,R,"27°43´39.470N""","101°04´27.156W""",27.72763,-101.074209,330,G14A23,0,0,0,0
50280128,,5,Coahuila de Zaragoza,Coah.,28,Sabinas,128,La Esperanza,R,"27°54´05.979N""","101°04´36.152W""",27.901661,-101.076708,350,G14A13,0,0,0,0
50280129,,5,Coahuila de Zaragoza,Coah.,28,Sabinas,129,Raúl Márquez,R,"27°49´44.949N""","101°03´32.486W""",27.829152,-101.059024,338,G14A13,0,0,0,0
50280130,,5,Coahuila de Zaragoza,Coah.,28,Sabinas,130,Los Elizondo,R,"27°49´20.615N""","101°05´06.039W""",27.822392,-101.085011,330,G14A13,0,0,0,0
50280131,,5,Coahuila de Zaragoza,Coah.,28,Sabinas,131,El Huevo,R,"27°50´35.548N""","101°14´17.951W""",27.843207,-101.238319,368,G14A13,0,0,0,0
50280135,,5,Coahuila de Zaragoza,Coah.,28,Sabinas,135,El Abuelo,R,"27°47´53.890N""","101°08´43.110W""",27.798302,-101.145308,349,G14A13,0,0,0,0
50280137,,5,Coahuila de Zaragoza,Coah.,28,Sabinas,137,Aurelio Alvarado,R,"27°48´18.196N""","101°09´06.185W""",27.805054,-101.151718,342,G14A13,0,0,0,0
50280138,,5,Coahuila de Zaragoza,Coah.,28,Sabinas,138,Las Palomas,R,"27°48´36.409N""","101°05´04.319W""",27.810114,-101.084533,330,G14A13,2,*,*,1
50280139,,5,Coahuila de Zaragoza,Coah.,28,Sabinas,139,El Mezquite Viejo,R,"27°48´39.679N""","101°17´10.963W""",27.811022,-101.286378,391,G14A13,0,0,0,0
50280140,,5,Coahuila de Zaragoza,Coah.,28,Sabinas,140,El Milagro,R,"28°01´45.572N""","101°09´50.984W""",28.029325,-101.164162,387,H14C83,2,*,*,1
50280144,,5,Coahuila de Zaragoza,Coah.,28,Sabinas,144,Los Piloncillos,R,"27°46´37.545N""","101°20´04.477W""",27.777095,-101.334577,429,G14A12,0,0,0,0
50280145,,5,Coahuila de Zaragoza,Coah.,28,Sabinas,145,El Pitayo,R,"27°53´19.782N""","101°10´15.528W""",27.888828,-101.170979,345,G14A13,0,0,0,0
50280147,,5,Coahuila de Zaragoza,Coah.,28,Sabinas,147,José Bernal Zuñiga,R,"27°52´28.734N""","101°00´21.140W""",27.874648,-101.005872,364,G14A13,0,0,0,0
50280148,,5,Coahuila de Zaragoza,Coah.,28,Sabinas,148,Juan Crisóstomo Rodríguez,R,"27°50´44.859N""","101°13´03.460W""",27.845794,-101.217627,360,G14A13,0,0,0,0
50280149,,5,Coahuila de Zaragoza,Coah.,28,Sabinas,149,Manuel Carbajal (El Puerto),R,"27°50´19.315N""","101°10´06.935W""",27.838698,-101.168592,349,G14A13,0,0,0,0
50280150,,5,Coahuila de Zaragoza,Coah.,28,Sabinas,150,La Querencia,R,"27°50´21.240N""","101°11´29.470W""",27.839233,-101.191519,350,G14A13,0,0,0,0
50280151,,5,Coahuila de Zaragoza,Coah.,28,Sabinas,151,Abdón Gauna,R,"27°49´33.659N""","101°09´32.592W""",27.826016,-101.159053,340,G14A13,0,0,0,0
50280153,,5,Coahuila de Zaragoza,Coah.,28,Sabinas,153,San Carlos,R,"27°53´47.919N""","101°11´38.540W""",27.896644,-101.194039,351,G14A13,0,0,0,0
50280156,,5,Coahuila de Zaragoza,Coah.,28,Sabinas,156,El Sacrificio,R,"28°04´55.700N""","101°11´20.540W""",28.082138,-101.189039,402,H14C83,0,0,0,0
50280157,,5,Coahuila de Zaragoza,Coah.,28,Sabinas,157,San José (El Árabe),R,"27°49´56.435N""","101°05´44.673W""",27.832342,-101.095742,330,G14A13,7,*,*,2
50280158,,5,Coahuila de Zaragoza,Coah.,28,Sabinas,158,El Beliz,R,"28°04´06.922N""","101°05´17.426W""",28.068589,-101.088174,454,H14C83,0,0,0,0
50280160,,5,Coahuila de Zaragoza,Coah.,28,Sabinas,160,San Juan de Dios,R,"27°51´28.601N""","101°10´10.214W""",27.857945,-101.169503,350,G14A13,0,0,0,0
50280161,,5,Coahuila de Zaragoza,Coah.,28,Sabinas,161,San Manuel,R,"27°45´25.400N""","101°01´43.709W""",27.757056,-101.028807,321,G14A13,1,*,*,1
50280162,,5,Coahuila de Zaragoza,Coah.,28,Sabinas,162,Agua Prieta,R,"27°49´52.565N""","101°05´54.219W""",27.831267,-101.098394,330,G14A13,4,*,*,1
50280165,,5,Coahuila de Zaragoza,Coah.,28,Sabinas,165,Santa Bárbara,R,"27°53´33.919N""","101°02´23.480W""",27.892755,-101.039855,368,G14A13,0,0,0,0
50280166,,5,Coahuila de Zaragoza,Coah.,28,Sabinas,166,Doña Rebeca,R,"27°55´10.591N""","101°08´31.895W""",27.919608,-101.142193,370,G14A13,1,*,*,1
50280167,,5,Coahuila de Zaragoza,Coah.,28,Sabinas,167,Juan Moreno Valdez,R,"27°49´08.041N""","101°06´03.824W""",27.8189,-101.101062,333,G14A13,0,0,0,0
50280168,,5,Coahuila de Zaragoza,Coah.,28,Sabinas,168,La Libra,R,"28°03´35.499N""","101°09´10.239W""",28.059861,-101.152844,401,H14C83,0,0,0,0
50280169,,5,Coahuila de Zaragoza,Coah.,28,Sabinas,169,Los Santos,R,"27°44´12.729N""","101°00´34.197W""",27.736869,-101.009499,310,G14A23,0,0,0,0
50280170,,5,Coahuila de Zaragoza,Coah.,28,Sabinas,170,El Socorro,R,"27°50´10.940N""","101°08´09.390W""",27.836372,-101.135941,336,G14A13,0,0,0,0
50280173,,5,Coahuila de Zaragoza,Coah.,28,Sabinas,173,Tierritas,R,"28°07´53.494N""","101°03´49.127W""",28.131525,-101.063646,486,H14C83,1,*,*,1
50280174,,5,Coahuila de Zaragoza,Coah.,28,Sabinas,174,Las Vacas Blancas,R,"27°52´19.310N""","101°17´56.590W""",27.87203,-101.299052,408,G14A13,0,0,0,0
50280175,,5,Coahuila de Zaragoza,Coah.,28,Sabinas,175,Arroyo Blanco,R,"28°01´19.203N""","101°10´01.768W""",28.022,-101.167157,390,H14C83,1,*,*,1
50280176,,5,Coahuila de Zaragoza,Coah.,28,Sabinas,176,Las Brisas,R,"27°41´06.799N""","101°01´47.807W""",27.685222,-101.029946,353,G14A23,0,0,0,0
50280178,,5,Coahuila de Zaragoza,Coah.,28,Sabinas,178,El Cuatralbo,R,"28°05´37.765N""","101°16´56.043W""",28.093823,-101.282234,419,H14C83,0,0,0,0
50280179,,5,Coahuila de Zaragoza,Coah.,28,Sabinas,179,Charco Redondo,R,"27°44´02.770N""","100°55´38.240W""",27.734102,-100.927288,323,G14A24,0,0,0,0
50280181,,5,Coahuila de Zaragoza,Coah.,28,Sabinas,181,Los Frentones,R,"27°40´33.480N""","100°54´18.489W""",27.675966,-100.905136,301,G14A24,0,0,0,0
50280182,,5,Coahuila de Zaragoza,Coah.,28,Sabinas,182,Tauro,R,"27°57´14.421N""","101°11´52.983W""",27.954006,-101.198051,391,G14A13,0,0,0,0
50280183,,5,Coahuila de Zaragoza,Coah.,28,Sabinas,183,La Leona,R,"28°12´03.020N""","101°18´05.029W""",28.200839,-101.301397,479,H14C83,2,*,*,2
50280184,,5,Coahuila de Zaragoza,Coah.,28,Sabinas,184,Los Leones,R,"28°11´54.219N""","101°18´03.229W""",28.198394,-101.300897,476,H14C83,0,0,0,0
50280185,,5,Coahuila de Zaragoza,Coah.,28,Sabinas,185,Mina Uno,R,"27°54´47.906N""","101°11´37.349W""",27.913307,-101.193708,362,G14A13,5,*,*,1
50280186,,5,Coahuila de Zaragoza,Coah.,28,Sabinas,186,Kakanapeño (Los Nogales),R,"27°38´40.786N""","101°13´42.678W""",27.644662,-101.228521,399,G14A23,0,0,0,0
50280187,,5,Coahuila de Zaragoza,Coah.,28,Sabinas,187,Peñitas,R,"27°43´56.259N""","100°57´09.820W""",27.732294,-100.952728,330,G14A24,0,0,0,0
50280190,,5,Coahuila de Zaragoza,Coah.,28,Sabinas,190,Los Pintos,R,"28°08´53.829N""","101°21´38.239W""",28.148286,-101.360622,432,H14C82,2,*,*,1
50280191,,5,Coahuila de Zaragoza,Coah.,28,Sabinas,191,El Ranchito,R,"27°51´38.616N""","101°19´56.114W""",27.860727,-101.332253,395,G14A13,0,0,0,0
50280193,,5,Coahuila de Zaragoza,Coah.,28,Sabinas,193,San Isidro,R,"27°58´10.880N""","101°11´31.310W""",27.969688,-101.19203,390,G14A13,3,*,*,1
50280194,,5,Coahuila de Zaragoza,Coah.,28,Sabinas,194,San Isidro,R,"27°51´45.529N""","101°19´14.869W""",27.862647,-101.320796,398,G14A13,0,0,0,0
50280196,,5,Coahuila de Zaragoza,Coah.,28,Sabinas,196,San Martín,R,"28°05´12.440N""","101°16´02.759W""",28.086789,-101.267432,419,H14C83,0,0,0,0
50280198,,5,Coahuila de Zaragoza,Coah.,28,Sabinas,198,Santo Niño,R,"28°06´50.871N""","101°03´44.876W""",28.114131,-101.062466,501,H14C83,0,0,0,0
50280199,,5,Coahuila de Zaragoza,Coah.,28,Sabinas,199,El Olvido,R,"28°08´55.050N""","101°04´44.935W""",28.148625,-101.079148,497,H14C83,0,0,0,0
50280204,,5,Coahuila de Zaragoza,Coah.,28,Sabinas,204,El Molino,R,"27°52´29.608N""","101°05´01.391W""",27.87489,-101.083719,347,G14A13,2,*,*,1
50280205,,5,Coahuila de Zaragoza,Coah.,28,Sabinas,205,La Prieta,R,"27°54´50.359N""","101°09´21.821W""",27.913989,-101.156061,369,G14A13,2,*,*,1
50280212,,5,Coahuila de Zaragoza,Coah.,28,Sabinas,212,Las Lagunetas,R,"27°51´19.140N""","101°04´30.167W""",27.855317,-101.075046,344,G14A13,0,0,0,0
50280215,,5,Coahuila de Zaragoza,Coah.,28,Sabinas,215,El Jacalón,R,"27°45´36.026N""","101°06´21.411W""",27.760007,-101.105948,360,G14A13,0,0,0,0
50280218,,5,Coahuila de Zaragoza,Coah.,28,Sabinas,218,La Mesa (Melitas),R,"27°44´38.523N""","101°10´13.914W""",27.744034,-101.170531,410,G14A23,0,0,0,0
50280219,,5,Coahuila de Zaragoza,Coah.,28,Sabinas,219,Piedra Pinta,R,"28°10´53.288N""","101°04´00.912W""",28.181468,-101.066919,520,H14C83,0,0,0,0
50280220,,5,Coahuila de Zaragoza,Coah.,28,Sabinas,220,Guadalupe (Chelo Burrford),R,"28°09´12.419N""","101°19´10.430W""",28.15345,-101.319563,445,H14C83,0,0,0,0
50280221,,5,Coahuila de Zaragoza,Coah.,28,Sabinas,221,La Paloma,R,"28°07´31.029N""","101°18´33.080W""",28.125285,-101.309189,432,H14C83,0,0,0,0
50280223,,5,Coahuila de Zaragoza,Coah.,28,Sabinas,223,El Setenta y Siete,R,"27°57´24.459N""","101°11´56.979W""",27.956794,-101.199161,390,G14A13,0,0,0,0
50280224,,5,Coahuila de Zaragoza,Coah.,28,Sabinas,224,Los Estanques,R,"27°58´56.980N""","101°11´15.490W""",27.982494,-101.187636,388,G14A13,3,*,*,1
50280225,,5,Coahuila de Zaragoza,Coah.,28,Sabinas,225,La Panchita,R,"27°53´05.910N""","101°10´26.090W""",27.884975,-101.173913,345,G14A13,0,0,0,0
50280226,,5,Coahuila de Zaragoza,Coah.,28,Sabinas,226,San Juditas,R,"27°57´02.279N""","101°09´17.629W""",27.950633,-101.154897,378,G14A13,0,0,0,0
50280228,,5,Coahuila de Zaragoza,Coah.,28,Sabinas,228,La Catedral,R,"27°52´54.119N""","101°10´17.919W""",27.881699,-101.171644,340,G14A13,0,0,0,0
50280229,,5,Coahuila de Zaragoza,Coah.,28,Sabinas,229,Juan José Morales,R,"27°55´36.362N""","101°10´02.691W""",27.926767,-101.167414,380,G14A13,0,0,0,0
50280230,,5,Coahuila de Zaragoza,Coah.,28,Sabinas,230,El Profesor,R,"27°57´33.810N""","101°09´04.402W""",27.959392,-101.151223,380,G14A13,0,0,0,0
50280235,,5,Coahuila de Zaragoza,Coah.,28,Sabinas,235,San Pedro,R,"28°06´00.258N""","101°08´11.005W""",28.100072,-101.13639,426,H14C83,4,*,*,1
50280236,,5,Coahuila de Zaragoza,Coah.,28,Sabinas,236,El Milagro,R,"27°53´23.600N""","101°10´31.080W""",27.889889,-101.175299,347,G14A13,0,0,0,0
50280237,,5,Coahuila de Zaragoza,Coah.,28,Sabinas,237,Camilo Campos Junior,R,"27°59´13.210N""","101°00´55.950W""",27.987002,-101.015542,430,G14A13,0,0,0,0
50280238,,5,Coahuila de Zaragoza,Coah.,28,Sabinas,238,Camilo Campos,R,"28°00´04.504N""","101°01´31.390W""",28.001251,-101.025385,438,H14C83,0,0,0,0
50280239,,5,Coahuila de Zaragoza,Coah.,28,Sabinas,239,El Cautivo,R,"27°59´57.947N""","101°00´59.903W""",27.999429,-101.01664,420,G14A13,0,0,0,0
50280240,,5,Coahuila de Zaragoza,Coah.,28,Sabinas,240,El Sauz,R,"28°01´53.253N""","101°01´34.861W""",28.031459,-101.02635,434,H14C83,0,0,0,0
50280241,,5,Coahuila de Zaragoza,Coah.,28,Sabinas,241,Vicente Rostro,R,"27°59´43.193N""","101°00´20.762W""",27.995331,-101.005767,418,G14A13,2,*,*,1
50280242,,5,Coahuila de Zaragoza,Coah.,28,Sabinas,242,María de Jesús Tovar,R,"27°59´43.485N""","101°00´17.092W""",27.995412,-101.004748,419,G14A13,0,0,0,0
50280243,,5,Coahuila de Zaragoza,Coah.,28,Sabinas,243,Tomás Moreno,R,"27°58´33.800N""","100°57´37.844W""",27.976055,-100.960512,454,G14A14,0,0,0,0
50280244,,5,Coahuila de Zaragoza,Coah.,28,Sabinas,244,Juan Torres,R,"27°59´29.569N""","101°00´29.999W""",27.991547,-101.008333,414,G14A13,0,0,0,0
50280245,,5,Coahuila de Zaragoza,Coah.,28,Sabinas,245,El Naranjo Dos,R,"28°12´09.818N""","101°04´33.633W""",28.202727,-101.076009,525,H14C83,0,0,0,0
50280246,,5,Coahuila de Zaragoza,Coah.,28,Sabinas,246,Raciel Lira,R,"27°57´03.380N""","101°03´12.407W""",27.950939,-101.053446,404,G14A13,0,0,0,0
50280247,,5,Coahuila de Zaragoza,Coah.,28,Sabinas,247,José Rómulo González,R,"27°57´29.181N""","101°03´39.742W""",27.958106,-101.061039,403,G14A13,0,0,0,0
50280248,,5,Coahuila de Zaragoza,Coah.,28,Sabinas,248,Pedro González,R,"27°58´25.176N""","101°03´47.904W""",27.973659,-101.063307,418,G14A13,0,0,0,0
50280249,,5,Coahuila de Zaragoza,Coah.,28,Sabinas,249,El Vaquero,R,"27°58´57.309N""","101°04´53.542W""",27.982585,-101.081539,406,G14A13,0,0,0,0
50280250,,5,Coahuila de Zaragoza,Coah.,28,Sabinas,250,Tomás López,R,"27°57´49.560N""","100°58´38.160W""",27.963767,-100.977266,432,G14A14,0,0,0,0
50280251,,5,Coahuila de Zaragoza,Coah.,28,Sabinas,251,Gabriel García,R,"27°57´31.634N""","100°59´02.851W""",27.958787,-100.984125,422,G14A14,0,0,0,0
50280253,,5,Coahuila de Zaragoza,Coah.,28,Sabinas,253,Hortencia Reyna,R,"27°53´53.379N""","101°03´35.560W""",27.898161,-101.059878,361,G14A13,0,0,0,0
50280254,,5,Coahuila de Zaragoza,Coah.,28,Sabinas,254,La Cascajera (Jesús Santos),R,"27°54´12.840N""","101°03´49.349W""",27.903567,-101.063708,363,G14A13,0,0,0,0
50280255,,5,Coahuila de Zaragoza,Coah.,28,Sabinas,255,Ramiro Flores,R,"27°56´31.251N""","101°09´21.568W""",27.942014,-101.155991,378,G14A13,0,0,0,0
50280256,,5,Coahuila de Zaragoza,Coah.,28,Sabinas,256,Oso Negro,R,"27°53´08.100N""","101°07´44.400W""",27.885583,-101.128999,344,G14A13,0,0,0,0
50280257,,5,Coahuila de Zaragoza,Coah.,28,Sabinas,257,Linda Aurora,R,"27°58´42.300N""","101°11´10.810W""",27.978416,-101.186336,387,G14A13,0,0,0,0
50280258,,5,Coahuila de Zaragoza,Coah.,28,Sabinas,258,Las Pilas (Juan Galván),R,"27°58´23.780N""","101°11´34.480W""",27.973272,-101.192911,389,G14A13,0,0,0,0
50280259,,5,Coahuila de Zaragoza,Coah.,28,Sabinas,259,Severiano Gámez,R,"28°04´13.260N""","101°08´45.440W""",28.070349,-101.145955,402,H14C83,0,0,0,0
50280260,,5,Coahuila de Zaragoza,Coah.,28,Sabinas,260,Francisco Cárdenas,R,"28°02´13.422N""","101°09´33.476W""",28.037061,-101.159299,390,H14C83,0,0,0,0
50280261,,5,Coahuila de Zaragoza,Coah.,28,Sabinas,261,San José,R,"28°05´54.309N""","101°14´25.370W""",28.098419,-101.24038,415,H14C83,0,0,0,0
50280262,,5,Coahuila de Zaragoza,Coah.,28,Sabinas,262,La Peña,R,"28°02´45.039N""","101°08´31.750W""",28.045844,-101.142152,399,H14C83,0,0,0,0
50280263,,5,Coahuila de Zaragoza,Coah.,28,Sabinas,263,Gumaro Valdez,R,"28°00´40.501N""","101°08´52.515W""",28.01125,-101.147921,386,H14C83,0,0,0,0
50280264,,5,Coahuila de Zaragoza,Coah.,28,Sabinas,264,La Negra,R,"28°08´29.014N""","101°13´56.069W""",28.141392,-101.232241,431,H14C83,1,*,*,1
50280265,,5,Coahuila de Zaragoza,Coah.,28,Sabinas,265,El Caballo,R,"28°09´15.989N""","101°14´34.720W""",28.154441,-101.242977,437,H14C83,0,0,0,0
50280266,,5,Coahuila de Zaragoza,Coah.,28,Sabinas,266,Palo Blanco,R,"28°11´17.580N""","101°14´58.369W""",28.188216,-101.249547,463,H14C83,0,0,0,0
50280267,,5,Coahuila de Zaragoza,Coah.,28,Sabinas,267,Dos Hermanos,R,"28°11´09.392N""","101°15´58.867W""",28.185942,-101.266352,459,H14C83,0,0,0,0
50280268,,5,Coahuila de Zaragoza,Coah.,28,Sabinas,268,San José,R,"28°00´21.650N""","101°13´04.699W""",28.006014,-101.217971,397,H14C83,0,0,0,0
50280269,,5,Coahuila de Zaragoza,Coah.,28,Sabinas,269,La Esperanza,R,"27°57´52.166N""","101°13´06.075W""",27.964491,-101.218354,400,G14A13,0,0,0,0
50280270,,5,Coahuila de Zaragoza,Coah.,28,Sabinas,270,Bertha Alicia Jalomo Morales,R,"27°55´46.871N""","101°10´45.187W""",27.929686,-101.179218,370,G14A13,7,3,4,3
50280271,,5,Coahuila de Zaragoza,Coah.,28,Sabinas,271,Ricardo Jalomo,R,"27°57´04.503N""","101°09´49.218W""",27.951251,-101.163672,380,G14A13,1,*,*,1
50280272,,5,Coahuila de Zaragoza,Coah.,28,Sabinas,272,Rosa Elena Zavala Bernal,R,"27°58´15.459N""","101°08´59.060W""",27.97096,-101.149739,381,G14A13,0,0,0,0
50280273,,5,Coahuila de Zaragoza,Coah.,28,Sabinas,273,La Reatita,R,"27°59´07.553N""","101°08´48.546W""",27.985431,-101.146818,380,G14A13,0,0,0,0
50280274,,5,Coahuila de Zaragoza,Coah.,28,Sabinas,274,José Luis Valdez,R,"28°00´18.226N""","101°06´49.807W""",28.005063,-101.113835,395,H14C83,1,*,*,1
50280275,,5,Coahuila de Zaragoza,Coah.,28,Sabinas,275,José Martínez,R,"28°01´24.572N""","101°06´48.564W""",28.023492,-101.11349,399,H14C83,0,0,0,0
50280276,,5,Coahuila de Zaragoza,Coah.,28,Sabinas,276,Francisco González,R,"28°00´34.338N""","101°10´14.826W""",28.009538,-101.170784,386,H14C83,0,0,0,0
50280277,,5,Coahuila de Zaragoza,Coah.,28,Sabinas,277,Targa (Sergio Ariel Tarín Garza),R,"27°59´27.360N""","101°10´27.960W""",27.990933,-101.174433,387,G14A13,0,0,0,0
50280279,,5,Coahuila de Zaragoza,Coah.,28,Sabinas,279,Los Llanos Dos,R,"28°08´51.825N""","101°11´10.756W""",28.147729,-101.186321,444,H14C83,0,0,0,0
50280280,,5,Coahuila de Zaragoza,Coah.,28,Sabinas,280,Charco Largo,R,"28°11´00.539N""","101°10´32.589W""",28.183483,-101.175719,439,H14C83,1,*,*,1
50280281,,5,Coahuila de Zaragoza,Coah.,28,Sabinas,281,El Cenzontle,R,"28°03´37.207N""","101°14´25.920W""",28.060335,-101.240533,408,H14C83,0,0,0,0
50280282,,5,Coahuila de Zaragoza,Coah.,28,Sabinas,282,El Cuatro,R,"28°04´19.030N""","101°13´47.200W""",28.071952,-101.229777,409,H14C83,0,0,0,0
50280283,,5,Coahuila de Zaragoza,Coah.,28,Sabinas,283,San Gabriel (Francisco Sandoval),R,"28°07´55.630N""","101°13´04.509W""",28.132119,-101.217919,421,H14C83,0,0,0,0
50280284,,5,Coahuila de Zaragoza,Coah.,28,Sabinas,284,Ramiro Guajardo,R,"28°02´49.109N""","101°13´05.199W""",28.046974,-101.21811,404,H14C83,1,*,*,1
50280285,,5,Coahuila de Zaragoza,Coah.,28,Sabinas,285,Juan Antonio Garza,R,"28°00´58.993N""","101°10´02.701W""",28.016387,-101.167416,390,H14C83,0,0,0,0
50280286,,5,Coahuila de Zaragoza,Coah.,28,Sabinas,286,Juan Martínez,R,"27°59´26.417N""","101°10´36.095W""",27.990671,-101.176692,388,G14A13,0,0,0,0
50280288,,5,Coahuila de Zaragoza,Coah.,28,Sabinas,288,Gildardo Valdez,R,"27°56´53.181N""","101°11´19.486W""",27.948106,-101.188746,380,G14A13,0,0,0,0
50280289,,5,Coahuila de Zaragoza,Coah.,28,Sabinas,289,David Alvarado,R,"27°56´09.589N""","101°10´10.239W""",27.935997,-101.16951,382,G14A13,0,0,0,0
50280290,,5,Coahuila de Zaragoza,Coah.,28,Sabinas,290,San Gerardo,R,"28°04´02.211N""","101°03´59.956W""",28.06728,-101.066654,497,H14C83,0,0,0,0
50280291,,5,Coahuila de Zaragoza,Coah.,28,Sabinas,291,Campo Real,R,"28°04´30.528N""","101°07´28.945W""",28.075146,-101.124706,418,H14C83,0,0,0,0
50280292,,5,Coahuila de Zaragoza,Coah.,28,Sabinas,292,José Luis Beltrán,R,"27°58´57.829N""","101°08´20.609W""",27.98273,-101.139058,374,G14A13,0,0,0,0
50280293,,5,Coahuila de Zaragoza,Coah.,28,Sabinas,293,San Antonio,R,"27°59´13.484N""","101°08´27.468W""",27.987079,-101.140963,380,G14A13,0,0,0,0
50280294,,5,Coahuila de Zaragoza,Coah.,28,Sabinas,294,Manuel Morones,R,"27°59´29.088N""","101°05´25.196W""",27.991413,-101.090332,402,G14A13,0,0,0,0
50280295,,5,Coahuila de Zaragoza,Coah.,28,Sabinas,295,San Diego,R,"27°56´55.129N""","101°09´12.306W""",27.948647,-101.153418,376,G14A13,0,0,0,0
50280296,,5,Coahuila de Zaragoza,Coah.,28,Sabinas,296,La Retama,R,"27°48´46.178N""","101°03´26.567W""",27.812827,-101.05738,337,G14A13,4,*,*,2
50280297,,5,Coahuila de Zaragoza,Coah.,28,Sabinas,297,Andrés Salazar Ochoa,R,"27°40´31.803N""","100°54´49.218W""",27.6755,-100.913672,301,G14A24,1,*,*,1
50280298,,5,Coahuila de Zaragoza,Coah.,28,Sabinas,298,Andrés Salazar Tijerina,R,"27°40´30.919N""","100°55´09.249W""",27.675255,-100.919235,300,G14A24,2,*,*,1
50280299,,5,Coahuila de Zaragoza,Coah.,28,Sabinas,299,Raúl Salazar Rodríguez,R,"27°41´05.079N""","100°55´52.269W""",27.684744,-100.931185,300,G14A24,2,*,*,1
50280301,,5,Coahuila de Zaragoza,Coah.,28,Sabinas,301,Antonio Salazar Tijerina,R,"27°42´11.823N""","100°57´40.949W""",27.703284,-100.961375,313,G14A24,3,*,*,1
50280302,,5,Coahuila de Zaragoza,Coah.,28,Sabinas,302,La Angostura,R,"27°41´51.246N""","100°57´43.230W""",27.697568,-100.962008,303,G14A24,0,0,0,0
50280303,,5,Coahuila de Zaragoza,Coah.,28,Sabinas,303,Don Aurelio,R,"27°50´20.481N""","101°03´47.946W""",27.839022,-101.063318,340,G14A13,0,0,0,0
50280304,,5,Coahuila de Zaragoza,Coah.,28,Sabinas,304,Gilberto Martínez Ibarra,R,"27°51´03.467N""","101°03´24.567W""",27.850963,-101.056824,346,G14A13,1,*,*,1
50280305,,5,Coahuila de Zaragoza,Coah.,28,Sabinas,305,Hugo Romania Salazar,R,"27°49´27.600N""","101°03´15.154W""",27.824333,-101.054209,338,G14A13,0,0,0,0
50280306,,5,Coahuila de Zaragoza,Coah.,28,Sabinas,306,Maximiano Guardiola,R,"27°48´51.681N""","101°02´11.211W""",27.814356,-101.036447,340,G14A13,1,*,*,1
50280307,,5,Coahuila de Zaragoza,Coah.,28,Sabinas,307,Javier Guardiola Ponce,R,"27°48´48.139N""","101°01´35.838W""",27.813372,-101.026621,339,G14A13,0,0,0,0
50280308,,5,Coahuila de Zaragoza,Coah.,28,Sabinas,308,Benito Resendiz,R,"27°49´34.812N""","101°01´38.027W""",27.826336,-101.027229,339,G14A13,0,0,0,0
50280309,,5,Coahuila de Zaragoza,Coah.,28,Sabinas,309,Juan Díaz,R,"27°50´17.733N""","101°01´44.485W""",27.838259,-101.029023,348,G14A13,0,0,0,0
50280310,,5,Coahuila de Zaragoza,Coah.,28,Sabinas,310,Tomás Palacios,R,"27°49´00.787N""","101°00´12.367W""",27.816885,-101.003435,342,G14A13,0,0,0,0
50280311,,5,Coahuila de Zaragoza,Coah.,28,Sabinas,311,Gilberto Montalvo Uresti,R,"27°48´39.959N""","101°00´27.550W""",27.8111,-101.007653,339,G14A13,0,0,0,0
50280312,,5,Coahuila de Zaragoza,Coah.,28,Sabinas,312,Juan Guardiola Saucedo,R,"27°48´21.040N""","101°00´37.100W""",27.805844,-101.010306,339,G14A13,0,0,0,0
50280314,,5,Coahuila de Zaragoza,Coah.,28,Sabinas,314,Tres Huizaches,R,"27°47´48.059N""","101°00´04.820W""",27.796683,-101.001339,334,G14A13,1,*,*,1
50280315,,5,Coahuila de Zaragoza,Coah.,28,Sabinas,315,Osvaldo Salazar,R,"27°47´22.700N""","100°59´53.455W""",27.789639,-100.998182,330,G14A14,0,0,0,0
50280316,,5,Coahuila de Zaragoza,Coah.,28,Sabinas,316,Sergio Villa Rivera,R,"27°47´32.843N""","101°01´31.091W""",27.792456,-101.025302,329,G14A13,0,0,0,0
50280317,,5,Coahuila de Zaragoza,Coah.,28,Sabinas,317,Héctor Ramiro Rocha González,R,"27°47´37.331N""","101°02´11.392W""",27.793703,-101.036497,327,G14A13,1,*,*,1
50280320,,5,Coahuila de Zaragoza,Coah.,28,Sabinas,320,Daniel de la Rosa Tapia,R,"27°42´40.168N""","100°58´11.299W""",27.711158,-100.969805,313,G14A24,0,0,0,0
50280322,,5,Coahuila de Zaragoza,Coah.,28,Sabinas,322,Antonio López Salazar,R,"27°43´55.143N""","100°58´22.580W""",27.731984,-100.972938,320,G14A24,0,0,0,0
50280324,,5,Coahuila de Zaragoza,Coah.,28,Sabinas,324,Los Cuatro Ríos,R,"27°47´32.428N""","101°02´45.776W""",27.792341,-101.046049,329,G14A13,0,0,0,0
50280325,,5,Coahuila de Zaragoza,Coah.,28,Sabinas,325,Enrique Jiménez,R,"27°48´16.606N""","101°08´10.840W""",27.804613,-101.136344,339,G14A13,1,*,*,1
50280326,,5,Coahuila de Zaragoza,Coah.,28,Sabinas,326,Manuel Torres,R,"27°48´04.590N""","101°07´25.460W""",27.801275,-101.123738,338,G14A13,0,0,0,0
50280327,,5,Coahuila de Zaragoza,Coah.,28,Sabinas,327,La Esperanza (Fernando Torres),R,"27°47´14.730N""","101°09´03.500W""",27.787425,-101.150972,342,G14A13,0,0,0,0
50280328,,5,Coahuila de Zaragoza,Coah.,28,Sabinas,328,Pascual Torres,R,"27°46´31.923N""","101°09´30.267W""",27.775534,-101.158408,359,G14A13,0,0,0,0
50280329,,5,Coahuila de Zaragoza,Coah.,28,Sabinas,329,Polo Alvarado,R,"27°47´17.765N""","101°09´42.412W""",27.788268,-101.161781,349,G14A13,0,0,0,0
50280331,,5,Coahuila de Zaragoza,Coah.,28,Sabinas,331,El Perico (Pedro Sánchez),R,"27°49´18.882N""","101°07´41.872W""",27.821911,-101.128297,331,G14A13,0,0,0,0
50280332,,5,Coahuila de Zaragoza,Coah.,28,Sabinas,332,Los Arocha,R,"27°49´43.976N""","101°07´24.526W""",27.828882,-101.123479,330,G14A13,0,0,0,0
50280334,,5,Coahuila de Zaragoza,Coah.,28,Sabinas,334,Fidencia Rodríguez Zúñiga,R,"27°48´57.784N""","101°07´04.150W""",27.816051,-101.117819,330,G14A13,0,0,0,0
50280335,,5,Coahuila de Zaragoza,Coah.,28,Sabinas,335,Hermilo Villarreal García,R,"27°48´26.930N""","101°06´47.160W""",27.807481,-101.1131,338,G14A13,0,0,0,0
50280336,,5,Coahuila de Zaragoza,Coah.,28,Sabinas,336,Juan Ramírez,R,"27°48´07.930N""","101°06´42.730W""",27.802203,-101.111869,353,G14A13,0,0,0,0
50280337,,5,Coahuila de Zaragoza,Coah.,28,Sabinas,337,Jorge Hernández López,R,"27°48´30.914N""","101°05´40.030W""",27.808587,-101.094452,357,G14A13,0,0,0,0
50280338,,5,Coahuila de Zaragoza,Coah.,28,Sabinas,338,Faustino Torres Figueroa,R,"27°48´53.752N""","101°05´53.699W""",27.814931,-101.098249,352,G14A13,0,0,0,0
50280339,,5,Coahuila de Zaragoza,Coah.,28,Sabinas,339,Félix Domínguez Mendoza,R,"27°48´53.605N""","101°05´37.403W""",27.81489,-101.093723,334,G14A13,1,*,*,1
50280340,,5,Coahuila de Zaragoza,Coah.,28,Sabinas,340,José Guadalupe Pérez García,R,"27°48´42.080N""","101°05´25.991W""",27.811689,-101.090553,333,G14A13,2,*,*,1
50280341,,5,Coahuila de Zaragoza,Coah.,28,Sabinas,341,La Bazuca,R,"27°45´16.300N""","101°08´57.940W""",27.754528,-101.149427,389,G14A13,0,0,0,0
50280342,,5,Coahuila de Zaragoza,Coah.,28,Sabinas,342,Sabinas,R,"27°50´20.318N""","101°07´48.395W""",27.838977,-101.130109,340,G14A13,0,0,0,0
50280343,,5,Coahuila de Zaragoza,Coah.,28,Sabinas,343,Margarito Carbajal,R,"27°50´12.295N""","101°08´39.499W""",27.836748,-101.144305,339,G14A13,6,*,*,1
50280344,,5,Coahuila de Zaragoza,Coah.,28,Sabinas,344,San Roberto [Granja],R,"27°50´10.018N""","101°09´10.448W""",27.836116,-101.152902,341,G14A13,0,0,0,0
50280345,,5,Coahuila de Zaragoza,Coah.,28,Sabinas,345,El Potro,R,"27°51´07.564N""","101°09´34.016W""",27.852101,-101.159449,352,G14A13,0,0,0,0
50280346,,5,Coahuila de Zaragoza,Coah.,28,Sabinas,346,Rosalba Martínez,R,"27°51´06.529N""","101°09´01.974W""",27.851814,-101.150548,341,G14A13,0,0,0,0
50280347,,5,Coahuila de Zaragoza,Coah.,28,Sabinas,347,Fidencio Román Murillo,R,"27°50´59.209N""","101°08´15.209W""",27.84978,-101.137558,339,G14A13,14,9,5,3
50280348,,5,Coahuila de Zaragoza,Coah.,28,Sabinas,348,El Ochenta,R,"27°48´17.401N""","101°10´07.879W""",27.804834,-101.168855,347,G14A13,1,*,*,1
50280349,,5,Coahuila de Zaragoza,Coah.,28,Sabinas,349,Loma Bonita,R,"27°47´04.249N""","101°14´33.794W""",27.784513,-101.24272,396,G14A13,0,0,0,0
50280350,,5,Coahuila de Zaragoza,Coah.,28,Sabinas,350,Los Cruces,R,"27°42´57.470N""","101°10´52.839W""",27.715964,-101.181344,438,G14A23,0,0,0,0
50280351,,5,Coahuila de Zaragoza,Coah.,28,Sabinas,351,Nuevo Barroterán,R,"27°39´12.948N""","101°16´28.252W""",27.653597,-101.274514,422,G14A23,578,296,282,153
50280352,,5,Coahuila de Zaragoza,Coah.,28,Sabinas,352,La Amistad,R,"27°42´12.246N""","101°17´57.527W""",27.703402,-101.299313,422,G14A23,0,0,0,0
50280353,,5,Coahuila de Zaragoza,Coah.,28,Sabinas,353,La Chata,R,"27°43´13.766N""","101°18´09.757W""",27.72049,-101.30271,439,G14A23,1,*,*,1
50280354,,5,Coahuila de Zaragoza,Coah.,28,Sabinas,354,La Unión (Rancho T.R.),R,"27°43´42.067N""","101°18´35.431W""",27.728351,-101.309842,430,G14A23,0,0,0,0
50280355,,5,Coahuila de Zaragoza,Coah.,28,Sabinas,355,Jesús Sandoval,R,"27°51´08.739N""","101°14´51.304W""",27.852428,-101.247584,379,G14A13,0,0,0,0
50280356,,5,Coahuila de Zaragoza,Coah.,28,Sabinas,356,Juan Rodríguez Ramírez,R,"27°54´40.372N""","101°11´55.598W""",27.911214,-101.198777,359,G14A13,0,0,0,0
50280357,,5,Coahuila de Zaragoza,Coah.,28,Sabinas,357,Ignacio Flores,R,"27°49´13.757N""","101°12´24.802W""",27.820487,-101.206889,350,G14A13,0,0,0,0
50280358,,5,Coahuila de Zaragoza,Coah.,28,Sabinas,358,Juan Bernal,R,"27°49´14.299N""","101°12´05.277W""",27.820638,-101.201466,349,G14A13,0,0,0,0
50280359,,5,Coahuila de Zaragoza,Coah.,28,Sabinas,359,Santa María,R,"27°49´23.749N""","101°11´38.153W""",27.823263,-101.193931,351,G14A13,0,0,0,0
50280360,,5,Coahuila de Zaragoza,Coah.,28,Sabinas,360,Hernán Rodríguez,R,"27°49´04.207N""","101°11´52.675W""",27.817835,-101.197965,353,G14A13,0,0,0,0
50280361,,5,Coahuila de Zaragoza,Coah.,28,Sabinas,361,Pablo Hernández,R,"27°47´56.466N""","101°12´31.306W""",27.799018,-101.208696,370,G14A13,0,0,0,0
50280362,,5,Coahuila de Zaragoza,Coah.,28,Sabinas,362,La Texanita,R,"27°49´47.376N""","101°12´34.382W""",27.829826,-101.209551,356,G14A13,0,0,0,0
50280363,,5,Coahuila de Zaragoza,Coah.,28,Sabinas,363,Conrado Marines,R,"27°49´28.220N""","101°14´50.882W""",27.824505,-101.247467,371,G14A13,0,0,0,0
50280364,,5,Coahuila de Zaragoza,Coah.,28,Sabinas,364,Juan López,R,"27°50´38.679N""","101°17´07.945W""",27.844077,-101.28554,390,G14A13,0,0,0,0
50280365,,5,Coahuila de Zaragoza,Coah.,28,Sabinas,365,María de la Luz Cresencia Rodríguez Armendáriz,R,"27°50´11.529N""","101°11´10.439W""",27.836536,-101.186233,347,G14A13,0,0,0,0
50280366,,5,Coahuila de Zaragoza,Coah.,28,Sabinas,366,El Cencerro,R,"27°54´22.282N""","101°10´37.018W""",27.906189,-101.176949,369,G14A13,0,0,0,0
50280367,,5,Coahuila de Zaragoza,Coah.,28,Sabinas,367,Demetrio Sanmiguel,R,"27°52´32.037N""","101°14´52.097W""",27.875565,-101.247804,360,G14A13,0,0,0,0
50280368,,5,Coahuila de Zaragoza,Coah.,28,Sabinas,368,Alberto Carrillo,R,"27°52´14.470N""","101°14´22.098W""",27.870685,-101.239471,363,G14A13,0,0,0,0
50280369,,5,Coahuila de Zaragoza,Coah.,28,Sabinas,369,Lauro Peña,R,"27°52´51.989N""","101°13´33.129W""",27.881107,-101.225869,351,G14A13,0,0,0,0
50280370,,5,Coahuila de Zaragoza,Coah.,28,Sabinas,370,Jesús Sanmiguel,R,"27°52´47.109N""","101°12´56.689W""",27.879752,-101.215747,356,G14A13,0,0,0,0
50280371,,5,Coahuila de Zaragoza,Coah.,28,Sabinas,371,Joaquín Guerrero,R,"27°52´14.170N""","101°11´19.930W""",27.870602,-101.188869,361,G14A13,0,0,0,0
50280372,,5,Coahuila de Zaragoza,Coah.,28,Sabinas,372,Erick Edgar García Soto,R,"27°52´32.450N""","101°10´03.200W""",27.87568,-101.167555,341,G14A13,0,0,0,0
50280373,,5,Coahuila de Zaragoza,Coah.,28,Sabinas,373,Los Marines,R,"27°52´20.520N""","101°09´42.329W""",27.872366,-101.161758,341,G14A13,3,*,*,1
50280374,,5,Coahuila de Zaragoza,Coah.,28,Sabinas,374,Las Trancas (Ignacio Castilleja),R,"27°51´19.900N""","101°09´36.020W""",27.855528,-101.160006,344,G14A13,0,0,0,0
50280375,,5,Coahuila de Zaragoza,Coah.,28,Sabinas,375,El Abandonado,R,"27°53´37.330N""","101°10´48.619W""",27.893702,-101.180171,350,G14A13,0,0,0,0
50280376,,5,Coahuila de Zaragoza,Coah.,28,Sabinas,376,Víctor Manuel Fuentes Flores,R,"27°52´30.483N""","101°10´03.334W""",27.875134,-101.167592,341,G14A13,0,0,0,0
50280378,,5,Coahuila de Zaragoza,Coah.,28,Sabinas,378,El Mezquite,R,"27°49´30.570N""","101°08´11.917W""",27.825158,-101.136643,334,G14A13,1,*,*,1
50280379,,5,Coahuila de Zaragoza,Coah.,28,Sabinas,379,Finca Coahuila,R,"27°52´54.140N""","101°09´27.870W""",27.881705,-101.157742,343,G14A13,0,0,0,0
50280380,,5,Coahuila de Zaragoza,Coah.,28,Sabinas,380,Pedro Ortiz Moreno,R,"27°52´56.939N""","101°15´28.730W""",27.882482,-101.257981,360,G14A13,2,*,*,1
50280381,,5,Coahuila de Zaragoza,Coah.,28,Sabinas,381,Olivia Gándara,R,"27°52´52.932N""","101°14´54.020W""",27.881369,-101.248339,356,G14A13,0,0,0,0
50280382,,5,Coahuila de Zaragoza,Coah.,28,Sabinas,382,Saturnino Contreras Sánchez,R,"27°53´19.339N""","101°16´05.482W""",27.888705,-101.268189,360,G14A13,3,*,*,1
50280384,,5,Coahuila de Zaragoza,Coah.,28,Sabinas,384,La Birria,R,"27°52´59.695N""","101°17´12.159W""",27.883248,-101.286711,391,G14A13,0,0,0,0
50280385,,5,Coahuila de Zaragoza,Coah.,28,Sabinas,385,Juan Pablo García,R,"27°53´11.956N""","101°17´58.963W""",27.886654,-101.299712,378,G14A13,0,0,0,0
50280386,,5,Coahuila de Zaragoza,Coah.,28,Sabinas,386,El Indio,R,"27°40´21.813N""","101°12´17.141W""",27.672725,-101.204761,419,G14A23,0,0,0,0
50280388,,5,Coahuila de Zaragoza,Coah.,28,Sabinas,388,Los Moros,R,"27°49´56.401N""","101°06´51.687W""",27.832333,-101.114358,330,G14A13,0,0,0,0
50280389,,5,Coahuila de Zaragoza,Coah.,28,Sabinas,389,San Antonio,R,"27°50´21.511N""","101°05´49.105W""",27.839308,-101.096973,330,G14A13,1,*,*,1
50280392,,5,Coahuila de Zaragoza,Coah.,28,Sabinas,392,Pánfilo Buentello García,R,"27°55´49.426N""","101°11´52.542W""",27.930395,-101.197928,380,G14A13,2,*,*,1
50280393,,5,Coahuila de Zaragoza,Coah.,28,Sabinas,393,José María de la Garza,R,"27°42´35.302N""","101°18´02.994W""",27.709806,-101.300832,428,G14A23,0,0,0,0
50280394,,5,Coahuila de Zaragoza,Coah.,28,Sabinas,394,Los Primos,R,"27°52´22.134N""","101°05´10.090W""",27.872814,-101.086136,344,G14A13,0,0,0,0
50280395,,5,Coahuila de Zaragoza,Coah.,28,Sabinas,395,Samuel Lira Flores,R,"27°52´28.689N""","101°05´06.590W""",27.874635,-101.085164,345,G14A13,0,0,0,0
50280396,,5,Coahuila de Zaragoza,Coah.,28,Sabinas,396,Domingo Flores,R,"27°56´11.169N""","101°01´47.650W""",27.936436,-101.029902,397,G14A13,1,*,*,1
50280397,,5,Coahuila de Zaragoza,Coah.,28,Sabinas,397,Ranchito Don Jaime,R,"27°56´25.860N""","101°01´46.679W""",27.940516,-101.029632,399,G14A13,0,0,0,0
50280398,,5,Coahuila de Zaragoza,Coah.,28,Sabinas,398,José Luis Torres García,R,"27°44´05.780N""","100°59´06.373W""",27.734939,-100.985103,321,G14A24,1,*,*,1
50280399,,5,Coahuila de Zaragoza,Coah.,28,Sabinas,399,Reynaldo Oranday,R,"27°48´24.886N""","101°03´21.242W""",27.806913,-101.055901,330,G14A13,0,0,0,0
50280400,,5,Coahuila de Zaragoza,Coah.,28,Sabinas,400,Ampliación Colonia Cincuenta Aniversario,R,"27°51´11.271N""","101°05´01.524W""",27.853131,-101.083756,341,G14A13,3,*,*,2
50280401,,5,Coahuila de Zaragoza,Coah.,28,Sabinas,401,Ramiro Gámez,R,"27°48´57.770N""","101°07´24.640W""",27.816047,-101.12351,330,G14A13,0,0,0,0
50280407,,5,Coahuila de Zaragoza,Coah.,28,Sabinas,407,Gumaro González García,R,"27°44´43.259N""","100°59´24.450W""",27.745349,-100.990125,331,G14A24,0,0,0,0
50280408,,5,Coahuila de Zaragoza,Coah.,28,Sabinas,408,Juan Tijerina Leyva,R,"27°44´42.089N""","100°55´54.220W""",27.745024,-100.931727,329,G14A24,1,*,*,1
50280411,,5,Coahuila de Zaragoza,Coah.,28,Sabinas,411,El Infante,R,"28°14´35.730N""","101°02´44.536W""",28.243258,-101.045704,516,H14C83,0,0,0,0
50280412,,5,Coahuila de Zaragoza,Coah.,28,Sabinas,412,Mupo,R,"28°03´09.336N""","101°05´46.745W""",28.052593,-101.096318,436,H14C83,0,0,0,0
50280413,,5,Coahuila de Zaragoza,Coah.,28,Sabinas,413,San José de Cloete,R,"28°01´34.125N""","101°06´39.444W""",28.026145,-101.110957,402,H14C83,0,0,0,0
50280415,,5,Coahuila de Zaragoza,Coah.,28,Sabinas,415,El Carmen,R,"27°49´05.670N""","101°03´09.919W""",27.818241,-101.052755,335,G14A13,0,0,0,0
50280416,,5,Coahuila de Zaragoza,Coah.,28,Sabinas,416,Valle Dorado,R,"27°38´51.917N""","101°16´19.096W""",27.647754,-101.27197,419,G14A23,1188,612,576,352
50280417,,5,Coahuila de Zaragoza,Coah.,28,Sabinas,417,El Mezquite,R,"27°46´07.180N""","101°09´00.450W""",27.76866,-101.150125,380,G14A13,4,*,*,1
50280418,,5,Coahuila de Zaragoza,Coah.,28,Sabinas,418,Don Benigno (Rosa Irene Moreno) [Restaurante],R,"27°46´25.339N""","101°08´55.759W""",27.773705,-101.148822,377,G14A13,0,0,0,0
50280419,,5,Coahuila de Zaragoza,Coah.,28,Sabinas,419,La Palapa (José Luis Martínez Fuentes),R,"27°44´19.309N""","100°54´38.919W""",27.738697,-100.910811,333,G14A24,0,0,0,0
50280420,,5,Coahuila de Zaragoza,Coah.,28,Sabinas,420,Simón Estrada Jiménez,R,"27°49´43.573N""","101°04´38.233W""",27.82877,-101.077286,336,G14A13,0,0,0,0
50280421,,5,Coahuila de Zaragoza,Coah.,28,Sabinas,421,Los Compadres (Juan Antonio Zapata Bernal),R,"27°48´24.157N""","101°02´43.303W""",27.80671,-101.045362,331,G14A13,2,*,*,1
50280422,,5,Coahuila de Zaragoza,Coah.,28,Sabinas,422,La Roca Ranch (Jesús Salazar Castillo),R,"27°50´09.054N""","101°04´26.370W""",27.835848,-101.073991,338,G14A13,3,*,*,1
50280423,,5,Coahuila de Zaragoza,Coah.,28,Sabinas,423,La Coyota (José Francisco Díaz),R,"27°45´18.642N""","100°55´21.734W""",27.755178,-100.922703,332,G14A14,0,0,0,0
50280424,,5,Coahuila de Zaragoza,Coah.,28,Sabinas,424,Tierra Caliente (Los Dos Hermanos),R,"27°48´05.777N""","101°03´11.009W""",27.801605,-101.053058,334,G14A13,0,0,0,0
50280425,,5,Coahuila de Zaragoza,Coah.,28,Sabinas,425,El Temporal,R,"27°50´02.120N""","101°04´20.054W""",27.833922,-101.072237,337,G14A13,0,0,0,0
50280426,,5,Coahuila de Zaragoza,Coah.,28,Sabinas,426,El Privilegio (Mario Salazar Castillo),R,"27°44´04.089N""","100°55´32.514W""",27.734469,-100.925698,325,G14A24,0,0,0,0
50280427,,5,Coahuila de Zaragoza,Coah.,28,Sabinas,427,La Angostura (Rosendo Ramírez Salazar),R,"27°41´55.920N""","100°57´29.279W""",27.698866,-100.958133,305,G14A24,0,0,0,0
50280428,,5,Coahuila de Zaragoza,Coah.,28,Sabinas,428,Los Cuatro Hermanos,R,"27°49´43.205N""","101°04´01.523W""",27.828667,-101.067089,338,G14A13,0,0,0,0
50280429,,5,Coahuila de Zaragoza,Coah.,28,Sabinas,429,Antonio Álvarez Navarro,R,"27°52´49.340N""","101°07´40.860W""",27.880372,-101.128016,343,G14A13,0,0,0,0
50280430,,5,Coahuila de Zaragoza,Coah.,28,Sabinas,430,Lisandro Olvera,R,"27°56´16.620N""","101°09´52.770W""",27.93795,-101.164658,382,G14A13,1,*,*,1
50280431,,5,Coahuila de Zaragoza,Coah.,28,Sabinas,431,La Joyita,R,"27°57´22.610N""","101°10´04.560W""",27.956281,-101.167933,381,G14A13,0,0,0,0
50280432,,5,Coahuila de Zaragoza,Coah.,28,Sabinas,432,Juan Manuel Pérez Silos,R,"27°52´21.680N""","101°10´42.300W""",27.872688,-101.178416,355,G14A13,0,0,0,0
50280433,,5,Coahuila de Zaragoza,Coah.,28,Sabinas,433,3 Palmas,R,"27°51´47.790N""","101°09´18.680W""",27.863275,-101.155189,347,G14A13,0,0,0,0
50280434,,5,Coahuila de Zaragoza,Coah.,28,Sabinas,434,Los Abuelos,R,"27°52´20.240N""","101°09´54.930W""",27.872288,-101.165258,344,G14A13,0,0,0,0
50280435,,5,Coahuila de Zaragoza,Coah.,28,Sabinas,435,Ernesto Campos,R,"27°52´27.750N""","101°10´04.550W""",27.874374,-101.16793,342,G14A13,0,0,0,0
50280436,,5,Coahuila de Zaragoza,Coah.,28,Sabinas,436,3 Potrancas,R,"27°50´28.840N""","101°11´44.960W""",27.841344,-101.195822,351,G14A13,4,3,1,3
50280437,,5,Coahuila de Zaragoza,Coah.,28,Sabinas,437,Jorge Zamora,R,"27°50´40.370N""","101°08´20.930W""",27.844547,-101.139147,371,G14A13,0,0,0,0
50280438,,5,Coahuila de Zaragoza,Coah.,28,Sabinas,438,El Papalotito,R,"27°50´14.940N""","101°08´47.540W""",27.837483,-101.146539,340,G14A13,0,0,0,0
50280439,,5,Coahuila de Zaragoza,Coah.,28,Sabinas,439,Los Magueyes,R,"27°50´04.100N""","101°08´16.820W""",27.834472,-101.138005,337,G14A13,3,*,*,1
50280440,,5,Coahuila de Zaragoza,Coah.,28,Sabinas,440,El Rosal,R,"27°51´16.090N""","101°09´48.930W""",27.854469,-101.163592,354,G14A13,0,0,0,0
50280441,,5,Coahuila de Zaragoza,Coah.,28,Sabinas,441,Los Encinos,R,"27°50´10.550N""","101°09´21.470W""",27.836264,-101.155964,341,G14A13,2,*,*,1
50280442,,5,Coahuila de Zaragoza,Coah.,28,Sabinas,442,La Gotera,R,"27°49´14.220N""","101°11´44.290W""",27.820616,-101.195636,353,G14A13,0,0,0,0
50280443,,5,Coahuila de Zaragoza,Coah.,28,Sabinas,443,Mina Uno,R,"27°49´44.240N""","101°07´35.880W""",27.828955,-101.126633,335,G14A13,0,0,0,0
50280444,,5,Coahuila de Zaragoza,Coah.,28,Sabinas,444,La Caseta de la Puerta,R,"27°49´40.097N""","101°07´31.688W""",27.827804,-101.125468,334,G14A13,4,*,*,1
50280445,,5,Coahuila de Zaragoza,Coah.,28,Sabinas,445,José Fidencio Calderón Ramírez,R,"27°48´39.750N""","101°08´31.670W""",27.811042,-101.14213,339,G14A13,2,*,*,1
50280446,,5,Coahuila de Zaragoza,Coah.,28,Sabinas,446,Maximina García,R,"27°48´02.800N""","101°07´02.880W""",27.800778,-101.117466,338,G14A13,1,*,*,1
50280447,,5,Coahuila de Zaragoza,Coah.,28,Sabinas,447,Ricardo Gómez,R,"27°48´44.250N""","101°06´57.190W""",27.812292,-101.115886,331,G14A13,0,0,0,0
50280448,,5,Coahuila de Zaragoza,Coah.,28,Sabinas,448,La Brea,R,"27°45´28.880N""","101°08´58.120W""",27.758022,-101.149477,389,G14A13,0,0,0,0
50280449,,5,Coahuila de Zaragoza,Coah.,28,Sabinas,449,El Pitayo,R,"27°48´37.170N""","101°08´29.520W""",27.810325,-101.141533,339,G14A13,0,0,0,0
50280450,,5,Coahuila de Zaragoza,Coah.,28,Sabinas,450,La Esperanza (Francisco Torres Valencia),R,"27°47´09.750N""","101°09´05.020W""",27.786041,-101.151394,348,G14A13,0,0,0,0
50280451,,5,Coahuila de Zaragoza,Coah.,28,Sabinas,451,José María Guajardo,R,"27°47´15.540N""","101°09´14.610W""",27.78765,-101.154058,340,G14A13,0,0,0,0
50280452,,5,Coahuila de Zaragoza,Coah.,28,Sabinas,452,Urbano Cardona Esparza,R,"27°46´35.010N""","101°09´47.740W""",27.776391,-101.163261,347,G14A13,0,0,0,0
50280453,,5,Coahuila de Zaragoza,Coah.,28,Sabinas,453,El Gavilán,R,"27°48´23.370N""","101°07´03.590W""",27.806492,-101.117663,334,G14A13,0,0,0,0
50280455,,5,Coahuila de Zaragoza,Coah.,28,Sabinas,455,Carlos Villarreal García,R,"27°48´34.300N""","101°06´51.560W""",27.809528,-101.114322,334,G14A13,0,0,0,0
50280456,,5,Coahuila de Zaragoza,Coah.,28,Sabinas,456,Eben Ezer,R,"27°57´42.060N""","101°11´50.120W""",27.961683,-101.197255,392,G14A13,0,0,0,0
50280457,,5,Coahuila de Zaragoza,Coah.,28,Sabinas,457,Tres Herraduras,R,"27°57´42.460N""","101°11´42.470W""",27.961794,-101.19513,392,G14A13,0,0,0,0
50280458,,5,Coahuila de Zaragoza,Coah.,28,Sabinas,458,4 de Mayo,R,"27°59´44.870N""","101°10´35.250W""",27.995797,-101.176458,389,G14A13,0,0,0,0
50280459,,5,Coahuila de Zaragoza,Coah.,28,Sabinas,459,Juan López,R,"27°52´15.970N""","101°09´34.010W""",27.871102,-101.159447,341,G14A13,0,0,0,0
50280460,,5,Coahuila de Zaragoza,Coah.,28,Sabinas,460,Las Puyas,R,"27°49´19.350N""","101°12´26.790W""",27.822041,-101.207442,353,G14A13,0,0,0,0
50280461,,5,Coahuila de Zaragoza,Coah.,28,Sabinas,461,San Jacinto,R,"27°50´25.530N""","101°12´01.180W""",27.840425,-101.200328,350,G14A13,0,0,0,0
50280462,,5,Coahuila de Zaragoza,Coah.,28,Sabinas,462,Domingo Anguiano Moreno,R,"27°52´10.500N""","101°09´43.040W""",27.869583,-101.161956,345,G14A13,0,0,0,0
50280463,,5,Coahuila de Zaragoza,Coah.,28,Sabinas,463,Modesta Rico,R,"27°52´26.630N""","101°10´08.570W""",27.874063,-101.169047,343,G14A13,2,*,*,1
50280464,,5,Coahuila de Zaragoza,Coah.,28,Sabinas,464,El Borrado (José Maldonado),R,"27°49´10.816N""","101°08´46.110W""",27.81967,-101.146141,340,G14A13,0,0,0,0
50280465,,5,Coahuila de Zaragoza,Coah.,28,Sabinas,465,Chancaquilla,R,"27°49´54.365N""","101°06´41.779W""",27.831767,-101.111605,332,G14A13,0,0,0,0
50280466,,5,Coahuila de Zaragoza,Coah.,28,Sabinas,466,Jorge Villarreal,R,"27°50´03.822N""","101°08´28.691W""",27.834395,-101.141303,339,G14A13,0,0,0,0
50280467,,5,Coahuila de Zaragoza,Coah.,28,Sabinas,467,El Olvido,R,"27°50´06.476N""","101°08´33.868W""",27.835132,-101.142741,339,G14A13,0,0,0,0
50280468,,5,Coahuila de Zaragoza,Coah.,28,Sabinas,468,Sergio Puyas,R,"27°50´16.480N""","101°08´16.455W""",27.837911,-101.137904,344,G14A13,0,0,0,0
50280469,,5,Coahuila de Zaragoza,Coah.,28,Sabinas,469,Santa Rita,R,"27°50´01.613N""","101°08´22.164W""",27.833781,-101.13949,340,G14A13,3,*,*,1
50280470,,5,Coahuila de Zaragoza,Coah.,28,Sabinas,470,Los Abuelos,R,"27°47´55.570N""","101°02´37.710W""",27.798769,-101.043808,329,G14A13,0,0,0,0
50280471,,5,Coahuila de Zaragoza,Coah.,28,Sabinas,471,El Toro,R,"27°52´19.850N""","101°05´13.420W""",27.87218,-101.087061,342,G14A13,0,0,0,0
50280472,,5,Coahuila de Zaragoza,Coah.,28,Sabinas,472,Los Pérez,R,"27°49´37.470N""","101°01´15.750W""",27.827074,-101.021041,348,G14A13,3,*,*,1
50280473,,5,Coahuila de Zaragoza,Coah.,28,Sabinas,473,Edgar Jesús Torres Ibarra,R,"27°49´24.030N""","101°05´39.020W""",27.823341,-101.094172,334,G14A13,1,*,*,1
50280474,,5,Coahuila de Zaragoza,Coah.,28,Sabinas,474,San Carlos,R,"27°47´38.620N""","101°02´57.660W""",27.794061,-101.04935,328,G14A13,0,0,0,0
50280475,,5,Coahuila de Zaragoza,Coah.,28,Sabinas,475,Gilberto Garza Bernal,R,"27°51´08.710N""","101°09´42.374W""",27.852419,-101.161771,358,G14A13,0,0,0,0
50280476,,5,Coahuila de Zaragoza,Coah.,28,Sabinas,476,Oscar,R,"27°51´11.482N""","101°09´33.694W""",27.853189,-101.159359,346,G14A13,0,0,0,0
50280477,,5,Coahuila de Zaragoza,Coah.,28,Sabinas,477,La Mora,R,"27°50´11.683N""","101°09´33.123W""",27.836578,-101.159201,345,G14A13,0,0,0,0
50280478,,5,Coahuila de Zaragoza,Coah.,28,Sabinas,478,Andrés Garza,R,"27°50´10.354N""","101°08´11.255W""",27.836209,-101.136459,334,G14A13,0,0,0,0
50280479,,5,Coahuila de Zaragoza,Coah.,28,Sabinas,479,Juana Ávalos,R,"27°50´12.781N""","101°08´22.301W""",27.836883,-101.139528,337,G14A13,0,0,0,0
50280480,,5,Coahuila de Zaragoza,Coah.,28,Sabinas,480,Yuni Macías,R,"27°50´21.106N""","101°09´12.092W""",27.839196,-101.153359,349,G14A13,0,0,0,0
50280481,,5,Coahuila de Zaragoza,Coah.,28,Sabinas,481,Javier Guerrero,R,"27°50´15.884N""","101°09´20.931W""",27.837745,-101.155814,346,G14A13,0,0,0,0
50280482,,5,Coahuila de Zaragoza,Coah.,28,Sabinas,482,Don Jesús,R,"27°48´37.510N""","101°04´03.090W""",27.810419,-101.067524,332,G14A13,0,0,0,0
50280483,,5,Coahuila de Zaragoza,Coah.,28,Sabinas,483,Cayetano Díaz,R,"27°48´52.900N""","101°05´28.760W""",27.814694,-101.091322,330,G14A13,0,0,0,0
50280484,,5,Coahuila de Zaragoza,Coah.,28,Sabinas,484,José Guadalupe Pérez,R,"27°48´58.080N""","101°05´31.000W""",27.816133,-101.091944,331,G14A13,0,0,0,0
50280485,,5,Coahuila de Zaragoza,Coah.,28,Sabinas,485,Oscar Salinas Membrillo,R,"27°49´05.720N""","101°05´31.130W""",27.818255,-101.09198,332,G14A13,4,*,*,1
50280486,,5,Coahuila de Zaragoza,Coah.,28,Sabinas,486,Miguel Medardo Ponce Rodríguez,R,"27°49´15.650N""","101°06´10.290W""",27.821013,-101.102858,340,G14A13,0,0,0,0
50280487,,5,Coahuila de Zaragoza,Coah.,28,Sabinas,487,Juan Ramírez Reyna,R,"27°49´16.980N""","101°05´43.230W""",27.821383,-101.095341,337,G14A13,0,0,0,0
50280488,,5,Coahuila de Zaragoza,Coah.,28,Sabinas,488,Chencho Oranday,R,"27°49´24.160N""","101°03´44.410W""",27.823377,-101.062336,338,G14A13,0,0,0,0
50280489,,5,Coahuila de Zaragoza,Coah.,28,Sabinas,489,Don Beto,R,"27°49´07.830N""","101°04´13.140W""",27.818841,-101.070316,337,G14A13,0,0,0,0
50280490,,5,Coahuila de Zaragoza,Coah.,28,Sabinas,490,La Bendición,R,"27°49´13.960N""","101°04´18.010W""",27.820544,-101.071669,336,G14A13,0,0,0,0
50280491,,5,Coahuila de Zaragoza,Coah.,28,Sabinas,491,Rosendo Piña Jímenez,R,"27°48´51.210N""","101°05´32.070W""",27.814225,-101.092241,333,G14A13,0,0,0,0
50280492,,5,Coahuila de Zaragoza,Coah.,28,Sabinas,492,Santana Calderón Elizondo,R,"27°49´15.670N""","101°05´03.290W""",27.821019,-101.084247,329,G14A13,0,0,0,0
50280493,,5,Coahuila de Zaragoza,Coah.,28,Sabinas,493,El Profesor,R,"27°52´25.010N""","101°05´19.580W""",27.873613,-101.088772,341,G14A13,0,0,0,0
50280494,,5,Coahuila de Zaragoza,Coah.,28,Sabinas,494,Santa Ana,R,"27°49´51.360N""","101°06´38.650W""",27.830933,-101.110736,332,G14A13,0,0,0,0
50280495,,5,Coahuila de Zaragoza,Coah.,28,Sabinas,495,La Aguja Vieja,R,"27°49´51.450N""","101°06´31.440W""",27.830958,-101.108733,335,G14A13,0,0,0,0
50280496,,5,Coahuila de Zaragoza,Coah.,28,Sabinas,496,Javier Arizpe,R,"27°49´46.690N""","101°06´35.450W""",27.829635,-101.109847,331,G14A13,2,*,*,1
50280497,,5,Coahuila de Zaragoza,Coah.,28,Sabinas,497,El Diez,R,"27°51´29.320N""","101°00´54.120W""",27.858144,-101.015033,360,G14A13,0,0,0,0
50280498,,5,Coahuila de Zaragoza,Coah.,28,Sabinas,498,Juan Pablo Arizpe,R,"27°49´43.930N""","101°06´35.690W""",27.828869,-101.109914,330,G14A13,0,0,0,0
50280499,,5,Coahuila de Zaragoza,Coah.,28,Sabinas,499,Juan José Guadiana,R,"27°48´17.910N""","101°09´08.839W""",27.804975,-101.152455,342,G14A13,0,0,0,0
50280500,,5,Coahuila de Zaragoza,Coah.,28,Sabinas,500,La Abundancia,R,"27°39´32.370N""","101°16´26.000W""",27.658992,-101.273888,421,G14A23,0,0,0,0
50280501,,5,Coahuila de Zaragoza,Coah.,28,Sabinas,501,Las Tres Reynas,R,"27°38´42.005N""","101°15´58.810W""",27.645001,-101.266336,419,G14A23,0,0,0,0
50280502,,5,Coahuila de Zaragoza,Coah.,28,Sabinas,502,La Retama (El Oasis),R,"27°50´25.880N""","101°04´15.230W""",27.840522,-101.070897,341,G14A13,0,0,0,0
50280503,,5,Coahuila de Zaragoza,Coah.,28,Sabinas,503,Planta Lavadora [Materiales Industrializados],R,"27°53´50.648N""","101°11´15.417W""",27.897402,-101.187616,352,G14A13,0,0,0,0
50280504,,5,Coahuila de Zaragoza,Coah.,28,Sabinas,504,Enrique Domínguez,R,"27°51´55.763N""","101°05´34.125W""",27.86549,-101.092812,340,G14A13,0,0,0,0
50280505,,5,Coahuila de Zaragoza,Coah.,28,Sabinas,505,Casa Blanca,R,"27°53´16.780N""","101°09´50.300W""",27.887994,-101.163972,350,G14A13,3,*,*,1
50280506,,5,Coahuila de Zaragoza,Coah.,28,Sabinas,506,El Porvenir,R,"27°57´38.970N""","101°09´41.190W""",27.960825,-101.161442,380,G14A13,0,0,0,0
50280507,,5,Coahuila de Zaragoza,Coah.,28,Sabinas,507,La Oriental,R,"27°58´56.410N""","101°11´26.600W""",27.982335,-101.190722,388,G14A13,0,0,0,0
50280508,,5,Coahuila de Zaragoza,Coah.,28,Sabinas,508,Piedra Laja,R,"27°57´37.900N""","101°11´52.440W""",27.960528,-101.1979,392,G14A13,0,0,0,0
50280509,,5,Coahuila de Zaragoza,Coah.,28,Sabinas,509,Alfredo Garza,R,"27°54´34.442N""","101°07´54.889W""",27.909567,-101.131913,360,G14A13,1,*,*,1
50280510,,5,Coahuila de Zaragoza,Coah.,28,Sabinas,510,Agujita [Pista Hípica],R,"27°53´01.820N""","101°10´10.390W""",27.883839,-101.169552,342,G14A13,0,0,0,0
50280511,,5,Coahuila de Zaragoza,Coah.,28,Sabinas,511,El Barrote del Río,R,"27°52´43.650N""","101°09´57.340W""",27.878791,-101.165928,340,G14A13,1,*,*,1
50280512,,5,Coahuila de Zaragoza,Coah.,28,Sabinas,512,Teodoro Ranch,R,"27°47´17.640N""","101°01´33.650W""",27.788233,-101.026013,327,G14A13,0,0,0,0
50280513,,5,Coahuila de Zaragoza,Coah.,28,Sabinas,513,Juan José Valdez Galindo,R,"28°00´57.260N""","101°08´29.290W""",28.015906,-101.141469,389,H14C83,1,*,*,1
50280514,,5,Coahuila de Zaragoza,Coah.,28,Sabinas,514,Jorge Luis Hernández López,R,"27°49´09.410N""","101°05´51.990W""",27.81928,-101.097775,333,G14A13,3,*,*,1
50280515,,5,Coahuila de Zaragoza,Coah.,28,Sabinas,515,María de los Ángeles Torres Ibarra,R,"27°57´12.110N""","101°00´53.760W""",27.953364,-101.014933,403,G14A13,2,*,*,1
50280516,,5,Coahuila de Zaragoza,Coah.,28,Sabinas,516,Domingo Iribarren,R,"27°53´15.390N""","101°10´39.860W""",27.887608,-101.177738,350,G14A13,0,0,0,0
50280517,,5,Coahuila de Zaragoza,Coah.,28,Sabinas,517,Guillermo Sena,R,"27°57´40.670N""","101°11´55.120W""",27.961297,-101.198644,391,G14A13,0,0,0,0
50280518,,5,Coahuila de Zaragoza,Coah.,28,Sabinas,518,Las Norias,R,"27°59´09.610N""","101°11´08.560W""",27.986002,-101.185711,389,G14A13,0,0,0,0
50280519,,5,Coahuila de Zaragoza,Coah.,28,Sabinas,519,Gerónimo Campos Torres,R,"27°58´16.096N""","101°03´26.998W""",27.971137,-101.057499,424,G14A13,-,-,-,-
50280520,,5,Coahuila de Zaragoza,Coah.,28,Sabinas,520,La Mota,R,"27°57´53.598N""","101°10´59.303W""",27.964888,-101.183139,390,G14A13,-,-,-,-
50280521,,5,Coahuila de Zaragoza,Coah.,28,Sabinas,521,El Diamante,R,"27°56´06.373N""","101°11´03.066W""",27.935103,-101.184185,368,G14A13,-,-,-,-
