MAPA,Estatus,CVE_ENT,NOM_ENT,NOM_ABR,CVE_MUN,NOM_MUN,CVE_LOC,NOM_LOC,AMBITO,LATITUD,LONGITUD,LAT_DECIMAL,LON_DECIMAL,ALTITUD,CVE_CARTA,POB_TOTAL,POB_MASCULINA,POB_FEMENINA,TOTAL DE VIVIENDAS HABITADAS
50330001,,5,Coahuila de Zaragoza,Coah.,33,San Pedro,1,San Pedro,U,"25°45´28.000N""","102°58´59.365W""",25.757778,-102.983156,1092,G13D17,49490,23994,25496,12920
50330003,,5,Coahuila de Zaragoza,Coah.,33,San Pedro,3,Emiliano Zapata (Albia),R,"25°51´18.779N""","103°10´37.754W""",25.855216,-103.177153,1105,G13D16,494,250,244,152
50330004,,5,Coahuila de Zaragoza,Coah.,33,San Pedro,4,Alejandría,R,"25°39´44.495N""","103°03´37.625W""",25.66236,-103.060451,1108,G13D26,187,101,86,48
50330005,,5,Coahuila de Zaragoza,Coah.,33,San Pedro,5,Alejo González (Bilbao),R,"25°49´23.741N""","103°11´37.379W""",25.823261,-103.193716,1106,G13D16,1145,556,589,285
50330007,,5,Coahuila de Zaragoza,Coah.,33,San Pedro,7,La América,R,"25°46´26.569N""","102°59´37.920W""",25.774046,-102.993866,1093,G13D17,2,*,*,1
50330008,,5,Coahuila de Zaragoza,Coah.,33,San Pedro,8,El Amparo,R,"25°47´47.272N""","102°57´34.798W""",25.796464,-102.959666,1098,G13D17,1,*,*,1
50330009,,5,Coahuila de Zaragoza,Coah.,33,San Pedro,9,Lagos de Moreno (Ampueros),R,"25°54´56.268N""","103°08´16.108W""",25.91563,-103.137807,1100,G13D16,122,61,61,32
50330011,,5,Coahuila de Zaragoza,Coah.,33,San Pedro,11,Aquiles Serdán,R,"25°48´50.939N""","103°06´43.755W""",25.81415,-103.112154,1101,G13D16,336,169,167,89
50330013,,5,Coahuila de Zaragoza,Coah.,33,San Pedro,13,La Estrella y la Barca,R,"25°47´37.374N""","103°00´31.018W""",25.793715,-103.008616,1091,G13D16,0,0,0,0
50330014,,5,Coahuila de Zaragoza,Coah.,33,San Pedro,14,Vigo (Bella Vista),R,"25°53´39.249N""","103°08´27.459W""",25.894236,-103.140961,1099,G13D16,0,0,0,0
50330015,,5,Coahuila de Zaragoza,Coah.,33,San Pedro,15,Bolívar,R,"25°46´35.110N""","103°00´45.208W""",25.776419,-103.012558,1096,G13D16,668,328,340,164
50330017,,5,Coahuila de Zaragoza,Coah.,33,San Pedro,17,El Cairo,R,"25°46´39.180N""","102°58´42.650W""",25.777549,-102.978513,1099,G13D17,13,7,6,3
50330018,,5,Coahuila de Zaragoza,Coah.,33,San Pedro,18,La Candelaria,R,"26°10´08.418N""","102°43´09.216W""",26.169004,-102.719226,877,G13B87,0,0,0,0
50330019,,5,Coahuila de Zaragoza,Coah.,33,San Pedro,19,La Carolina (La Nueva Carolina),R,"25°48´09.560N""","103°00´03.189W""",25.802656,-103.000886,1095,G13D16,334,173,161,78
50330020,,5,Coahuila de Zaragoza,Coah.,33,San Pedro,20,Cleto,R,"25°41´57.241N""","102°53´00.377W""",25.699233,-102.883438,1095,G13D27,71,33,38,18
50330021,,5,Coahuila de Zaragoza,Coah.,33,San Pedro,21,Félix Ramírez (Gavilanes),R,"25°57´16.279N""","103°07´26.748W""",25.954522,-103.124096,1096,G13D16,60,32,28,19
50330022,,5,Coahuila de Zaragoza,Coah.,33,San Pedro,22,Concordia (La Rosita),U,"25°46´56.563N""","103°06´55.313W""",25.782378,-103.115365,1106,G13D16,7972,3957,4015,2039
50330023,,5,Coahuila de Zaragoza,Coah.,33,San Pedro,23,El Cuatro,R,"25°47´57.280N""","102°57´29.039W""",25.799244,-102.958066,1098,G13D17,0,0,0,0
50330024,,5,Coahuila de Zaragoza,Coah.,33,San Pedro,24,Cuauhtémoc Cárdenas (Medio Pulmón),R,"25°54´52.070N""","103°09´43.934W""",25.914464,-103.162204,1099,G13D16,39,21,18,14
50330025,,5,Coahuila de Zaragoza,Coah.,33,San Pedro,25,Diez de Mayo (Las Casitas),R,"25°47´39.852N""","103°10´53.574W""",25.794403,-103.181548,1102,G13D16,218,120,98,63
50330027,,5,Coahuila de Zaragoza,Coah.,33,San Pedro,27,Tres Estrellas,R,"25°55´55.591N""","103°09´27.910W""",25.932108,-103.157753,1100,G13D16,5,*,*,1
50330028,,5,Coahuila de Zaragoza,Coah.,33,San Pedro,28,El Estribo,R,"25°50´34.366N""","103°06´22.035W""",25.842879,-103.106121,1099,G13D16,929,467,462,257
50330029,,5,Coahuila de Zaragoza,Coah.,33,San Pedro,29,La Fe,R,"25°50´52.619N""","103°12´02.032W""",25.847949,-103.200564,1104,G13D16,1136,565,571,293
50330030,,5,Coahuila de Zaragoza,Coah.,33,San Pedro,30,Frontera,R,"25°41´43.866N""","102°56´29.984W""",25.695518,-102.941662,1098,G13D27,571,276,295,152
50330031,,5,Coahuila de Zaragoza,Coah.,33,San Pedro,31,Gabino Vázquez (Begoña),R,"25°53´28.656N""","103°10´52.626W""",25.891293,-103.181284,1101,G13D16,141,73,68,41
50330032,,5,Coahuila de Zaragoza,Coah.,33,San Pedro,32,Gatas Mochas,R,"25°42´33.306N""","103°03´01.626W""",25.709252,-103.050452,1103,G13D26,361,187,174,99
50330033,,5,Coahuila de Zaragoza,Coah.,33,San Pedro,33,El Gatuño,R,"25°44´40.256N""","103°10´33.827W""",25.744515,-103.176062,1107,G13D26,305,161,144,76
50330034,,5,Coahuila de Zaragoza,Coah.,33,San Pedro,34,Ignacio Zaragoza,R,"25°42´06.302N""","102°58´30.809W""",25.701751,-102.975224,1098,G13D27,642,329,313,160
50330036,,5,Coahuila de Zaragoza,Coah.,33,San Pedro,36,Lázaro Cárdenas (Dolores),R,"25°45´45.646N""","103°11´11.725W""",25.762679,-103.18659,1110,G13D16,800,396,404,207
50330037,,5,Coahuila de Zaragoza,Coah.,33,San Pedro,37,Luchana,U,"25°47´25.417N""","103°11´41.382W""",25.790393,-103.194828,1105,G13D16,2708,1356,1352,750
50330039,,5,Coahuila de Zaragoza,Coah.,33,San Pedro,39,Mala Noche y Arracadas,R,"25°56´42.854N""","102°22´10.491W""",25.945237,-102.36958,1093,G13D18,115,60,55,33
50330040,,5,Coahuila de Zaragoza,Coah.,33,San Pedro,40,Maravillas,R,"25°52´46.202N""","103°09´18.031W""",25.8795,-103.155009,1101,G13D16,0,0,0,0
50330041,,5,Coahuila de Zaragoza,Coah.,33,San Pedro,41,Margarita del Norte,R,"26°28´31.942N""","102°51´24.783W""",26.475539,-102.856884,983,G13B77,69,38,31,21
50330042,,5,Coahuila de Zaragoza,Coah.,33,San Pedro,42,Mayrán,R,"25°40´19.113N""","102°50´29.466W""",25.671975,-102.841518,1093,G13D27,1473,721,752,401
50330043,,5,Coahuila de Zaragoza,Coah.,33,San Pedro,43,Menfis,R,"25°45´29.124N""","102°58´02.908W""",25.75809,-102.967474,1089,G13D17,5,*,*,1
50330044,,5,Coahuila de Zaragoza,Coah.,33,San Pedro,44,Las Pistolas,R,"25°46´34.609N""","102°57´27.780W""",25.77628,-102.957717,1095,G13D17,0,0,0,0
50330045,,5,Coahuila de Zaragoza,Coah.,33,San Pedro,45,Mitla,R,"25°52´56.510N""","103°07´31.410W""",25.882363,-103.125391,1100,G13D16,5,*,*,1
50330046,,5,Coahuila de Zaragoza,Coah.,33,San Pedro,46,El Nilo,R,"25°44´02.032N""","102°56´38.556W""",25.733897,-102.944043,1098,G13D27,984,495,489,287
50330047,,5,Coahuila de Zaragoza,Coah.,33,San Pedro,47,Nuevo Delicias,R,"26°13´41.069N""","102°47´46.172W""",26.228074,-102.796159,904,G13B87,282,148,134,57
50330048,,5,Coahuila de Zaragoza,Coah.,33,San Pedro,48,Nuevo Mundo,R,"25°56´58.712N""","103°11´25.240W""",25.949642,-103.190344,1099,G13D16,324,168,156,92
50330050,,5,Coahuila de Zaragoza,Coah.,33,San Pedro,50,Panamá,R,"25°43´42.553N""","103°00´52.964W""",25.728486,-103.014712,1099,G13D26,217,103,114,52
50330051,,5,Coahuila de Zaragoza,Coah.,33,San Pedro,51,Patrocinio,R,"25°47´05.224N""","102°57´24.112W""",25.784784,-102.956698,1097,G13D17,351,185,166,79
50330052,,5,Coahuila de Zaragoza,Coah.,33,San Pedro,52,La Pentalfa,R,"25°42´17.717N""","103°01´38.700W""",25.704921,-103.027416,1103,G13D26,31,18,13,7
50330055,,5,Coahuila de Zaragoza,Coah.,33,San Pedro,55,El Porvenir de Abajo,R,"25°47´12.319N""","102°57´27.472W""",25.786755,-102.957631,1098,G13D17,258,129,129,65
50330057,,5,Coahuila de Zaragoza,Coah.,33,San Pedro,57,Presa de Cleto,R,"25°41´28.397N""","102°54´15.138W""",25.691221,-102.904205,1096,G13D27,207,110,97,58
50330058,,5,Coahuila de Zaragoza,Coah.,33,San Pedro,58,Primero de Mayo (Algorta),R,"25°49´05.007N""","103°10´05.753W""",25.818057,-103.168264,1100,G13D16,563,277,286,167
50330059,,5,Coahuila de Zaragoza,Coah.,33,San Pedro,59,Progreso,R,"25°42´59.099N""","103°06´38.619W""",25.716416,-103.110728,1112,G13D26,479,244,235,125
50330062,,5,Coahuila de Zaragoza,Coah.,33,San Pedro,62,El Retiro,R,"25°49´43.416N""","103°07´49.035W""",25.828726,-103.130287,1100,G13D16,1578,788,790,441
50330063,,5,Coahuila de Zaragoza,Coah.,33,San Pedro,63,Reynosa,R,"25°43´36.880N""","103°01´56.406W""",25.72691,-103.032334,1102,G13D26,250,127,123,58
50330064,,5,Coahuila de Zaragoza,Coah.,33,San Pedro,64,Ricardo Flores Magón,R,"25°49´06.204N""","103°03´16.781W""",25.818389,-103.054661,1097,G13D16,92,50,42,26
50330068,,5,Coahuila de Zaragoza,Coah.,33,San Pedro,68,Purísima de Rubio,R,"25°56´40.895N""","103°08´32.421W""",25.944693,-103.142339,1098,G13D16,177,95,82,51
50330069,,5,Coahuila de Zaragoza,Coah.,33,San Pedro,69,San Alberto,R,"25°53´29.381N""","103°08´05.638W""",25.891494,-103.134899,1099,G13D16,0,0,0,0
50330070,,5,Coahuila de Zaragoza,Coah.,33,San Pedro,70,San Antonio de Gurza,R,"25°46´11.008N""","103°03´12.757W""",25.769724,-103.053544,1100,G13D16,691,337,354,188
50330071,,5,Coahuila de Zaragoza,Coah.,33,San Pedro,71,San Ignacio,R,"25°55´25.449N""","103°08´06.860W""",25.923735,-103.135239,1100,G13D16,0,0,0,0
50330072,,5,Coahuila de Zaragoza,Coah.,33,San Pedro,72,San Esteban de Abajo,R,"25°42´29.835N""","103°00´00.169W""",25.708288,-103.000047,1100,G13D26,1109,574,535,292
50330073,,5,Coahuila de Zaragoza,Coah.,33,San Pedro,73,San Felipe (San Felipe de Purcell),R,"25°40´33.973N""","102°58´38.198W""",25.676103,-102.977277,1097,G13D27,868,458,410,215
50330074,,5,Coahuila de Zaragoza,Coah.,33,San Pedro,74,San Francisco de Arriba,R,"25°45´03.547N""","103°09´31.084W""",25.750985,-103.158634,1108,G13D16,1059,530,529,290
50330075,,5,Coahuila de Zaragoza,Coah.,33,San Pedro,75,San Francisco de Gurza (Santa Rosa),R,"25°47´43.975N""","103°05´11.863W""",25.795548,-103.086628,1102,G13D16,184,100,84,59
50330076,,5,Coahuila de Zaragoza,Coah.,33,San Pedro,76,San Francisco de la Fe,R,"25°52´14.243N""","103°12´52.563W""",25.870622,-103.214601,1102,G13D16,129,67,62,28
50330077,,5,Coahuila de Zaragoza,Coah.,33,San Pedro,77,San Ignacio,R,"25°44´13.491N""","103°05´23.199W""",25.737081,-103.089777,1105,G13D26,1969,977,992,552
50330078,,5,Coahuila de Zaragoza,Coah.,33,San Pedro,78,San Isidro,R,"25°51´42.240N""","103°07´27.005W""",25.861733,-103.124167,1099,G13D16,0,0,0,0
50330079,,5,Coahuila de Zaragoza,Coah.,33,San Pedro,79,San Lorenzo,R,"25°43´26.464N""","103°09´18.099W""",25.724017,-103.155028,1099,G13D26,1424,688,736,379
50330083,,5,Coahuila de Zaragoza,Coah.,33,San Pedro,83,San Marcos,R,"25°40´04.096N""","103°00´28.416W""",25.667804,-103.007893,1100,G13D26,1131,563,568,303
50330084,,5,Coahuila de Zaragoza,Coah.,33,San Pedro,84,San Miguel,R,"25°41´58.970N""","102°56´55.718W""",25.699714,-102.94881,1098,G13D27,1241,630,611,297
50330085,,5,Coahuila de Zaragoza,Coah.,33,San Pedro,85,San Nicolás,R,"25°42´50.870N""","102°47´34.661W""",25.714131,-102.792961,1094,G13D27,228,125,103,59
50330086,,5,Coahuila de Zaragoza,Coah.,33,San Pedro,86,San Pablo,R,"25°43´46.042N""","103°04´25.203W""",25.729455,-103.073667,1104,G13D26,628,329,299,158
50330087,,5,Coahuila de Zaragoza,Coah.,33,San Pedro,87,San Patricio,R,"25°39´13.333N""","102°56´49.319W""",25.653704,-102.947033,1096,G13D27,409,209,200,100
50330088,,5,Coahuila de Zaragoza,Coah.,33,San Pedro,88,San Rafael de Abajo,R,"25°39´37.039N""","103°00´28.494W""",25.660289,-103.007915,1103,G13D26,622,311,311,157
50330089,,5,Coahuila de Zaragoza,Coah.,33,San Pedro,89,San Rafael de Arriba,R,"25°52´48.210N""","103°08´01.766W""",25.880058,-103.133824,1099,G13D16,1577,794,783,424
50330090,,5,Coahuila de Zaragoza,Coah.,33,San Pedro,90,San Roque,R,"25°46´19.859N""","102°58´10.899W""",25.772182,-102.969694,1098,G13D17,1,*,*,1
50330091,,5,Coahuila de Zaragoza,Coah.,33,San Pedro,91,Santa Ana (Santa Ana de Arriba),R,"25°54´41.583N""","103°10´16.141W""",25.911551,-103.17115,1099,G13D16,316,147,169,86
50330092,,5,Coahuila de Zaragoza,Coah.,33,San Pedro,92,Santa Anita,R,"25°45´46.590N""","102°56´44.819W""",25.762942,-102.945783,1090,G13D17,0,0,0,0
50330093,,5,Coahuila de Zaragoza,Coah.,33,San Pedro,93,Santa Brígida,R,"25°42´36.889N""","103°05´02.199W""",25.710247,-103.083944,1105,G13D26,382,198,184,112
50330094,,5,Coahuila de Zaragoza,Coah.,33,San Pedro,94,Santa Elena,R,"25°41´32.115N""","103°01´50.113W""",25.692254,-103.030586,1111,G13D26,861,440,421,228
50330095,,5,Coahuila de Zaragoza,Coah.,33,San Pedro,95,Santa Eulalia,R,"25°41´57.852N""","103°06´54.603W""",25.699403,-103.115168,1106,G13D26,405,203,202,108
50330096,,5,Coahuila de Zaragoza,Coah.,33,San Pedro,96,Santa María,R,"25°48´16.170N""","102°58´17.259W""",25.804492,-102.97146,1097,G13D17,6,*,*,1
50330097,,5,Coahuila de Zaragoza,Coah.,33,San Pedro,97,Santa Mónica,R,"25°44´15.700N""","103°11´59.674W""",25.737694,-103.199909,1111,G13D26,616,293,323,162
50330098,,5,Coahuila de Zaragoza,Coah.,33,San Pedro,98,Beta Santa Mónica [Sociedad de Producción Rural],R,"25°44´35.995N""","103°10´14.928W""",25.743332,-103.170813,1110,G13D26,0,0,0,0
50330101,,5,Coahuila de Zaragoza,Coah.,33,San Pedro,101,Santiago,R,"25°39´58.907N""","103°02´39.580W""",25.666363,-103.044327,1102,G13D26,314,159,155,80
50330102,,5,Coahuila de Zaragoza,Coah.,33,San Pedro,102,Santo Tomás,R,"25°42´56.980N""","103°03´28.790W""",25.715828,-103.057997,1102,G13D26,141,65,76,38
50330104,,5,Coahuila de Zaragoza,Coah.,33,San Pedro,104,Santa Sofía (Sofía de Abajo),R,"25°39´06.590N""","102°57´37.294W""",25.651831,-102.960359,1097,G13D27,296,152,144,70
50330105,,5,Coahuila de Zaragoza,Coah.,33,San Pedro,105,Sofía de Arriba,R,"25°56´24.695N""","103°09´13.127W""",25.940193,-103.153646,1101,G13D16,545,271,274,141
50330106,,5,Coahuila de Zaragoza,Coah.,33,San Pedro,106,Tacuba,R,"25°43´34.507N""","102°57´47.858W""",25.726251,-102.963294,1099,G13D27,235,124,111,60
50330107,,5,Coahuila de Zaragoza,Coah.,33,San Pedro,107,Tacubaya,R,"25°41´02.137N""","103°04´03.706W""",25.683927,-103.067695,1106,G13D26,1282,653,629,344
50330108,,5,Coahuila de Zaragoza,Coah.,33,San Pedro,108,Tebas y Palmira,R,"25°43´47.410N""","102°56´52.377W""",25.729835,-102.947882,1098,G13D27,231,118,113,63
50330110,,5,Coahuila de Zaragoza,Coah.,33,San Pedro,110,El Triángulo,R,"25°41´26.912N""","103°02´33.898W""",25.690809,-103.042749,1111,G13D26,103,50,53,27
50330112,,5,Coahuila de Zaragoza,Coah.,33,San Pedro,112,Vega Larga,R,"25°53´00.008N""","103°12´00.830W""",25.883335,-103.200231,1103,G13D16,523,272,251,154
50330113,,5,Coahuila de Zaragoza,Coah.,33,San Pedro,113,Veinte de Noviembre (Santa Lucía),R,"25°47´22.765N""","103°09´02.038W""",25.789657,-103.150566,1104,G13D16,944,455,489,271
50330114,,5,Coahuila de Zaragoza,Coah.,33,San Pedro,114,El Venado,R,"25°43´29.102N""","103°02´15.286W""",25.72475,-103.037579,1102,G13D26,484,225,259,120
50330115,,5,Coahuila de Zaragoza,Coah.,33,San Pedro,115,La Victoria,R,"25°51´52.329N""","103°10´37.698W""",25.864536,-103.177138,1103,G13D16,475,248,227,119
50330127,,5,Coahuila de Zaragoza,Coah.,33,San Pedro,127,Emiliano Zapata (Las Jaulas),R,"25°45´46.021N""","103°09´41.598W""",25.762784,-103.161555,1107,G13D16,105,62,43,34
50330128,,5,Coahuila de Zaragoza,Coah.,33,San Pedro,128,El Cosaco,R,"25°50´52.773N""","103°06´56.549W""",25.847992,-103.115708,1099,G13D16,0,0,0,0
50330129,,5,Coahuila de Zaragoza,Coah.,33,San Pedro,129,El Centenario,R,"25°52´09.569N""","103°06´34.539W""",25.869324,-103.109594,1097,G13D16,0,0,0,0
50330130,,5,Coahuila de Zaragoza,Coah.,33,San Pedro,130,La Palma,R,"25°49´32.624N""","103°06´15.343W""",25.825728,-103.104262,1100,G13D16,0,0,0,0
50330131,,5,Coahuila de Zaragoza,Coah.,33,San Pedro,131,Pequeña Lote Cuatro Concordia,R,"25°48´51.602N""","103°06´04.104W""",25.814334,-103.10114,1102,G13D16,0,0,0,0
50330132,,5,Coahuila de Zaragoza,Coah.,33,San Pedro,132,San Antonio de Gurza,R,"25°46´44.303N""","103°04´45.549W""",25.778972,-103.079319,1101,G13D16,0,0,0,0
50330133,,5,Coahuila de Zaragoza,Coah.,33,San Pedro,133,Cuatro Caminos,R,"25°47´34.120N""","103°06´47.523W""",25.792811,-103.113201,1104,G13D16,1,*,*,1
50330134,,5,Coahuila de Zaragoza,Coah.,33,San Pedro,134,Santa Clara (La Veintisiete),R,"25°48´20.621N""","103°05´56.960W""",25.805728,-103.099155,1103,G13D16,0,0,0,0
50330138,,5,Coahuila de Zaragoza,Coah.,33,San Pedro,138,Santa María,R,"25°48´16.137N""","102°58´42.599W""",25.804483,-102.978499,1094,G13D17,1,*,*,1
50330140,,5,Coahuila de Zaragoza,Coah.,33,San Pedro,140,San Carlos (Las Margaritas),R,"25°47´06.012N""","102°59´38.652W""",25.785003,-102.99407,1097,G13D17,0,0,0,0
50330141,,5,Coahuila de Zaragoza,Coah.,33,San Pedro,141,San Isidro,R,"25°47´43.222N""","102°59´18.711W""",25.795339,-102.988531,1094,G13D17,3,*,*,1
50330142,,5,Coahuila de Zaragoza,Coah.,33,San Pedro,142,San Andrés,R,"25°47´53.160N""","102°58´09.789W""",25.7981,-102.969385,1097,G13D17,0,0,0,0
50330143,,5,Coahuila de Zaragoza,Coah.,33,San Pedro,143,San Carlos,R,"25°48´18.487N""","102°59´02.831W""",25.805135,-102.984119,1092,G13D17,0,0,0,0
50330144,,5,Coahuila de Zaragoza,Coah.,33,San Pedro,144,El Chaparral,R,"25°50´25.379N""","103°07´11.820W""",25.840383,-103.119949,1099,G13D16,0,0,0,0
50330146,,5,Coahuila de Zaragoza,Coah.,33,San Pedro,146,Rancho Navarra,R,"25°50´52.835N""","103°07´14.169W""",25.848009,-103.120602,1100,G13D16,0,0,0,0
50330150,,5,Coahuila de Zaragoza,Coah.,33,San Pedro,150,San Francisco del Valle,R,"26°19´40.209N""","102°49´35.130W""",26.327835,-102.826424,873,G13B77,3,*,*,1
50330151,,5,Coahuila de Zaragoza,Coah.,33,San Pedro,151,El Rayo,R,"26°13´56.782N""","102°47´45.048W""",26.232439,-102.795846,895,G13B87,48,22,26,10
50330157,,5,Coahuila de Zaragoza,Coah.,33,San Pedro,157,San Antonio,R,"25°55´17.709N""","103°09´02.875W""",25.921585,-103.150799,1100,G13D16,0,0,0,0
50330158,,5,Coahuila de Zaragoza,Coah.,33,San Pedro,158,La Reyna (Los Corsos Viejos),R,"25°58´04.360N""","103°08´25.140W""",25.967877,-103.140316,1098,G13D16,0,0,0,0
50330161,,5,Coahuila de Zaragoza,Coah.,33,San Pedro,161,Nuevo Rubio,R,"25°57´04.910N""","103°07´47.698W""",25.951364,-103.129915,1100,G13D16,0,0,0,0
50330165,,5,Coahuila de Zaragoza,Coah.,33,San Pedro,165,El Consuelo,R,"25°53´24.709N""","103°06´55.159W""",25.890197,-103.115322,1099,G13D16,0,0,0,0
50330166,,5,Coahuila de Zaragoza,Coah.,33,San Pedro,166,Audalla (La Uno de Sierra),R,"25°55´57.450N""","103°07´06.840W""",25.932624,-103.118566,1098,G13D16,0,0,0,0
50330167,,5,Coahuila de Zaragoza,Coah.,33,San Pedro,167,La Asunción (La Chona),R,"25°56´03.396N""","103°07´39.740W""",25.934276,-103.127705,1099,G13D16,0,0,0,0
50330174,,5,Coahuila de Zaragoza,Coah.,33,San Pedro,174,El Medio Lote,R,"25°44´05.070N""","103°00´49.970W""",25.734741,-103.013881,1100,G13D26,0,0,0,0
50330175,,5,Coahuila de Zaragoza,Coah.,33,San Pedro,175,Morelos (Los Dos Duraznos),R,"25°43´40.823N""","103°03´14.489W""",25.728006,-103.054025,1102,G13D26,0,0,0,0
50330176,,5,Coahuila de Zaragoza,Coah.,33,San Pedro,176,La Ciudadela (El Eucalipto),R,"25°43´44.720N""","103°01´28.970W""",25.729088,-103.024713,1100,G13D26,0,0,0,0
50330177,,5,Coahuila de Zaragoza,Coah.,33,San Pedro,177,Carlos Salinas de Gortari (San Salvador),R,"25°44´30.032N""","103°01´06.060W""",25.741675,-103.018349,1100,G13D26,45,27,18,10
50330178,,5,Coahuila de Zaragoza,Coah.,33,San Pedro,178,Nuevo Texas (Nuevo Texas Viejo),R,"25°43´47.859N""","103°02´52.261W""",25.72996,-103.04785,1102,G13D26,0,0,0,0
50330180,,5,Coahuila de Zaragoza,Coah.,33,San Pedro,180,La Vega de los Chivos (Doce Hermanos),R,"25°43´11.849N""","103°01´18.509W""",25.719957,-103.021807,1100,G13D26,0,0,0,0
50330181,,5,Coahuila de Zaragoza,Coah.,33,San Pedro,181,Buenavista,R,"25°43´48.119N""","103°00´04.640W""",25.730032,-103.001289,1099,G13D26,0,0,0,0
50330183,,5,Coahuila de Zaragoza,Coah.,33,San Pedro,183,La Luz (La Luz Vieja),R,"25°44´45.645N""","102°56´20.479W""",25.746012,-102.939022,1096,G13D27,32,16,16,10
50330185,,5,Coahuila de Zaragoza,Coah.,33,San Pedro,185,Allende,R,"25°41´44.620N""","102°55´38.290W""",25.695727,-102.927302,1097,G13D27,0,0,0,0
50330186,,5,Coahuila de Zaragoza,Coah.,33,San Pedro,186,Candelaria,R,"25°42´53.015N""","102°58´19.403W""",25.714726,-102.972056,1100,G13D27,276,145,131,77
50330189,,5,Coahuila de Zaragoza,Coah.,33,San Pedro,189,La Gloria,R,"25°42´33.620N""","102°55´39.230W""",25.709339,-102.927563,1097,G13D27,2,*,*,1
50330190,,5,Coahuila de Zaragoza,Coah.,33,San Pedro,190,Las Playas,R,"25°42´26.710N""","102°55´21.010W""",25.707419,-102.922502,1097,G13D27,2,*,*,1
50330192,,5,Coahuila de Zaragoza,Coah.,33,San Pedro,192,La Giralda,R,"25°45´29.329N""","102°57´26.280W""",25.758147,-102.9573,1091,G13D17,0,0,0,0
50330193,,5,Coahuila de Zaragoza,Coah.,33,San Pedro,193,Santa Rita,R,"25°41´03.937N""","102°48´35.861W""",25.684427,-102.809961,1094,G13D27,120,66,54,27
50330195,,5,Coahuila de Zaragoza,Coah.,33,San Pedro,195,Nuevo San Juan Bautista,R,"25°39´16.248N""","102°58´17.678W""",25.654513,-102.971577,1097,G13D27,7,*,*,1
50330196,,5,Coahuila de Zaragoza,Coah.,33,San Pedro,196,El Mezquite,R,"26°22´24.219N""","102°37´19.110W""",26.373394,-102.621974,852,G13B78,2,*,*,1
50330198,,5,Coahuila de Zaragoza,Coah.,33,San Pedro,198,San Carlos,R,"25°58´15.896N""","103°07´51.408W""",25.971082,-103.130946,1098,G13D16,4,3,1,3
50330208,,5,Coahuila de Zaragoza,Coah.,33,San Pedro,208,Sofía (Casa Blanca),R,"25°40´09.220N""","102°57´01.680W""",25.669227,-102.950467,1096,G13D27,0,0,0,0
50330209,,5,Coahuila de Zaragoza,Coah.,33,San Pedro,209,La Fe,R,"25°42´19.900N""","103°01´40.339W""",25.705528,-103.027871,1103,G13D26,5,*,*,1
50330211,,5,Coahuila de Zaragoza,Coah.,33,San Pedro,211,Los Wailes,R,"25°41´14.430N""","102°55´13.780W""",25.687341,-102.920494,1096,G13D27,0,0,0,0
50330213,,5,Coahuila de Zaragoza,Coah.,33,San Pedro,213,La Lucecita (La Luz Nueva),R,"25°42´28.204N""","102°54´59.119W""",25.707834,-102.916422,1096,G13D27,37,21,16,10
50330216,,5,Coahuila de Zaragoza,Coah.,33,San Pedro,216,Las Margaritas,R,"25°47´43.869N""","102°58´29.966W""",25.795519,-102.97499,1097,G13D17,1,*,*,1
50330217,,5,Coahuila de Zaragoza,Coah.,33,San Pedro,217,Nueva Victoria,R,"26°26´10.001N""","102°47´14.734W""",26.436111,-102.787426,881,G13B77,280,139,141,81
50330218,,5,Coahuila de Zaragoza,Coah.,33,San Pedro,218,Nueva Candelaria,R,"25°43´15.299N""","102°57´30.404W""",25.720916,-102.958446,1097,G13D27,169,87,82,44
50330220,,5,Coahuila de Zaragoza,Coah.,33,San Pedro,220,Otila,R,"25°40´48.990N""","102°56´51.500W""",25.680274,-102.947639,1096,G13D27,0,0,0,0
50330222,,5,Coahuila de Zaragoza,Coah.,33,San Pedro,222,El Pinto,R,"26°14´34.839N""","102°47´53.369W""",26.243011,-102.798158,889,G13B87,35,22,13,8
50330223,,5,Coahuila de Zaragoza,Coah.,33,San Pedro,223,Estrellita del Norte (El Retiro Nuevo),R,"25°43´11.510N""","103°04´43.139W""",25.719863,-103.078649,1105,G13D26,4,*,*,1
50330224,,5,Coahuila de Zaragoza,Coah.,33,San Pedro,224,El Retiro Viejo,R,"25°43´12.287N""","103°05´05.936W""",25.720079,-103.084982,1106,G13D26,7,3,4,3
50330225,,5,Coahuila de Zaragoza,Coah.,33,San Pedro,225,San Fernando,R,"25°42´34.440N""","103°01´30.690W""",25.709567,-103.025191,1101,G13D26,0,0,0,0
50330227,,5,Coahuila de Zaragoza,Coah.,33,San Pedro,227,San Pablo,R,"25°44´37.844N""","103°04´45.322W""",25.743845,-103.079255,1103,G13D26,0,0,0,0
50330231,,5,Coahuila de Zaragoza,Coah.,33,San Pedro,231,Presa de Guadalupe (Vida Nueva),R,"25°45´26.804N""","103°13´14.900W""",25.757446,-103.220805,1110,G13D16,477,259,218,121
50330235,,5,Coahuila de Zaragoza,Coah.,33,San Pedro,235,Los Veteranos,R,"25°46´21.696N""","103°10´10.655W""",25.772693,-103.169626,1105,G13D16,11,6,5,3
50330238,,5,Coahuila de Zaragoza,Coah.,33,San Pedro,238,San Roque 2,R,"25°46´34.931N""","102°58´34.236W""",25.776369,-102.976176,1099,G13D17,0,0,0,0
50330242,,5,Coahuila de Zaragoza,Coah.,33,San Pedro,242,La Sauceda,R,"25°46´36.369N""","102°57´08.679W""",25.776769,-102.952411,1093,G13D17,7,*,*,1
50330243,,5,Coahuila de Zaragoza,Coah.,33,San Pedro,243,Santa Anita Medio Lote (Gabriel Díaz López),R,"25°45´49.060N""","102°57´25.769W""",25.763628,-102.957158,1089,G13D17,1,*,*,1
50330245,,5,Coahuila de Zaragoza,Coah.,33,San Pedro,245,Carolina del Norte,R,"25°47´47.480N""","102°59´49.356W""",25.796522,-102.997043,1090,G13D17,1,*,*,1
50330247,,5,Coahuila de Zaragoza,Coah.,33,San Pedro,247,San Isidro (El Jacalón),R,"25°47´47.463N""","102°58´47.043W""",25.796517,-102.979734,1096,G13D17,6,*,*,2
50330248,,5,Coahuila de Zaragoza,Coah.,33,San Pedro,248,San Armando (Doña Julia),R,"25°47´44.810N""","102°57´05.090W""",25.79578,-102.951414,1097,G13D17,3,*,*,1
50330249,,5,Coahuila de Zaragoza,Coah.,33,San Pedro,249,El Ranchito,R,"25°49´11.724N""","103°05´57.702W""",25.819923,-103.099361,1101,G13D16,20,11,9,8
50330250,,5,Coahuila de Zaragoza,Coah.,33,San Pedro,250,Los Hidalgos,R,"25°49´48.470N""","103°04´44.929W""",25.83013,-103.079146,1099,G13D16,1,*,*,1
50330251,,5,Coahuila de Zaragoza,Coah.,33,San Pedro,251,San Mateo,R,"25°47´32.309N""","103°05´03.850W""",25.792308,-103.084402,1102,G13D16,0,0,0,0
50330252,,5,Coahuila de Zaragoza,Coah.,33,San Pedro,252,El Tronconal,R,"25°47´31.994N""","103°04´46.356W""",25.79222,-103.079543,1101,G13D16,4,*,*,1
50330253,,5,Coahuila de Zaragoza,Coah.,33,San Pedro,253,Santa Rita,R,"25°46´44.479N""","103°04´27.450W""",25.779021,-103.074291,1101,G13D16,0,0,0,0
50330254,,5,Coahuila de Zaragoza,Coah.,33,San Pedro,254,Charco Verde,R,"25°47´10.831N""","103°04´56.552W""",25.786342,-103.082375,1102,G13D16,9,*,*,1
50330256,,5,Coahuila de Zaragoza,Coah.,33,San Pedro,256,Las Concordias,R,"25°51´56.000N""","103°05´27.510W""",25.865556,-103.090975,1097,G13D16,0,0,0,0
50330264,,5,Coahuila de Zaragoza,Coah.,33,San Pedro,264,El Papalote,R,"26°28´26.014N""","102°31´31.715W""",26.473892,-102.525476,838,G13B78,0,0,0,0
50330267,,5,Coahuila de Zaragoza,Coah.,33,San Pedro,267,Nuevo San Pedro (La Puerta),R,"26°25´16.391N""","102°33´39.036W""",26.421219,-102.560843,880,G13B78,0,0,0,0
50330268,,5,Coahuila de Zaragoza,Coah.,33,San Pedro,268,Buenavista,R,"26°29´15.649N""","102°32´12.170W""",26.48768,-102.536714,830,G13B78,0,0,0,0
50330272,,5,Coahuila de Zaragoza,Coah.,33,San Pedro,272,Estrellita del Norte (Santa María),R,"25°42´23.488N""","103°02´20.734W""",25.706524,-103.039092,1101,G13D26,6,*,*,1
50330276,,5,Coahuila de Zaragoza,Coah.,33,San Pedro,276,Santa Alicia,R,"25°43´13.511N""","103°00´38.250W""",25.720419,-103.010625,1099,G13D26,0,0,0,0
50330277,,5,Coahuila de Zaragoza,Coah.,33,San Pedro,277,La Batalla,R,"25°43´31.689N""","103°01´46.260W""",25.725469,-103.029516,1101,G13D26,4,*,*,1
50330278,,5,Coahuila de Zaragoza,Coah.,33,San Pedro,278,La Vega de los Chivos (Gregorio Alvarado Ledezma),R,"25°43´03.479N""","103°01´23.679W""",25.717632,-103.023244,1100,G13D26,0,0,0,0
50330279,,5,Coahuila de Zaragoza,Coah.,33,San Pedro,279,Las Lupes,R,"25°43´13.889N""","103°00´41.799W""",25.720524,-103.011611,1099,G13D26,0,0,0,0
50330280,,5,Coahuila de Zaragoza,Coah.,33,San Pedro,280,Infiernillo,R,"25°42´27.100N""","102°55´39.100W""",25.707528,-102.927527,1097,G13D27,0,0,0,0
50330281,,5,Coahuila de Zaragoza,Coah.,33,San Pedro,281,El Pilón,R,"25°42´12.260N""","103°02´43.149W""",25.703406,-103.045319,1101,G13D26,4,*,*,1
50330283,,5,Coahuila de Zaragoza,Coah.,33,San Pedro,283,San Salvador (El Despepite),R,"25°41´53.019N""","102°57´20.419W""",25.698061,-102.955672,1098,G13D27,2,*,*,1
50330284,,5,Coahuila de Zaragoza,Coah.,33,San Pedro,284,Nuevo San Patricio Tres,R,"25°40´25.550N""","102°56´35.160W""",25.673763,-102.9431,1095,G13D27,0,0,0,0
50330287,,5,Coahuila de Zaragoza,Coah.,33,San Pedro,287,Tacuba,R,"25°43´57.330N""","102°57´42.830W""",25.732591,-102.961897,1100,G13D27,2,*,*,1
50330289,,5,Coahuila de Zaragoza,Coah.,33,San Pedro,289,Colonia Agrícola Aquiles Serdán Número Dos,R,"25°46´40.490N""","103°09´20.099W""",25.777913,-103.155583,1100,G13D16,0,0,0,0
50330290,,5,Coahuila de Zaragoza,Coah.,33,San Pedro,290,San Agustín,R,"25°42´29.469N""","103°00´10.040W""",25.708186,-103.002789,1100,G13D26,7,*,*,1
50330292,,5,Coahuila de Zaragoza,Coah.,33,San Pedro,292,Tebas,R,"25°43´48.125N""","102°56´42.874W""",25.730034,-102.945242,1097,G13D27,0,0,0,0
50330293,,5,Coahuila de Zaragoza,Coah.,33,San Pedro,293,San Alberto la Herradura (Archandas),R,"25°54´59.763N""","103°07´46.777W""",25.916601,-103.12966,1100,G13D16,2,*,*,1
50330294,,5,Coahuila de Zaragoza,Coah.,33,San Pedro,294,Santa Ana,R,"25°54´34.693N""","103°10´19.736W""",25.909637,-103.172148,1099,G13D16,0,0,0,0
50330295,,5,Coahuila de Zaragoza,Coah.,33,San Pedro,295,Miraflores,R,"25°55´34.124N""","103°09´27.972W""",25.926145,-103.15777,1100,G13D16,0,0,0,0
50330302,,5,Coahuila de Zaragoza,Coah.,33,San Pedro,302,Purísima de Rubio,R,"25°57´20.819N""","103°07´29.882W""",25.955783,-103.124967,1094,G13D16,0,0,0,0
50330308,,5,Coahuila de Zaragoza,Coah.,33,San Pedro,308,Martha García Sánchez,R,"25°37´31.010N""","102°52´50.800W""",25.62528,-102.880777,1096,G13D27,8,3,5,4
50330310,,5,Coahuila de Zaragoza,Coah.,33,San Pedro,310,Los Aviones,R,"25°40´10.110N""","102°55´53.560W""",25.669474,-102.931544,1096,G13D27,2,*,*,1
50330311,,5,Coahuila de Zaragoza,Coah.,33,San Pedro,311,Milán,R,"25°40´28.383N""","102°56´06.799W""",25.67455,-102.935222,1095,G13D27,5,*,*,1
50330312,,5,Coahuila de Zaragoza,Coah.,33,San Pedro,312,Las Galeras (San Patricio Número Uno),R,"25°39´36.228N""","102°56´35.840W""",25.660063,-102.943289,1095,G13D27,2,*,*,1
50330314,,5,Coahuila de Zaragoza,Coah.,33,San Pedro,314,Los Gatos,R,"25°46´27.122N""","103°06´09.010W""",25.7742,-103.102503,1104,G13D16,2,*,*,1
50330315,,5,Coahuila de Zaragoza,Coah.,33,San Pedro,315,El Establo,R,"25°46´15.465N""","103°05´40.686W""",25.770962,-103.094635,1105,G13D16,0,0,0,0
50330316,,5,Coahuila de Zaragoza,Coah.,33,San Pedro,316,El Engaño,R,"25°46´00.644N""","103°04´51.554W""",25.766845,-103.080987,1102,G13D16,5,*,*,2
50330326,,5,Coahuila de Zaragoza,Coah.,33,San Pedro,326,Pequeña de Urquizo,R,"25°46´25.910N""","103°08´15.479W""",25.773863,-103.137633,1099,G13D16,8,*,*,1
50330327,,5,Coahuila de Zaragoza,Coah.,33,San Pedro,327,Pequeña Propiedad Urquizo,R,"25°45´52.476N""","103°08´19.491W""",25.764577,-103.138747,1106,G13D16,0,0,0,0
50330329,,5,Coahuila de Zaragoza,Coah.,33,San Pedro,329,Sector Ocho,R,"25°45´41.219N""","103°07´00.367W""",25.76145,-103.116768,1108,G13D16,0,0,0,0
50330330,,5,Coahuila de Zaragoza,Coah.,33,San Pedro,330,Sector Tres,R,"25°45´06.782N""","103°07´36.699W""",25.751884,-103.12686,1109,G13D16,0,0,0,0
50330332,,5,Coahuila de Zaragoza,Coah.,33,San Pedro,332,San Daniel (La Siete),R,"25°56´08.610N""","103°08´15.449W""",25.935725,-103.137624,1100,G13D16,0,0,0,0
50330334,,5,Coahuila de Zaragoza,Coah.,33,San Pedro,334,Rincón de García (Rincón de García Chacón),R,"26°08´31.005N""","102°02´42.224W""",26.141946,-102.045062,1479,G13B89,41,28,13,11
50330335,,5,Coahuila de Zaragoza,Coah.,33,San Pedro,335,La Cuchilla (Mi Tierra),R,"25°37´31.349N""","102°52´20.620W""",25.625374,-102.872394,1094,G13D27,8,3,5,3
50330338,,5,Coahuila de Zaragoza,Coah.,33,San Pedro,338,Don José (El Recuerdo),R,"25°54´36.270N""","103°08´33.905W""",25.910075,-103.142751,1100,G13D16,0,0,0,0
50330339,,5,Coahuila de Zaragoza,Coah.,33,San Pedro,339,El Quitito [Granja],R,"25°51´17.759N""","103°12´20.853W""",25.854933,-103.205793,1103,G13D16,5,*,*,2
50330340,,5,Coahuila de Zaragoza,Coah.,33,San Pedro,340,La Majada,R,"25°56´47.655N""","103°08´15.570W""",25.946571,-103.137658,1096,G13D16,0,0,0,0
50330341,,5,Coahuila de Zaragoza,Coah.,33,San Pedro,341,La Palma,R,"25°51´36.709N""","103°10´35.158W""",25.860197,-103.176432,1104,G13D16,36,*,*,1
50330342,,5,Coahuila de Zaragoza,Coah.,33,San Pedro,342,La Amapola,R,"25°48´33.569N""","103°06´58.965W""",25.809325,-103.116379,1100,G13D16,0,0,0,0
50330343,,5,Coahuila de Zaragoza,Coah.,33,San Pedro,343,El Capri,R,"25°45´58.049N""","103°08´53.890W""",25.766125,-103.148302,1105,G13D16,0,0,0,0
50330344,,5,Coahuila de Zaragoza,Coah.,33,San Pedro,344,El Chubasco,R,"25°46´00.396N""","103°09´14.597W""",25.766776,-103.154055,1106,G13D16,5,*,*,1
50330345,,5,Coahuila de Zaragoza,Coah.,33,San Pedro,345,La Fe,R,"25°51´25.489N""","103°12´00.600W""",25.85708,-103.200167,1104,G13D16,3,*,*,1
50330346,,5,Coahuila de Zaragoza,Coah.,33,San Pedro,346,Fraba [Lácteos],R,"25°49´57.010N""","103°12´07.670W""",25.832502,-103.202131,1104,G13D16,0,0,0,0
50330347,,5,Coahuila de Zaragoza,Coah.,33,San Pedro,347,El Girasol,R,"25°48´36.259N""","103°06´41.815W""",25.810072,-103.111615,1102,G13D16,0,0,0,0
50330348,,5,Coahuila de Zaragoza,Coah.,33,San Pedro,348,La Esperanza (Juan Regalado),R,"25°46´19.689N""","103°07´28.136W""",25.772135,-103.124482,1105,G13D16,0,0,0,0
50330349,,5,Coahuila de Zaragoza,Coah.,33,San Pedro,349,El Cuatro,R,"25°48´29.752N""","103°12´19.455W""",25.808264,-103.205404,1107,G13D16,4,*,*,1
50330353,,5,Coahuila de Zaragoza,Coah.,33,San Pedro,353,El Nido del Buitre,R,"25°49´46.469N""","103°07´06.430W""",25.829574,-103.118452,1099,G13D16,0,0,0,0
50330354,,5,Coahuila de Zaragoza,Coah.,33,San Pedro,354,Los Veteranos de Algorta,R,"25°46´58.189N""","103°10´25.460W""",25.78283,-103.173738,1104,G13D16,0,0,0,0
50330355,,5,Coahuila de Zaragoza,Coah.,33,San Pedro,355,Vida Nueva (Las Palmas),R,"25°46´02.830N""","103°11´31.431W""",25.767452,-103.192064,1109,G13D16,5,*,*,1
50330356,,5,Coahuila de Zaragoza,Coah.,33,San Pedro,356,Juan Antonio Sánchez Guzmán,R,"25°43´19.629N""","103°02´17.369W""",25.722119,-103.038158,1102,G13D26,6,*,*,1
50330357,,5,Coahuila de Zaragoza,Coah.,33,San Pedro,357,La Casa de la Noria,R,"25°43´46.629N""","103°04´39.780W""",25.729619,-103.077716,1104,G13D26,0,0,0,0
50330358,,5,Coahuila de Zaragoza,Coah.,33,San Pedro,358,Santo Tomás (Ernesto Meléndez),R,"25°42´20.099N""","103°03´55.149W""",25.705583,-103.065319,1103,G13D26,0,0,0,0
50330360,,5,Coahuila de Zaragoza,Coah.,33,San Pedro,360,Medina,R,"25°45´27.619N""","103°07´22.635W""",25.757672,-103.122954,1109,G13D16,0,0,0,0
50330361,,5,Coahuila de Zaragoza,Coah.,33,San Pedro,361,Los Arenales (Félix Fernández),R,"25°45´29.807N""","103°07´39.060W""",25.75828,-103.127516,1110,G13D16,0,0,0,0
50330362,,5,Coahuila de Zaragoza,Coah.,33,San Pedro,362,Las Galeras,R,"25°42´03.430N""","103°04´59.090W""",25.700953,-103.08308,1105,G13D26,12,7,5,3
50330363,,5,Coahuila de Zaragoza,Coah.,33,San Pedro,363,Los Arenales,R,"25°45´56.722N""","103°07´27.914W""",25.765756,-103.12442,1109,G13D16,0,0,0,0
50330364,,5,Coahuila de Zaragoza,Coah.,33,San Pedro,364,Manuel Samaniego Aguilar,R,"25°46´16.093N""","103°06´35.849W""",25.771136,-103.109958,1106,G13D16,719,341,378,177
50330366,,5,Coahuila de Zaragoza,Coah.,33,San Pedro,366,Morelos,R,"25°45´23.393N""","103°04´14.698W""",25.756498,-103.070749,1102,G13D16,0,0,0,0
50330367,,5,Coahuila de Zaragoza,Coah.,33,San Pedro,367,Nuevo Texas (Don Francisco),R,"25°44´07.859N""","103°02´53.160W""",25.735516,-103.0481,1100,G13D26,0,0,0,0
50330368,,5,Coahuila de Zaragoza,Coah.,33,San Pedro,368,Los Pinos,R,"25°42´17.499N""","103°02´19.640W""",25.704861,-103.038789,1102,G13D26,2,*,*,1
50330369,,5,Coahuila de Zaragoza,Coah.,33,San Pedro,369,Santo Tomás,R,"25°41´44.815N""","103°04´12.795W""",25.695782,-103.07022,1104,G13D26,1,*,*,1
50330371,,5,Coahuila de Zaragoza,Coah.,33,San Pedro,371,Reynosa Chico,R,"25°44´44.299N""","103°02´53.591W""",25.745638,-103.048219,1100,G13D26,3,*,*,1
50330372,,5,Coahuila de Zaragoza,Coah.,33,San Pedro,372,Los Rebeldes,R,"25°43´45.339N""","103°05´41.032W""",25.72926,-103.094731,1106,G13D26,0,0,0,0
50330374,,5,Coahuila de Zaragoza,Coah.,33,San Pedro,374,El Cuba (Tomás Martínez),R,"25°43´16.725N""","103°02´15.136W""",25.721312,-103.037537,1101,G13D26,0,0,0,0
50330375,,5,Coahuila de Zaragoza,Coah.,33,San Pedro,375,La Báscula [Restaurante],R,"25°47´26.170N""","102°58´44.760W""",25.790602,-102.979099,1097,G13D17,0,0,0,0
50330376,,5,Coahuila de Zaragoza,Coah.,33,San Pedro,376,Segundo Santa Anita,R,"25°46´35.220N""","102°56´50.319W""",25.776449,-102.947311,1092,G13D17,7,*,*,1
50330377,,5,Coahuila de Zaragoza,Coah.,33,San Pedro,377,La Piedra,R,"25°47´43.258N""","102°57´31.840W""",25.795349,-102.958844,1098,G13D17,0,0,0,0
50330378,,5,Coahuila de Zaragoza,Coah.,33,San Pedro,378,Pista Santa Anita,R,"25°45´36.519N""","102°57´41.400W""",25.760144,-102.9615,1089,G13D17,6,*,*,1
50330379,,5,Coahuila de Zaragoza,Coah.,33,San Pedro,379,Santa Anita Uno (El Jacalón),R,"25°46´22.890N""","102°55´49.659W""",25.773024,-102.93046,1090,G13D17,1,*,*,1
50330380,,5,Coahuila de Zaragoza,Coah.,33,San Pedro,380,La Caseta (Cuarenta y Dos),R,"25°45´25.090N""","103°11´49.456W""",25.756969,-103.197071,1109,G13D16,18,6,12,5
50330386,,5,Coahuila de Zaragoza,Coah.,33,San Pedro,386,Las Tres Playas,R,"25°42´24.969N""","102°55´19.980W""",25.706936,-102.922216,1097,G13D27,1,*,*,1
50330389,,5,Coahuila de Zaragoza,Coah.,33,San Pedro,389,Las Galeras,R,"25°44´56.799N""","102°56´40.830W""",25.749111,-102.944675,1095,G13D27,0,0,0,0
50330390,,5,Coahuila de Zaragoza,Coah.,33,San Pedro,390,La Encantada (Carlos Sifuentes Ugalde),R,"25°44´37.229N""","102°56´28.269W""",25.743674,-102.941186,1097,G13D27,6,*,*,1
50330391,,5,Coahuila de Zaragoza,Coah.,33,San Pedro,391,Moctezuma Rodríguez Rodríguez (Hermanos Rodríguez),R,"25°44´13.400N""","102°56´47.200W""",25.737055,-102.946444,1098,G13D27,4,*,*,1
50330392,,5,Coahuila de Zaragoza,Coah.,33,San Pedro,392,SIGE [Constructora],R,"25°43´05.419N""","102°57´13.849W""",25.718171,-102.953847,1095,G13D27,0,0,0,0
50330395,,5,Coahuila de Zaragoza,Coah.,33,San Pedro,395,La Ilusión,R,"25°43´37.640N""","102°58´39.910W""",25.727122,-102.977752,1098,G13D27,3,*,*,1
50330396,,5,Coahuila de Zaragoza,Coah.,33,San Pedro,396,Francisco Granados,R,"25°43´25.410N""","102°58´58.820W""",25.723724,-102.983005,1099,G13D27,0,0,0,0
50330397,,5,Coahuila de Zaragoza,Coah.,33,San Pedro,397,José Ángel Alvarado García,R,"25°43´21.872N""","102°59´20.188W""",25.722742,-102.988941,1100,G13D27,0,0,0,0
50330398,,5,Coahuila de Zaragoza,Coah.,33,San Pedro,398,Reynosa Chico (María de Jesús Balderas Martínez),R,"25°43´38.330N""","103°01´39.879W""",25.727313,-103.027744,1101,G13D26,15,6,9,4
50330402,,5,Coahuila de Zaragoza,Coah.,33,San Pedro,402,La Maceta,R,"25°42´25.286N""","103°01´39.160W""",25.707024,-103.027544,1102,G13D26,4,*,*,1
50330404,,5,Coahuila de Zaragoza,Coah.,33,San Pedro,404,La Vega de los Chivos (Crescencio Escobar Jaime),R,"25°42´50.249N""","103°00´13.129W""",25.713958,-103.003647,1100,G13D26,0,0,0,0
50330405,,5,Coahuila de Zaragoza,Coah.,33,San Pedro,405,Betania,R,"25°42´59.531N""","102°59´59.531W""",25.716536,-102.999869,1101,G13D27,2,*,*,1
50330406,,5,Coahuila de Zaragoza,Coah.,33,San Pedro,406,El Milagro,R,"25°43´19.088N""","103°00´19.018W""",25.721968,-103.005283,1101,G13D26,5,*,*,1
50330408,,5,Coahuila de Zaragoza,Coah.,33,San Pedro,408,Las Chivas,R,"25°42´27.990N""","103°02´13.729W""",25.707775,-103.037147,1101,G13D26,1,*,*,1
50330409,,5,Coahuila de Zaragoza,Coah.,33,San Pedro,409,Santo Tomás,R,"25°41´56.213N""","103°04´50.636W""",25.698948,-103.080732,1107,G13D26,3,*,*,1
50330411,,5,Coahuila de Zaragoza,Coah.,33,San Pedro,411,San Ignacio [Establo],R,"25°44´22.101N""","103°05´49.450W""",25.739472,-103.097069,1105,G13D26,6,*,*,2
50330412,,5,Coahuila de Zaragoza,Coah.,33,San Pedro,412,La Alameda (Abigaíl Pérez),R,"25°43´28.361N""","103°03´11.598W""",25.724544,-103.053222,1103,G13D26,0,0,0,0
50330413,,5,Coahuila de Zaragoza,Coah.,33,San Pedro,413,Santa Julia,R,"25°45´27.030N""","103°01´23.737W""",25.757508,-103.02326,1101,G13D16,3,*,*,1
50330414,,5,Coahuila de Zaragoza,Coah.,33,San Pedro,414,Héctor Chapa,R,"25°45´07.063N""","103°03´06.483W""",25.751962,-103.051801,1100,G13D16,6,*,*,2
50330415,,5,Coahuila de Zaragoza,Coah.,33,San Pedro,415,El Huizache,R,"25°46´06.060N""","103°05´18.020W""",25.768349,-103.088339,1103,G13D16,3,*,*,1
50330416,,5,Coahuila de Zaragoza,Coah.,33,San Pedro,416,La Abrileña (Cristina Díaz Nuñez),R,"25°45´13.527N""","103°01´23.180W""",25.753758,-103.023105,1102,G13D16,2,*,*,1
50330417,,5,Coahuila de Zaragoza,Coah.,33,San Pedro,417,El Tapón de Mora (José Carlos Flores Padilla),R,"25°45´21.767N""","103°02´30.078W""",25.756046,-103.041688,1101,G13D16,2,*,*,1
50330418,,5,Coahuila de Zaragoza,Coah.,33,San Pedro,418,Tebas y Palmira,R,"25°43´41.400N""","102°57´13.720W""",25.728166,-102.953811,1099,G13D27,0,0,0,0
50330419,,5,Coahuila de Zaragoza,Coah.,33,San Pedro,419,Doña Blanca,R,"25°43´01.689N""","102°58´15.099W""",25.717135,-102.97086,1100,G13D27,0,0,0,0
50330421,,5,Coahuila de Zaragoza,Coah.,33,San Pedro,421,Eduardo Herrera,R,"25°45´31.630N""","103°01´38.099W""",25.758786,-103.027249,1101,G13D16,0,0,0,0
50330422,,5,Coahuila de Zaragoza,Coah.,33,San Pedro,422,El Esfuerzo,R,"25°43´03.320N""","102°58´33.600W""",25.717588,-102.975999,1100,G13D27,0,0,0,0
50330423,,5,Coahuila de Zaragoza,Coah.,33,San Pedro,423,El Álamo,R,"25°45´19.583N""","103°02´10.065W""",25.75544,-103.036129,1101,G13D16,0,0,0,0
50330425,,5,Coahuila de Zaragoza,Coah.,33,San Pedro,425,José Pérez Castillo,R,"25°45´49.280N""","103°02´49.593W""",25.763689,-103.047109,1101,G13D16,0,0,0,0
50330426,,5,Coahuila de Zaragoza,Coah.,33,San Pedro,426,San Ignacio Dos,R,"25°45´15.398N""","103°06´09.378W""",25.754277,-103.102605,1105,G13D16,0,0,0,0
50330427,,5,Coahuila de Zaragoza,Coah.,33,San Pedro,427,Morelos y Pavón,R,"25°44´26.845N""","103°03´33.490W""",25.74079,-103.059303,1100,G13D26,0,0,0,0
50330430,,5,Coahuila de Zaragoza,Coah.,33,San Pedro,430,Francisco Muñoz de la Rosa,R,"25°41´50.060N""","103°00´50.699W""",25.697239,-103.014083,1101,G13D26,0,0,0,0
50330432,,5,Coahuila de Zaragoza,Coah.,33,San Pedro,432,Flores Magón,R,"25°46´16.790N""","103°02´54.634W""",25.77133,-103.048509,1100,G13D16,5,4,1,3
50330433,,5,Coahuila de Zaragoza,Coah.,33,San Pedro,433,La Noria del Cuatro,R,"25°46´57.296N""","103°02´55.495W""",25.782582,-103.048748,1100,G13D16,4,*,*,1
50330434,,5,Coahuila de Zaragoza,Coah.,33,San Pedro,434,Sergio Mendoza Almaraz,R,"25°48´11.090N""","103°06´16.007W""",25.803081,-103.104446,1104,G13D16,1,*,*,1
50330435,,5,Coahuila de Zaragoza,Coah.,33,San Pedro,435,Santa Bárbara,R,"25°47´28.488N""","103°04´02.466W""",25.791246,-103.067351,1100,G13D16,0,0,0,0
50330436,,5,Coahuila de Zaragoza,Coah.,33,San Pedro,436,San Carlos,R,"25°52´34.012N""","103°05´33.741W""",25.876114,-103.092706,1098,G13D16,0,0,0,0
50330438,,5,Coahuila de Zaragoza,Coah.,33,San Pedro,438,Venus Dos,R,"25°52´01.513N""","103°08´04.423W""",25.867086,-103.134562,1099,G13D16,5,*,*,1
50330439,,5,Coahuila de Zaragoza,Coah.,33,San Pedro,439,Venus Uno,R,"25°51´18.360N""","103°08´09.959W""",25.8551,-103.136099,1100,G13D16,0,0,0,0
50330440,,5,Coahuila de Zaragoza,Coah.,33,San Pedro,440,Rafael Padilla Medina (El Olmo),R,"25°45´39.163N""","103°02´35.943W""",25.760879,-103.043317,1101,G13D16,0,0,0,0
50330442,,5,Coahuila de Zaragoza,Coah.,33,San Pedro,442,El Italiano,R,"25°48´25.135N""","103°07´49.004W""",25.806982,-103.130278,1102,G13D16,0,0,0,0
50330444,,5,Coahuila de Zaragoza,Coah.,33,San Pedro,444,San Isidro,R,"25°51´22.334N""","103°07´38.814W""",25.856204,-103.127448,1100,G13D16,0,0,0,0
50330445,,5,Coahuila de Zaragoza,Coah.,33,San Pedro,445,La Noria del Cinco A,R,"25°49´02.401N""","103°08´38.931W""",25.817333,-103.144147,1100,G13D16,0,0,0,0
50330447,,5,Coahuila de Zaragoza,Coah.,33,San Pedro,447,Nogalera Chiquilla (Lorenzo Vázquez),R,"25°46´56.224N""","103°10´13.336W""",25.782284,-103.17037,1103,G13D16,0,0,0,0
50330449,,5,Coahuila de Zaragoza,Coah.,33,San Pedro,449,Cruz Rodríguez V.,R,"25°50´55.260N""","103°10´45.634W""",25.848683,-103.179342,1105,G13D16,0,0,0,0
50330451,,5,Coahuila de Zaragoza,Coah.,33,San Pedro,451,Seferino Ramírez,R,"25°49´36.019N""","103°11´18.044W""",25.826671,-103.188345,1106,G13D16,3,*,*,1
50330453,,5,Coahuila de Zaragoza,Coah.,33,San Pedro,453,Sociedad López Mateos,R,"25°47´51.730N""","103°12´20.750W""",25.797702,-103.205764,1107,G13D16,3,*,*,1
50330454,,5,Coahuila de Zaragoza,Coah.,33,San Pedro,454,Mauro Rodríguez Martínez,R,"25°48´24.326N""","103°11´42.166W""",25.806757,-103.195046,1106,G13D16,0,0,0,0
50330456,,5,Coahuila de Zaragoza,Coah.,33,San Pedro,456,Sector Cinco B.,R,"25°46´13.117N""","103°12´49.587W""",25.77031,-103.213774,1109,G13D16,0,0,0,0
50330458,,5,Coahuila de Zaragoza,Coah.,33,San Pedro,458,Salvador Soria Agüero,R,"25°45´46.496N""","103°11´34.646W""",25.762916,-103.192957,1110,G13D16,1,*,*,1
50330459,,5,Coahuila de Zaragoza,Coah.,33,San Pedro,459,La Noria Número Uno (Lázaro Cárdenas),R,"25°46´07.999N""","103°10´44.446W""",25.768888,-103.179012,1108,G13D16,2,*,*,1
50330460,,5,Coahuila de Zaragoza,Coah.,33,San Pedro,460,Diez de Mayo (El Grupo),R,"25°47´37.340N""","103°10´11.470W""",25.793705,-103.169852,1101,G13D16,59,29,30,14
50330461,,5,Coahuila de Zaragoza,Coah.,33,San Pedro,461,Diez de Mayo (El Chorizo),R,"25°48´04.846N""","103°11´06.610W""",25.801346,-103.185169,1105,G13D16,106,54,52,29
50330462,,5,Coahuila de Zaragoza,Coah.,33,San Pedro,462,Manuel Méndez Perales,R,"25°45´47.837N""","103°10´42.118W""",25.763288,-103.178365,1109,G13D16,0,0,0,0
50330463,,5,Coahuila de Zaragoza,Coah.,33,San Pedro,463,Las Carretas,R,"25°48´32.582N""","103°09´38.186W""",25.809051,-103.160607,1099,G13D16,0,0,0,0
50330464,,5,Coahuila de Zaragoza,Coah.,33,San Pedro,464,La Fe (Carlos Berlanga),R,"25°51´41.014N""","103°12´30.255W""",25.861393,-103.208404,1104,G13D16,0,0,0,0
50330467,,5,Coahuila de Zaragoza,Coah.,33,San Pedro,467,La Noria del Tres,R,"25°52´11.099N""","103°11´22.030W""",25.869749,-103.189452,1104,G13D16,0,0,0,0
50330473,,5,Coahuila de Zaragoza,Coah.,33,San Pedro,473,El Áncora (La Independencia),R,"25°47´11.910N""","102°57´31.619W""",25.786641,-102.958783,1098,G13D17,40,20,20,11
50330474,,5,Coahuila de Zaragoza,Coah.,33,San Pedro,474,Cuarto Lote Flores,R,"25°46´51.334N""","102°57´29.625W""",25.780925,-102.958229,1097,G13D17,7,*,*,1
50330478,,5,Coahuila de Zaragoza,Coah.,33,San Pedro,478,Marte,R,"25°52´08.429N""","103°07´51.290W""",25.869007,-103.130913,1099,G13D16,3,*,*,1
50330481,,5,Coahuila de Zaragoza,Coah.,33,San Pedro,481,Esteban Hernández,R,"25°47´40.674N""","102°57´01.855W""",25.794631,-102.950515,1096,G13D17,0,0,0,0
50330482,,5,Coahuila de Zaragoza,Coah.,33,San Pedro,482,Abraham Salomón Carrillo Sifuentes,R,"25°47´43.504N""","102°56´51.972W""",25.795417,-102.94777,1096,G13D17,0,0,0,0
50330483,,5,Coahuila de Zaragoza,Coah.,33,San Pedro,483,Agustín Olivo,R,"25°47´50.449N""","102°56´38.770W""",25.797347,-102.944102,1095,G13D17,0,0,0,0
50330484,,5,Coahuila de Zaragoza,Coah.,33,San Pedro,484,Lorenzo Rosas Hernández,R,"25°47´28.349N""","102°56´07.050W""",25.791208,-102.935291,1093,G13D17,0,0,0,0
50330489,,5,Coahuila de Zaragoza,Coah.,33,San Pedro,489,Señora Luz,R,"25°41´36.330N""","102°59´07.680W""",25.693425,-102.985466,1099,G13D27,0,0,0,0
50330490,,5,Coahuila de Zaragoza,Coah.,33,San Pedro,490,El Tajo,R,"25°42´13.000N""","102°59´50.120W""",25.703611,-102.997255,1100,G13D27,0,0,0,0
50330494,,5,Coahuila de Zaragoza,Coah.,33,San Pedro,494,Tacubaya Uno (San José de los Álamos),R,"25°40´42.709N""","103°04´13.169W""",25.67853,-103.070324,1102,G13D26,0,0,0,0
50330496,,5,Coahuila de Zaragoza,Coah.,33,San Pedro,496,El Colorado,R,"25°42´19.130N""","102°54´22.389W""",25.705314,-102.906219,1096,G13D27,2,*,*,1
50330500,,5,Coahuila de Zaragoza,Coah.,33,San Pedro,500,La Esperanza,R,"25°48´09.808N""","103°07´16.372W""",25.802724,-103.121214,1100,G13D16,0,0,0,0
50330502,,5,Coahuila de Zaragoza,Coah.,33,San Pedro,502,Miguel del Hoyo,R,"25°47´13.697N""","103°06´12.432W""",25.787138,-103.103453,1104,G13D16,0,0,0,0
50330504,,5,Coahuila de Zaragoza,Coah.,33,San Pedro,504,La Casita del Cañón,R,"26°04´27.580N""","102°44´41.139W""",26.074327,-102.744761,1278,G13B87,0,0,0,0
50330505,,5,Coahuila de Zaragoza,Coah.,33,San Pedro,505,El Caracol [Mina de Calcio],R,"26°10´52.241N""","102°42´36.324W""",26.181177,-102.71009,863,G13B87,0,0,0,0
50330506,,5,Coahuila de Zaragoza,Coah.,33,San Pedro,506,Nueva Candelaria,R,"26°12´22.439N""","102°40´36.173W""",26.206233,-102.676714,858,G13B87,0,0,0,0
50330510,,5,Coahuila de Zaragoza,Coah.,33,San Pedro,510,La Esperanza [Mina],R,"26°06´34.300N""","102°42´20.630W""",26.109528,-102.705731,1228,G13B87,0,0,0,0
50330511,,5,Coahuila de Zaragoza,Coah.,33,San Pedro,511,Noria Sector Tres A (Ejido Luchana),R,"25°46´24.771N""","103°11´02.407W""",25.773547,-103.184002,1108,G13D16,0,0,0,0
50330512,,5,Coahuila de Zaragoza,Coah.,33,San Pedro,512,San Pedro (José Ruiz Velázquez),R,"25°43´25.953N""","103°00´48.691W""",25.723875,-103.013525,1099,G13D26,0,0,0,0
50330514,,5,Coahuila de Zaragoza,Coah.,33,San Pedro,514,Picos de los Alameños,R,"25°54´22.510N""","102°26´04.526W""",25.906253,-102.43459,1110,G13D18,0,0,0,0
50330515,,5,Coahuila de Zaragoza,Coah.,33,San Pedro,515,Mario Martínez,R,"25°44´59.242N""","103°01´00.110W""",25.749789,-103.016697,1102,G13D26,0,0,0,0
50330516,,5,Coahuila de Zaragoza,Coah.,33,San Pedro,516,Buenavista,R,"26°28´38.732N""","102°31´34.383W""",26.477425,-102.526217,836,G13B78,19,11,8,5
50330517,,5,Coahuila de Zaragoza,Coah.,33,San Pedro,517,San Carlos de la Fe,R,"25°53´55.421N""","103°12´17.032W""",25.898728,-103.204731,1100,G13D16,1,*,*,1
50330518,,5,Coahuila de Zaragoza,Coah.,33,San Pedro,518,El Merendero,R,"26°25´18.625N""","102°33´41.378W""",26.42184,-102.561494,878,G13B78,0,0,0,0
50330520,,5,Coahuila de Zaragoza,Coah.,33,San Pedro,520,Miramar (Mario Rosas Chávez),R,"25°46´47.650N""","103°00´09.020W""",25.779902,-103.002506,1089,G13D16,0,0,0,0
50330522,,5,Coahuila de Zaragoza,Coah.,33,San Pedro,522,Santa Ana,R,"25°54´38.440N""","103°11´15.335W""",25.910678,-103.187593,1100,G13D16,0,0,0,0
50330526,,5,Coahuila de Zaragoza,Coah.,33,San Pedro,526,Arturo Jiménez,R,"25°45´35.291N""","103°00´31.623W""",25.759803,-103.008784,1097,G13D16,0,0,0,0
50330527,,5,Coahuila de Zaragoza,Coah.,33,San Pedro,527,Gustavo Ortiz Vázquez,R,"25°45´08.700N""","103°00´18.680W""",25.752417,-103.005189,1101,G13D16,1,*,*,1
50330528,,5,Coahuila de Zaragoza,Coah.,33,San Pedro,528,Raúl Flores Quistian,R,"25°43´42.960N""","102°57´37.100W""",25.728599,-102.960306,1100,G13D27,2,*,*,1
50330529,,5,Coahuila de Zaragoza,Coah.,33,San Pedro,529,Guadalupe,R,"26°04´03.467N""","102°06´16.856W""",26.067629,-102.104682,1335,G13B89,0,0,0,0
50330531,,5,Coahuila de Zaragoza,Coah.,33,San Pedro,531,Candelario Rodríguez Hernández,R,"25°47´15.173N""","103°02´45.777W""",25.787548,-103.046049,1100,G13D16,0,0,0,0
50330534,,5,Coahuila de Zaragoza,Coah.,33,San Pedro,534,Diez de Mayo (Los Ramírez),R,"25°47´27.875N""","103°10´51.999W""",25.791076,-103.18111,1104,G13D16,39,24,15,10
50330535,,5,Coahuila de Zaragoza,Coah.,33,San Pedro,535,Miguel Sáenz,R,"25°47´44.164N""","103°11´15.456W""",25.795601,-103.187626,1103,G13D16,0,0,0,0
50330536,,5,Coahuila de Zaragoza,Coah.,33,San Pedro,536,Ninguno [Comité de Solidaridad],R,"25°47´34.920N""","103°11´08.475W""",25.793033,-103.185687,1104,G13D16,0,0,0,0
50330537,,5,Coahuila de Zaragoza,Coah.,33,San Pedro,537,José Sánchez Rodríguez,R,"25°46´48.321N""","103°10´26.905W""",25.780089,-103.17414,1105,G13D16,0,0,0,0
50330541,,5,Coahuila de Zaragoza,Coah.,33,San Pedro,541,José Ovalle,R,"25°42´59.199N""","102°58´31.439W""",25.716444,-102.975399,1099,G13D27,3,*,*,1
50330542,,5,Coahuila de Zaragoza,Coah.,33,San Pedro,542,Carmen Flores,R,"25°42´00.219N""","103°00´33.900W""",25.700061,-103.009417,1103,G13D26,0,0,0,0
50330544,,5,Coahuila de Zaragoza,Coah.,33,San Pedro,544,El Álamo (Eulalio Rodríguez Colorado),R,"25°42´20.921N""","103°00´27.882W""",25.705811,-103.007745,1102,G13D26,0,0,0,0
50330546,,5,Coahuila de Zaragoza,Coah.,33,San Pedro,546,Pista el Patrocinio,R,"25°46´37.923N""","102°57´32.886W""",25.7772,-102.959135,1095,G13D17,2,*,*,1
50330547,,5,Coahuila de Zaragoza,Coah.,33,San Pedro,547,El Salvador,R,"25°45´25.530N""","102°56´43.101W""",25.757092,-102.945306,1091,G13D17,1,*,*,1
50330549,,5,Coahuila de Zaragoza,Coah.,33,San Pedro,549,Cuatro Milpas,R,"25°45´34.963N""","103°00´40.020W""",25.759712,-103.011117,1098,G13D16,0,0,0,0
50330550,,5,Coahuila de Zaragoza,Coah.,33,San Pedro,550,Los Obregón (Amador Obregón),R,"25°43´00.349N""","103°00´03.898W""",25.716763,-103.001083,1101,G13D26,0,0,0,0
50330551,,5,Coahuila de Zaragoza,Coah.,33,San Pedro,551,El Paraíso (Delfino Carrillo Alvarado),R,"25°42´04.709N""","103°00´47.639W""",25.701308,-103.013233,1107,G13D26,0,0,0,0
50330553,,5,Coahuila de Zaragoza,Coah.,33,San Pedro,553,La Esperanza,R,"25°43´54.966N""","103°08´12.507W""",25.731934,-103.136807,1109,G13D26,0,0,0,0
50330556,,5,Coahuila de Zaragoza,Coah.,33,San Pedro,556,La Noria,R,"25°43´34.389N""","103°03´36.889W""",25.726219,-103.060247,1104,G13D26,2,*,*,1
50330558,,5,Coahuila de Zaragoza,Coah.,33,San Pedro,558,Claudio Godoy Ávila,R,"25°45´04.144N""","103°01´04.898W""",25.751151,-103.018027,1102,G13D16,0,0,0,0
50330561,,5,Coahuila de Zaragoza,Coah.,33,San Pedro,561,La Noria de Marcelino,R,"25°50´25.032N""","103°08´08.930W""",25.840286,-103.135814,1099,G13D16,0,0,0,0
50330562,,5,Coahuila de Zaragoza,Coah.,33,San Pedro,562,Grupo Número Tres (Ejido Alejo González),R,"25°49´36.796N""","103°11´14.320W""",25.826887,-103.187311,1106,G13D16,0,0,0,0
50330563,,5,Coahuila de Zaragoza,Coah.,33,San Pedro,563,Vida Nueva Uno,R,"25°46´18.742N""","103°11´28.642W""",25.771872,-103.191289,1108,G13D16,11,*,*,1
50330564,,5,Coahuila de Zaragoza,Coah.,33,San Pedro,564,Sociedad Bellavista (Ejido Luchana),R,"25°46´28.828N""","103°11´55.895W""",25.774674,-103.198859,1104,G13D16,0,0,0,0
50330567,,5,Coahuila de Zaragoza,Coah.,33,San Pedro,567,Vega Tres,R,"25°53´55.440N""","103°11´49.953W""",25.898733,-103.197209,1100,G13D16,2,*,*,1
50330568,,5,Coahuila de Zaragoza,Coah.,33,San Pedro,568,Noria 2237,R,"25°52´28.418N""","103°09´57.160W""",25.87456,-103.165878,1102,G13D16,0,0,0,0
50330569,,5,Coahuila de Zaragoza,Coah.,33,San Pedro,569,Murguía,R,"25°52´21.814N""","103°10´30.330W""",25.872725,-103.175091,1102,G13D16,0,0,0,0
50330570,,5,Coahuila de Zaragoza,Coah.,33,San Pedro,570,Vega Larga (Carlos Berlanga),R,"25°52´46.109N""","103°12´25.610W""",25.879474,-103.207114,1102,G13D16,0,0,0,0
50330571,,5,Coahuila de Zaragoza,Coah.,33,San Pedro,571,Grupo de los Veintiséis,R,"25°55´28.956N""","103°10´46.737W""",25.924709,-103.179649,1098,G13D16,0,0,0,0
50330573,,5,Coahuila de Zaragoza,Coah.,33,San Pedro,573,Noria el Caldo,R,"25°52´53.639N""","103°11´27.239W""",25.881566,-103.190899,1102,G13D16,0,0,0,0
50330574,,5,Coahuila de Zaragoza,Coah.,33,San Pedro,574,Noria Sector Tres (Arroyo Negro),R,"25°50´07.859N""","103°05´41.979W""",25.835516,-103.094994,1100,G13D16,0,0,0,0
50330575,,5,Coahuila de Zaragoza,Coah.,33,San Pedro,575,El Triángulo (Vicente Vázquez Ontiveros),R,"25°47´54.545N""","103°07´06.548W""",25.798484,-103.118485,1100,G13D16,1,*,*,1
50330578,,5,Coahuila de Zaragoza,Coah.,33,San Pedro,578,Noria de las Jaulas,R,"25°45´54.769N""","103°09´53.725W""",25.765214,-103.164924,1106,G13D16,0,0,0,0
50330579,,5,Coahuila de Zaragoza,Coah.,33,San Pedro,579,Héctor Rodríguez Prado,R,"25°45´08.945N""","103°10´41.667W""",25.752485,-103.17824,1110,G13D16,9,*,*,2
50330581,,5,Coahuila de Zaragoza,Coah.,33,San Pedro,581,La Moneda,R,"25°39´28.279N""","102°56´50.450W""",25.657855,-102.947347,1096,G13D27,0,0,0,0
50330584,,5,Coahuila de Zaragoza,Coah.,33,San Pedro,584,Noria Sector Tres Lázaro Dos,R,"25°45´17.364N""","103°11´14.447W""",25.754823,-103.187346,1110,G13D16,2,*,*,1
50330585,,5,Coahuila de Zaragoza,Coah.,33,San Pedro,585,El Porvenir (El Siete),R,"25°45´07.952N""","103°02´03.180W""",25.752209,-103.034216,1101,G13D16,0,0,0,0
50330586,,5,Coahuila de Zaragoza,Coah.,33,San Pedro,586,Silvia Franco de la Cruz,R,"25°45´28.109N""","103°01´04.959W""",25.757808,-103.018044,1101,G13D16,0,0,0,0
50330587,,5,Coahuila de Zaragoza,Coah.,33,San Pedro,587,Luchana Dos,R,"25°46´44.121N""","103°12´49.646W""",25.778922,-103.213791,1109,G13D16,0,0,0,0
50330590,,5,Coahuila de Zaragoza,Coah.,33,San Pedro,590,Raymundo Rendón López,R,"25°48´35.020N""","102°55´29.359W""",25.809728,-102.924821,1093,G13D17,0,0,0,0
50330592,,5,Coahuila de Zaragoza,Coah.,33,San Pedro,592,María de la Paz Meza,R,"25°48´09.289N""","102°56´30.779W""",25.80258,-102.941883,1094,G13D17,0,0,0,0
50330594,,5,Coahuila de Zaragoza,Coah.,33,San Pedro,594,La Viña (Arturo Wong),R,"25°47´16.945N""","102°57´32.057W""",25.78804,-102.958905,1098,G13D17,5,*,*,1
50330595,,5,Coahuila de Zaragoza,Coah.,33,San Pedro,595,Raúl Ríos,R,"25°47´26.059N""","102°57´30.409W""",25.790572,-102.958447,1098,G13D17,0,0,0,0
50330596,,5,Coahuila de Zaragoza,Coah.,33,San Pedro,596,Carolinas,R,"25°46´34.729N""","102°59´27.767W""",25.776313,-102.991046,1095,G13D17,1,*,*,1
50330597,,5,Coahuila de Zaragoza,Coah.,33,San Pedro,597,Las Mercedes [Agrícola],R,"25°41´09.380N""","103°00´08.980W""",25.685939,-103.002494,1100,G13D26,0,0,0,0
50330599,,5,Coahuila de Zaragoza,Coah.,33,San Pedro,599,El Rincón de 3 Amores,R,"25°44´15.389N""","102°56´12.620W""",25.737608,-102.936839,1099,G13D27,0,0,0,0
50330600,,5,Coahuila de Zaragoza,Coah.,33,San Pedro,600,Santo Niño,R,"25°42´00.690N""","102°54´53.130W""",25.700192,-102.914758,1096,G13D27,1,*,*,1
50330601,,5,Coahuila de Zaragoza,Coah.,33,San Pedro,601,Johan Becerra Hernández,R,"25°43´46.642N""","102°58´20.012W""",25.729622,-102.972225,1096,G13D27,0,0,0,0
50330602,,5,Coahuila de Zaragoza,Coah.,33,San Pedro,602,Los Nietos [Granja],R,"25°43´18.969N""","103°00´00.730W""",25.721935,-103.000203,1099,G13D26,1,*,*,1
50330607,,5,Coahuila de Zaragoza,Coah.,33,San Pedro,607,Noria Doroteo Arango,R,"25°47´13.051N""","103°06´16.884W""",25.786958,-103.10469,1104,G13D16,0,0,0,0
50330608,,5,Coahuila de Zaragoza,Coah.,33,San Pedro,608,El Cristo,R,"25°47´08.377N""","103°05´36.536W""",25.78566,-103.093482,1103,G13D16,1,*,*,1
50330609,,5,Coahuila de Zaragoza,Coah.,33,San Pedro,609,José Francisco Macillas Granados,R,"25°47´29.064N""","103°02´45.382W""",25.791406,-103.045939,1100,G13D16,2,*,*,1
50330611,,5,Coahuila de Zaragoza,Coah.,33,San Pedro,611,Lucía Rodríguez Gress,R,"25°47´15.048N""","103°11´09.709W""",25.787513,-103.18603,1106,G13D16,8,*,*,2
50330613,,5,Coahuila de Zaragoza,Coah.,33,San Pedro,613,El Pelisco,R,"25°42´56.159N""","103°02´54.709W""",25.7156,-103.04853,1102,G13D26,0,0,0,0
50330614,,5,Coahuila de Zaragoza,Coah.,33,San Pedro,614,Los Rosales,R,"25°42´36.429N""","103°02´38.150W""",25.710119,-103.04393,1102,G13D26,2,*,*,1
50330615,,5,Coahuila de Zaragoza,Coah.,33,San Pedro,615,Estrellita del Norte (Santa María),R,"25°42´18.911N""","103°02´43.128W""",25.705253,-103.045313,1101,G13D26,1,*,*,1
50330616,,5,Coahuila de Zaragoza,Coah.,33,San Pedro,616,El Jacalón,R,"25°44´00.080N""","103°11´17.153W""",25.733355,-103.188098,1107,G13D26,0,0,0,0
50330617,,5,Coahuila de Zaragoza,Coah.,33,San Pedro,617,La Vega de los Gatos,R,"25°45´42.957N""","103°02´53.320W""",25.761933,-103.048144,1101,G13D16,6,*,*,1
50330619,,5,Coahuila de Zaragoza,Coah.,33,San Pedro,619,Benito Borrego Castillo,R,"25°45´08.190N""","103°02´39.829W""",25.752275,-103.044397,1101,G13D16,3,*,*,1
50330621,,5,Coahuila de Zaragoza,Coah.,33,San Pedro,621,Procuna,R,"25°45´15.630N""","103°01´57.129W""",25.754342,-103.032535,1101,G13D16,0,0,0,0
50330622,,5,Coahuila de Zaragoza,Coah.,33,San Pedro,622,Jesús Navarro,R,"25°45´14.818N""","103°01´06.422W""",25.754116,-103.01845,1102,G13D16,0,0,0,0
50330623,,5,Coahuila de Zaragoza,Coah.,33,San Pedro,623,Felipe Rodríguez,R,"25°44´55.765N""","103°00´53.410W""",25.748823,-103.014836,1102,G13D26,0,0,0,0
50330624,,5,Coahuila de Zaragoza,Coah.,33,San Pedro,624,Platino (Javier Rodríguez),R,"25°44´42.112N""","103°00´49.758W""",25.745031,-103.013822,1102,G13D26,1,*,*,1
50330625,,5,Coahuila de Zaragoza,Coah.,33,San Pedro,625,Andrés Sandoval,R,"25°43´51.510N""","103°00´20.790W""",25.730974,-103.005775,1099,G13D26,1,*,*,1
50330626,,5,Coahuila de Zaragoza,Coah.,33,San Pedro,626,Jesús Obregón,R,"25°43´13.710N""","103°00´12.157W""",25.720474,-103.003377,1100,G13D26,0,0,0,0
50330627,,5,Coahuila de Zaragoza,Coah.,33,San Pedro,627,La Caseta (Wenceslao Venegas Cisneros),R,"25°41´41.540N""","103°01´53.176W""",25.694872,-103.031437,1100,G13D26,7,*,*,1
50330628,,5,Coahuila de Zaragoza,Coah.,33,San Pedro,628,El Puente Colgante (Ernesto López Chavarría),R,"25°41´37.790N""","103°02´01.769W""",25.69383,-103.033824,1107,G13D26,14,7,7,3
50330629,,5,Coahuila de Zaragoza,Coah.,33,San Pedro,629,Vigo (La Caliente) [Ganadera],R,"25°52´53.831N""","103°08´34.099W""",25.881619,-103.142805,1100,G13D16,0,0,0,0
50330630,,5,Coahuila de Zaragoza,Coah.,33,San Pedro,630,Residencia Juvenil de la Laguna,R,"25°46´06.989N""","103°05´39.749W""",25.768607,-103.094374,1104,G13D16,0,0,0,0
50330631,,5,Coahuila de Zaragoza,Coah.,33,San Pedro,631,Efraín Rocha Sánchez,R,"25°46´22.237N""","103°06´05.694W""",25.772843,-103.101582,1104,G13D16,5,*,*,1
50330632,,5,Coahuila de Zaragoza,Coah.,33,San Pedro,632,Adolfo Cedillo Morín,R,"25°45´16.545N""","103°02´39.560W""",25.754596,-103.044322,1101,G13D16,5,*,*,1
50330633,,5,Coahuila de Zaragoza,Coah.,33,San Pedro,633,El Huizache,R,"25°45´23.010N""","103°02´52.711W""",25.756392,-103.047975,1101,G13D16,0,0,0,0
50330634,,5,Coahuila de Zaragoza,Coah.,33,San Pedro,634,El Ranchito 007,R,"25°48´22.672N""","103°06´11.564W""",25.806298,-103.103212,1103,G13D16,0,0,0,0
50330635,,5,Coahuila de Zaragoza,Coah.,33,San Pedro,635,Federico Luna Vázquez,R,"25°47´22.599N""","103°11´10.623W""",25.789611,-103.186284,1106,G13D16,0,0,0,0
50330636,,5,Coahuila de Zaragoza,Coah.,33,San Pedro,636,José Medina Martínez,R,"25°45´56.481N""","103°02´54.427W""",25.765689,-103.048452,1101,G13D16,4,*,*,1
50330637,,5,Coahuila de Zaragoza,Coah.,33,San Pedro,637,Jesús Carrillo,R,"25°46´36.971N""","102°59´18.034W""",25.776936,-102.988342,1096,G13D17,0,0,0,0
50330638,,5,Coahuila de Zaragoza,Coah.,33,San Pedro,638,Martín Medina Hernández,R,"25°45´58.985N""","103°02´54.080W""",25.766385,-103.048355,1101,G13D16,2,*,*,1
50330639,,5,Coahuila de Zaragoza,Coah.,33,San Pedro,639,Manuel Flores Padilla,R,"25°45´35.419N""","103°02´36.617W""",25.759839,-103.043504,1101,G13D16,0,0,0,0
50330641,,5,Coahuila de Zaragoza,Coah.,33,San Pedro,641,Faustino Palomo,R,"25°46´35.996N""","102°59´43.868W""",25.776665,-102.995519,1097,G13D17,1,*,*,1
50330642,,5,Coahuila de Zaragoza,Coah.,33,San Pedro,642,Rodolfo Picasso,R,"25°47´26.224N""","103°00´03.726W""",25.790617,-103.001035,1090,G13D16,1,*,*,1
50330644,,5,Coahuila de Zaragoza,Coah.,33,San Pedro,644,Magdalena Rosales,R,"25°46´52.336N""","102°58´41.311W""",25.781204,-102.978141,1099,G13D17,5,*,*,1
50330645,,5,Coahuila de Zaragoza,Coah.,33,San Pedro,645,Montevideo,R,"25°45´32.391N""","102°58´01.913W""",25.758998,-102.967197,1089,G13D17,1,*,*,1
50330646,,5,Coahuila de Zaragoza,Coah.,33,San Pedro,646,Gerardo Gámez,R,"25°46´35.497N""","102°59´14.594W""",25.776526,-102.987387,1096,G13D17,5,*,*,1
50330647,,5,Coahuila de Zaragoza,Coah.,33,San Pedro,647,Pablo Ramírez,R,"25°47´31.147N""","102°59´11.524W""",25.791985,-102.986534,1096,G13D17,0,0,0,0
50330648,,5,Coahuila de Zaragoza,Coah.,33,San Pedro,648,Las Margaritas,R,"25°47´08.283N""","102°58´43.050W""",25.785634,-102.978624,1098,G13D17,2,*,*,1
50330650,,5,Coahuila de Zaragoza,Coah.,33,San Pedro,650,Algorta,R,"25°48´36.332N""","103°11´09.972W""",25.810092,-103.186103,1105,G13D16,0,0,0,0
50330651,,5,Coahuila de Zaragoza,Coah.,33,San Pedro,651,Noria San Luis,R,"25°47´37.237N""","103°06´19.509W""",25.793677,-103.105419,1104,G13D16,1,*,*,1
50330652,,5,Coahuila de Zaragoza,Coah.,33,San Pedro,652,El Culto de Luchanas,R,"25°47´51.105N""","103°11´33.315W""",25.797529,-103.192587,1103,G13D16,6,*,*,2
50330653,,5,Coahuila de Zaragoza,Coah.,33,San Pedro,653,Noria la Fe,R,"25°51´13.272N""","103°13´00.676W""",25.853687,-103.216854,1102,G13D16,1,*,*,1
50330654,,5,Coahuila de Zaragoza,Coah.,33,San Pedro,654,Noria Algorta Número 3,R,"25°48´30.264N""","103°11´07.396W""",25.808407,-103.185387,1105,G13D16,3,*,*,1
50330655,,5,Coahuila de Zaragoza,Coah.,33,San Pedro,655,Noria Algorta Número 2,R,"25°48´23.243N""","103°10´18.716W""",25.806456,-103.171865,1103,G13D16,0,0,0,0
50330656,,5,Coahuila de Zaragoza,Coah.,33,San Pedro,656,Guadalupe Ramírez,R,"25°46´00.686N""","103°11´26.290W""",25.766857,-103.190636,1109,G13D16,1,*,*,1
50330657,,5,Coahuila de Zaragoza,Coah.,33,San Pedro,657,Parcela Uno de Aquiles Serdán,R,"25°46´38.641N""","103°09´10.189W""",25.7774,-103.15283,1100,G13D16,5,*,*,1
50330659,,5,Coahuila de Zaragoza,Coah.,33,San Pedro,659,Cristina Lozano,R,"25°45´56.472N""","103°13´07.153W""",25.765687,-103.218653,1110,G13D16,1,*,*,1
50330660,,5,Coahuila de Zaragoza,Coah.,33,San Pedro,660,Jorge López López,R,"25°45´49.298N""","103°13´22.647W""",25.763694,-103.222957,1109,G13D16,0,0,0,0
50330661,,5,Coahuila de Zaragoza,Coah.,33,San Pedro,661,La Noria de Progreso,R,"25°43´18.590N""","103°07´05.620W""",25.72183,-103.118227,1105,G13D26,0,0,0,0
50330662,,5,Coahuila de Zaragoza,Coah.,33,San Pedro,662,Efraín Verastegui,R,"25°45´16.589N""","103°06´06.059W""",25.754608,-103.101683,1105,G13D16,2,*,*,1
50330663,,5,Coahuila de Zaragoza,Coah.,33,San Pedro,663,Blas Campos Salas,R,"25°42´51.811N""","103°02´32.576W""",25.714392,-103.042382,1101,G13D26,0,0,0,0
50330664,,5,Coahuila de Zaragoza,Coah.,33,San Pedro,664,Heriberto Díaz Hernández,R,"25°48´44.535N""","103°06´25.367W""",25.812371,-103.107046,1103,G13D16,10,*,*,1
50330665,,5,Coahuila de Zaragoza,Coah.,33,San Pedro,665,Noria Tres,R,"25°47´55.069N""","103°06´11.599W""",25.79863,-103.103222,1104,G13D16,6,*,*,2
50330666,,5,Coahuila de Zaragoza,Coah.,33,San Pedro,666,Los Adobes (Antonio Medina Gómez),R,"25°48´49.269N""","102°59´02.789W""",25.813686,-102.984108,1090,G13D17,0,0,0,0
50330667,,5,Coahuila de Zaragoza,Coah.,33,San Pedro,667,El Destino de Abajo de San Isidro,R,"25°48´39.404N""","102°59´27.400W""",25.810946,-102.990944,1088,G13D17,0,0,0,0
50330668,,5,Coahuila de Zaragoza,Coah.,33,San Pedro,668,La Esperanza (Oscar Olvera Velázquez),R,"25°48´45.742N""","102°58´49.630W""",25.812706,-102.980452,1093,G13D17,0,0,0,0
50330669,,5,Coahuila de Zaragoza,Coah.,33,San Pedro,669,José Hernández Pérez,R,"25°48´49.694N""","102°59´22.630W""",25.813804,-102.989619,1095,G13D17,0,0,0,0
50330670,,5,Coahuila de Zaragoza,Coah.,33,San Pedro,670,Santa Julia,R,"25°44´25.660N""","102°59´22.110W""",25.740461,-102.989475,1100,G13D27,0,0,0,0
50330672,,5,Coahuila de Zaragoza,Coah.,33,San Pedro,672,Las Valentinas,R,"25°44´19.400N""","102°59´29.560W""",25.738722,-102.991544,1100,G13D27,3,*,*,1
50330673,,5,Coahuila de Zaragoza,Coah.,33,San Pedro,673,José Ángel Hernández Ponce,R,"25°44´04.450N""","102°59´53.470W""",25.734569,-102.998186,1101,G13D27,0,0,0,0
50330674,,5,Coahuila de Zaragoza,Coah.,33,San Pedro,674,La Esperanza,R,"25°44´17.700N""","102°59´40.190W""",25.73825,-102.994497,1101,G13D27,4,*,*,1
50330675,,5,Coahuila de Zaragoza,Coah.,33,San Pedro,675,El Cardenche (Fidel García Moreno),R,"25°43´10.660N""","102°59´55.799W""",25.719627,-102.998833,1101,G13D27,7,*,*,1
50330676,,5,Coahuila de Zaragoza,Coah.,33,San Pedro,676,Mario González Mireles,R,"25°43´31.580N""","102°59´27.260W""",25.725438,-102.990905,1099,G13D27,0,0,0,0
50330678,,5,Coahuila de Zaragoza,Coah.,33,San Pedro,678,Los Novillos,R,"26°12´50.600N""","102°43´26.489W""",26.214056,-102.724024,859,G13B87,7,*,*,1
50330679,,5,Coahuila de Zaragoza,Coah.,33,San Pedro,679,La Candelaria,R,"26°10´46.203N""","102°44´29.745W""",26.1795,-102.741596,888,G13B87,2,*,*,1
50330681,,5,Coahuila de Zaragoza,Coah.,33,San Pedro,681,Bordo la Mancha,R,"25°54´50.098N""","102°34´09.242W""",25.913916,-102.569233,1083,G13D18,0,0,0,0
50330682,,5,Coahuila de Zaragoza,Coah.,33,San Pedro,682,San Jerónimo (Cayetano Colorado Martínez),R,"25°41´47.964N""","103°01´02.883W""",25.696656,-103.017467,1101,G13D26,0,0,0,0
50330684,,5,Coahuila de Zaragoza,Coah.,33,San Pedro,684,Noria de Tacubaya,R,"25°41´44.649N""","103°03´20.769W""",25.695736,-103.055769,1102,G13D26,5,*,*,1
50330685,,5,Coahuila de Zaragoza,Coah.,33,San Pedro,685,Tres Amigos,R,"25°44´15.623N""","103°04´07.317W""",25.737673,-103.068699,1102,G13D26,3,*,*,1
50330686,,5,Coahuila de Zaragoza,Coah.,33,San Pedro,686,El Girasol,R,"25°43´52.230N""","103°04´06.620W""",25.731174,-103.068505,1103,G13D26,2,*,*,1
50330687,,5,Coahuila de Zaragoza,Coah.,33,San Pedro,687,La Puerta Hermosa,R,"25°43´18.625N""","103°00´55.433W""",25.72184,-103.015398,1099,G13D26,0,0,0,0
50330688,,5,Coahuila de Zaragoza,Coah.,33,San Pedro,688,Ampliación Santa Brígida,R,"25°41´10.310N""","103°04´18.320W""",25.686197,-103.071755,1110,G13D26,44,24,20,11
50330689,,5,Coahuila de Zaragoza,Coah.,33,San Pedro,689,Salvador López Barrientos,R,"25°44´04.551N""","103°03´19.620W""",25.734597,-103.05545,1101,G13D26,0,0,0,0
50330690,,5,Coahuila de Zaragoza,Coah.,33,San Pedro,690,Arturo Velázquez Rendón,R,"25°44´55.556N""","103°02´26.539W""",25.748765,-103.040705,1101,G13D26,0,0,0,0
50330691,,5,Coahuila de Zaragoza,Coah.,33,San Pedro,691,Los Pinos,R,"25°43´09.049N""","103°00´04.979W""",25.71918,-103.001383,1100,G13D26,1,*,*,1
50330692,,5,Coahuila de Zaragoza,Coah.,33,San Pedro,692,La Ximena,R,"25°44´59.960N""","103°00´57.771W""",25.749989,-103.016048,1102,G13D26,2,*,*,1
50330693,,5,Coahuila de Zaragoza,Coah.,33,San Pedro,693,Las Mercedes,R,"25°41´11.591N""","103°01´44.067W""",25.686553,-103.028907,1102,G13D26,0,0,0,0
50330694,,5,Coahuila de Zaragoza,Coah.,33,San Pedro,694,San Francisco,R,"25°44´30.791N""","103°08´17.948W""",25.741886,-103.138319,1104,G13D26,0,0,0,0
50330695,,5,Coahuila de Zaragoza,Coah.,33,San Pedro,695,Ninguno [Yesera Monterrey],R,"25°41´32.626N""","103°11´11.985W""",25.692396,-103.186662,1167,G13D26,0,0,0,0
50330696,,5,Coahuila de Zaragoza,Coah.,33,San Pedro,696,Ignacio Martínez Jaigar,R,"25°44´36.693N""","103°09´02.669W""",25.743526,-103.150741,1109,G13D26,2,*,*,1
50330697,,5,Coahuila de Zaragoza,Coah.,33,San Pedro,697,El Rebombeo,R,"25°44´10.165N""","103°08´23.333W""",25.736157,-103.139814,1109,G13D26,0,0,0,0
50330698,,5,Coahuila de Zaragoza,Coah.,33,San Pedro,698,Juquila,R,"25°45´33.590N""","103°02´49.590W""",25.759331,-103.047108,1101,G13D16,0,0,0,0
50330699,,5,Coahuila de Zaragoza,Coah.,33,San Pedro,699,Los Dos Potrillos (José Guadalupe Martínez),R,"25°45´33.490N""","103°02´37.290W""",25.759303,-103.043691,1101,G13D16,2,*,*,1
50330700,,5,Coahuila de Zaragoza,Coah.,33,San Pedro,700,Antonio Salazar Hernández,R,"25°45´32.880N""","103°01´50.830W""",25.759133,-103.030785,1101,G13D16,0,0,0,0
50330701,,5,Coahuila de Zaragoza,Coah.,33,San Pedro,701,Antonio Villalpando Olivares,R,"25°45´16.741N""","103°01´47.151W""",25.75465,-103.029764,1101,G13D16,0,0,0,0
50330702,,5,Coahuila de Zaragoza,Coah.,33,San Pedro,702,El Abuelo,R,"25°45´10.900N""","103°01´44.070W""",25.753028,-103.028908,1101,G13D16,2,*,*,1
50330703,,5,Coahuila de Zaragoza,Coah.,33,San Pedro,703,Tres Flores (Gerardo Guillen Escareño),R,"25°45´14.155N""","103°02´40.063W""",25.753932,-103.044462,1101,G13D16,0,0,0,0
50330704,,5,Coahuila de Zaragoza,Coah.,33,San Pedro,704,Jaime Collazo,R,"25°45´22.390N""","103°01´49.020W""",25.756219,-103.030283,1101,G13D16,0,0,0,0
50330705,,5,Coahuila de Zaragoza,Coah.,33,San Pedro,705,Juan Manuel Hernández Rivera,R,"25°45´04.895N""","103°01´39.563W""",25.75136,-103.027656,1101,G13D16,0,0,0,0
50330706,,5,Coahuila de Zaragoza,Coah.,33,San Pedro,706,Hacienda Ramona (Alfredo Esparza Montoya),R,"25°45´04.435N""","103°01´23.690W""",25.751232,-103.023247,1102,G13D16,0,0,0,0
50330707,,5,Coahuila de Zaragoza,Coah.,33,San Pedro,707,San Judas,R,"25°47´02.987N""","103°07´08.199W""",25.784163,-103.118944,1105,G13D16,4,*,*,2
50330708,,5,Coahuila de Zaragoza,Coah.,33,San Pedro,708,El Papalote,R,"26°28´43.525N""","102°31´25.667W""",26.478756,-102.523796,840,G13B78,-,-,-,-
50330709,,5,Coahuila de Zaragoza,Coah.,33,San Pedro,709,Alfonso Molina,R,"25°45´02.180N""","103°01´29.640W""",25.750606,-103.024899,1102,G13D16,0,0,0,0
50330710,,5,Coahuila de Zaragoza,Coah.,33,San Pedro,710,Las Moras,R,"25°43´07.726N""","102°59´54.106W""",25.718812,-102.998362,1101,G13D27,2,*,*,1
50330711,,5,Coahuila de Zaragoza,Coah.,33,San Pedro,711,Cielito Lindo y Querido,R,"25°43´05.050N""","102°59´58.570W""",25.718069,-102.999602,1101,G13D27,0,0,0,0
50330713,,5,Coahuila de Zaragoza,Coah.,33,San Pedro,713,Doña Kika (Carlos García García),R,"25°44´26.390N""","103°00´42.990W""",25.740664,-103.011942,1101,G13D26,0,0,0,0
50330714,,5,Coahuila de Zaragoza,Coah.,33,San Pedro,714,Fello (Pilar Hernández Pérez),R,"25°44´29.723N""","103°00´43.513W""",25.741589,-103.012087,1101,G13D26,0,0,0,0
50330715,,5,Coahuila de Zaragoza,Coah.,33,San Pedro,715,Jorge Collazo Robles,R,"25°44´31.716N""","103°00´39.152W""",25.742143,-103.010876,1101,G13D26,0,0,0,0
50330716,,5,Coahuila de Zaragoza,Coah.,33,San Pedro,716,Raúl Rivera Rodríguez,R,"25°44´36.089N""","103°00´36.853W""",25.743358,-103.010237,1102,G13D26,4,*,*,1
50330717,,5,Coahuila de Zaragoza,Coah.,33,San Pedro,717,Los Guerra (Raúl Guerra Hernández),R,"25°44´55.910N""","103°00´23.640W""",25.748864,-103.006567,1101,G13D26,0,0,0,0
50330718,,5,Coahuila de Zaragoza,Coah.,33,San Pedro,718,Laura Aurora Torres Córdova,R,"25°44´58.204N""","103°00´27.022W""",25.749501,-103.007506,1101,G13D26,0,0,0,0
50330719,,5,Coahuila de Zaragoza,Coah.,33,San Pedro,719,El Tajito,R,"25°45´12.910N""","103°00´19.270W""",25.753586,-103.005353,1101,G13D16,3,*,*,1
50330720,,5,Coahuila de Zaragoza,Coah.,33,San Pedro,720,Rancho de Balta,R,"25°39´16.760N""","102°56´50.161W""",25.654656,-102.947267,1096,G13D27,0,0,0,0
50330721,,5,Coahuila de Zaragoza,Coah.,33,San Pedro,721,La Vega,R,"25°40´44.643N""","102°57´46.886W""",25.679067,-102.963024,1096,G13D27,0,0,0,0
50330722,,5,Coahuila de Zaragoza,Coah.,33,San Pedro,722,Hermanos Fernández,R,"25°48´06.010N""","102°56´37.140W""",25.801669,-102.94365,1095,G13D17,0,0,0,0
50330723,,5,Coahuila de Zaragoza,Coah.,33,San Pedro,723,Jesús Martín Olivas López,R,"25°48´07.946N""","102°56´34.384W""",25.802207,-102.942884,1095,G13D17,0,0,0,0
50330724,,5,Coahuila de Zaragoza,Coah.,33,San Pedro,724,Arturo Pruneda Casanova,R,"25°46´09.149N""","103°02´53.501W""",25.769207,-103.048194,1101,G13D16,0,0,0,0
50330725,,5,Coahuila de Zaragoza,Coah.,33,San Pedro,725,María Gerarda Lugo Méndez,R,"25°46´53.740N""","103°08´56.300W""",25.781594,-103.148972,1101,G13D16,0,0,0,0
50330728,,5,Coahuila de Zaragoza,Coah.,33,San Pedro,728,Panamá,R,"25°43´44.676N""","103°01´05.807W""",25.729076,-103.018279,1100,G13D26,4,*,*,1
50330729,,5,Coahuila de Zaragoza,Coah.,33,San Pedro,729,Juan Coronado,R,"25°48´00.530N""","102°56´45.220W""",25.800147,-102.945894,1096,G13D17,0,0,0,0
50330730,,5,Coahuila de Zaragoza,Coah.,33,San Pedro,730,Los Juárez,R,"25°46´13.352N""","103°07´04.461W""",25.770375,-103.117905,1109,G13D16,0,0,0,0
50330731,,5,Coahuila de Zaragoza,Coah.,33,San Pedro,731,Caseta Kilómetro 44,R,"25°45´05.370N""","103°10´44.990W""",25.751492,-103.179163,1109,G13D16,5,*,*,1
50330732,,5,Coahuila de Zaragoza,Coah.,33,San Pedro,732,Las Isabeles,R,"25°45´31.990N""","103°02´48.780W""",25.758886,-103.046883,1101,G13D16,0,0,0,0
50330733,,5,Coahuila de Zaragoza,Coah.,33,San Pedro,733,Alejandro Balderas Llanas,R,"25°47´31.197N""","103°11´03.363W""",25.791999,-103.184267,1104,G13D16,1,*,*,1
50330734,,5,Coahuila de Zaragoza,Coah.,33,San Pedro,734,Casa San Isidro,R,"25°48´43.930N""","102°58´51.170W""",25.812203,-102.98088,1092,G13D17,6,*,*,1
50330735,,5,Coahuila de Zaragoza,Coah.,33,San Pedro,735,Anastasia Rodríguez Ruiz,R,"25°43´42.271N""","103°04´06.453W""",25.728408,-103.068459,1104,G13D26,0,0,0,0
50330736,,5,Coahuila de Zaragoza,Coah.,33,San Pedro,736,San Ángel,R,"25°45´40.744N""","103°02´54.101W""",25.761318,-103.048361,1101,G13D16,0,0,0,0
50330737,,5,Coahuila de Zaragoza,Coah.,33,San Pedro,737,Santa Barbara,R,"25°45´55.621N""","103°08´59.147W""",25.76545,-103.149763,1106,G13D16,2,*,*,1
50330738,,5,Coahuila de Zaragoza,Coah.,33,San Pedro,738,Esteban Sergio Rodríguez Lira,R,"25°46´20.908N""","103°06´59.670W""",25.772474,-103.116575,1108,G13D16,1,*,*,1
50330739,,5,Coahuila de Zaragoza,Coah.,33,San Pedro,739,José Luis Cuellar Torres,R,"25°43´19.269N""","102°58´33.639W""",25.722019,-102.97601,1099,G13D27,0,0,0,0
50330740,,5,Coahuila de Zaragoza,Coah.,33,San Pedro,740,Sergio Wong Lozano,R,"25°47´43.900N""","102°57´24.330W""",25.795527,-102.956758,1097,G13D17,8,*,*,1
50330741,,5,Coahuila de Zaragoza,Coah.,33,San Pedro,741,Australia,R,"25°45´30.924N""","102°57´00.060W""",25.75859,-102.950017,1091,G13D17,6,*,*,1
50330742,,5,Coahuila de Zaragoza,Coah.,33,San Pedro,742,Jacqueline Olivares Villa,R,"25°44´24.827N""","102°56´09.711W""",25.740229,-102.936031,1098,G13D27,0,0,0,0
50330743,,5,Coahuila de Zaragoza,Coah.,33,San Pedro,743,Los Canelos,R,"25°43´53.910N""","102°56´49.190W""",25.731641,-102.946997,1098,G13D27,1,*,*,1
50330744,,5,Coahuila de Zaragoza,Coah.,33,San Pedro,744,Luis Cuellar,R,"25°43´31.757N""","102°59´17.292W""",25.725487,-102.988136,1099,G13D27,0,0,0,0
50330745,,5,Coahuila de Zaragoza,Coah.,33,San Pedro,745,Los Wailes (Sóstenes González Martínez),R,"25°40´52.739N""","102°55´00.424W""",25.681316,-102.916784,1094,G13D27,0,0,0,0
50330746,,5,Coahuila de Zaragoza,Coah.,33,San Pedro,746,El Profesor,R,"25°40´45.800N""","102°54´54.637W""",25.679388,-102.915177,1095,G13D27,0,0,0,0
50330747,,5,Coahuila de Zaragoza,Coah.,33,San Pedro,747,Juan Manuel Rocha Domínguez,R,"25°44´33.443N""","102°57´54.424W""",25.742623,-102.965118,1111,G13D27,0,0,0,0
50330748,,5,Coahuila de Zaragoza,Coah.,33,San Pedro,748,Jesús Gerardo Rocha Domínguez,R,"25°44´37.243N""","102°57´56.946W""",25.743678,-102.965818,1109,G13D27,0,0,0,0
50330749,,5,Coahuila de Zaragoza,Coah.,33,San Pedro,749,Silvia Najera Esquivel,R,"25°47´15.530N""","103°00´15.940W""",25.787647,-103.004428,1094,G13D16,2,*,*,1
50330750,,5,Coahuila de Zaragoza,Coah.,33,San Pedro,750,Aarón Loma,R,"25°48´53.810N""","103°06´24.390W""",25.814947,-103.106775,1102,G13D16,4,*,*,1
50330751,,5,Coahuila de Zaragoza,Coah.,33,San Pedro,751,Mario Moreno,R,"25°47´39.670N""","103°05´22.260W""",25.794352,-103.089516,1103,G13D16,3,*,*,1
50330752,,5,Coahuila de Zaragoza,Coah.,33,San Pedro,752,Quinta Azul,R,"25°47´23.010N""","103°06´06.330W""",25.789725,-103.101758,1103,G13D16,1,*,*,1
50330753,,5,Coahuila de Zaragoza,Coah.,33,San Pedro,753,Joel Goytia Montemayor,R,"25°46´25.780N""","103°06´21.090W""",25.773827,-103.105858,1104,G13D16,0,0,0,0
50330754,,5,Coahuila de Zaragoza,Coah.,33,San Pedro,754,Florencia Carranza Mauricio,R,"25°47´41.570N""","103°05´17.610W""",25.79488,-103.088225,1103,G13D16,0,0,0,0
50330755,,5,Coahuila de Zaragoza,Coah.,33,San Pedro,755,Ramón Solís Sifuentes,R,"25°44´44.340N""","103°00´14.820W""",25.74565,-103.004117,1101,G13D26,0,0,0,0
50330756,,5,Coahuila de Zaragoza,Coah.,33,San Pedro,756,Don Agustín,R,"25°49´10.766N""","103°11´34.220W""",25.819657,-103.192839,1106,G13D16,0,0,0,0
50330757,,5,Coahuila de Zaragoza,Coah.,33,San Pedro,757,Hilario Hinojosa,R,"25°52´05.760N""","103°11´03.670W""",25.868266,-103.184352,1104,G13D16,0,0,0,0
50330758,,5,Coahuila de Zaragoza,Coah.,33,San Pedro,758,José Manuel Atilano Vázquez,R,"25°41´37.285N""","102°54´18.241W""",25.69369,-102.905067,1096,G13D27,4,*,*,2
50330759,,5,Coahuila de Zaragoza,Coah.,33,San Pedro,759,Luis Barboza Jiménez,R,"25°40´28.870N""","102°58´43.280W""",25.674685,-102.978688,1097,G13D27,4,*,*,1
50330760,,5,Coahuila de Zaragoza,Coah.,33,San Pedro,760,El Doscientos,R,"26°13´12.835N""","102°43´10.935W""",26.220231,-102.719704,860,G13B87,10,5,5,3
50330761,,5,Coahuila de Zaragoza,Coah.,33,San Pedro,761,El Mirador,R,"25°45´28.776N""","103°00´32.095W""",25.757993,-103.008915,1099,G13D16,0,0,0,0
50330762,,5,Coahuila de Zaragoza,Coah.,33,San Pedro,762,María Manuela Villarreal Solís,R,"25°42´17.169N""","103°02´17.763W""",25.704769,-103.038267,1102,G13D26,3,*,*,1
50330763,,5,Coahuila de Zaragoza,Coah.,33,San Pedro,763,Salomé Becerra Hernández,R,"25°43´41.340N""","102°58´21.960W""",25.728149,-102.972766,1097,G13D27,1,*,*,1
50330764,,5,Coahuila de Zaragoza,Coah.,33,San Pedro,764,José Carlos,R,"25°42´41.530N""","102°57´07.580W""",25.711536,-102.952106,1097,G13D27,0,0,0,0
50330765,,5,Coahuila de Zaragoza,Coah.,33,San Pedro,765,El Profesor (Jorge Quezada),R,"25°42´10.900N""","102°57´16.420W""",25.703028,-102.954561,1099,G13D27,0,0,0,0
50330766,,5,Coahuila de Zaragoza,Coah.,33,San Pedro,766,El Dorado,R,"25°42´37.120N""","102°54´39.850W""",25.710311,-102.911069,1095,G13D27,1,*,*,1
50330767,,5,Coahuila de Zaragoza,Coah.,33,San Pedro,767,Ernesto Rendón,R,"25°43´21.580N""","102°55´13.556W""",25.72266,-102.920432,1093,G13D27,2,*,*,1
50330768,,5,Coahuila de Zaragoza,Coah.,33,San Pedro,768,Tapón de Mora,R,"25°45´12.240N""","103°02´09.800W""",25.7534,-103.036055,1101,G13D16,3,*,*,2
50330769,,5,Coahuila de Zaragoza,Coah.,33,San Pedro,769,Pascuala Alemán,R,"25°46´43.910N""","103°05´59.940W""",25.778863,-103.099983,1103,G13D16,2,*,*,1
50330770,,5,Coahuila de Zaragoza,Coah.,33,San Pedro,770,Abraham Saucedo,R,"25°48´27.480N""","103°03´47.020W""",25.807633,-103.063061,1099,G13D16,7,*,*,1
50330771,,5,Coahuila de Zaragoza,Coah.,33,San Pedro,771,Santa Bárbara,R,"25°47´02.370N""","103°04´15.850W""",25.783991,-103.071069,1100,G13D16,6,*,*,2
