MAPA,Estatus,CVE_ENT,NOM_ENT,NOM_ABR,CVE_MUN,NOM_MUN,CVE_LOC,NOM_LOC,AMBITO,LATITUD,LONGITUD,LAT_DECIMAL,LON_DECIMAL,ALTITUD,CVE_CARTA,POB_TOTAL,POB_MASCULINA,POB_FEMENINA,TOTAL DE VIVIENDAS HABITADAS
50110001,,5,Coahuila de Zaragoza,Coah.,11,General Cepeda,1,General Cepeda,U,"25°22´47.667N""","101°28´45.450W""",25.379907,-101.479291,1470,G14C32,5535,2765,2770,1509
50110002,,5,Coahuila de Zaragoza,Coah.,11,General Cepeda,2,Agua de la Mula,R,"25°29´30.298N""","101°25´32.419W""",25.491749,-101.425671,1273,G14C32,101,60,41,31
50110004,,5,Coahuila de Zaragoza,Coah.,11,General Cepeda,4,Los Ángeles,R,"25°38´57.924N""","101°50´10.442W""",25.649423,-101.836234,1201,G14C21,0,0,0,0
50110005,,5,Coahuila de Zaragoza,Coah.,11,General Cepeda,5,Benecio López Padilla (Benito Juárez),R,"25°39´40.424N""","101°49´10.743W""",25.661229,-101.81965,1195,G14C21,71,36,35,20
50110006,,5,Coahuila de Zaragoza,Coah.,11,General Cepeda,6,El Rincón de los Arcentales (Huertas del Valle),R,"25°28´28.145N""","101°22´10.463W""",25.474484,-101.369572,1300,G14C32,7,*,*,2
50110007,,5,Coahuila de Zaragoza,Coah.,11,General Cepeda,7,Guelatao,R,"25°22´46.471N""","101°24´33.868W""",25.379575,-101.409408,1482,G14C32,366,182,184,106
50110009,,5,Coahuila de Zaragoza,Coah.,11,General Cepeda,9,Buenos Aires,R,"25°25´57.557N""","101°32´30.559W""",25.432654,-101.541822,1402,G14C32,0,0,0,0
50110011,,5,Coahuila de Zaragoza,Coah.,11,General Cepeda,11,La Casita,R,"25°11´55.374N""","101°26´36.708W""",25.198715,-101.44353,2100,G14C42,22,12,10,9
50110012,,5,Coahuila de Zaragoza,Coah.,11,General Cepeda,12,La Luz y Colón,R,"25°27´19.169N""","101°24´58.786W""",25.455325,-101.416329,1314,G14C32,84,47,37,25
50110013,,5,Coahuila de Zaragoza,Coah.,11,General Cepeda,13,La Perla del Carmen,R,"25°39´37.812N""","101°50´37.383W""",25.660503,-101.843717,1195,G14C21,0,0,0,0
50110014,,5,Coahuila de Zaragoza,Coah.,11,General Cepeda,14,Las Cuatas,R,"25°23´18.684N""","101°33´21.880W""",25.388523,-101.556078,1489,G14C32,30,19,11,10
50110016,,5,Coahuila de Zaragoza,Coah.,11,General Cepeda,16,Depósito de la Luz,R,"25°32´42.580N""","101°18´46.330W""",25.545161,-101.312869,1300,G14C23,0,0,0,0
50110017,,5,Coahuila de Zaragoza,Coah.,11,General Cepeda,17,El Dorado,R,"25°39´56.910N""","101°34´00.713W""",25.665808,-101.566864,1139,G14C22,9,6,3,3
50110018,,5,Coahuila de Zaragoza,Coah.,11,General Cepeda,18,Dos de Abril,R,"25°21´59.691N""","101°34´51.576W""",25.366581,-101.580993,1551,G14C32,193,97,96,55
50110020,,5,Coahuila de Zaragoza,Coah.,11,General Cepeda,20,El Tanque San Vicente,R,"25°32´36.252N""","101°26´53.678W""",25.543403,-101.448244,1231,G14C22,102,52,50,35
50110021,,5,Coahuila de Zaragoza,Coah.,11,General Cepeda,21,Fermín,R,"25°22´04.474N""","101°19´48.545W""",25.367909,-101.330151,1587,G14C33,64,38,26,22
50110022,,5,Coahuila de Zaragoza,Coah.,11,General Cepeda,22,La Florida,R,"25°26´08.185N""","101°28´17.305W""",25.435607,-101.471473,1367,G14C32,0,0,0,0
50110023,,5,Coahuila de Zaragoza,Coah.,11,General Cepeda,23,El Fortín,R,"25°27´38.425N""","101°25´57.963W""",25.460674,-101.432767,1318,G14C32,17,9,8,6
50110024,,5,Coahuila de Zaragoza,Coah.,11,General Cepeda,24,Gachupines,R,"25°28´46.809N""","101°27´23.479W""",25.479669,-101.456522,1301,G14C32,7,*,*,2
50110025,,5,Coahuila de Zaragoza,Coah.,11,General Cepeda,25,El Gavillero,R,"25°24´33.856N""","101°30´04.215W""",25.409404,-101.501171,1440,G14C32,63,37,26,19
50110026,,5,Coahuila de Zaragoza,Coah.,11,General Cepeda,26,La Gloria,R,"25°22´17.729N""","101°27´45.569W""",25.371591,-101.462658,1476,G14C32,7,3,4,3
50110027,,5,Coahuila de Zaragoza,Coah.,11,General Cepeda,27,Presa de Guadalupe (Guadalupe),R,"25°22´57.659N""","101°38´41.949W""",25.382682,-101.644986,1545,G14C32,252,129,123,75
50110028,,5,Coahuila de Zaragoza,Coah.,11,General Cepeda,28,Guadalupe Alamitos,R,"25°21´46.779N""","101°38´48.689W""",25.362994,-101.646858,1560,G14C32,193,94,99,55
50110029,,5,Coahuila de Zaragoza,Coah.,11,General Cepeda,29,La Hedionda Chica,R,"25°32´59.054N""","101°24´32.850W""",25.549737,-101.409125,1200,G14C22,244,131,113,72
50110030,,5,Coahuila de Zaragoza,Coah.,11,General Cepeda,30,La Mesa,R,"25°20´57.212N""","101°20´21.197W""",25.349225,-101.339221,1853,G14C32,0,0,0,0
50110031,,5,Coahuila de Zaragoza,Coah.,11,General Cepeda,31,Independencia,R,"25°27´58.887N""","101°27´17.030W""",25.466358,-101.454731,1315,G14C32,166,91,75,46
50110032,,5,Coahuila de Zaragoza,Coah.,11,General Cepeda,32,Jalpa,R,"25°33´11.099N""","101°46´11.809W""",25.553083,-101.769946,1292,G14C21,213,98,115,67
50110033,,5,Coahuila de Zaragoza,Coah.,11,General Cepeda,33,El Jaralito,R,"25°20´17.809N""","101°26´25.410W""",25.33828,-101.440391,1571,G14C32,119,63,56,35
50110035,,5,Coahuila de Zaragoza,Coah.,11,General Cepeda,35,La Luz,R,"25°26´20.619N""","101°26´06.150W""",25.439061,-101.435041,1339,G14C32,0,0,0,0
50110036,,5,Coahuila de Zaragoza,Coah.,11,General Cepeda,36,Macuyú,R,"25°21´30.099N""","101°38´47.029W""",25.358361,-101.646397,1565,G14C32,354,185,169,103
50110038,,5,Coahuila de Zaragoza,Coah.,11,General Cepeda,38,Marte (Estación Marte),R,"25°41´44.945N""","101°45´58.724W""",25.695818,-101.766312,1174,G14C21,161,83,78,51
50110040,,5,Coahuila de Zaragoza,Coah.,11,General Cepeda,40,El Mogote,R,"25°26´29.178N""","101°34´44.170W""",25.441438,-101.578935,1367,G14C32,10,4,6,5
50110041,,5,Coahuila de Zaragoza,Coah.,11,General Cepeda,41,Narigua,R,"25°26´55.911N""","101°34´45.537W""",25.448864,-101.579315,1349,G14C32,31,20,11,11
50110042,,5,Coahuila de Zaragoza,Coah.,11,General Cepeda,42,El Nogal,R,"25°17´41.489N""","101°25´42.729W""",25.294858,-101.428535,1688,G14C32,115,61,54,32
50110043,,5,Coahuila de Zaragoza,Coah.,11,General Cepeda,43,La Noria de la Sabina,R,"25°37´14.039N""","101°33´02.679W""",25.620566,-101.550744,1139,G14C22,96,57,39,25
50110044,,5,Coahuila de Zaragoza,Coah.,11,General Cepeda,44,La Pequeña de Fermín,R,"25°21´47.649N""","101°21´11.840W""",25.363236,-101.353289,1572,G14C32,0,0,0,0
50110045,,5,Coahuila de Zaragoza,Coah.,11,General Cepeda,45,Oratorio Chico,R,"25°35´04.919N""","101°19´47.750W""",25.584699,-101.32993,1197,G14C23,13,7,6,7
50110046,,5,Coahuila de Zaragoza,Coah.,11,General Cepeda,46,Oratorio Grande,R,"25°35´02.180N""","101°21´01.640W""",25.583939,-101.350456,1170,G14C22,17,10,7,7
50110047,,5,Coahuila de Zaragoza,Coah.,11,General Cepeda,47,La Parrita,R,"25°33´56.589N""","101°21´48.980W""",25.565719,-101.363606,1183,G14C22,42,22,20,18
50110049,,5,Coahuila de Zaragoza,Coah.,11,General Cepeda,49,La Paz,R,"25°18´45.674N""","101°25´27.424W""",25.312687,-101.424284,1645,G14C32,184,100,84,45
50110051,,5,Coahuila de Zaragoza,Coah.,11,General Cepeda,51,Piedras de Lumbre,R,"25°42´55.159N""","101°43´19.515W""",25.715322,-101.722087,1158,G14C21,0,0,0,0
50110052,,5,Coahuila de Zaragoza,Coah.,11,General Cepeda,52,El Pilar de Richardson,R,"25°39´02.677N""","101°45´42.246W""",25.650744,-101.761735,1200,G14C21,379,192,187,108
50110053,,5,Coahuila de Zaragoza,Coah.,11,General Cepeda,53,Porvenir de Jalpa,R,"25°30´51.039N""","101°42´10.986W""",25.514178,-101.703052,1329,G14C21,71,43,28,24
50110054,,5,Coahuila de Zaragoza,Coah.,11,General Cepeda,54,Porvenir de Tacubaya,R,"25°22´32.691N""","101°21´40.644W""",25.375747,-101.36129,1552,G14C32,292,152,140,83
50110055,,5,Coahuila de Zaragoza,Coah.,11,General Cepeda,55,La Florida (Ojo de Agua),R,"25°26´45.663N""","101°26´45.132W""",25.446017,-101.44587,1342,G14C32,68,37,31,21
50110056,,5,Coahuila de Zaragoza,Coah.,11,General Cepeda,56,La Puerta,R,"25°24´21.581N""","101°29´43.960W""",25.405995,-101.495544,1425,G14C32,79,45,34,23
50110058,,5,Coahuila de Zaragoza,Coah.,11,General Cepeda,58,Rincón Colorado,R,"25°30´20.610N""","101°20´46.430W""",25.505725,-101.34623,1259,G14C22,100,49,51,33
50110059,,5,Coahuila de Zaragoza,Coah.,11,General Cepeda,59,La Rosa,R,"25°31´02.070N""","101°23´11.870W""",25.517241,-101.38663,1240,G14C22,308,171,137,95
50110060,,5,Coahuila de Zaragoza,Coah.,11,General Cepeda,60,Sabanilla,R,"25°28´29.606N""","101°24´56.371W""",25.47489,-101.415659,1293,G14C32,4,*,*,1
50110062,,5,Coahuila de Zaragoza,Coah.,11,General Cepeda,62,Sacramento (San Roberto de las Parras),R,"25°37´53.580N""","101°49´59.059W""",25.631549,-101.833071,1210,G14C21,0,0,0,0
50110064,,5,Coahuila de Zaragoza,Coah.,11,General Cepeda,64,San Antonio de las Cabras,R,"25°20´46.939N""","101°31´42.650W""",25.346372,-101.528513,1542,G14C32,34,25,9,9
50110065,,5,Coahuila de Zaragoza,Coah.,11,General Cepeda,65,San Antonio del Jaral,R,"25°34´08.194N""","101°25´35.009W""",25.568942,-101.426391,1180,G14C22,267,129,138,74
50110066,,5,Coahuila de Zaragoza,Coah.,11,General Cepeda,66,San Francisco,R,"25°22´37.002N""","101°18´10.631W""",25.376944,-101.302953,1652,G14C33,47,26,21,20
50110068,,5,Coahuila de Zaragoza,Coah.,11,General Cepeda,68,La Noria,R,"25°17´55.730N""","101°23´21.198W""",25.298814,-101.389221,1698,G14C32,6,*,*,2
50110069,,5,Coahuila de Zaragoza,Coah.,11,General Cepeda,69,San José de la Paila (Rancho Nuevo),R,"25°43´00.556N""","101°39´53.598W""",25.71682,-101.664888,1149,G14C22,0,0,0,0
50110070,,5,Coahuila de Zaragoza,Coah.,11,General Cepeda,70,San José del Refugio,R,"25°17´42.373N""","101°23´59.497W""",25.295103,-101.39986,1711,G14C32,224,113,111,66
50110071,,5,Coahuila de Zaragoza,Coah.,11,General Cepeda,71,San Juan del Cohetero (El Colorado),R,"25°34´58.345N""","101°45´08.923W""",25.582873,-101.752479,1260,G14C21,19,12,7,9
50110072,,5,Coahuila de Zaragoza,Coah.,11,General Cepeda,72,Santa Inés (El Ojito),R,"25°34´40.098N""","101°50´03.108W""",25.577804,-101.834196,1258,G14C21,46,24,22,13
50110074,,5,Coahuila de Zaragoza,Coah.,11,General Cepeda,74,El Tejocote,R,"25°17´55.052N""","101°37´54.943W""",25.298625,-101.631928,1772,G14C32,149,83,66,53
50110075,,5,Coahuila de Zaragoza,Coah.,11,General Cepeda,75,La Tórtola,R,"25°21´39.119N""","101°23´03.363W""",25.360866,-101.384267,1582,G14C32,15,9,6,4
50110076,,5,Coahuila de Zaragoza,Coah.,11,General Cepeda,76,La Trinidad,R,"25°20´07.369N""","101°28´42.660W""",25.33538,-101.478516,1547,G14C32,316,152,164,86
50110082,,5,Coahuila de Zaragoza,Coah.,11,General Cepeda,82,Josefina [Restaurante],R,"25°30´28.015N""","101°22´38.112W""",25.507782,-101.377253,1250,G14C22,2,*,*,1
50110083,,5,Coahuila de Zaragoza,Coah.,11,General Cepeda,83,Las Galeras,R,"25°34´42.650N""","101°23´10.564W""",25.578513,-101.386267,1165,G14C22,0,0,0,0
50110084,,5,Coahuila de Zaragoza,Coah.,11,General Cepeda,84,Ex-Hacienda Ojo de Agua,R,"25°26´33.529N""","101°26´14.480W""",25.442647,-101.437355,1331,G14C32,6,*,*,1
50110085,,5,Coahuila de Zaragoza,Coah.,11,General Cepeda,85,La Hedionda de los Morales,R,"25°33´01.548N""","101°24´10.342W""",25.55043,-101.402873,1193,G14C22,19,13,6,3
50110086,,5,Coahuila de Zaragoza,Coah.,11,General Cepeda,86,El Huache,R,"25°20´13.277N""","101°22´53.380W""",25.337021,-101.381494,1745,G14C32,0,0,0,0
50110088,,5,Coahuila de Zaragoza,Coah.,11,General Cepeda,88,La Joya (Porfirio Tello Chávez),R,"25°22´28.989N""","101°31´29.259W""",25.374719,-101.524794,1494,G14C32,1,*,*,1
50110090,,5,Coahuila de Zaragoza,Coah.,11,General Cepeda,90,El Mimbre,R,"25°12´27.151N""","101°35´44.213W""",25.207542,-101.595614,2223,G14C42,0,0,0,0
50110091,,5,Coahuila de Zaragoza,Coah.,11,General Cepeda,91,El Mimbre,R,"25°36´38.451N""","101°18´18.109W""",25.610681,-101.30503,1227,G14C23,0,0,0,0
50110096,,5,Coahuila de Zaragoza,Coah.,11,General Cepeda,96,El Palmar,R,"25°34´07.344N""","101°20´11.915W""",25.568706,-101.336643,1239,G14C22,0,0,0,0
50110099,,5,Coahuila de Zaragoza,Coah.,11,General Cepeda,99,El Paso del Águila,R,"25°26´16.753N""","101°28´26.312W""",25.437987,-101.473975,1363,G14C32,6,*,*,1
50110105,,5,Coahuila de Zaragoza,Coah.,11,General Cepeda,105,El Río,R,"25°22´59.864N""","101°31´31.061W""",25.383295,-101.525294,1478,G14C32,2,*,*,1
50110107,,5,Coahuila de Zaragoza,Coah.,11,General Cepeda,107,Palo Blanco (Salitre),R,"25°22´50.832N""","101°43´01.735W""",25.380786,-101.717148,1535,G14C31,0,0,0,0
50110109,,5,Coahuila de Zaragoza,Coah.,11,General Cepeda,109,El Depósito de la Luz,R,"25°30´14.942N""","101°22´22.253W""",25.504151,-101.372847,1252,G14C22,11,5,6,5
50110111,,5,Coahuila de Zaragoza,Coah.,11,General Cepeda,111,Santo Niño (El Pilar),R,"25°22´58.506N""","101°27´30.651W""",25.382918,-101.458514,1455,G14C32,1,*,*,1
50110116,,5,Coahuila de Zaragoza,Coah.,11,General Cepeda,116,La Unión,R,"25°24´07.889N""","101°28´27.149W""",25.402191,-101.474207,1409,G14C32,4,*,*,2
50110117,,5,Coahuila de Zaragoza,Coah.,11,General Cepeda,117,La Vaquería,R,"25°21´53.529N""","101°29´07.975W""",25.364869,-101.485548,1499,G14C32,9,*,*,2
50110118,,5,Coahuila de Zaragoza,Coah.,11,General Cepeda,118,El Vergel,R,"25°16´41.485N""","101°31´40.403W""",25.27819,-101.527889,1729,G14C32,0,0,0,0
50110120,,5,Coahuila de Zaragoza,Coah.,11,General Cepeda,120,Villa Verde,R,"25°25´48.459N""","101°27´51.203W""",25.430127,-101.464223,1365,G14C32,4,*,*,1
50110122,,5,Coahuila de Zaragoza,Coah.,11,General Cepeda,122,María Ponce,R,"25°23´23.607N""","101°29´44.761W""",25.389891,-101.495767,1445,G14C32,0,0,0,0
50110123,,5,Coahuila de Zaragoza,Coah.,11,General Cepeda,123,El Alto de la Tórtola,R,"25°22´28.999N""","101°24´51.246W""",25.374721,-101.414235,1497,G14C32,0,0,0,0
50110128,,5,Coahuila de Zaragoza,Coah.,11,General Cepeda,128,La Lagunilla,R,"25°24´17.776N""","101°31´37.824W""",25.404938,-101.527173,1452,G14C32,3,*,*,1
50110129,,5,Coahuila de Zaragoza,Coah.,11,General Cepeda,129,El Kibbutz (La Mamilaria),R,"25°25´15.276N""","101°28´19.366W""",25.420909,-101.472045,1395,G14C32,2,*,*,1
50110131,,5,Coahuila de Zaragoza,Coah.,11,General Cepeda,131,San Ignacio,R,"25°31´51.868N""","101°23´46.337W""",25.531074,-101.396204,1212,G14C22,2,*,*,1
50110133,,5,Coahuila de Zaragoza,Coah.,11,General Cepeda,133,El Potrero de en Medio,R,"25°35´16.161N""","101°23´40.796W""",25.587822,-101.394665,1157,G14C22,0,0,0,0
50110134,,5,Coahuila de Zaragoza,Coah.,11,General Cepeda,134,Las Barrancas,R,"25°26´27.084N""","101°27´40.670W""",25.440856,-101.461297,1350,G14C32,24,12,12,6
50110136,,5,Coahuila de Zaragoza,Coah.,11,General Cepeda,136,Predio de Dolores,R,"25°21´29.628N""","101°28´26.811W""",25.35823,-101.474114,1509,G14C32,0,0,0,0
50110137,,5,Coahuila de Zaragoza,Coah.,11,General Cepeda,137,Monte de en Medio,R,"25°21´39.822N""","101°27´26.531W""",25.361062,-101.45737,1524,G14C32,3,*,*,1
50110141,,5,Coahuila de Zaragoza,Coah.,11,General Cepeda,141,El Rincón del Marqués de Aguayo (El Cuatro),R,"25°23´25.307N""","101°28´56.136W""",25.390363,-101.482259,1448,G14C32,0,0,0,0
50110142,,5,Coahuila de Zaragoza,Coah.,11,General Cepeda,142,Agualfa,R,"25°38´26.037N""","101°49´16.482W""",25.640566,-101.821244,1209,G14C21,0,0,0,0
50110143,,5,Coahuila de Zaragoza,Coah.,11,General Cepeda,143,Rancho Texas,R,"25°29´31.445N""","101°21´32.702W""",25.492068,-101.359084,1270,G14C32,0,0,0,0
50110144,,5,Coahuila de Zaragoza,Coah.,11,General Cepeda,144,San Isidro de Gómez,R,"25°18´48.877N""","101°23´16.420W""",25.313577,-101.387894,1651,G14C32,28,13,15,6
50110145,,5,Coahuila de Zaragoza,Coah.,11,General Cepeda,145,El Carmen (San Isidro de Gómez),R,"25°18´35.387N""","101°22´25.966W""",25.30983,-101.373879,1672,G14C32,1,*,*,1
50110146,,5,Coahuila de Zaragoza,Coah.,11,General Cepeda,146,La Campana,R,"25°27´41.179N""","101°27´02.165W""",25.461439,-101.450601,1319,G14C32,4,*,*,1
50110147,,5,Coahuila de Zaragoza,Coah.,11,General Cepeda,147,Tres Hermanos (La Pila),R,"25°35´41.647N""","101°21´34.801W""",25.594902,-101.359667,1153,G14C22,0,0,0,0
50110148,,5,Coahuila de Zaragoza,Coah.,11,General Cepeda,148,San José,R,"25°22´22.451N""","101°25´03.564W""",25.372902,-101.417656,1501,G14C32,0,0,0,0
50110149,,5,Coahuila de Zaragoza,Coah.,11,General Cepeda,149,Kilómetro Sesenta y Cuatro,R,"25°37´53.107N""","101°30´54.331W""",25.631418,-101.515092,1132,G14C22,44,20,24,14
50110150,,5,Coahuila de Zaragoza,Coah.,11,General Cepeda,150,San Nicolás de los Conos (El Pozo),R,"25°37´55.241N""","101°49´20.989W""",25.632011,-101.822496,1213,G14C21,4,*,*,1
50110153,,5,Coahuila de Zaragoza,Coah.,11,General Cepeda,153,Crucero de Jalpa (Tramo Ancho),R,"25°39´46.148N""","101°47´21.542W""",25.662819,-101.789317,1206,G14C21,0,0,0,0
50110154,,5,Coahuila de Zaragoza,Coah.,11,General Cepeda,154,Abel Treviño,R,"25°22´09.520N""","101°25´21.751W""",25.36931,-101.422708,1508,G14C32,1,*,*,1
50110155,,5,Coahuila de Zaragoza,Coah.,11,General Cepeda,155,Santa Elena,R,"25°22´48.250N""","101°24´59.630W""",25.380069,-101.416564,1499,G14C32,5,*,*,1
50110157,,5,Coahuila de Zaragoza,Coah.,11,General Cepeda,157,El Cheroke,R,"25°26´25.180N""","101°32´52.779W""",25.440327,-101.547994,1359,G14C32,0,0,0,0
50110158,,5,Coahuila de Zaragoza,Coah.,11,General Cepeda,158,San Belén,R,"25°24´48.229N""","101°30´42.626W""",25.413397,-101.511841,1425,G14C32,0,0,0,0
50110159,,5,Coahuila de Zaragoza,Coah.,11,General Cepeda,159,La Mesa de Huachichil,R,"25°21´50.954N""","101°21´38.178W""",25.364154,-101.360605,1563,G14C32,2,*,*,1
50110160,,5,Coahuila de Zaragoza,Coah.,11,General Cepeda,160,El Carmen,R,"25°23´40.554N""","101°27´23.088W""",25.394598,-101.456413,1429,G14C32,0,0,0,0
50110161,,5,Coahuila de Zaragoza,Coah.,11,General Cepeda,161,La Garza,R,"25°24´24.753N""","101°27´38.149W""",25.406876,-101.460597,1414,G14C32,0,0,0,0
50110162,,5,Coahuila de Zaragoza,Coah.,11,General Cepeda,162,San Miguel,R,"25°24´19.200N""","101°27´31.869W""",25.405333,-101.458853,1418,G14C32,0,0,0,0
50110163,,5,Coahuila de Zaragoza,Coah.,11,General Cepeda,163,Los José,R,"25°24´14.552N""","101°27´22.885W""",25.404042,-101.456357,1419,G14C32,0,0,0,0
50110164,,5,Coahuila de Zaragoza,Coah.,11,General Cepeda,164,El Moro (La Ilusión),R,"25°25´29.398N""","101°28´25.593W""",25.424832,-101.473775,1392,G14C32,6,4,2,3
50110165,,5,Coahuila de Zaragoza,Coah.,11,General Cepeda,165,La Hoz de Anero,R,"25°25´39.802N""","101°28´08.284W""",25.427722,-101.468967,1377,G14C32,0,0,0,0
50110166,,5,Coahuila de Zaragoza,Coah.,11,General Cepeda,166,El Corazón del Toro,R,"25°25´43.877N""","101°27´18.097W""",25.428854,-101.455027,1367,G14C32,0,0,0,0
50110167,,5,Coahuila de Zaragoza,Coah.,11,General Cepeda,167,Narigua Uno,R,"25°26´14.874N""","101°30´47.506W""",25.437465,-101.513196,1352,G14C32,0,0,0,0
50110168,,5,Coahuila de Zaragoza,Coah.,11,General Cepeda,168,Narigua Dos,R,"25°27´24.928N""","101°31´57.691W""",25.456924,-101.532691,1326,G14C32,0,0,0,0
50110171,,5,Coahuila de Zaragoza,Coah.,11,General Cepeda,171,Cinco Hermanos,R,"25°26´33.688N""","101°27´30.557W""",25.442691,-101.458488,1341,G14C32,4,*,*,1
50110172,,5,Coahuila de Zaragoza,Coah.,11,General Cepeda,172,Ojo de Agua (Eduardo Morelos Ochoa),R,"25°26´09.316N""","101°26´55.893W""",25.435921,-101.448859,1348,G14C32,0,0,0,0
50110174,,5,Coahuila de Zaragoza,Coah.,11,General Cepeda,174,La Mesa de San Francisco,R,"25°30´02.189N""","101°23´55.434W""",25.500608,-101.398731,1252,G14C22,6,*,*,1
50110175,,5,Coahuila de Zaragoza,Coah.,11,General Cepeda,175,El Saucillo,R,"25°30´31.645N""","101°22´16.900W""",25.50879,-101.37136,1243,G14C22,0,0,0,0
50110176,,5,Coahuila de Zaragoza,Coah.,11,General Cepeda,176,Manuel Domínguez de la Riva,R,"25°18´53.218N""","101°23´20.952W""",25.314783,-101.389153,1650,G14C32,0,0,0,0
50110177,,5,Coahuila de Zaragoza,Coah.,11,General Cepeda,177,San Isidro,R,"25°18´21.183N""","101°23´14.707W""",25.305884,-101.387418,1679,G14C32,5,*,*,1
50110178,,5,Coahuila de Zaragoza,Coah.,11,General Cepeda,178,Rancho James,R,"25°17´43.192N""","101°23´02.747W""",25.295331,-101.384096,1701,G14C32,2,*,*,1
50110179,,5,Coahuila de Zaragoza,Coah.,11,General Cepeda,179,Octavio Ostos García,R,"25°18´37.475N""","101°22´49.704W""",25.31041,-101.380473,1662,G14C32,0,0,0,0
50110180,,5,Coahuila de Zaragoza,Coah.,11,General Cepeda,180,El Milagro [Granja Avícola],R,"25°39´41.185N""","101°49´56.665W""",25.66144,-101.832406,1194,G14C21,11,5,6,4
50110181,,5,Coahuila de Zaragoza,Coah.,11,General Cepeda,181,La Rosa [Restaurante],R,"25°29´40.795N""","101°21´51.149W""",25.494665,-101.364208,1262,G14C32,0,0,0,0
50110182,,5,Coahuila de Zaragoza,Coah.,11,General Cepeda,182,El Potrero [Establo],R,"25°31´18.329N""","101°22´56.023W""",25.521757,-101.382228,1227,G14C22,9,*,*,2
50110183,,5,Coahuila de Zaragoza,Coah.,11,General Cepeda,183,Oscar González,R,"25°36´46.202N""","101°20´55.542W""",25.612834,-101.348761,1141,G14C22,0,0,0,0
50110184,,5,Coahuila de Zaragoza,Coah.,11,General Cepeda,184,La Florida (El Mezquite),R,"25°39´56.845N""","101°50´00.869W""",25.66579,-101.833574,1192,G14C21,0,0,0,0
50110185,,5,Coahuila de Zaragoza,Coah.,11,General Cepeda,185,Tomás Concha,R,"25°39´45.571N""","101°49´44.394W""",25.662659,-101.828998,1194,G14C21,0,0,0,0
50110186,,5,Coahuila de Zaragoza,Coah.,11,General Cepeda,186,Las Bielas,R,"25°39´52.882N""","101°41´16.111W""",25.664689,-101.687808,1158,G14C21,0,0,0,0
50110187,,5,Coahuila de Zaragoza,Coah.,11,General Cepeda,187,Santa Inés,R,"25°39´42.439N""","101°50´20.517W""",25.661789,-101.839032,1195,G14C21,0,0,0,0
50110188,,5,Coahuila de Zaragoza,Coah.,11,General Cepeda,188,La Joya,R,"25°38´41.638N""","101°50´22.398W""",25.644899,-101.839555,1203,G14C21,0,0,0,0
50110189,,5,Coahuila de Zaragoza,Coah.,11,General Cepeda,189,La Casa de la Colectiva,R,"25°36´00.931N""","101°46´02.947W""",25.600259,-101.767485,1253,G14C21,0,0,0,0
50110190,,5,Coahuila de Zaragoza,Coah.,11,General Cepeda,190,Francisco Tello Corpus,R,"25°28´21.876N""","101°41´47.087W""",25.472743,-101.696413,1366,G14C31,0,0,0,0
50110191,,5,Coahuila de Zaragoza,Coah.,11,General Cepeda,191,Santa María,R,"25°35´04.243N""","101°41´16.463W""",25.584512,-101.687906,1303,G14C21,0,0,0,0
50110192,,5,Coahuila de Zaragoza,Coah.,11,General Cepeda,192,El Despepitador,R,"25°34´52.904N""","101°45´52.604W""",25.581362,-101.764612,1270,G14C21,0,0,0,0
50110193,,5,Coahuila de Zaragoza,Coah.,11,General Cepeda,193,Crucero a Estación Marte,R,"25°39´33.407N""","101°45´57.241W""",25.65928,-101.7659,1190,G14C21,1,*,*,1
50110194,,5,Coahuila de Zaragoza,Coah.,11,General Cepeda,194,La Pastora,R,"25°39´42.489N""","101°40´00.496W""",25.661803,-101.666804,1151,G14C21,0,0,0,0
50110195,,5,Coahuila de Zaragoza,Coah.,11,General Cepeda,195,La Sabina,R,"25°33´10.912N""","101°31´12.590W""",25.553031,-101.520163,1235,G14C22,0,0,0,0
50110196,,5,Coahuila de Zaragoza,Coah.,11,General Cepeda,196,La Bomba,R,"25°40´16.500N""","101°26´30.309W""",25.671249,-101.441752,1120,G14C22,0,0,0,0
50110197,,5,Coahuila de Zaragoza,Coah.,11,General Cepeda,197,El Tejano,R,"25°33´55.230N""","101°25´20.060W""",25.565342,-101.422238,1180,G14C22,0,0,0,0
50110199,,5,Coahuila de Zaragoza,Coah.,11,General Cepeda,199,La Loma [Restaurante],R,"25°32´17.679N""","101°24´05.646W""",25.538244,-101.401568,1211,G14C22,0,0,0,0
50110200,,5,Coahuila de Zaragoza,Coah.,11,General Cepeda,200,La Mesa,R,"25°32´25.359N""","101°24´00.158W""",25.540377,-101.400044,1208,G14C22,0,0,0,0
50110201,,5,Coahuila de Zaragoza,Coah.,11,General Cepeda,201,Irma Ávila Viuda de García,R,"25°31´33.174N""","101°24´00.579W""",25.525881,-101.400161,1218,G14C22,0,0,0,0
50110202,,5,Coahuila de Zaragoza,Coah.,11,General Cepeda,202,Huachichil,R,"25°22´24.602N""","101°21´38.878W""",25.3735,-101.360799,1550,G14C32,76,32,44,20
50110203,,5,Coahuila de Zaragoza,Coah.,11,General Cepeda,203,Gumersindo Rivera González,R,"25°22´40.148N""","101°25´44.755W""",25.377818,-101.429098,1497,G14C32,1,*,*,1
50110204,,5,Coahuila de Zaragoza,Coah.,11,General Cepeda,204,La Rusia,R,"25°24´36.447N""","101°39´50.482W""",25.410124,-101.664023,1497,G14C32,0,0,0,0
50110205,,5,Coahuila de Zaragoza,Coah.,11,General Cepeda,205,Juan Rodríguez Monsiváis (El Potrillo),R,"25°19´28.266N""","101°36´08.275W""",25.324518,-101.602299,1678,G14C32,0,0,0,0
50110206,,5,Coahuila de Zaragoza,Coah.,11,General Cepeda,206,4 Hermanos (Juan Antonio Rodríguez Morales),R,"25°23´16.009N""","101°32´39.398W""",25.38778,-101.544277,1483,G14C32,2,*,*,1
50110207,,5,Coahuila de Zaragoza,Coah.,11,General Cepeda,207,Magdalena Rodríguez Olivan,R,"25°23´18.986N""","101°32´27.467W""",25.388607,-101.540963,1481,G14C32,0,0,0,0
50110208,,5,Coahuila de Zaragoza,Coah.,11,General Cepeda,208,La Joya (Luis Tello Chávez),R,"25°22´22.754N""","101°31´13.962W""",25.372987,-101.520544,1500,G14C32,0,0,0,0
50110209,,5,Coahuila de Zaragoza,Coah.,11,General Cepeda,209,Los Jamoncillos,R,"25°23´57.526N""","101°30´25.927W""",25.399312,-101.507202,1441,G14C32,0,0,0,0
50110210,,5,Coahuila de Zaragoza,Coah.,11,General Cepeda,210,La Virgen,R,"25°22´38.526N""","101°29´23.284W""",25.377368,-101.489801,1484,G14C32,0,0,0,0
50110211,,5,Coahuila de Zaragoza,Coah.,11,General Cepeda,211,Los Patos,R,"25°23´34.767N""","101°29´17.464W""",25.392991,-101.488184,1437,G14C32,0,0,0,0
50110212,,5,Coahuila de Zaragoza,Coah.,11,General Cepeda,212,El Uno,R,"25°23´12.003N""","101°28´47.657W""",25.386667,-101.479904,1456,G14C32,0,0,0,0
50110213,,5,Coahuila de Zaragoza,Coah.,11,General Cepeda,213,El Alto de la Vaquería,R,"25°21´55.917N""","101°30´22.001W""",25.365533,-101.506111,1522,G14C32,2,*,*,1
50110214,,5,Coahuila de Zaragoza,Coah.,11,General Cepeda,214,El Cantizal,R,"25°21´18.242N""","101°29´20.806W""",25.355067,-101.489112,1515,G14C32,0,0,0,0
50110215,,5,Coahuila de Zaragoza,Coah.,11,General Cepeda,215,El Sendero,R,"25°21´57.078N""","101°28´22.193W""",25.365855,-101.472831,1502,G14C32,3,*,*,1
50110216,,5,Coahuila de Zaragoza,Coah.,11,General Cepeda,216,Juan de la Rosa Arellano,R,"25°17´20.469N""","101°28´36.645W""",25.289019,-101.476845,1693,G14C32,0,0,0,0
50110217,,5,Coahuila de Zaragoza,Coah.,11,General Cepeda,217,Félix Jesús Arellano Pérez,R,"25°17´15.946N""","101°29´01.727W""",25.287762,-101.483813,1720,G14C32,0,0,0,0
50110218,,5,Coahuila de Zaragoza,Coah.,11,General Cepeda,218,Armando Espinoza Sánchez,R,"25°17´23.438N""","101°29´18.790W""",25.289844,-101.488552,1694,G14C32,0,0,0,0
50110219,,5,Coahuila de Zaragoza,Coah.,11,General Cepeda,219,El Siete,R,"25°18´44.989N""","101°26´11.590W""",25.312497,-101.436552,1685,G14C32,0,0,0,0
50110220,,5,Coahuila de Zaragoza,Coah.,11,General Cepeda,220,Aguilar,R,"25°16´58.187N""","101°34´46.866W""",25.282829,-101.579684,1803,G14C32,0,0,0,0
50110221,,5,Coahuila de Zaragoza,Coah.,11,General Cepeda,221,El Siete,R,"25°15´19.563N""","101°26´15.486W""",25.255434,-101.437635,1875,G14C32,9,*,*,2
50110223,,5,Coahuila de Zaragoza,Coah.,11,General Cepeda,223,La Victoria,R,"25°39´36.073N""","101°51´18.459W""",25.66002,-101.855128,1190,G14C21,2,*,*,1
50110224,,5,Coahuila de Zaragoza,Coah.,11,General Cepeda,224,El Tejabán,R,"25°39´34.386N""","101°51´15.217W""",25.659552,-101.854227,1191,G14C21,0,0,0,0
50110225,,5,Coahuila de Zaragoza,Coah.,11,General Cepeda,225,La Soledad,R,"25°22´39.917N""","101°25´32.207W""",25.377754,-101.425612,1503,G14C32,0,0,0,0
50110226,,5,Coahuila de Zaragoza,Coah.,11,General Cepeda,226,La Vinata,R,"25°20´38.713N""","101°40´38.502W""",25.344087,-101.677361,1629,G14C31,0,0,0,0
50110227,,5,Coahuila de Zaragoza,Coah.,11,General Cepeda,227,Los José,R,"25°24´37.631N""","101°27´15.791W""",25.410453,-101.454386,1441,G14C32,2,*,*,1
50110228,,5,Coahuila de Zaragoza,Coah.,11,General Cepeda,228,Antonio García Rodríguez,R,"25°24´31.680N""","101°27´48.310W""",25.4088,-101.463419,1409,G14C32,0,0,0,0
50110229,,5,Coahuila de Zaragoza,Coah.,11,General Cepeda,229,José Sánchez de la Rosa,R,"25°17´58.297N""","101°29´15.029W""",25.299527,-101.487508,1648,G14C32,0,0,0,0
50110230,,5,Coahuila de Zaragoza,Coah.,11,General Cepeda,230,Predio de Dolores (Eugenio Nájera Montejano),R,"25°21´45.347N""","101°28´47.814W""",25.362596,-101.479948,1500,G14C32,14,8,6,4
50110231,,5,Coahuila de Zaragoza,Coah.,11,General Cepeda,231,Manuel Alemán Cuevas,R,"25°21´32.371N""","101°40´26.147W""",25.358992,-101.673929,1596,G14C31,0,0,0,0
50110233,,5,Coahuila de Zaragoza,Coah.,11,General Cepeda,233,Remigio Barrientos Espinoza,R,"25°19´53.108N""","101°28´20.981W""",25.331418,-101.472494,1564,G14C32,0,0,0,0
50110234,,5,Coahuila de Zaragoza,Coah.,11,General Cepeda,234,Los Álamos,R,"25°23´57.444N""","101°29´37.913W""",25.39929,-101.493864,1430,G14C32,0,0,0,0
50110235,,5,Coahuila de Zaragoza,Coah.,11,General Cepeda,235,Carlos Hernández,R,"25°22´17.099N""","101°30´53.570W""",25.371416,-101.514881,1519,G14C32,0,0,0,0
50110236,,5,Coahuila de Zaragoza,Coah.,11,General Cepeda,236,Cuchilla del Indio,R,"25°36´05.914N""","101°52´14.387W""",25.601643,-101.870662,1227,G14C21,48,26,22,10
50110238,,5,Coahuila de Zaragoza,Coah.,11,General Cepeda,238,San Francisco,R,"25°18´24.275N""","101°24´40.039W""",25.306743,-101.411122,1682,G14C32,2,*,*,1
50110240,,5,Coahuila de Zaragoza,Coah.,11,General Cepeda,240,Dionisio Salazar Torres,R,"25°25´24.261N""","101°22´20.787W""",25.423405,-101.37244,1375,G14C32,0,0,0,0
50110241,,5,Coahuila de Zaragoza,Coah.,11,General Cepeda,241,La Paz [Granja Avícola],R,"25°19´18.410N""","101°24´57.836W""",25.32178,-101.416066,1620,G14C32,7,*,*,2
50110242,,5,Coahuila de Zaragoza,Coah.,11,General Cepeda,242,Hacienda San Isidro de Gómez,R,"25°18´02.904N""","101°23´23.820W""",25.300807,-101.38995,1697,G14C32,41,19,22,10
50110243,,5,Coahuila de Zaragoza,Coah.,11,General Cepeda,243,Juan Manuel Bueno,R,"25°27´36.206N""","101°26´43.743W""",25.460057,-101.445484,1318,G14C32,0,0,0,0
50110244,,5,Coahuila de Zaragoza,Coah.,11,General Cepeda,244,La Florida,R,"25°26´18.668N""","101°27´46.100W""",25.438519,-101.462806,1351,G14C32,0,0,0,0
50110245,,5,Coahuila de Zaragoza,Coah.,11,General Cepeda,245,María Trinidad Zertuche,R,"25°26´05.884N""","101°23´40.042W""",25.434967,-101.394456,1358,G14C32,0,0,0,0
50110246,,5,Coahuila de Zaragoza,Coah.,11,General Cepeda,246,Ingeniero Leal,R,"25°24´19.383N""","101°26´42.259W""",25.405384,-101.445072,1447,G14C32,0,0,0,0
50110247,,5,Coahuila de Zaragoza,Coah.,11,General Cepeda,247,Potrero de Cárdenas,R,"25°24´10.029N""","101°25´22.393W""",25.402786,-101.422886,1468,G14C32,0,0,0,0
50110248,,5,Coahuila de Zaragoza,Coah.,11,General Cepeda,248,Delfino Juárez Soria,R,"25°22´20.171N""","101°31´16.910W""",25.372269,-101.521363,1502,G14C32,1,*,*,1
50110249,,5,Coahuila de Zaragoza,Coah.,11,General Cepeda,249,Antonio Téllez,R,"25°21´43.865N""","101°29´00.513W""",25.362185,-101.483476,1500,G14C32,0,0,0,0
50110250,,5,Coahuila de Zaragoza,Coah.,11,General Cepeda,250,El Rema (Víctor Reina),R,"25°21´12.439N""","101°27´36.946W""",25.353455,-101.460263,1535,G14C32,0,0,0,0
50110251,,5,Coahuila de Zaragoza,Coah.,11,General Cepeda,251,La Nogalera,R,"25°19´04.926N""","101°24´36.469W""",25.318034,-101.41013,1629,G14C32,3,*,*,1
50110252,,5,Coahuila de Zaragoza,Coah.,11,General Cepeda,252,San Antonio del Jaral,R,"25°34´10.930N""","101°25´23.575W""",25.569702,-101.423215,1177,G14C22,11,*,*,2
50110253,,5,Coahuila de Zaragoza,Coah.,11,General Cepeda,253,El Monte,R,"25°30´56.180N""","101°33´57.278W""",25.515606,-101.565911,1366,G14C22,0,0,0,0
50110254,,5,Coahuila de Zaragoza,Coah.,11,General Cepeda,254,Juventino Guadalupe Fonseca Sánchez,R,"25°31´00.775N""","101°21´18.222W""",25.516881,-101.355062,1248,G14C22,0,0,0,0
50110255,,5,Coahuila de Zaragoza,Coah.,11,General Cepeda,255,Ariel de la Cruz,R,"25°30´42.324N""","101°21´03.840W""",25.511757,-101.351067,1252,G14C22,0,0,0,0
50110257,,5,Coahuila de Zaragoza,Coah.,11,General Cepeda,257,La Huerta (La Nogalera),R,"25°32´32.130N""","101°41´56.053W""",25.542258,-101.698903,1293,G14C21,0,0,0,0
50110258,,5,Coahuila de Zaragoza,Coah.,11,General Cepeda,258,Santa María (El Marrano),R,"25°34´25.885N""","101°42´52.795W""",25.573856,-101.714665,1263,G14C21,0,0,0,0
50110259,,5,Coahuila de Zaragoza,Coah.,11,General Cepeda,259,El Potrero,R,"25°31´14.805N""","101°23´22.458W""",25.520779,-101.389571,1225,G14C22,-,-,-,-
50110260,,5,Coahuila de Zaragoza,Coah.,11,General Cepeda,260,Ramiro Covarrubias,R,"25°30´45.705N""","101°21´12.864W""",25.512696,-101.353573,1250,G14C22,0,0,0,0
50110261,,5,Coahuila de Zaragoza,Coah.,11,General Cepeda,261,Herminio Sánchez Abeldaño,R,"25°21´45.561N""","101°41´19.503W""",25.362656,-101.688751,1602,G14C31,0,0,0,0
50110262,,5,Coahuila de Zaragoza,Coah.,11,General Cepeda,262,Isidro Sánchez,R,"25°20´59.059N""","101°40´48.954W""",25.349738,-101.680264,1619,G14C31,0,0,0,0
50110263,,5,Coahuila de Zaragoza,Coah.,11,General Cepeda,263,José García Durán,R,"25°22´11.764N""","101°40´11.983W""",25.369934,-101.669995,1574,G14C31,0,0,0,0
50110264,,5,Coahuila de Zaragoza,Coah.,11,General Cepeda,264,La Cruz (Luis Zamora),R,"25°22´57.305N""","101°25´34.193W""",25.382584,-101.426164,1523,G14C32,7,*,*,1
50110266,,5,Coahuila de Zaragoza,Coah.,11,General Cepeda,266,Los Piquininos,R,"25°23´56.628N""","101°28´36.447W""",25.399063,-101.47679,1420,G14C32,0,0,0,0
50110267,,5,Coahuila de Zaragoza,Coah.,11,General Cepeda,267,Las Liebres,R,"25°21´43.567N""","101°21´13.522W""",25.362102,-101.353756,1580,G14C32,0,0,0,0
50110268,,5,Coahuila de Zaragoza,Coah.,11,General Cepeda,268,Los Abuelos (La Mesa),R,"25°29´16.446N""","101°23´13.681W""",25.487901,-101.387133,1278,G14C32,2,*,*,1
50110269,,5,Coahuila de Zaragoza,Coah.,11,General Cepeda,269,San Juan,R,"25°29´03.006N""","101°23´49.309W""",25.484168,-101.39703,1273,G14C32,2,*,*,1
50110270,,5,Coahuila de Zaragoza,Coah.,11,General Cepeda,270,La Herencia,R,"25°29´06.616N""","101°23´57.734W""",25.485171,-101.39937,1270,G14C32,3,*,*,1
50110271,,5,Coahuila de Zaragoza,Coah.,11,General Cepeda,271,Mi Única Estrella,R,"25°29´16.601N""","101°24´10.158W""",25.487944,-101.402822,1265,G14C32,2,*,*,1
50110272,,5,Coahuila de Zaragoza,Coah.,11,General Cepeda,272,La Herradura,R,"25°25´03.854N""","101°31´29.675W""",25.417737,-101.524909,1426,G14C32,0,0,0,0
50110273,,5,Coahuila de Zaragoza,Coah.,11,General Cepeda,273,El Papalote,R,"25°24´58.764N""","101°31´15.603W""",25.416323,-101.521,1424,G14C32,5,*,*,1
50110274,,5,Coahuila de Zaragoza,Coah.,11,General Cepeda,274,Las Huertas,R,"25°25´07.552N""","101°30´45.179W""",25.418764,-101.51255,1411,G14C32,0,0,0,0
50110275,,5,Coahuila de Zaragoza,Coah.,11,General Cepeda,275,Las Bugambilias,R,"25°19´30.295N""","101°24´45.493W""",25.325081,-101.412637,1619,G14C32,5,*,*,1
50110276,,5,Coahuila de Zaragoza,Coah.,11,General Cepeda,276,Tequila,R,"25°25´52.299N""","101°32´59.520W""",25.431194,-101.549866,1395,G14C32,0,0,0,0
50110277,,5,Coahuila de Zaragoza,Coah.,11,General Cepeda,277,El Corralero,R,"25°25´55.918N""","101°33´15.440W""",25.432199,-101.554289,1386,G14C32,4,*,*,1
50110278,,5,Coahuila de Zaragoza,Coah.,11,General Cepeda,278,Miguel Rodríguez Olivan,R,"25°24´06.450N""","101°33´18.691W""",25.401792,-101.555192,1470,G14C32,2,*,*,1
50110279,,5,Coahuila de Zaragoza,Coah.,11,General Cepeda,279,San Miguel,R,"25°30´22.243N""","101°18´40.549W""",25.506179,-101.311264,1305,G14C23,0,0,0,0
50110280,,5,Coahuila de Zaragoza,Coah.,11,General Cepeda,280,El Carmen,R,"25°32´24.030N""","101°19´17.580W""",25.540008,-101.321549,1292,G14C23,3,*,*,1
50110281,,5,Coahuila de Zaragoza,Coah.,11,General Cepeda,281,El Álamo (Genaro Nieto Alemán),R,"25°23´04.838N""","101°29´10.585W""",25.384677,-101.486273,1472,G14C32,2,*,*,1
50110282,,5,Coahuila de Zaragoza,Coah.,11,General Cepeda,282,Los Nogales,R,"25°22´09.084N""","101°38´48.930W""",25.369189,-101.646925,1562,G14C32,0,0,0,0
50110283,,5,Coahuila de Zaragoza,Coah.,11,General Cepeda,283,Socorro Guerrero Vázquez,R,"25°21´51.517N""","101°40´02.337W""",25.36431,-101.667315,1583,G14C31,0,0,0,0
50110284,,5,Coahuila de Zaragoza,Coah.,11,General Cepeda,284,Tomas Vargas Ortiz,R,"25°22´23.078N""","101°39´53.531W""",25.373077,-101.66487,1571,G14C32,0,0,0,0
50110285,,5,Coahuila de Zaragoza,Coah.,11,General Cepeda,285,Guillermo Rodríguez Vargas,R,"25°20´09.730N""","101°38´02.544W""",25.336036,-101.63404,1619,G14C32,0,0,0,0
50110286,,5,Coahuila de Zaragoza,Coah.,11,General Cepeda,286,El Rincón del Viejo,R,"25°25´35.740N""","101°28´09.180W""",25.426594,-101.469216,1380,G14C32,0,0,0,0
50110287,,5,Coahuila de Zaragoza,Coah.,11,General Cepeda,287,Dos Hermanos,R,"25°23´45.999N""","101°28´51.939W""",25.396111,-101.481094,1439,G14C32,2,*,*,1
50110288,,5,Coahuila de Zaragoza,Coah.,11,General Cepeda,288,Cocoyome,R,"25°19´31.050N""","101°25´10.360W""",25.325291,-101.419544,1609,G14C32,3,*,*,1
50110289,,5,Coahuila de Zaragoza,Coah.,11,General Cepeda,289,El Mirador,R,"25°25´00.279N""","101°30´29.840W""",25.416744,-101.508289,1413,G14C32,1,*,*,1
50110290,,5,Coahuila de Zaragoza,Coah.,11,General Cepeda,290,Las Palmas,R,"25°33´20.625N""","101°24´45.437W""",25.555729,-101.412621,1200,G14C22,2,*,*,1
50110291,,5,Coahuila de Zaragoza,Coah.,11,General Cepeda,291,El Laberinto,R,"25°33´54.700N""","101°22´13.700W""",25.565194,-101.370472,1174,G14C22,0,0,0,0
50110292,,5,Coahuila de Zaragoza,Coah.,11,General Cepeda,292,El Toro [Campestre],R,"25°32´44.279N""","101°23´39.330W""",25.545633,-101.394258,1202,G14C22,5,*,*,1
50110293,,5,Coahuila de Zaragoza,Coah.,11,General Cepeda,293,Miguel Tello Chávez,R,"25°22´31.685N""","101°31´45.651W""",25.375467,-101.529347,1494,G14C32,0,0,0,0
50110294,,5,Coahuila de Zaragoza,Coah.,11,General Cepeda,294,Piquininos,R,"25°24´08.389N""","101°29´00.250W""",25.40233,-101.483402,1429,G14C32,5,*,*,1
50110295,,5,Coahuila de Zaragoza,Coah.,11,General Cepeda,295,Ajosenal,R,"25°33´14.900N""","101°22´01.200W""",25.554139,-101.366999,1206,G14C22,0,0,0,0
50110296,,5,Coahuila de Zaragoza,Coah.,11,General Cepeda,296,El Milagro,R,"25°35´27.091N""","101°51´30.933W""",25.590858,-101.858593,1230,G14C21,0,0,0,0
50110297,,5,Coahuila de Zaragoza,Coah.,11,General Cepeda,297,Jorge Luis Nava Puente,R,"25°24´22.390N""","101°39´32.690W""",25.406219,-101.659081,1509,G14C32,0,0,0,0
50110298,,5,Coahuila de Zaragoza,Coah.,11,General Cepeda,298,San Ignacio,R,"25°22´53.280N""","101°34´04.940W""",25.381466,-101.568038,1511,G14C32,2,*,*,1
50110299,,5,Coahuila de Zaragoza,Coah.,11,General Cepeda,299,Ramón Saucedo Ramírez,R,"25°26´04.580N""","101°34´53.370W""",25.434605,-101.581491,1382,G14C32,0,0,0,0
50110300,,5,Coahuila de Zaragoza,Coah.,11,General Cepeda,300,Antonio Briseño,R,"25°22´40.580N""","101°32´32.780W""",25.377938,-101.542439,1516,G14C32,1,*,*,1
50110301,,5,Coahuila de Zaragoza,Coah.,11,General Cepeda,301,Ascensión Vázquez Camacho,R,"25°25´44.880N""","101°32´06.430W""",25.429133,-101.535119,1406,G14C32,0,0,0,0
50110302,,5,Coahuila de Zaragoza,Coah.,11,General Cepeda,302,El Chuzo,R,"25°22´47.470N""","101°27´48.950W""",25.379852,-101.463597,1462,G14C32,5,*,*,2
50110303,,5,Coahuila de Zaragoza,Coah.,11,General Cepeda,303,Ascensión Gómez Herrera,R,"25°22´56.700N""","101°29´13.700W""",25.382416,-101.487139,1468,G14C32,6,*,*,1
50110304,,5,Coahuila de Zaragoza,Coah.,11,General Cepeda,304,Charco San Isidro,R,"25°25´04.660N""","101°29´00.330W""",25.41796,-101.483425,1396,G14C32,0,0,0,0
50110305,,5,Coahuila de Zaragoza,Coah.,11,General Cepeda,305,La Alegría,R,"25°30´00.200N""","101°27´19.770W""",25.500056,-101.455492,1279,G14C22,0,0,0,0
50110306,,5,Coahuila de Zaragoza,Coah.,11,General Cepeda,306,El Jabalí,R,"25°27´34.930N""","101°30´44.510W""",25.459703,-101.512364,1330,G14C32,0,0,0,0
50110307,,5,Coahuila de Zaragoza,Coah.,11,General Cepeda,307,Florida,R,"25°28´20.430N""","101°28´54.320W""",25.472341,-101.481755,1341,G14C32,0,0,0,0
50110308,,5,Coahuila de Zaragoza,Coah.,11,General Cepeda,308,Jesús Oliete,R,"25°29´12.210N""","101°27´50.410W""",25.486725,-101.464003,1295,G14C32,0,0,0,0
50110309,,5,Coahuila de Zaragoza,Coah.,11,General Cepeda,309,José Varela Martínez,R,"25°28´05.410N""","101°27´02.410W""",25.468169,-101.450669,1313,G14C32,0,0,0,0
50110310,,5,Coahuila de Zaragoza,Coah.,11,General Cepeda,310,La Alegría,R,"25°29´34.290N""","101°27´00.660W""",25.492858,-101.450183,1287,G14C32,0,0,0,0
50110311,,5,Coahuila de Zaragoza,Coah.,11,General Cepeda,311,La Cabaña,R,"25°27´33.290N""","101°31´25.360W""",25.459247,-101.52371,1323,G14C32,0,0,0,0
50110312,,5,Coahuila de Zaragoza,Coah.,11,General Cepeda,312,Magdalena Rodríguez,R,"25°26´19.990N""","101°26´53.750W""",25.438886,-101.448264,1342,G14C32,0,0,0,0
50110313,,5,Coahuila de Zaragoza,Coah.,11,General Cepeda,313,Mario Ramos,R,"25°27´43.520N""","101°27´27.320W""",25.462089,-101.457589,1317,G14C32,0,0,0,0
50110314,,5,Coahuila de Zaragoza,Coah.,11,General Cepeda,314,Jesús Guzmán,R,"25°28´07.910N""","101°27´00.410W""",25.468863,-101.450114,1312,G14C32,0,0,0,0
50110315,,5,Coahuila de Zaragoza,Coah.,11,General Cepeda,315,Blas Pérez Espinosa,R,"25°23´42.010N""","101°32´22.990W""",25.395002,-101.539719,1469,G14C32,0,0,0,0
50110316,,5,Coahuila de Zaragoza,Coah.,11,General Cepeda,316,Mario Sánchez,R,"25°22´56.580N""","101°30´18.360W""",25.382383,-101.5051,1461,G14C32,0,0,0,0
50110317,,5,Coahuila de Zaragoza,Coah.,11,General Cepeda,317,Alfonso Reyes Mares,R,"25°24´02.900N""","101°32´17.080W""",25.400806,-101.538077,1460,G14C32,0,0,0,0
50110318,,5,Coahuila de Zaragoza,Coah.,11,General Cepeda,318,Armando Salas,R,"25°24´48.530N""","101°30´30.350W""",25.413481,-101.508431,1422,G14C32,0,0,0,0
50110319,,5,Coahuila de Zaragoza,Coah.,11,General Cepeda,319,El Ranchito,R,"25°25´35.980N""","101°32´47.560W""",25.42666,-101.546544,1403,G14C32,0,0,0,0
50110320,,5,Coahuila de Zaragoza,Coah.,11,General Cepeda,320,La Calaverna,R,"25°23´58.690N""","101°29´59.090W""",25.399636,-101.499747,1432,G14C32,0,0,0,0
50110321,,5,Coahuila de Zaragoza,Coah.,11,General Cepeda,321,Ismael Gómez Briones,R,"25°22´57.470N""","101°30´30.150W""",25.38263,-101.508375,1451,G14C32,2,*,*,1
50110322,,5,Coahuila de Zaragoza,Coah.,11,General Cepeda,322,Jacobo Sánchez,R,"25°23´09.140N""","101°30´14.690W""",25.385872,-101.504081,1455,G14C32,0,0,0,0
50110323,,5,Coahuila de Zaragoza,Coah.,11,General Cepeda,323,Juan Sánchez,R,"25°22´55.710N""","101°30´08.310W""",25.382141,-101.502308,1461,G14C32,0,0,0,0
50110324,,5,Coahuila de Zaragoza,Coah.,11,General Cepeda,324,Quiroz,R,"25°23´32.020N""","101°30´00.370W""",25.392227,-101.500103,1442,G14C32,0,0,0,0
50110325,,5,Coahuila de Zaragoza,Coah.,11,General Cepeda,325,La Florida,R,"25°26´05.010N""","101°27´45.700W""",25.434725,-101.462694,1357,G14C32,0,0,0,0
50110326,,5,Coahuila de Zaragoza,Coah.,11,General Cepeda,326,Socorro Pizarro,R,"25°23´07.640N""","101°30´34.500W""",25.385455,-101.509583,1460,G14C32,0,0,0,0
50110327,,5,Coahuila de Zaragoza,Coah.,11,General Cepeda,327,Mario Rodríguez,R,"25°25´11.750N""","101°29´34.230W""",25.41993,-101.492841,1400,G14C32,0,0,0,0
50110328,,5,Coahuila de Zaragoza,Coah.,11,General Cepeda,328,Francisco de León Samaniego,R,"25°24´38.520N""","101°28´30.270W""",25.4107,-101.475074,1407,G14C32,0,0,0,0
50110329,,5,Coahuila de Zaragoza,Coah.,11,General Cepeda,329,Julio Nieto Guia,R,"25°24´45.680N""","101°28´26.670W""",25.412689,-101.474074,1404,G14C32,0,0,0,0
50110330,,5,Coahuila de Zaragoza,Coah.,11,General Cepeda,330,María Gutiérrez,R,"25°24´44.100N""","101°29´25.920W""",25.41225,-101.490533,1410,G14C32,0,0,0,0
50110331,,5,Coahuila de Zaragoza,Coah.,11,General Cepeda,331,Tomás Perales Saucedo,R,"25°23´48.280N""","101°29´30.130W""",25.396744,-101.491702,1433,G14C32,0,0,0,0
50110332,,5,Coahuila de Zaragoza,Coah.,11,General Cepeda,332,Julián Soto,R,"25°23´49.740N""","101°29´26.350W""",25.39715,-101.490652,1434,G14C32,0,0,0,0
50110333,,5,Coahuila de Zaragoza,Coah.,11,General Cepeda,333,Mauricio Cepeda,R,"25°23´39.780N""","101°29´42.020W""",25.394383,-101.495005,1437,G14C32,0,0,0,0
50110334,,5,Coahuila de Zaragoza,Coah.,11,General Cepeda,334,Mispah,R,"25°25´21.930N""","101°28´53.350W""",25.422758,-101.481485,1381,G14C32,0,0,0,0
50110335,,5,Coahuila de Zaragoza,Coah.,11,General Cepeda,335,Vicente Ruiz,R,"25°23´22.590N""","101°29´16.640W""",25.389608,-101.487955,1441,G14C32,0,0,0,0
50110336,,5,Coahuila de Zaragoza,Coah.,11,General Cepeda,336,Ramiro Peña Guerra,R,"25°23´18.400N""","101°29´24.840W""",25.388444,-101.490233,1448,G14C32,0,0,0,0
50110337,,5,Coahuila de Zaragoza,Coah.,11,General Cepeda,337,Rodolfo Cerecero,R,"25°23´11.200N""","101°29´47.050W""",25.386444,-101.496402,1451,G14C32,1,*,*,1
50110338,,5,Coahuila de Zaragoza,Coah.,11,General Cepeda,338,Predio 29,R,"25°23´05.500N""","101°29´39.320W""",25.384861,-101.494255,1457,G14C32,0,0,0,0
50110339,,5,Coahuila de Zaragoza,Coah.,11,General Cepeda,339,Arnoldo Salas,R,"25°23´01.670N""","101°29´35.780W""",25.383797,-101.493272,1458,G14C32,0,0,0,0
50110340,,5,Coahuila de Zaragoza,Coah.,11,General Cepeda,340,Los Cascos,R,"25°23´01.250N""","101°26´45.260W""",25.38368,-101.445905,1482,G14C32,0,0,0,0
50110341,,5,Coahuila de Zaragoza,Coah.,11,General Cepeda,341,José Alberto Alemán,R,"25°23´22.880N""","101°27´43.500W""",25.389689,-101.462083,1450,G14C32,0,0,0,0
50110342,,5,Coahuila de Zaragoza,Coah.,11,General Cepeda,342,San Miguel,R,"25°30´18.710N""","101°20´03.550W""",25.505197,-101.334319,1266,G14C22,0,0,0,0
50110343,,5,Coahuila de Zaragoza,Coah.,11,General Cepeda,343,Esau Israel Juárez Morales,R,"25°22´04.730N""","101°31´17.486W""",25.36798,-101.521523,1513,G14C32,0,0,0,0
50110344,,5,Coahuila de Zaragoza,Coah.,11,General Cepeda,344,Ariana Sánchez,R,"25°21´55.197N""","101°34´31.788W""",25.365333,-101.575496,1550,G14C32,4,*,*,1
50110345,,5,Coahuila de Zaragoza,Coah.,11,General Cepeda,345,Movimiento Gnóstico [Centro de Estudio],R,"25°20´20.259N""","101°39´01.655W""",25.338961,-101.65046,1628,G14C32,0,0,0,0
50110346,,5,Coahuila de Zaragoza,Coah.,11,General Cepeda,346,Leticia,R,"25°29´25.198N""","101°26´55.555W""",25.490332,-101.448765,1289,G14C32,0,0,0,0
50110347,,5,Coahuila de Zaragoza,Coah.,11,General Cepeda,347,El Gato,R,"25°27´53.578N""","101°26´50.939W""",25.464883,-101.447483,1311,G14C32,0,0,0,0
50110348,,5,Coahuila de Zaragoza,Coah.,11,General Cepeda,348,Buñuelos,R,"25°39´30.867N""","101°51´21.947W""",25.658574,-101.856096,1190,G14C21,5,*,*,1
50110349,,5,Coahuila de Zaragoza,Coah.,11,General Cepeda,349,Rincón de Arcentales [Fraccionamiento Campestre],R,"25°29´13.939N""","101°22´07.768W""",25.487205,-101.368824,1276,G14C32,0,0,0,0
50110350,,5,Coahuila de Zaragoza,Coah.,11,General Cepeda,350,Roberto Murillo,R,"25°29´52.119N""","101°20´26.648W""",25.497811,-101.340735,1278,G14C32,0,0,0,0
50110351,,5,Coahuila de Zaragoza,Coah.,11,General Cepeda,351,La Macarena,R,"25°28´59.415N""","101°21´09.366W""",25.48317,-101.352602,1285,G14C32,1,*,*,1
50110352,,5,Coahuila de Zaragoza,Coah.,11,General Cepeda,352,La Mal Querida,R,"25°29´33.498N""","101°19´35.430W""",25.492638,-101.326508,1305,G14C33,4,*,*,1
50110353,,5,Coahuila de Zaragoza,Coah.,11,General Cepeda,353,El Huapango,R,"25°29´34.855N""","101°24´07.789W""",25.493015,-101.402164,1259,G14C32,0,0,0,0
50110354,,5,Coahuila de Zaragoza,Coah.,11,General Cepeda,354,Ricardo Jasso Zapata,R,"25°28´25.835N""","101°19´47.132W""",25.473842,-101.329758,1337,G14C33,1,*,*,1
50110355,,5,Coahuila de Zaragoza,Coah.,11,General Cepeda,355,Víctor Ayala,R,"25°32´03.983N""","101°23´48.881W""",25.534439,-101.396911,1210,G14C22,0,0,0,0
50110356,,5,Coahuila de Zaragoza,Coah.,11,General Cepeda,356,Las Hormigas (Francisco Almaguer Hernández),R,"25°20´12.732N""","101°37´10.713W""",25.33687,-101.619642,1649,G14C32,3,*,*,1
50110357,,5,Coahuila de Zaragoza,Coah.,11,General Cepeda,357,Jesús Cedillo Ramírez,R,"25°27´24.370N""","101°24´36.060W""",25.456769,-101.410017,1313,G14C32,3,*,*,1
50110358,,5,Coahuila de Zaragoza,Coah.,11,General Cepeda,358,José Luis Vielma Charles,R,"25°27´20.740N""","101°25´07.980W""",25.455761,-101.418883,1311,G14C32,0,0,0,0
50110359,,5,Coahuila de Zaragoza,Coah.,11,General Cepeda,359,La Carreta,R,"25°36´18.652N""","101°27´04.942W""",25.605181,-101.451373,1154,G14C22,1,*,*,1
50110360,,5,Coahuila de Zaragoza,Coah.,11,General Cepeda,360,Margarito Aldaco (La Rosita),R,"25°33´36.890N""","101°24´53.600W""",25.560247,-101.414889,1191,G14C22,5,*,*,1
50110361,,5,Coahuila de Zaragoza,Coah.,11,General Cepeda,361,La Casa Naranja,R,"25°22´29.553N""","101°26´30.517W""",25.374875,-101.44181,1475,G14C32,0,0,0,0
50110362,,5,Coahuila de Zaragoza,Coah.,11,General Cepeda,362,El Inicio,R,"25°22´20.710N""","101°26´20.240W""",25.372419,-101.438955,1476,G14C32,0,0,0,0
50110363,,5,Coahuila de Zaragoza,Coah.,11,General Cepeda,363,Emilio Arizpe,R,"25°20´58.080N""","101°28´22.540W""",25.349466,-101.472927,1519,G14C32,4,*,*,1
50110364,,5,Coahuila de Zaragoza,Coah.,11,General Cepeda,364,Jesús Sánchez Rangel,R,"25°23´21.260N""","101°28´05.000W""",25.389239,-101.468055,1459,G14C32,0,0,0,0
50110365,,5,Coahuila de Zaragoza,Coah.,11,General Cepeda,365,Carlos Ortiz,R,"25°22´15.840N""","101°26´56.470W""",25.371066,-101.449019,1479,G14C32,0,0,0,0
50110366,,5,Coahuila de Zaragoza,Coah.,11,General Cepeda,366,La Estacada,R,"25°23´40.390N""","101°29´23.520W""",25.394552,-101.489866,1433,G14C32,4,*,*,1
50110367,,5,Coahuila de Zaragoza,Coah.,11,General Cepeda,367,Alto Vaquería,R,"25°21´58.770N""","101°29´44.710W""",25.366325,-101.495752,1512,G14C32,0,0,0,0
50110368,,5,Coahuila de Zaragoza,Coah.,11,General Cepeda,368,Camacho,R,"25°22´39.055N""","101°27´28.096W""",25.377515,-101.457804,1463,G14C32,3,*,*,1
50110369,,5,Coahuila de Zaragoza,Coah.,11,General Cepeda,369,Alfonso Álvarez,R,"25°26´08.630N""","101°35´02.060W""",25.43573,-101.583905,1380,G14C32,0,0,0,0
50110370,,5,Coahuila de Zaragoza,Coah.,11,General Cepeda,370,El Nogal,R,"25°20´49.077N""","101°28´50.986W""",25.346966,-101.480829,1531,G14C32,0,0,0,0
50110371,,5,Coahuila de Zaragoza,Coah.,11,General Cepeda,371,Altamira (Jesús Vázquez Morales),R,"25°21´09.663N""","101°27´27.901W""",25.352684,-101.45775,1541,G14C32,2,*,*,1
50110372,,5,Coahuila de Zaragoza,Coah.,11,General Cepeda,372,El Portal,R,"25°37´14.763N""","101°26´57.894W""",25.620767,-101.449415,1140,G14C22,0,0,0,0
50110373,,5,Coahuila de Zaragoza,Coah.,11,General Cepeda,373,Jesús Perales,R,"25°18´42.990N""","101°24´42.840W""",25.311942,-101.4119,1677,G14C32,2,*,*,1
50110374,,5,Coahuila de Zaragoza,Coah.,11,General Cepeda,374,Francisco Torres Mata,R,"25°18´02.130N""","101°24´30.390W""",25.300592,-101.408442,1707,G14C32,2,*,*,1
50110375,,5,Coahuila de Zaragoza,Coah.,11,General Cepeda,375,Máximo Sánchez,R,"25°17´21.280N""","101°25´34.600W""",25.289244,-101.426277,1698,G14C32,2,*,*,1
50110376,,5,Coahuila de Zaragoza,Coah.,11,General Cepeda,376,Esteban de la Riva,R,"25°17´44.760N""","101°25´27.870W""",25.295766,-101.424408,1682,G14C32,8,*,*,2
50110377,,5,Coahuila de Zaragoza,Coah.,11,General Cepeda,377,Antonio Martínez Domínguez,R,"25°18´56.740N""","101°23´52.930W""",25.315761,-101.398036,1653,G14C32,2,*,*,1
50110378,,5,Coahuila de Zaragoza,Coah.,11,General Cepeda,378,Víctor Manuel Torres,R,"25°12´09.430N""","101°26´31.400W""",25.202619,-101.442055,2092,G14C42,0,0,0,0
50110379,,5,Coahuila de Zaragoza,Coah.,11,General Cepeda,379,Juan Pablo Cisneros Sena,R,"25°12´18.240N""","101°26´37.880W""",25.205067,-101.443855,2082,G14C42,2,*,*,1
50110380,,5,Coahuila de Zaragoza,Coah.,11,General Cepeda,380,El Nogal,R,"25°35´54.692N""","101°27´32.759W""",25.598525,-101.4591,1161,G14C22,-,-,-,-
