MAPA,Estatus,CVE_ENT,NOM_ENT,NOM_ABR,CVE_MUN,NOM_MUN,CVE_LOC,NOM_LOC,AMBITO,LATITUD,LONGITUD,LAT_DECIMAL,LON_DECIMAL,ALTITUD,CVE_CARTA,POB_TOTAL,POB_MASCULINA,POB_FEMENINA,TOTAL DE VIVIENDAS HABITADAS
50250001,,5,Coahuila de Zaragoza,Coah.,25,Piedras Negras,1,Piedras Negras,U,"28°42´29.135N""","100°31´42.389W""",28.708093,-100.528441,225,H14C65,173959,87134,86825,51302
50250002,,5,Coahuila de Zaragoza,Coah.,25,Piedras Negras,2,El Centinela,R,"28°47´27.296N""","100°33´51.083W""",28.790915,-100.56419,229,H14C55,107,59,48,29
50250005,,5,Coahuila de Zaragoza,Coah.,25,Piedras Negras,5,Fortunato de Hoyos,R,"28°46´12.574N""","100°32´39.690W""",28.770159,-100.544358,220,H14C55,1,*,*,1
50250009,,5,Coahuila de Zaragoza,Coah.,25,Piedras Negras,9,El Seis,R,"28°50´28.048N""","100°40´16.500W""",28.841124,-100.671249,251,H14C54,0,0,0,0
50250012,,5,Coahuila de Zaragoza,Coah.,25,Piedras Negras,12,Ricardo González (La Lobera),R,"28°38´56.660N""","100°29´14.840W""",28.649072,-100.487455,222,H14C65,0,0,0,0
50250015,,5,Coahuila de Zaragoza,Coah.,25,Piedras Negras,15,El Moral,R,"28°53´27.459N""","100°37´40.800W""",28.890961,-100.627999,235,H14C55,370,180,190,119
50250018,,5,Coahuila de Zaragoza,Coah.,25,Piedras Negras,18,La Navaja,R,"28°49´40.569N""","100°35´26.900W""",28.827935,-100.590805,224,H14C55,0,0,0,0
50250019,,5,Coahuila de Zaragoza,Coah.,25,Piedras Negras,19,La Muralla,R,"28°52´49.618N""","100°41´04.529W""",28.880449,-100.684591,247,H14C54,5,*,*,1
50250020,,5,Coahuila de Zaragoza,Coah.,25,Piedras Negras,20,Garambullo (Gustavo Carranza),R,"28°44´09.950N""","100°32´43.060W""",28.736097,-100.545294,228,H14C65,1,*,*,1
50250023,,5,Coahuila de Zaragoza,Coah.,25,Piedras Negras,23,El Refugio,R,"28°51´36.320N""","100°43´37.613W""",28.860089,-100.727114,260,H14C54,0,0,0,0
50250024,,5,Coahuila de Zaragoza,Coah.,25,Piedras Negras,24,Las Tres Erres,R,"28°52´13.008N""","100°39´46.463W""",28.870279,-100.662906,242,H14C55,0,0,0,0
50250025,,5,Coahuila de Zaragoza,Coah.,25,Piedras Negras,25,San Francisco,R,"28°37´49.362N""","100°28´17.426W""",28.630378,-100.471507,220,H14C65,2,*,*,1
50250026,,5,Coahuila de Zaragoza,Coah.,25,Piedras Negras,26,San Isidro,R,"28°51´59.132N""","100°37´20.201W""",28.866426,-100.622277,234,H14C55,73,34,39,24
50250028,,5,Coahuila de Zaragoza,Coah.,25,Piedras Negras,28,Santo Cristo (La Viuda),R,"28°46´11.642N""","100°33´07.534W""",28.7699,-100.552093,223,H14C55,2,*,*,1
50250032,,5,Coahuila de Zaragoza,Coah.,25,Piedras Negras,32,Casa Roja,R,"28°45´35.100N""","100°39´48.819W""",28.75975,-100.663561,280,H14C55,3,*,*,1
50250036,,5,Coahuila de Zaragoza,Coah.,25,Piedras Negras,36,Chapultepec,R,"28°39´19.436N""","100°30´29.580W""",28.655399,-100.508217,228,H14C65,1,*,*,1
50250038,,5,Coahuila de Zaragoza,Coah.,25,Piedras Negras,38,Rodolfo Martínez (El Melado),R,"28°46´10.500N""","100°36´01.670W""",28.769583,-100.600464,259,H14C55,0,0,0,0
50250040,,5,Coahuila de Zaragoza,Coah.,25,Piedras Negras,40,Lorenzo Castilleja,R,"28°45´41.540N""","100°34´13.247W""",28.761539,-100.570346,233,H14C55,0,0,0,0
50250041,,5,Coahuila de Zaragoza,Coah.,25,Piedras Negras,41,Rincón de San Nicolás,R,"28°37´38.405N""","100°28´16.301W""",28.627334,-100.471194,227,H14C65,0,0,0,0
50250045,,5,Coahuila de Zaragoza,Coah.,25,Piedras Negras,45,La Conquista,R,"28°49´04.209N""","100°34´49.287W""",28.817835,-100.580357,230,H14C55,0,0,0,0
50250051,,5,Coahuila de Zaragoza,Coah.,25,Piedras Negras,51,Jaime Martínez (Las Vegas del Centinela),R,"28°48´50.226N""","100°32´52.144W""",28.813952,-100.547817,227,H14C55,2,*,*,1
50250054,,5,Coahuila de Zaragoza,Coah.,25,Piedras Negras,54,Las Tinajas,R,"28°44´36.642N""","100°37´33.167W""",28.743511,-100.625879,274,H14C65,0,0,0,0
50250064,,5,Coahuila de Zaragoza,Coah.,25,Piedras Negras,64,El Pony,R,"28°52´21.189N""","100°40´04.369W""",28.872552,-100.66788,237,H14C54,0,0,0,0
50250069,,5,Coahuila de Zaragoza,Coah.,25,Piedras Negras,69,Don Pillon,R,"28°39´35.615N""","100°30´50.307W""",28.659893,-100.513974,224,H14C65,0,0,0,0
50250070,,5,Coahuila de Zaragoza,Coah.,25,Piedras Negras,70,La Navaja (La Loma),R,"28°49´20.620N""","100°37´07.073W""",28.822394,-100.618631,260,H14C55,174,85,89,48
50250071,,5,Coahuila de Zaragoza,Coah.,25,Piedras Negras,71,El Nogal,R,"28°51´35.663N""","100°42´53.137W""",28.859906,-100.71476,253,H14C54,5,*,*,2
50250073,,5,Coahuila de Zaragoza,Coah.,25,Piedras Negras,73,Alfredo Bass (Zambrano),R,"28°51´31.269N""","100°36´18.395W""",28.858686,-100.60511,232,H14C55,0,0,0,0
50250075,,5,Coahuila de Zaragoza,Coah.,25,Piedras Negras,75,Labasa,R,"28°45´12.970N""","100°33´34.430W""",28.753603,-100.559564,224,H14C55,0,0,0,0
50250079,,5,Coahuila de Zaragoza,Coah.,25,Piedras Negras,79,El Colibrí,R,"28°54´07.408N""","100°38´02.715W""",28.902058,-100.634087,233,H14C55,2,*,*,1
50250088,,5,Coahuila de Zaragoza,Coah.,25,Piedras Negras,88,Héctor Galindo,R,"28°54´46.890N""","100°39´03.179W""",28.913025,-100.650883,260,H14C55,3,*,*,1
50250090,,5,Coahuila de Zaragoza,Coah.,25,Piedras Negras,90,La Herradura,R,"28°52´23.152N""","100°39´26.594W""",28.873097,-100.657387,239,H14C55,0,0,0,0
50250091,,5,Coahuila de Zaragoza,Coah.,25,Piedras Negras,91,Paloblancal (Jesús Manuel Galindo),R,"28°53´15.410N""","100°41´37.340W""",28.887614,-100.693705,249,H14C54,0,0,0,0
50250092,,5,Coahuila de Zaragoza,Coah.,25,Piedras Negras,92,Mario Gómez,R,"28°47´43.749N""","100°36´54.889W""",28.795486,-100.615247,245,H14C55,0,0,0,0
50250098,,5,Coahuila de Zaragoza,Coah.,25,Piedras Negras,98,Centro de Readaptación Social Piedras Negras,R,"28°46´22.058N""","100°36´11.790W""",28.772793,-100.603275,260,H14C55,941,*,*,2
50250099,,5,Coahuila de Zaragoza,Coah.,25,Piedras Negras,99,La Retama (Rafael Reyna),R,"28°43´55.861N""","100°32´44.686W""",28.732183,-100.545746,230,H14C65,5,*,*,1
50250101,,5,Coahuila de Zaragoza,Coah.,25,Piedras Negras,101,Arroyo Blanco,R,"28°53´40.364N""","100°38´11.699W""",28.894545,-100.636583,230,H14C55,0,0,0,0
50250103,,5,Coahuila de Zaragoza,Coah.,25,Piedras Negras,103,Valle Verde,R,"28°46´37.550N""","100°32´16.468W""",28.777097,-100.537907,215,H14C55,8,5,3,3
50250112,,5,Coahuila de Zaragoza,Coah.,25,Piedras Negras,112,Rodolfo Terán Quintero,R,"28°52´38.370N""","100°39´51.599W""",28.877324,-100.664333,234,H14C55,0,0,0,0
50250114,,5,Coahuila de Zaragoza,Coah.,25,Piedras Negras,114,El Pavo,R,"28°52´34.114N""","100°39´58.294W""",28.876142,-100.666193,240,H14C55,0,0,0,0
50250125,,5,Coahuila de Zaragoza,Coah.,25,Piedras Negras,125,Los Dávila,R,"28°44´52.864N""","100°32´11.555W""",28.748017,-100.536543,224,H14C65,2,*,*,1
50250127,,5,Coahuila de Zaragoza,Coah.,25,Piedras Negras,127,Manuel Villanueva,R,"28°45´13.746N""","100°32´40.952W""",28.753818,-100.544709,224,H14C55,0,0,0,0
50250133,,5,Coahuila de Zaragoza,Coah.,25,Piedras Negras,133,Los Temporales (Oscar Pope),R,"28°44´35.990N""","100°33´12.873W""",28.74333,-100.553576,242,H14C65,2,*,*,1
50250135,,5,Coahuila de Zaragoza,Coah.,25,Piedras Negras,135,La Pitaya,R,"28°44´43.561N""","100°32´41.970W""",28.745433,-100.544991,226,H14C65,0,0,0,0
50250139,,5,Coahuila de Zaragoza,Coah.,25,Piedras Negras,139,El Melado,R,"28°50´59.899N""","100°43´42.149W""",28.849972,-100.728374,270,H14C54,0,0,0,0
50250141,,5,Coahuila de Zaragoza,Coah.,25,Piedras Negras,141,Rancho de Lara,R,"28°51´22.610N""","100°35´01.313W""",28.856281,-100.583698,234,H14C55,0,0,0,0
50250143,,5,Coahuila de Zaragoza,Coah.,25,Piedras Negras,143,Los Ojitos,R,"28°39´12.479N""","100°29´44.099W""",28.653466,-100.495583,222,H14C65,0,0,0,0
50250145,,5,Coahuila de Zaragoza,Coah.,25,Piedras Negras,145,Las Vegas del Moral,R,"28°52´59.209N""","100°35´59.005W""",28.883113,-100.599723,220,H14C55,0,0,0,0
50250147,,5,Coahuila de Zaragoza,Coah.,25,Piedras Negras,147,El Umbral (Esteban González Villarreal),R,"28°51´33.764N""","100°35´21.055W""",28.859379,-100.589182,237,H14C55,6,*,*,1
50250149,,5,Coahuila de Zaragoza,Coah.,25,Piedras Negras,149,Josefinas (Rodolfo Cruz),R,"28°39´46.342N""","100°31´36.006W""",28.662873,-100.526668,240,H14C65,4,*,*,1
50250151,,5,Coahuila de Zaragoza,Coah.,25,Piedras Negras,151,El Quijote,R,"28°37´14.993N""","100°28´32.145W""",28.620831,-100.475595,236,H14C65,2,*,*,1
50250156,,5,Coahuila de Zaragoza,Coah.,25,Piedras Negras,156,San Cipriano,R,"28°39´19.255N""","100°29´49.390W""",28.655349,-100.497052,221,H14C65,3,*,*,1
50250164,,5,Coahuila de Zaragoza,Coah.,25,Piedras Negras,164,Alberto Sandoval (Rancho Nuevo),R,"28°45´19.365N""","100°32´39.568W""",28.755379,-100.544324,224,H14C55,0,0,0,0
50250165,,5,Coahuila de Zaragoza,Coah.,25,Piedras Negras,165,Demetrio Rodríguez,R,"28°44´14.972N""","100°36´29.785W""",28.737492,-100.608274,271,H14C65,0,0,0,0
50250168,,5,Coahuila de Zaragoza,Coah.,25,Piedras Negras,168,Alberto Esquivel,R,"28°44´28.054N""","100°36´35.373W""",28.741126,-100.609826,271,H14C65,0,0,0,0
50250170,,5,Coahuila de Zaragoza,Coah.,25,Piedras Negras,170,Mario Favela,R,"28°45´00.281N""","100°32´33.416W""",28.750078,-100.542615,224,H14C55,0,0,0,0
50250171,,5,Coahuila de Zaragoza,Coah.,25,Piedras Negras,171,Máximo Ramírez,R,"28°43´25.674N""","100°36´35.314W""",28.723798,-100.609809,269,H14C65,0,0,0,0
50250173,,5,Coahuila de Zaragoza,Coah.,25,Piedras Negras,173,Obdulio Garza,R,"28°44´49.959N""","100°36´39.009W""",28.747211,-100.610836,272,H14C65,0,0,0,0
50250174,,5,Coahuila de Zaragoza,Coah.,25,Piedras Negras,174,José Ríos Rodríguez,R,"28°42´37.532N""","100°36´10.784W""",28.710426,-100.602996,264,H14C65,0,0,0,0
50250177,,5,Coahuila de Zaragoza,Coah.,25,Piedras Negras,177,Santa María,R,"28°42´08.175N""","100°36´18.903W""",28.702271,-100.605251,272,H14C65,2,*,*,2
50250179,,5,Coahuila de Zaragoza,Coah.,25,Piedras Negras,179,Las Tres Glorias,R,"28°45´35.540N""","100°36´28.107W""",28.759872,-100.607808,261,H14C55,5,*,*,2
50250180,,5,Coahuila de Zaragoza,Coah.,25,Piedras Negras,180,Miguel Campos,R,"28°42´41.317N""","100°36´16.789W""",28.711477,-100.604664,266,H14C65,0,0,0,0
50250181,,5,Coahuila de Zaragoza,Coah.,25,Piedras Negras,181,Emilio Fuentes,R,"28°43´26.921N""","100°35´10.157W""",28.724144,-100.586154,265,H14C65,0,0,0,0
50250182,,5,Coahuila de Zaragoza,Coah.,25,Piedras Negras,182,La Palma,R,"28°42´51.949N""","100°35´23.409W""",28.71443,-100.589836,261,H14C65,2,*,*,1
50250183,,5,Coahuila de Zaragoza,Coah.,25,Piedras Negras,183,Los González,R,"28°42´52.772N""","100°34´45.334W""",28.714659,-100.579259,250,H14C65,16,8,8,5
50250185,,5,Coahuila de Zaragoza,Coah.,25,Piedras Negras,185,Fidel Contreras,R,"28°45´04.118N""","100°32´37.604W""",28.751144,-100.543779,224,H14C55,0,0,0,0
50250186,,5,Coahuila de Zaragoza,Coah.,25,Piedras Negras,186,Gonzalo Gómez,R,"28°49´14.026N""","100°33´14.821W""",28.820562,-100.554117,229,H14C55,1,*,*,1
50250187,,5,Coahuila de Zaragoza,Coah.,25,Piedras Negras,187,Vicente Fuentes,R,"28°49´19.676N""","100°33´25.115W""",28.822132,-100.556976,227,H14C55,1,*,*,1
50250188,,5,Coahuila de Zaragoza,Coah.,25,Piedras Negras,188,Abelino Fuentes,R,"28°49´23.732N""","100°33´34.657W""",28.823258,-100.559627,226,H14C55,0,0,0,0
50250189,,5,Coahuila de Zaragoza,Coah.,25,Piedras Negras,189,Juan Fuentes,R,"28°49´24.599N""","100°33´47.502W""",28.823499,-100.563195,225,H14C55,5,*,*,1
50250190,,5,Coahuila de Zaragoza,Coah.,25,Piedras Negras,190,Eusebio Fuentes,R,"28°49´21.705N""","100°33´49.520W""",28.822695,-100.563756,225,H14C55,4,*,*,1
50250191,,5,Coahuila de Zaragoza,Coah.,25,Piedras Negras,191,Mercedes Moreno,R,"28°49´21.249N""","100°34´27.109W""",28.822569,-100.574196,220,H14C55,0,0,0,0
50250192,,5,Coahuila de Zaragoza,Coah.,25,Piedras Negras,192,Leonel Sánchez,R,"28°49´23.630N""","100°34´36.379W""",28.82323,-100.576771,224,H14C55,0,0,0,0
50250193,,5,Coahuila de Zaragoza,Coah.,25,Piedras Negras,193,Pablo de Luna,R,"28°48´49.730N""","100°34´45.639W""",28.813814,-100.579344,228,H14C55,2,*,*,1
50250194,,5,Coahuila de Zaragoza,Coah.,25,Piedras Negras,194,Adolfo Moreno,R,"28°49´24.005N""","100°34´46.710W""",28.823334,-100.579641,226,H14C55,0,0,0,0
50250195,,5,Coahuila de Zaragoza,Coah.,25,Piedras Negras,195,El Centinela (La Loma),R,"28°47´13.589N""","100°35´49.620W""",28.787108,-100.597116,239,H14C55,124,68,56,34
50250196,,5,Coahuila de Zaragoza,Coah.,25,Piedras Negras,196,Eulalio Bravo,R,"28°48´57.039N""","100°37´16.589W""",28.815844,-100.621274,255,H14C55,12,*,*,2
50250197,,5,Coahuila de Zaragoza,Coah.,25,Piedras Negras,197,Francisco Campuzano,R,"28°48´46.451N""","100°37´33.767W""",28.812903,-100.626046,250,H14C55,0,0,0,0
50250198,,5,Coahuila de Zaragoza,Coah.,25,Piedras Negras,198,Rogelio de León,R,"28°49´01.354N""","100°37´29.105W""",28.817042,-100.624751,250,H14C55,0,0,0,0
50250200,,5,Coahuila de Zaragoza,Coah.,25,Piedras Negras,200,La Fiera (José Hernández),R,"28°45´03.610N""","100°32´56.384W""",28.751003,-100.548995,224,H14C55,1,*,*,1
50250202,,5,Coahuila de Zaragoza,Coah.,25,Piedras Negras,202,El Indio,R,"28°44´15.468N""","100°34´22.799W""",28.73763,-100.572999,250,H14C65,1,*,*,1
50250203,,5,Coahuila de Zaragoza,Coah.,25,Piedras Negras,203,Darío Rodríguez,R,"28°45´21.649N""","100°34´29.749W""",28.756014,-100.57493,236,H14C55,0,0,0,0
50250204,,5,Coahuila de Zaragoza,Coah.,25,Piedras Negras,204,Antonio Castillo,R,"28°45´57.587N""","100°34´34.157W""",28.765996,-100.576154,240,H14C55,0,0,0,0
50250206,,5,Coahuila de Zaragoza,Coah.,25,Piedras Negras,206,Pablo Soto (La Casita),R,"28°42´40.868N""","100°36´20.403W""",28.711352,-100.605668,266,H14C65,0,0,0,0
50250208,,5,Coahuila de Zaragoza,Coah.,25,Piedras Negras,208,Eliud Cárdenas,R,"28°51´03.189N""","100°34´47.713W""",28.850886,-100.57992,241,H14C55,0,0,0,0
50250209,,5,Coahuila de Zaragoza,Coah.,25,Piedras Negras,209,Margarita Montoya,R,"28°50´25.950N""","100°36´40.590W""",28.840541,-100.611275,239,H14C55,1,*,*,1
50250210,,5,Coahuila de Zaragoza,Coah.,25,Piedras Negras,210,Juan Santos Castorena,R,"28°50´34.229N""","100°37´01.660W""",28.842841,-100.617127,245,H14C55,0,0,0,0
50250211,,5,Coahuila de Zaragoza,Coah.,25,Piedras Negras,211,Wenceslao Chacón Rodríguez,R,"28°53´09.535N""","100°35´48.076W""",28.885982,-100.596687,194,H14C55,0,0,0,0
50250212,,5,Coahuila de Zaragoza,Coah.,25,Piedras Negras,212,Andrés Villarreal,R,"28°53´45.621N""","100°36´39.972W""",28.896006,-100.611103,230,H14C55,0,0,0,0
50250213,,5,Coahuila de Zaragoza,Coah.,25,Piedras Negras,213,Rodrigo Fuentes,R,"28°53´49.019N""","100°36´48.793W""",28.896949,-100.613554,230,H14C55,0,0,0,0
50250215,,5,Coahuila de Zaragoza,Coah.,25,Piedras Negras,215,Las Playas,R,"28°52´23.448N""","100°39´33.667W""",28.873179,-100.659352,239,H14C55,0,0,0,0
50250216,,5,Coahuila de Zaragoza,Coah.,25,Piedras Negras,216,Molino San Rodrigo,R,"28°52´29.949N""","100°41´01.515W""",28.874985,-100.683754,240,H14C54,0,0,0,0
50250217,,5,Coahuila de Zaragoza,Coah.,25,Piedras Negras,217,Rincón de San Nicolás,R,"28°37´12.244N""","100°27´52.358W""",28.620067,-100.464544,220,H14C65,1,*,*,1
50250219,,5,Coahuila de Zaragoza,Coah.,25,Piedras Negras,219,Elías David García (Halcón),R,"28°39´42.580N""","100°34´46.859W""",28.661828,-100.579682,232,H14C65,0,0,0,0
50250220,,5,Coahuila de Zaragoza,Coah.,25,Piedras Negras,220,La Esperanza (Federico Maldonado),R,"28°39´41.160N""","100°35´12.430W""",28.661433,-100.586786,231,H14C65,0,0,0,0
50250221,,5,Coahuila de Zaragoza,Coah.,25,Piedras Negras,221,Guillermo Salinas (Rancho R.M.),R,"28°39´33.270N""","100°35´24.860W""",28.659242,-100.590239,230,H14C65,0,0,0,0
50250223,,5,Coahuila de Zaragoza,Coah.,25,Piedras Negras,223,Miguel Saucedo,R,"28°45´11.604N""","100°32´45.988W""",28.753223,-100.546107,224,H14C55,0,0,0,0
50250225,,5,Coahuila de Zaragoza,Coah.,25,Piedras Negras,225,Los Bravo,R,"28°49´37.213N""","100°34´49.290W""",28.827003,-100.580358,220,H14C55,0,0,0,0
50250227,,5,Coahuila de Zaragoza,Coah.,25,Piedras Negras,227,Emilio Vázquez,R,"28°45´28.539N""","100°36´53.215W""",28.757928,-100.614782,270,H14C55,0,0,0,0
50250228,,5,Coahuila de Zaragoza,Coah.,25,Piedras Negras,228,Haciendita,R,"28°43´53.889N""","100°36´27.521W""",28.731635,-100.607645,270,H14C65,0,0,0,0
50250230,,5,Coahuila de Zaragoza,Coah.,25,Piedras Negras,230,Homero Niño (Delagualegre),R,"28°39´27.920N""","100°35´29.410W""",28.657756,-100.591502,231,H14C65,0,0,0,0
50250231,,5,Coahuila de Zaragoza,Coah.,25,Piedras Negras,231,La Presa,R,"28°39´15.090N""","100°35´52.460W""",28.654192,-100.597905,230,H14C65,0,0,0,0
50250236,,5,Coahuila de Zaragoza,Coah.,25,Piedras Negras,236,Santa Elisa,R,"28°38´27.987N""","100°29´39.024W""",28.641107,-100.494173,242,H14C65,0,0,0,0
50250237,,5,Coahuila de Zaragoza,Coah.,25,Piedras Negras,237,Salvador Chavarría,R,"28°38´16.512N""","100°28´49.201W""",28.63792,-100.480333,240,H14C65,0,0,0,0
50250239,,5,Coahuila de Zaragoza,Coah.,25,Piedras Negras,239,Rancho de las 2 Cruces (Mario Martínez de la Cruz),R,"28°38´38.061N""","100°29´15.315W""",28.643906,-100.487587,240,H14C65,0,0,0,0
50250241,,5,Coahuila de Zaragoza,Coah.,25,Piedras Negras,241,Abraham Ramírez (La Lobera),R,"28°38´00.706N""","100°29´01.236W""",28.633529,-100.483676,242,H14C65,0,0,0,0
50250243,,5,Coahuila de Zaragoza,Coah.,25,Piedras Negras,243,Dos Ojitos (Jesús Hurtado Cantú),R,"28°40´04.435N""","100°31´01.776W""",28.667898,-100.517159,210,H14C65,10,4,6,4
50250244,,5,Coahuila de Zaragoza,Coah.,25,Piedras Negras,244,Jacke,R,"28°40´05.160N""","100°31´04.493W""",28.668099,-100.517914,210,H14C65,0,0,0,0
50250246,,5,Coahuila de Zaragoza,Coah.,25,Piedras Negras,246,Modesto Garza,R,"28°39´54.350N""","100°35´31.560W""",28.665097,-100.5921,250,H14C65,1,*,*,1
50250247,,5,Coahuila de Zaragoza,Coah.,25,Piedras Negras,247,Felipe Garza,R,"28°39´35.280N""","100°35´50.130W""",28.6598,-100.597258,238,H14C65,2,*,*,1
50250248,,5,Coahuila de Zaragoza,Coah.,25,Piedras Negras,248,Modesto Garza Soto (El More),R,"28°41´09.580N""","100°36´56.430W""",28.685994,-100.615675,263,H14C65,0,0,0,0
50250251,,5,Coahuila de Zaragoza,Coah.,25,Piedras Negras,251,Raúl Martínez,R,"28°39´15.470N""","100°34´31.830W""",28.654297,-100.575508,234,H14C65,0,0,0,0
50250252,,5,Coahuila de Zaragoza,Coah.,25,Piedras Negras,252,El Consuelo (Lybson),R,"28°39´30.549N""","100°34´35.879W""",28.658486,-100.576632,230,H14C65,6,*,*,1
50250253,,5,Coahuila de Zaragoza,Coah.,25,Piedras Negras,253,Javier Ortiz,R,"28°39´46.070N""","100°34´26.800W""",28.662797,-100.57411,228,H14C65,1,*,*,1
50250254,,5,Coahuila de Zaragoza,Coah.,25,Piedras Negras,254,Francisco Juaristi Septién,R,"28°39´57.640N""","100°34´25.650W""",28.666011,-100.573791,226,H14C65,0,0,0,0
50250255,,5,Coahuila de Zaragoza,Coah.,25,Piedras Negras,255,El Refugio,R,"28°39´35.290N""","100°34´16.200W""",28.659803,-100.571166,231,H14C65,0,0,0,0
50250256,,5,Coahuila de Zaragoza,Coah.,25,Piedras Negras,256,Los Fernández,R,"28°39´31.380N""","100°34´10.250W""",28.658717,-100.569513,231,H14C65,5,*,*,1
50250257,,5,Coahuila de Zaragoza,Coah.,25,Piedras Negras,257,Rancho MF,R,"28°39´28.280N""","100°34´02.610W""",28.657856,-100.567391,231,H14C65,1,*,*,1
50250258,,5,Coahuila de Zaragoza,Coah.,25,Piedras Negras,258,Casa Blanca,R,"28°38´55.670N""","100°34´01.280W""",28.648797,-100.567022,249,H14C65,0,0,0,0
50250259,,5,Coahuila de Zaragoza,Coah.,25,Piedras Negras,259,Juan González (La Lobera),R,"28°38´20.463N""","100°29´03.791W""",28.639017,-100.484386,241,H14C65,0,0,0,0
50250263,,5,Coahuila de Zaragoza,Coah.,25,Piedras Negras,263,Rancho Aba,R,"28°39´21.140N""","100°34´30.550W""",28.655872,-100.575152,233,H14C65,5,*,*,1
50250264,,5,Coahuila de Zaragoza,Coah.,25,Piedras Negras,264,Sonia del Valle,R,"28°42´48.074N""","100°36´17.768W""",28.713354,-100.604936,269,H14C65,0,0,0,0
50250265,,5,Coahuila de Zaragoza,Coah.,25,Piedras Negras,265,Octaviano,R,"28°44´10.051N""","100°34´46.535W""",28.736125,-100.579592,252,H14C65,0,0,0,0
50250267,,5,Coahuila de Zaragoza,Coah.,25,Piedras Negras,267,Ninguno [Clínica de Tratamiento de Adicciones],R,"28°45´25.457N""","100°35´35.414W""",28.757071,-100.59317,260,H14C55,0,0,0,0
50250268,,5,Coahuila de Zaragoza,Coah.,25,Piedras Negras,268,La Aguililla (Seferino Bravo),R,"28°44´50.345N""","100°35´07.145W""",28.747318,-100.585318,261,H14C65,4,*,*,1
50250269,,5,Coahuila de Zaragoza,Coah.,25,Piedras Negras,269,Enrique Hernández,R,"28°44´38.673N""","100°36´04.659W""",28.744076,-100.601294,270,H14C65,2,*,*,1
50250270,,5,Coahuila de Zaragoza,Coah.,25,Piedras Negras,270,Graciano Ledezma Álvarez,R,"28°43´35.365N""","100°35´32.338W""",28.72649,-100.592316,270,H14C65,0,0,0,0
50250271,,5,Coahuila de Zaragoza,Coah.,25,Piedras Negras,271,Juan Montes García,R,"28°43´19.083N""","100°35´56.126W""",28.721967,-100.598924,265,H14C65,0,0,0,0
50250273,,5,Coahuila de Zaragoza,Coah.,25,Piedras Negras,273,El Oasis,R,"28°43´40.438N""","100°35´08.303W""",28.727899,-100.585639,270,H14C65,11,9,2,7
50250275,,5,Coahuila de Zaragoza,Coah.,25,Piedras Negras,275,La Caballería,R,"28°43´45.562N""","100°37´10.104W""",28.729322,-100.619473,270,H14C65,237,111,126,62
50250277,,5,Coahuila de Zaragoza,Coah.,25,Piedras Negras,277,Chapultepec de Abajo,R,"28°39´43.569N""","100°30´20.175W""",28.662103,-100.505604,212,H14C65,10,4,6,4
50250278,,5,Coahuila de Zaragoza,Coah.,25,Piedras Negras,278,Las Margaritas,R,"28°52´05.829N""","100°36´15.789W""",28.868285,-100.604386,236,H14C55,0,0,0,0
50250279,,5,Coahuila de Zaragoza,Coah.,25,Piedras Negras,279,Rancho los Pavos Reales,R,"28°50´34.751N""","100°35´56.027W""",28.842986,-100.598896,230,H14C55,4,*,*,1
50250281,,5,Coahuila de Zaragoza,Coah.,25,Piedras Negras,281,Río Grande Serbas,R,"28°43´16.668N""","100°32´48.032W""",28.721296,-100.546675,229,H14C65,0,0,0,0
50250283,,5,Coahuila de Zaragoza,Coah.,25,Piedras Negras,283,Salinas,R,"28°49´10.170N""","100°33´11.310W""",28.819491,-100.553142,230,H14C55,0,0,0,0
50250284,,5,Coahuila de Zaragoza,Coah.,25,Piedras Negras,284,Elías Patiño,R,"28°40´09.410N""","100°31´45.960W""",28.66928,-100.529433,220,H14C65,0,0,0,0
50250285,,5,Coahuila de Zaragoza,Coah.,25,Piedras Negras,285,El Picadero,R,"28°38´59.210N""","100°30´18.950W""",28.64978,-100.505264,242,H14C65,0,0,0,0
50250286,,5,Coahuila de Zaragoza,Coah.,25,Piedras Negras,286,Las Potrancas,R,"28°38´43.523N""","100°30´25.427W""",28.645423,-100.507063,247,H14C65,1,*,*,1
50250287,,5,Coahuila de Zaragoza,Coah.,25,Piedras Negras,287,San Ramón,R,"28°38´19.310N""","100°30´39.740W""",28.638697,-100.511039,257,H14C65,2,*,*,1
50250288,,5,Coahuila de Zaragoza,Coah.,25,Piedras Negras,288,Murillos Ranch,R,"28°40´03.060N""","100°30´55.530W""",28.667516,-100.515425,210,H14C65,1,*,*,1
50250289,,5,Coahuila de Zaragoza,Coah.,25,Piedras Negras,289,Quinta Sica,R,"28°39´07.520N""","100°34´40.310W""",28.652089,-100.577863,233,H14C65,2,*,*,1
50250290,,5,Coahuila de Zaragoza,Coah.,25,Piedras Negras,290,José Luis Ávalos Ramírez,R,"28°44´24.890N""","100°36´03.550W""",28.740247,-100.600986,270,H14C65,0,0,0,0
50250291,,5,Coahuila de Zaragoza,Coah.,25,Piedras Negras,291,Antonio Rentería Ramírez,R,"28°43´10.710N""","100°36´21.740W""",28.719641,-100.606039,270,H14C65,0,0,0,0
50250292,,5,Coahuila de Zaragoza,Coah.,25,Piedras Negras,292,El Guajolote,R,"28°43´17.590N""","100°35´58.700W""",28.721552,-100.599639,264,H14C65,0,0,0,0
50250293,,5,Coahuila de Zaragoza,Coah.,25,Piedras Negras,293,Villa Manantial,R,"28°44´35.730N""","100°35´04.890W""",28.743258,-100.584691,260,H14C65,5,*,*,2
50250294,,5,Coahuila de Zaragoza,Coah.,25,Piedras Negras,294,Los Amores,R,"28°44´19.240N""","100°36´15.510W""",28.738677,-100.604308,270,H14C65,0,0,0,0
50250295,,5,Coahuila de Zaragoza,Coah.,25,Piedras Negras,295,San Carlos,R,"28°44´41.160N""","100°35´20.990W""",28.744766,-100.589164,260,H14C65,89,39,50,23
50250296,,5,Coahuila de Zaragoza,Coah.,25,Piedras Negras,296,El Ranchito,R,"28°44´00.210N""","100°36´53.790W""",28.733391,-100.614942,270,H14C65,0,0,0,0
50250297,,5,Coahuila de Zaragoza,Coah.,25,Piedras Negras,297,Carlos Rodríguez,R,"28°43´00.760N""","100°36´15.030W""",28.716877,-100.604175,270,H14C65,0,0,0,0
50250298,,5,Coahuila de Zaragoza,Coah.,25,Piedras Negras,298,Francisco Hernández,R,"28°44´59.090N""","100°35´12.720W""",28.749747,-100.586866,256,H14C65,7,*,*,1
50250299,,5,Coahuila de Zaragoza,Coah.,25,Piedras Negras,299,Ernesto Contreras,R,"28°43´35.360N""","100°35´40.910W""",28.726488,-100.594697,271,H14C65,8,*,*,2
50250300,,5,Coahuila de Zaragoza,Coah.,25,Piedras Negras,300,Los Leija,R,"28°49´54.080N""","100°37´07.810W""",28.831688,-100.618835,260,H14C55,15,10,5,3
50250301,,5,Coahuila de Zaragoza,Coah.,25,Piedras Negras,301,Las Vegas del Centinela,R,"28°48´35.150N""","100°32´48.050W""",28.809764,-100.54668,232,H14C55,0,0,0,0
50250302,,5,Coahuila de Zaragoza,Coah.,25,Piedras Negras,302,Los Abuelos,R,"28°47´12.460N""","100°33´32.170W""",28.786794,-100.558936,230,H14C55,1,*,*,1
50250303,,5,Coahuila de Zaragoza,Coah.,25,Piedras Negras,303,Kilómetro 9 (Atoyac),R,"28°45´21.110N""","100°35´40.830W""",28.755864,-100.594675,260,H14C55,11,*,*,2
50250304,,5,Coahuila de Zaragoza,Coah.,25,Piedras Negras,304,Yolanda Rodríguez,R,"28°45´29.900N""","100°35´18.850W""",28.758306,-100.588569,256,H14C55,1,*,*,1
50250305,,5,Coahuila de Zaragoza,Coah.,25,Piedras Negras,305,Venu [Quinta],R,"28°45´28.880N""","100°35´25.540W""",28.758022,-100.590427,259,H14C55,4,*,*,1
50250306,,5,Coahuila de Zaragoza,Coah.,25,Piedras Negras,306,Silvano de Hoyos,R,"28°46´13.140N""","100°32´43.170W""",28.770316,-100.545325,220,H14C55,12,*,*,2
50250307,,5,Coahuila de Zaragoza,Coah.,25,Piedras Negras,307,La Chata,R,"28°38´30.520N""","100°30´32.740W""",28.641811,-100.509094,254,H14C65,3,*,*,1
50250308,,5,Coahuila de Zaragoza,Coah.,25,Piedras Negras,308,Juan Manuel Rojas Anguiano,R,"28°47´22.830N""","100°36´35.060W""",28.789675,-100.609739,251,H14C55,5,*,*,1
50250309,,5,Coahuila de Zaragoza,Coah.,25,Piedras Negras,309,Las Lomas,R,"28°49´26.878N""","100°36´16.636W""",28.824132,-100.604621,233,H14C55,-,-,-,-
50250310,,5,Coahuila de Zaragoza,Coah.,25,Piedras Negras,310,Villa García,R,"28°48´30.900N""","100°37´06.514W""",28.808583,-100.618475,241,H14C55,-,-,-,-
50250311,,5,Coahuila de Zaragoza,Coah.,25,Piedras Negras,311,El Centauro,R,"28°51´58.537N""","100°36´23.679W""",28.86626,-100.606578,236,H14C55,-,-,-,-
50250312,,5,Coahuila de Zaragoza,Coah.,25,Piedras Negras,312,Moreno,R,"28°48´33.361N""","100°33´04.703W""",28.809267,-100.551306,234,H14C55,-,-,-,-
50250313,,5,Coahuila de Zaragoza,Coah.,25,Piedras Negras,313,El Centinela (Juan Gaytán García),R,"28°48´44.771N""","100°33´11.270W""",28.812436,-100.553131,233,H14C55,-,-,-,-
50250314,,5,Coahuila de Zaragoza,Coah.,25,Piedras Negras,314,El Descanso,R,"28°52´26.413N""","100°36´41.605W""",28.874003,-100.611557,234,H14C55,-,-,-,-
50250315,,5,Coahuila de Zaragoza,Coah.,25,Piedras Negras,315,El Chamizal,R,"28°50´51.706N""","100°36´53.530W""",28.847696,-100.614869,230,H14C55,-,-,-,-
50250316,,5,Coahuila de Zaragoza,Coah.,25,Piedras Negras,316,El Indio,R,"28°51´39.335N""","100°37´26.276W""",28.860926,-100.623965,233,H14C55,-,-,-,-
50250317,,5,Coahuila de Zaragoza,Coah.,25,Piedras Negras,317,Toro Negro,R,"28°49´04.630N""","100°35´05.414W""",28.817952,-100.584837,244,H14C55,-,-,-,-
50250318,,5,Coahuila de Zaragoza,Coah.,25,Piedras Negras,318,Chapultepec (Jesús Ortega Hernández),R,"28°39´30.532N""","100°30´39.947W""",28.658481,-100.511096,218,H14C65,-,-,-,-
50250319,,5,Coahuila de Zaragoza,Coah.,25,Piedras Negras,319,La Soledad,R,"28°39´46.285N""","100°30´31.911W""",28.662857,-100.508864,210,H14C65,-,-,-,-
50250320,,5,Coahuila de Zaragoza,Coah.,25,Piedras Negras,320,Gustavo Carranza,R,"28°48´15.266N""","100°35´11.346W""",28.804241,-100.586485,233,H14C55,-,-,-,-
50250321,,5,Coahuila de Zaragoza,Coah.,25,Piedras Negras,321,Las Muñecas,R,"28°47´23.196N""","100°33´24.677W""",28.789776,-100.556855,232,H14C55,-,-,-,-
50250322,,5,Coahuila de Zaragoza,Coah.,25,Piedras Negras,322,La Noria,R,"28°47´45.605N""","100°33´45.704W""",28.796001,-100.562696,230,H14C55,-,-,-,-
50250323,,5,Coahuila de Zaragoza,Coah.,25,Piedras Negras,323,Francisco Ledezma,R,"28°47´18.240N""","100°36´48.136W""",28.7884,-100.613371,257,H14C55,-,-,-,-
50250324,,5,Coahuila de Zaragoza,Coah.,25,Piedras Negras,324,Don Jorge,R,"28°46´31.299N""","100°36´18.736W""",28.77536,-100.605204,253,H14C55,-,-,-,-
