MAPA,Estatus,CVE_ENT,NOM_ENT,NOM_ABR,CVE_MUN,NOM_MUN,CVE_LOC,NOM_LOC,AMBITO,LATITUD,LONGITUD,LAT_DECIMAL,LON_DECIMAL,ALTITUD,CVE_CARTA,POB_TOTAL,POB_MASCULINA,POB_FEMENINA,TOTAL DE VIVIENDAS HABITADAS
50150001,,5,Coahuila de Zaragoza,Coah.,15,Juárez,1,Juárez,U,"27°36´23.423N""","100°43´37.631W""",27.606506,-100.727119,271,G14A24,929,441,488,277
50150002,,5,Coahuila de Zaragoza,Coah.,15,Juárez,2,El Álamo,R,"27°27´47.542N""","100°47´30.662W""",27.463206,-100.79185,275,G14A34,55,28,27,20
50150003,,5,Coahuila de Zaragoza,Coah.,15,Juárez,3,Don Martín,R,"27°31´28.985N""","100°37´08.235W""",27.524717,-100.618954,280,G14A25,331,168,163,100
50150004,,5,Coahuila de Zaragoza,Coah.,15,Juárez,4,Presita Magueyosa,R,"27°46´09.955N""","100°45´19.908W""",27.769431,-100.75553,388,G14A14,0,0,0,0
50150005,,5,Coahuila de Zaragoza,Coah.,15,Juárez,5,Santa Rita,R,"27°29´48.990N""","100°33´17.231W""",27.496941,-100.554786,246,G14A35,36,18,18,14
50150006,,5,Coahuila de Zaragoza,Coah.,15,Juárez,6,Sección 22-0,R,"27°26´32.946N""","100°28´28.646W""",27.442485,-100.474623,230,G14A35,63,32,31,22
50150010,,5,Coahuila de Zaragoza,Coah.,15,Juárez,10,El Garabato,R,"27°35´46.589N""","100°25´22.401W""",27.596274,-100.422889,249,G14A25,0,0,0,0
50150014,,5,Coahuila de Zaragoza,Coah.,15,Juárez,14,La Perla,R,"27°45´02.670N""","100°28´49.249W""",27.750742,-100.480346,270,G14A15,0,0,0,0
50150015,,5,Coahuila de Zaragoza,Coah.,15,Juárez,15,Palo Blanco,R,"27°40´47.150N""","100°22´38.859W""",27.679763,-100.37746,249,G14A25,0,0,0,0
50150016,,5,Coahuila de Zaragoza,Coah.,15,Juárez,16,Palo Blanco (Laguna de Peñas),R,"27°39´13.600N""","100°25´32.930W""",27.653778,-100.425813,250,G14A25,0,0,0,0
50150018,,5,Coahuila de Zaragoza,Coah.,15,Juárez,18,La Escondida,R,"27°42´27.596N""","100°36´16.743W""",27.707666,-100.604651,287,G14A25,0,0,0,0
50150019,,5,Coahuila de Zaragoza,Coah.,15,Juárez,19,El Caracol,R,"27°40´13.175N""","100°40´32.946W""",27.670326,-100.675818,290,G14A24,0,0,0,0
50150020,,5,Coahuila de Zaragoza,Coah.,15,Juárez,20,Los Ahogaditos,R,"27°34´09.712N""","100°43´24.486W""",27.569364,-100.723468,270,G14A24,0,0,0,0
50150021,,5,Coahuila de Zaragoza,Coah.,15,Juárez,21,Campo Romania,R,"27°34´01.797N""","100°43´01.897W""",27.567165,-100.717193,268,G14A24,1,*,*,1
50150022,,5,Coahuila de Zaragoza,Coah.,15,Juárez,22,El Cochi,R,"27°33´38.562N""","100°43´00.314W""",27.560712,-100.716753,268,G14A24,0,0,0,0
50150023,,5,Coahuila de Zaragoza,Coah.,15,Juárez,23,El Maguey (Antonio Siller),R,"27°33´43.372N""","100°40´43.100W""",27.562048,-100.678638,269,G14A24,0,0,0,0
50150024,,5,Coahuila de Zaragoza,Coah.,15,Juárez,24,Los Ramón,R,"27°34´40.686N""","100°39´40.837W""",27.577968,-100.661344,274,G14A25,0,0,0,0
50150025,,5,Coahuila de Zaragoza,Coah.,15,Juárez,25,San Francisco,R,"27°36´47.069N""","100°41´45.759W""",27.613075,-100.696044,280,G14A24,0,0,0,0
50150026,,5,Coahuila de Zaragoza,Coah.,15,Juárez,26,El Papalote,R,"27°35´36.292N""","100°40´33.459W""",27.593414,-100.67596,279,G14A24,0,0,0,0
50150027,,5,Coahuila de Zaragoza,Coah.,15,Juárez,27,San Javier,R,"27°35´56.572N""","100°40´36.570W""",27.599047,-100.676824,280,G14A24,0,0,0,0
50150028,,5,Coahuila de Zaragoza,Coah.,15,Juárez,28,El Herradero (Santa Laura),R,"27°32´58.231N""","100°47´38.932W""",27.549508,-100.794147,290,G14A24,1,*,*,1
50150030,,5,Coahuila de Zaragoza,Coah.,15,Juárez,30,El Barril,R,"27°34´05.919N""","100°51´27.320W""",27.56831,-100.857589,300,G14A24,0,0,0,0
50150034,,5,Coahuila de Zaragoza,Coah.,15,Juárez,34,La Mezquitosa,R,"27°38´54.880N""","100°31´50.003W""",27.648577,-100.530556,269,G14A25,0,0,0,0
50150036,,5,Coahuila de Zaragoza,Coah.,15,Juárez,36,La Herradura,R,"27°35´21.649N""","100°36´15.927W""",27.589347,-100.604424,265,G14A25,0,0,0,0
50150037,,5,Coahuila de Zaragoza,Coah.,15,Juárez,37,Coyotillos,R,"27°40´55.799N""","100°36´06.960W""",27.682166,-100.601933,280,G14A25,0,0,0,0
50150038,,5,Coahuila de Zaragoza,Coah.,15,Juárez,38,Rojo Grande (La Escondida),R,"27°45´54.173N""","100°33´35.685W""",27.765048,-100.559913,293,G14A15,0,0,0,0
50150039,,5,Coahuila de Zaragoza,Coah.,15,Juárez,39,Escondido (Rancho Escondido),R,"27°44´59.009N""","100°32´33.988W""",27.749724,-100.542774,298,G14A25,0,0,0,0
50150042,,5,Coahuila de Zaragoza,Coah.,15,Juárez,42,Tanque del Indio (El Indio Zaragoza),R,"27°46´59.701N""","100°36´25.103W""",27.78325,-100.606973,334,G14A15,0,0,0,0
50150045,,5,Coahuila de Zaragoza,Coah.,15,Juárez,45,El Indio,R,"27°44´41.121N""","100°39´33.917W""",27.744756,-100.659421,335,G14A25,0,0,0,0
50150051,,5,Coahuila de Zaragoza,Coah.,15,Juárez,51,Manzanares,R,"27°41´10.119N""","100°45´52.089W""",27.686144,-100.764469,300,G14A24,0,0,0,0
50150054,,5,Coahuila de Zaragoza,Coah.,15,Juárez,54,Cola Blanca,R,"27°42´58.471N""","100°51´47.545W""",27.716242,-100.863207,322,G14A24,6,*,*,2
50150056,,5,Coahuila de Zaragoza,Coah.,15,Juárez,56,La Casita,R,"27°39´15.565N""","100°52´47.416W""",27.654324,-100.879837,305,G14A24,3,*,*,1
50150057,,5,Coahuila de Zaragoza,Coah.,15,Juárez,57,Toritos,R,"27°40´14.419N""","100°49´31.119W""",27.670671,-100.82531,301,G14A24,0,0,0,0
50150058,,5,Coahuila de Zaragoza,Coah.,15,Juárez,58,El Paso de la Perra,R,"27°37´24.486N""","100°47´56.149W""",27.623468,-100.79893,289,G14A24,0,0,0,0
50150059,,5,Coahuila de Zaragoza,Coah.,15,Juárez,59,La Almendrilla,R,"27°37´15.030N""","100°47´28.371W""",27.620841,-100.791214,291,G14A24,0,0,0,0
50150061,,5,Coahuila de Zaragoza,Coah.,15,Juárez,61,San Antonio el Rusio,R,"27°31´28.105N""","100°48´23.833W""",27.524473,-100.80662,280,G14A24,5,*,*,2
50150062,,5,Coahuila de Zaragoza,Coah.,15,Juárez,62,Pánuco,R,"27°32´09.140N""","100°51´18.602W""",27.535872,-100.855167,299,G14A24,0,0,0,0
50150064,,5,Coahuila de Zaragoza,Coah.,15,Juárez,64,Valle de Anáhuac,R,"27°31´46.189N""","100°56´25.969W""",27.529496,-100.940547,302,G14A24,1,*,*,1
50150085,,5,Coahuila de Zaragoza,Coah.,15,Juárez,85,San Francisco (Cinco Huizaches),R,"27°33´29.496N""","100°31´40.021W""",27.558193,-100.527783,260,G14A25,0,0,0,0
50150086,,5,Coahuila de Zaragoza,Coah.,15,Juárez,86,El Sufrido (El Gavilán),R,"27°32´35.298N""","100°34´21.691W""",27.543138,-100.572691,259,G14A25,0,0,0,0
50150087,,5,Coahuila de Zaragoza,Coah.,15,Juárez,87,Los Sauces,R,"27°40´18.690N""","100°55´08.008W""",27.671858,-100.91889,300,G14A24,0,0,0,0
50150088,,5,Coahuila de Zaragoza,Coah.,15,Juárez,88,El Álamo (Hacienda el Álamo),R,"27°29´31.645N""","100°45´07.077W""",27.492123,-100.751966,267,G14A34,0,0,0,0
50150089,,5,Coahuila de Zaragoza,Coah.,15,Juárez,89,Borregos,R,"27°39´52.139N""","100°52´38.309W""",27.664483,-100.877307,300,G14A24,8,*,*,2
50150092,,5,Coahuila de Zaragoza,Coah.,15,Juárez,92,El Comanche,R,"27°39´04.430N""","100°43´28.999W""",27.651231,-100.724721,287,G14A24,4,*,*,1
50150094,,5,Coahuila de Zaragoza,Coah.,15,Juárez,94,El Crucero Juárez,R,"27°37´14.729N""","100°42´21.980W""",27.620757,-100.706106,282,G14A24,0,0,0,0
50150098,,5,Coahuila de Zaragoza,Coah.,15,Juárez,98,Doña Tacha,R,"27°32´19.179N""","100°33´50.548W""",27.538661,-100.564041,259,G14A25,0,0,0,0
50150099,,5,Coahuila de Zaragoza,Coah.,15,Juárez,99,La Esperanza,R,"27°32´05.034N""","100°34´53.850W""",27.534731,-100.581624,249,G14A25,0,0,0,0
50150101,,5,Coahuila de Zaragoza,Coah.,15,Juárez,101,Las Mujeres,R,"27°40´42.568N""","100°36´27.352W""",27.67849,-100.607598,280,G14A25,0,0,0,0
50150103,,5,Coahuila de Zaragoza,Coah.,15,Juárez,103,El Potrero,R,"27°36´28.730N""","100°44´34.080W""",27.607981,-100.7428,279,G14A24,2,*,*,1
50150104,,5,Coahuila de Zaragoza,Coah.,15,Juárez,104,San Antonio,R,"27°36´12.154N""","100°31´06.550W""",27.603376,-100.518485,261,G14A25,0,0,0,0
50150105,,5,Coahuila de Zaragoza,Coah.,15,Juárez,105,San José de Peñitas,R,"27°39´32.630N""","100°44´00.179W""",27.659064,-100.733383,285,G14A24,0,0,0,0
50150106,,5,Coahuila de Zaragoza,Coah.,15,Juárez,106,Santa Rita (Eleazar Moreno Quintero),R,"27°30´30.032N""","100°33´55.354W""",27.508342,-100.565376,245,G14A25,0,0,0,0
50150107,,5,Coahuila de Zaragoza,Coah.,15,Juárez,107,Santo Niño,R,"27°36´53.359N""","100°43´05.930W""",27.614822,-100.718313,274,G14A24,0,0,0,0
50150109,,5,Coahuila de Zaragoza,Coah.,15,Juárez,109,La Tinaja,R,"27°31´25.342N""","100°34´58.273W""",27.523705,-100.582853,241,G14A25,6,*,*,1
50150110,,5,Coahuila de Zaragoza,Coah.,15,Juárez,110,Alto Bonito,R,"27°32´36.300N""","100°26´18.056W""",27.543416,-100.438349,251,G14A25,0,0,0,0
50150111,,5,Coahuila de Zaragoza,Coah.,15,Juárez,111,La Palma (El Cuarenta),R,"27°26´32.712N""","100°25´27.342W""",27.44242,-100.424261,246,G14A35,0,0,0,0
50150112,,5,Coahuila de Zaragoza,Coah.,15,Juárez,112,El Cuarenta y Cinco,R,"27°26´34.993N""","100°26´01.856W""",27.443053,-100.433849,245,G14A35,75,44,31,18
50150114,,5,Coahuila de Zaragoza,Coah.,15,Juárez,114,Los González (Luz Luna González),R,"27°27´32.519N""","100°24´57.852W""",27.459033,-100.41607,242,G14A35,0,0,0,0
50150116,,5,Coahuila de Zaragoza,Coah.,15,Juárez,116,Palmillas,R,"27°47´46.335N""","100°47´12.082W""",27.796204,-100.786689,405,G14A14,0,0,0,0
50150117,,5,Coahuila de Zaragoza,Coah.,15,Juárez,117,La Represa,R,"27°27´22.145N""","100°24´50.951W""",27.456151,-100.414153,241,G14A35,0,0,0,0
50150118,,5,Coahuila de Zaragoza,Coah.,15,Juárez,118,Palomas,R,"27°43´08.220N""","100°48´20.819W""",27.718949,-100.805783,323,G14A24,0,0,0,0
50150119,,5,Coahuila de Zaragoza,Coah.,15,Juárez,119,Cinco Hermanos,R,"27°45´13.463N""","100°47´43.232W""",27.75374,-100.795342,352,G14A14,0,0,0,0
50150121,,5,Coahuila de Zaragoza,Coah.,15,Juárez,121,La Rosa,R,"27°49´48.761N""","100°41´33.808W""",27.830211,-100.692724,462,G14A14,0,0,0,0
50150123,,5,Coahuila de Zaragoza,Coah.,15,Juárez,123,San Carlos,R,"27°41´04.093N""","100°45´56.421W""",27.68447,-100.765673,299,G14A24,0,0,0,0
50150125,,5,Coahuila de Zaragoza,Coah.,15,Juárez,125,Eliseo Osornia,R,"27°34´59.539N""","100°43´53.128W""",27.583205,-100.731424,272,G14A24,0,0,0,0
50150129,,5,Coahuila de Zaragoza,Coah.,15,Juárez,129,Monclova [Club de Caza y Pesca],R,"27°32´22.920N""","100°37´35.605W""",27.5397,-100.626556,270,G14A25,4,*,*,1
50150130,,5,Coahuila de Zaragoza,Coah.,15,Juárez,130,Club Azteca,R,"27°32´18.993N""","100°37´37.553W""",27.538609,-100.627097,269,G14A25,0,0,0,0
50150131,,5,Coahuila de Zaragoza,Coah.,15,Juárez,131,El Italiano,R,"27°32´02.775N""","100°37´30.041W""",27.534104,-100.625011,269,G14A25,0,0,0,0
50150132,,5,Coahuila de Zaragoza,Coah.,15,Juárez,132,La Amistad,R,"27°32´02.016N""","100°37´28.919W""",27.533893,-100.624699,270,G14A25,0,0,0,0
50150133,,5,Coahuila de Zaragoza,Coah.,15,Juárez,133,La Jimenada,R,"27°32´00.200N""","100°37´29.234W""",27.533389,-100.624787,269,G14A25,0,0,0,0
50150134,,5,Coahuila de Zaragoza,Coah.,15,Juárez,134,Campo Vale,R,"27°31´58.153N""","100°37´26.472W""",27.53282,-100.624019,271,G14A25,0,0,0,0
50150138,,5,Coahuila de Zaragoza,Coah.,15,Juárez,138,"Don Martín [Club de Caza, Tiro y Pesca]",R,"27°31´42.541N""","100°37´15.541W""",27.528483,-100.620983,272,G14A25,12,6,6,3
50150142,,5,Coahuila de Zaragoza,Coah.,15,Juárez,142,El Fuerte,R,"27°28´10.718N""","100°29´35.171W""",27.469643,-100.493103,237,G14A35,1,*,*,1
50150144,,5,Coahuila de Zaragoza,Coah.,15,Juárez,144,Manuel García Mata,R,"27°27´00.507N""","100°25´27.640W""",27.450141,-100.424344,245,G14A35,0,0,0,0
50150146,,5,Coahuila de Zaragoza,Coah.,15,Juárez,146,Las Norias (Toro Prieto),R,"27°30´50.647N""","100°25´02.828W""",27.514069,-100.417452,252,G14A25,0,0,0,0
50150147,,5,Coahuila de Zaragoza,Coah.,15,Juárez,147,Santa Micaela,R,"27°35´43.180N""","101°00´48.796W""",27.595327,-101.013554,331,G14A23,0,0,0,0
50150149,,5,Coahuila de Zaragoza,Coah.,15,Juárez,149,Peñitas (José Contreras García),R,"27°27´16.968N""","100°28´59.602W""",27.454713,-100.483222,235,G14A35,0,0,0,0
50150150,,5,Coahuila de Zaragoza,Coah.,15,Juárez,150,San Roque Uno,R,"27°29´18.433N""","100°32´05.753W""",27.488453,-100.534931,239,G14A35,0,0,0,0
50150153,,5,Coahuila de Zaragoza,Coah.,15,Juárez,153,Peñitas,R,"27°44´22.403N""","100°43´07.453W""",27.739556,-100.718736,338,G14A24,0,0,0,0
50150154,,5,Coahuila de Zaragoza,Coah.,15,Juárez,154,El Indio (El Chupadero),R,"27°44´30.755N""","100°42´53.038W""",27.741876,-100.714733,339,G14A24,0,0,0,0
50150155,,5,Coahuila de Zaragoza,Coah.,15,Juárez,155,El Espejo,R,"27°38´59.244N""","100°35´19.524W""",27.64979,-100.588756,270,G14A25,0,0,0,0
50150156,,5,Coahuila de Zaragoza,Coah.,15,Juárez,156,Coyotillo Dos,R,"27°39´01.784N""","100°35´47.531W""",27.650496,-100.596536,272,G14A25,0,0,0,0
50150157,,5,Coahuila de Zaragoza,Coah.,15,Juárez,157,Roberto García Martínez,R,"27°38´54.195N""","100°35´52.962W""",27.648387,-100.598045,272,G14A25,0,0,0,0
50150158,,5,Coahuila de Zaragoza,Coah.,15,Juárez,158,Los Tájuaros,R,"27°37´34.934N""","100°35´52.814W""",27.62637,-100.598004,269,G14A25,0,0,0,0
50150159,,5,Coahuila de Zaragoza,Coah.,15,Juárez,159,El Chapote,R,"27°43´04.299N""","100°27´48.856W""",27.71786,-100.463571,272,G14A25,0,0,0,0
50150160,,5,Coahuila de Zaragoza,Coah.,15,Juárez,160,Rancho Nuevo,R,"27°37´54.959N""","100°42´13.139W""",27.631932,-100.70365,285,G14A24,0,0,0,0
50150161,,5,Coahuila de Zaragoza,Coah.,15,Juárez,161,Alcorta,R,"27°34´19.456N""","100°43´20.134W""",27.57207,-100.722259,269,G14A24,0,0,0,0
50150162,,5,Coahuila de Zaragoza,Coah.,15,Juárez,162,Rogelio F. Moreno Quintero (Santa Rita),R,"27°29´48.236N""","100°31´35.413W""",27.496732,-100.526503,248,G14A35,0,0,0,0
50150164,,5,Coahuila de Zaragoza,Coah.,15,Juárez,164,Chavelito,R,"27°27´38.922N""","100°29´16.924W""",27.460812,-100.488034,237,G14A35,0,0,0,0
50150165,,5,Coahuila de Zaragoza,Coah.,15,Juárez,165,Heriberto Domínguez González,R,"27°26´18.105N""","100°28´14.546W""",27.438362,-100.470707,231,G14A35,0,0,0,0
50150166,,5,Coahuila de Zaragoza,Coah.,15,Juárez,166,El Tecolote (Ricardo Flores Wong),R,"27°26´38.282N""","100°27´34.222W""",27.443967,-100.459506,238,G14A35,0,0,0,0
50150168,,5,Coahuila de Zaragoza,Coah.,15,Juárez,168,María Isabel,R,"27°27´13.712N""","100°27´47.046W""",27.453809,-100.463068,240,G14A35,4,*,*,2
50150172,,5,Coahuila de Zaragoza,Coah.,15,Juárez,172,San Jorge,R,"27°26´03.567N""","100°27´03.648W""",27.434324,-100.451013,233,G14A35,0,0,0,0
50150173,,5,Coahuila de Zaragoza,Coah.,15,Juárez,173,El Tecolote (Ricardo Flores Wong),R,"27°25´51.368N""","100°26´53.604W""",27.430935,-100.448223,235,G14A35,0,0,0,0
50150174,,5,Coahuila de Zaragoza,Coah.,15,Juárez,174,El Lucero,R,"27°27´09.443N""","100°28´39.021W""",27.452623,-100.477505,237,G14A35,0,0,0,0
50150175,,5,Coahuila de Zaragoza,Coah.,15,Juárez,175,El Guayacán,R,"27°26´34.710N""","100°26´19.230W""",27.442975,-100.438675,243,G14A35,0,0,0,0
50150176,,5,Coahuila de Zaragoza,Coah.,15,Juárez,176,La Promesa,R,"27°26´18.221N""","100°25´20.266W""",27.438394,-100.422295,245,G14A35,0,0,0,0
50150177,,5,Coahuila de Zaragoza,Coah.,15,Juárez,177,San Ramón,R,"27°26´25.640N""","100°25´31.362W""",27.440455,-100.425378,246,G14A35,0,0,0,0
50150178,,5,Coahuila de Zaragoza,Coah.,15,Juárez,178,Ramiro García,R,"27°30´38.944N""","100°34´07.493W""",27.510818,-100.568747,245,G14A25,2,*,*,1
50150179,,5,Coahuila de Zaragoza,Coah.,15,Juárez,179,Chabelito,R,"27°27´01.032N""","100°26´02.984W""",27.450287,-100.434162,244,G14A35,0,0,0,0
50150180,,5,Coahuila de Zaragoza,Coah.,15,Juárez,180,José López González,R,"27°26´41.202N""","100°26´17.697W""",27.444778,-100.438249,243,G14A35,3,*,*,1
50150182,,5,Coahuila de Zaragoza,Coah.,15,Juárez,182,San Guillermo,R,"27°30´34.120N""","100°29´12.153W""",27.509478,-100.486709,256,G14A25,0,0,0,0
50150183,,5,Coahuila de Zaragoza,Coah.,15,Juárez,183,El Papalote,R,"27°35´34.999N""","100°44´11.322W""",27.593055,-100.736478,275,G14A24,0,0,0,0
50150184,,5,Coahuila de Zaragoza,Coah.,15,Juárez,184,La Palma,R,"27°37´58.750N""","100°44´48.460W""",27.632985,-100.746794,279,G14A24,0,0,0,0
50150185,,5,Coahuila de Zaragoza,Coah.,15,Juárez,185,Carlos Reyes Rincón,R,"27°38´12.800N""","100°44´13.819W""",27.636889,-100.737172,280,G14A24,0,0,0,0
50150186,,5,Coahuila de Zaragoza,Coah.,15,Juárez,186,El Yunque,R,"27°37´14.440N""","100°46´43.309W""",27.620677,-100.778696,280,G14A24,0,0,0,0
50150187,,5,Coahuila de Zaragoza,Coah.,15,Juárez,187,Las Mangas,R,"27°38´52.230N""","100°49´10.310W""",27.647841,-100.81953,284,G14A24,0,0,0,0
50150188,,5,Coahuila de Zaragoza,Coah.,15,Juárez,188,Los Laureles,R,"27°37´19.088N""","100°47´05.430W""",27.621968,-100.784841,286,G14A24,0,0,0,0
50150189,,5,Coahuila de Zaragoza,Coah.,15,Juárez,189,El Barril,R,"27°35´37.196N""","100°52´44.616W""",27.593665,-100.879059,310,G14A24,0,0,0,0
50150190,,5,Coahuila de Zaragoza,Coah.,15,Juárez,190,El Andador,R,"27°37´13.284N""","100°44´00.131W""",27.620356,-100.733369,276,G14A24,0,0,0,0
50150191,,5,Coahuila de Zaragoza,Coah.,15,Juárez,191,José Treviño,R,"27°37´28.477N""","100°44´17.507W""",27.624576,-100.738196,280,G14A24,0,0,0,0
50150193,,5,Coahuila de Zaragoza,Coah.,15,Juárez,193,José Hernández Coronado,R,"27°37´51.780N""","100°46´53.550W""",27.631049,-100.781541,281,G14A24,0,0,0,0
50150195,,5,Coahuila de Zaragoza,Coah.,15,Juárez,195,Ramón Ramírez Sánchez,R,"27°26´44.185N""","100°24´22.174W""",27.445607,-100.406159,240,G14A35,4,*,*,1
50150197,,5,Coahuila de Zaragoza,Coah.,15,Juárez,197,San Antonio,R,"27°23´48.765N""","100°25´01.935W""",27.396879,-100.417204,223,G14A35,0,0,0,0
50150198,,5,Coahuila de Zaragoza,Coah.,15,Juárez,198,San Antonio (José Adalberto G.),R,"27°24´20.111N""","100°25´00.521W""",27.405586,-100.416811,227,G14A35,0,0,0,0
50150199,,5,Coahuila de Zaragoza,Coah.,15,Juárez,199,San Rafael,R,"27°50´12.329N""","100°54´29.900W""",27.836758,-100.908306,385,G14A14,0,0,0,0
50150200,,5,Coahuila de Zaragoza,Coah.,15,Juárez,200,Buenavista,R,"27°49´24.048N""","100°53´20.750W""",27.823346,-100.889097,384,G14A14,0,0,0,0
50150201,,5,Coahuila de Zaragoza,Coah.,15,Juárez,201,El Apache,R,"27°51´10.243N""","100°51´25.706W""",27.852845,-100.857141,437,G14A14,0,0,0,0
50150202,,5,Coahuila de Zaragoza,Coah.,15,Juárez,202,El Cuervo,R,"27°48´09.821N""","100°50´44.058W""",27.802728,-100.845571,390,G14A14,0,0,0,0
50150203,,5,Coahuila de Zaragoza,Coah.,15,Juárez,203,La Taza,R,"27°48´50.749N""","100°56´35.480W""",27.814097,-100.943189,359,G14A14,0,0,0,0
50150204,,5,Coahuila de Zaragoza,Coah.,15,Juárez,204,Guadalupe,R,"27°51´41.130N""","100°56´48.639W""",27.861425,-100.946844,394,G14A14,0,0,0,0
50150205,,5,Coahuila de Zaragoza,Coah.,15,Juárez,205,Buenos Aires (Los Fresnos),R,"27°52´44.990N""","100°59´15.399W""",27.879163,-100.987611,377,G14A14,0,0,0,0
50150206,,5,Coahuila de Zaragoza,Coah.,15,Juárez,206,Los Canadienses,R,"27°33´04.785N""","100°39´56.633W""",27.551329,-100.665731,269,G14A25,0,0,0,0
50150207,,5,Coahuila de Zaragoza,Coah.,15,Juárez,207,Club las Carpas (Juan Mendoza),R,"27°32´30.303N""","100°37´39.756W""",27.541751,-100.627709,270,G14A25,2,*,*,1
50150208,,5,Coahuila de Zaragoza,Coah.,15,Juárez,208,Casi Nada Ranch,R,"27°29´22.969N""","100°32´36.782W""",27.489713,-100.54355,243,G14A35,2,*,*,1
50150209,,5,Coahuila de Zaragoza,Coah.,15,Juárez,209,Gilberto Martínez Rocha,R,"27°29´23.987N""","100°33´42.186W""",27.489996,-100.561718,240,G14A35,0,0,0,0
50150210,,5,Coahuila de Zaragoza,Coah.,15,Juárez,210,Miguel Macías Pecina,R,"27°29´38.523N""","100°33´35.748W""",27.494034,-100.55993,245,G14A35,0,0,0,0
50150211,,5,Coahuila de Zaragoza,Coah.,15,Juárez,211,La Vaquerita (Homero Martínez Pecina),R,"27°29´01.312N""","100°32´28.280W""",27.483697,-100.541189,234,G14A35,3,*,*,1
50150212,,5,Coahuila de Zaragoza,Coah.,15,Juárez,212,Juan Pablo Luna,R,"27°26´54.105N""","100°24´52.655W""",27.448362,-100.414626,242,G14A35,9,*,*,2
50150213,,5,Coahuila de Zaragoza,Coah.,15,Juárez,213,Joaquín Esparza Escobedo,R,"27°30´09.058N""","100°32´34.438W""",27.502516,-100.542899,247,G14A25,2,*,*,1
50150214,,5,Coahuila de Zaragoza,Coah.,15,Juárez,214,Los Dos Caballos,R,"27°29´58.681N""","100°32´14.808W""",27.499633,-100.537446,246,G14A35,1,*,*,1
50150215,,5,Coahuila de Zaragoza,Coah.,15,Juárez,215,Santa Rosa,R,"27°30´01.876N""","100°32´01.313W""",27.500521,-100.533698,248,G14A25,2,*,*,1
50150216,,5,Coahuila de Zaragoza,Coah.,15,Juárez,216,Ovidio Lira Fuentes,R,"27°27´08.279N""","100°28´52.895W""",27.4523,-100.481359,233,G14A35,0,0,0,0
50150217,,5,Coahuila de Zaragoza,Coah.,15,Juárez,217,Juan López Oliva,R,"27°26´32.863N""","100°25´55.582W""",27.442462,-100.432105,245,G14A35,0,0,0,0
50150218,,5,Coahuila de Zaragoza,Coah.,15,Juárez,218,El Tío Nachito,R,"27°26´08.997N""","100°25´09.758W""",27.435832,-100.419377,244,G14A35,0,0,0,0
50150219,,5,Coahuila de Zaragoza,Coah.,15,Juárez,219,El Recodo,R,"27°44´31.736N""","100°36´39.893W""",27.742149,-100.611081,302,G14A25,0,0,0,0
50150220,,5,Coahuila de Zaragoza,Coah.,15,Juárez,220,Francisco Flores,R,"27°33´58.602N""","100°24´15.246W""",27.566278,-100.404235,250,G14A25,0,0,0,0
50150221,,5,Coahuila de Zaragoza,Coah.,15,Juárez,221,Ramón Guajardo,R,"27°36´08.123N""","100°41´36.199W""",27.602256,-100.693388,280,G14A24,0,0,0,0
50150222,,5,Coahuila de Zaragoza,Coah.,15,Juárez,222,Agua Dulce,R,"27°38´22.087N""","100°59´43.788W""",27.639468,-100.995496,328,G14A24,1,*,*,1
50150223,,5,Coahuila de Zaragoza,Coah.,15,Juárez,223,Las Adjuntas (El Porvenir),R,"27°30´04.372N""","100°42´43.788W""",27.501214,-100.712163,269,G14A24,0,0,0,0
50150224,,5,Coahuila de Zaragoza,Coah.,15,Juárez,224,Las Cuatas,R,"27°40´58.851N""","100°45´58.967W""",27.683014,-100.76638,300,G14A24,0,0,0,0
50150225,,5,Coahuila de Zaragoza,Coah.,15,Juárez,225,El Castaño,R,"27°43´02.970N""","100°43´47.399W""",27.717491,-100.729832,324,G14A24,0,0,0,0
50150226,,5,Coahuila de Zaragoza,Coah.,15,Juárez,226,Juan Carlos Calderón Orozco,R,"27°35´24.630N""","100°43´24.846W""",27.590175,-100.723568,271,G14A24,0,0,0,0
50150227,,5,Coahuila de Zaragoza,Coah.,15,Juárez,227,El Paso de la Perra,R,"27°38´34.270N""","100°49´44.529W""",27.642852,-100.829035,289,G14A24,0,0,0,0
50150228,,5,Coahuila de Zaragoza,Coah.,15,Juárez,228,Pila Azul,R,"27°41´20.075N""","100°50´51.047W""",27.688909,-100.847513,316,G14A24,0,0,0,0
50150229,,5,Coahuila de Zaragoza,Coah.,15,Juárez,229,El Quiotal,R,"27°36´06.819N""","100°50´27.679W""",27.601894,-100.841022,353,G14A24,0,0,0,0
50150230,,5,Coahuila de Zaragoza,Coah.,15,Juárez,230,Raúl Guajardo,R,"27°35´06.456N""","100°43´01.657W""",27.585126,-100.717126,269,G14A24,0,0,0,0
50150231,,5,Coahuila de Zaragoza,Coah.,15,Juárez,231,Rufino Sánchez Navarro,R,"27°34´51.122N""","100°43´46.379W""",27.580867,-100.729549,272,G14A24,0,0,0,0
50150232,,5,Coahuila de Zaragoza,Coah.,15,Juárez,232,Santa Margarita,R,"27°41´22.405N""","100°56´53.630W""",27.689557,-100.94823,308,G14A24,0,0,0,0
50150233,,5,Coahuila de Zaragoza,Coah.,15,Juárez,233,Vicente Sánchez Herrera,R,"27°38´49.424N""","100°46´32.428W""",27.647062,-100.775674,284,G14A24,0,0,0,0
50150237,,5,Coahuila de Zaragoza,Coah.,15,Juárez,237,Gabino Zamora Lira,R,"27°36´48.531N""","100°43´22.126W""",27.613481,-100.722812,270,G14A24,0,0,0,0
50150240,,5,Coahuila de Zaragoza,Coah.,15,Juárez,240,Carlos Calderón,R,"27°38´50.369N""","100°43´35.469W""",27.647324,-100.726519,291,G14A24,0,0,0,0
50150242,,5,Coahuila de Zaragoza,Coah.,15,Juárez,242,Valentín Moreno (Los 9 Hermanos),R,"27°29´59.986N""","100°31´57.336W""",27.499996,-100.532593,247,G14A35,2,*,*,1
50150244,,5,Coahuila de Zaragoza,Coah.,15,Juárez,244,Rancho Nuevo,R,"27°28´48.913N""","100°30´36.440W""",27.480253,-100.510122,234,G14A35,0,0,0,0
50150245,,5,Coahuila de Zaragoza,Coah.,15,Juárez,245,Héctor Ramos,R,"27°26´29.758N""","100°27´28.526W""",27.441599,-100.457924,238,G14A35,0,0,0,0
50150246,,5,Coahuila de Zaragoza,Coah.,15,Juárez,246,Santa Rita,R,"27°29´43.669N""","100°32´45.257W""",27.495463,-100.545904,246,G14A35,3,*,*,1
50150247,,5,Coahuila de Zaragoza,Coah.,15,Juárez,247,El Arenal,R,"27°31´24.726N""","100°33´52.581W""",27.523534,-100.564606,254,G14A25,0,0,0,0
50150248,,5,Coahuila de Zaragoza,Coah.,15,Juárez,248,Sanmiguel,R,"27°30´40.046N""","100°34´32.738W""",27.511124,-100.57576,243,G14A25,0,0,0,0
50150249,,5,Coahuila de Zaragoza,Coah.,15,Juárez,249,El Sufrido Dos,R,"27°30´00.946N""","100°33´58.339W""",27.500263,-100.566205,244,G14A25,0,0,0,0
50150250,,5,Coahuila de Zaragoza,Coah.,15,Juárez,250,Reynaldo García Villaseñor,R,"27°29´04.708N""","100°32´45.455W""",27.484641,-100.545959,237,G14A35,0,0,0,0
50150251,,5,Coahuila de Zaragoza,Coah.,15,Juárez,251,El Capricho,R,"27°41´31.531N""","100°46´42.605W""",27.692092,-100.778501,305,G14A24,1,*,*,1
50150252,,5,Coahuila de Zaragoza,Coah.,15,Juárez,252,El Bayo,R,"27°29´15.033N""","100°28´22.028W""",27.487509,-100.472785,250,G14A35,0,0,0,0
50150253,,5,Coahuila de Zaragoza,Coah.,15,Juárez,253,María de Jesús,R,"27°29´50.070N""","100°34´09.220W""",27.497241,-100.569227,242,G14A35,0,0,0,0
50150254,,5,Coahuila de Zaragoza,Coah.,15,Juárez,254,El Progreso,R,"27°35´50.528N""","100°43´57.117W""",27.597369,-100.732532,274,G14A24,0,0,0,0
50150255,,5,Coahuila de Zaragoza,Coah.,15,Juárez,255,Los Luna,R,"27°26´39.258N""","100°24´51.087W""",27.444238,-100.414191,242,G14A35,-,-,-,-
