CVE_LOC,NOM_LOC,AMBITO,CVE_MUN,,,,,
1,San Pedro,U,33,,"INSERT INTO `mydb`.`localidades` (`idlocalidades`, `nombre_localidad`, `ambito`, `municipio_idmunicipio`)",VALUES (,"1,""San Pedro"",""U"",33",);
3,Emiliano Zapata (Albia),R,33,,"INSERT INTO `mydb`.`localidades` (`idlocalidades`, `nombre_localidad`, `ambito`, `municipio_idmunicipio`)",VALUES (,"3,""Emiliano Zapata (Albia)"",""R"",33",);
4,Alejandría,R,33,,"INSERT INTO `mydb`.`localidades` (`idlocalidades`, `nombre_localidad`, `ambito`, `municipio_idmunicipio`)",VALUES (,"4,""Alejandría"",""R"",33",);
5,Alejo González (Bilbao),R,33,,"INSERT INTO `mydb`.`localidades` (`idlocalidades`, `nombre_localidad`, `ambito`, `municipio_idmunicipio`)",VALUES (,"5,""Alejo González (Bilbao)"",""R"",33",);
7,La América,R,33,,"INSERT INTO `mydb`.`localidades` (`idlocalidades`, `nombre_localidad`, `ambito`, `municipio_idmunicipio`)",VALUES (,"7,""La América"",""R"",33",);
8,El Amparo,R,33,,"INSERT INTO `mydb`.`localidades` (`idlocalidades`, `nombre_localidad`, `ambito`, `municipio_idmunicipio`)",VALUES (,"8,""El Amparo"",""R"",33",);
9,Lagos de Moreno (Ampueros),R,33,,"INSERT INTO `mydb`.`localidades` (`idlocalidades`, `nombre_localidad`, `ambito`, `municipio_idmunicipio`)",VALUES (,"9,""Lagos de Moreno (Ampueros)"",""R"",33",);
11,Aquiles Serdán,R,33,,"INSERT INTO `mydb`.`localidades` (`idlocalidades`, `nombre_localidad`, `ambito`, `municipio_idmunicipio`)",VALUES (,"11,""Aquiles Serdán"",""R"",33",);
13,La Estrella y la Barca,R,33,,"INSERT INTO `mydb`.`localidades` (`idlocalidades`, `nombre_localidad`, `ambito`, `municipio_idmunicipio`)",VALUES (,"13,""La Estrella y la Barca"",""R"",33",);
14,Vigo (Bella Vista),R,33,,"INSERT INTO `mydb`.`localidades` (`idlocalidades`, `nombre_localidad`, `ambito`, `municipio_idmunicipio`)",VALUES (,"14,""Vigo (Bella Vista)"",""R"",33",);
15,Bolívar,R,33,,"INSERT INTO `mydb`.`localidades` (`idlocalidades`, `nombre_localidad`, `ambito`, `municipio_idmunicipio`)",VALUES (,"15,""Bolívar"",""R"",33",);
17,El Cairo,R,33,,"INSERT INTO `mydb`.`localidades` (`idlocalidades`, `nombre_localidad`, `ambito`, `municipio_idmunicipio`)",VALUES (,"17,""El Cairo"",""R"",33",);
18,La Candelaria,R,33,,"INSERT INTO `mydb`.`localidades` (`idlocalidades`, `nombre_localidad`, `ambito`, `municipio_idmunicipio`)",VALUES (,"18,""La Candelaria"",""R"",33",);
19,La Carolina (La Nueva Carolina),R,33,,"INSERT INTO `mydb`.`localidades` (`idlocalidades`, `nombre_localidad`, `ambito`, `municipio_idmunicipio`)",VALUES (,"19,""La Carolina (La Nueva Carolina)"",""R"",33",);
20,Cleto,R,33,,"INSERT INTO `mydb`.`localidades` (`idlocalidades`, `nombre_localidad`, `ambito`, `municipio_idmunicipio`)",VALUES (,"20,""Cleto"",""R"",33",);
21,Félix Ramírez (Gavilanes),R,33,,"INSERT INTO `mydb`.`localidades` (`idlocalidades`, `nombre_localidad`, `ambito`, `municipio_idmunicipio`)",VALUES (,"21,""Félix Ramírez (Gavilanes)"",""R"",33",);
22,Concordia (La Rosita),U,33,,"INSERT INTO `mydb`.`localidades` (`idlocalidades`, `nombre_localidad`, `ambito`, `municipio_idmunicipio`)",VALUES (,"22,""Concordia (La Rosita)"",""U"",33",);
23,El Cuatro,R,33,,"INSERT INTO `mydb`.`localidades` (`idlocalidades`, `nombre_localidad`, `ambito`, `municipio_idmunicipio`)",VALUES (,"23,""El Cuatro"",""R"",33",);
24,Cuauhtémoc Cárdenas (Medio Pulmón),R,33,,"INSERT INTO `mydb`.`localidades` (`idlocalidades`, `nombre_localidad`, `ambito`, `municipio_idmunicipio`)",VALUES (,"24,""Cuauhtémoc Cárdenas (Medio Pulmón)"",""R"",33",);
25,Diez de Mayo (Las Casitas),R,33,,"INSERT INTO `mydb`.`localidades` (`idlocalidades`, `nombre_localidad`, `ambito`, `municipio_idmunicipio`)",VALUES (,"25,""Diez de Mayo (Las Casitas)"",""R"",33",);
27,Tres Estrellas,R,33,,"INSERT INTO `mydb`.`localidades` (`idlocalidades`, `nombre_localidad`, `ambito`, `municipio_idmunicipio`)",VALUES (,"27,""Tres Estrellas"",""R"",33",);
28,El Estribo,R,33,,"INSERT INTO `mydb`.`localidades` (`idlocalidades`, `nombre_localidad`, `ambito`, `municipio_idmunicipio`)",VALUES (,"28,""El Estribo"",""R"",33",);
29,La Fe,R,33,,"INSERT INTO `mydb`.`localidades` (`idlocalidades`, `nombre_localidad`, `ambito`, `municipio_idmunicipio`)",VALUES (,"29,""La Fe"",""R"",33",);
30,Frontera,R,33,,"INSERT INTO `mydb`.`localidades` (`idlocalidades`, `nombre_localidad`, `ambito`, `municipio_idmunicipio`)",VALUES (,"30,""Frontera"",""R"",33",);
31,Gabino Vázquez (Begoña),R,33,,"INSERT INTO `mydb`.`localidades` (`idlocalidades`, `nombre_localidad`, `ambito`, `municipio_idmunicipio`)",VALUES (,"31,""Gabino Vázquez (Begoña)"",""R"",33",);
32,Gatas Mochas,R,33,,"INSERT INTO `mydb`.`localidades` (`idlocalidades`, `nombre_localidad`, `ambito`, `municipio_idmunicipio`)",VALUES (,"32,""Gatas Mochas"",""R"",33",);
33,El Gatuño,R,33,,"INSERT INTO `mydb`.`localidades` (`idlocalidades`, `nombre_localidad`, `ambito`, `municipio_idmunicipio`)",VALUES (,"33,""El Gatuño"",""R"",33",);
34,Ignacio Zaragoza,R,33,,"INSERT INTO `mydb`.`localidades` (`idlocalidades`, `nombre_localidad`, `ambito`, `municipio_idmunicipio`)",VALUES (,"34,""Ignacio Zaragoza"",""R"",33",);
36,Lázaro Cárdenas (Dolores),R,33,,"INSERT INTO `mydb`.`localidades` (`idlocalidades`, `nombre_localidad`, `ambito`, `municipio_idmunicipio`)",VALUES (,"36,""Lázaro Cárdenas (Dolores)"",""R"",33",);
37,Luchana,U,33,,"INSERT INTO `mydb`.`localidades` (`idlocalidades`, `nombre_localidad`, `ambito`, `municipio_idmunicipio`)",VALUES (,"37,""Luchana"",""U"",33",);
39,Mala Noche y Arracadas,R,33,,"INSERT INTO `mydb`.`localidades` (`idlocalidades`, `nombre_localidad`, `ambito`, `municipio_idmunicipio`)",VALUES (,"39,""Mala Noche y Arracadas"",""R"",33",);
40,Maravillas,R,33,,"INSERT INTO `mydb`.`localidades` (`idlocalidades`, `nombre_localidad`, `ambito`, `municipio_idmunicipio`)",VALUES (,"40,""Maravillas"",""R"",33",);
41,Margarita del Norte,R,33,,"INSERT INTO `mydb`.`localidades` (`idlocalidades`, `nombre_localidad`, `ambito`, `municipio_idmunicipio`)",VALUES (,"41,""Margarita del Norte"",""R"",33",);
42,Mayrán,R,33,,"INSERT INTO `mydb`.`localidades` (`idlocalidades`, `nombre_localidad`, `ambito`, `municipio_idmunicipio`)",VALUES (,"42,""Mayrán"",""R"",33",);
43,Menfis,R,33,,"INSERT INTO `mydb`.`localidades` (`idlocalidades`, `nombre_localidad`, `ambito`, `municipio_idmunicipio`)",VALUES (,"43,""Menfis"",""R"",33",);
44,Las Pistolas,R,33,,"INSERT INTO `mydb`.`localidades` (`idlocalidades`, `nombre_localidad`, `ambito`, `municipio_idmunicipio`)",VALUES (,"44,""Las Pistolas"",""R"",33",);
45,Mitla,R,33,,"INSERT INTO `mydb`.`localidades` (`idlocalidades`, `nombre_localidad`, `ambito`, `municipio_idmunicipio`)",VALUES (,"45,""Mitla"",""R"",33",);
46,El Nilo,R,33,,"INSERT INTO `mydb`.`localidades` (`idlocalidades`, `nombre_localidad`, `ambito`, `municipio_idmunicipio`)",VALUES (,"46,""El Nilo"",""R"",33",);
47,Nuevo Delicias,R,33,,"INSERT INTO `mydb`.`localidades` (`idlocalidades`, `nombre_localidad`, `ambito`, `municipio_idmunicipio`)",VALUES (,"47,""Nuevo Delicias"",""R"",33",);
48,Nuevo Mundo,R,33,,"INSERT INTO `mydb`.`localidades` (`idlocalidades`, `nombre_localidad`, `ambito`, `municipio_idmunicipio`)",VALUES (,"48,""Nuevo Mundo"",""R"",33",);
50,Panamá,R,33,,"INSERT INTO `mydb`.`localidades` (`idlocalidades`, `nombre_localidad`, `ambito`, `municipio_idmunicipio`)",VALUES (,"50,""Panamá"",""R"",33",);
51,Patrocinio,R,33,,"INSERT INTO `mydb`.`localidades` (`idlocalidades`, `nombre_localidad`, `ambito`, `municipio_idmunicipio`)",VALUES (,"51,""Patrocinio"",""R"",33",);
52,La Pentalfa,R,33,,"INSERT INTO `mydb`.`localidades` (`idlocalidades`, `nombre_localidad`, `ambito`, `municipio_idmunicipio`)",VALUES (,"52,""La Pentalfa"",""R"",33",);
55,El Porvenir de Abajo,R,33,,"INSERT INTO `mydb`.`localidades` (`idlocalidades`, `nombre_localidad`, `ambito`, `municipio_idmunicipio`)",VALUES (,"55,""El Porvenir de Abajo"",""R"",33",);
57,Presa de Cleto,R,33,,"INSERT INTO `mydb`.`localidades` (`idlocalidades`, `nombre_localidad`, `ambito`, `municipio_idmunicipio`)",VALUES (,"57,""Presa de Cleto"",""R"",33",);
58,Primero de Mayo (Algorta),R,33,,"INSERT INTO `mydb`.`localidades` (`idlocalidades`, `nombre_localidad`, `ambito`, `municipio_idmunicipio`)",VALUES (,"58,""Primero de Mayo (Algorta)"",""R"",33",);
59,Progreso,R,33,,"INSERT INTO `mydb`.`localidades` (`idlocalidades`, `nombre_localidad`, `ambito`, `municipio_idmunicipio`)",VALUES (,"59,""Progreso"",""R"",33",);
62,El Retiro,R,33,,"INSERT INTO `mydb`.`localidades` (`idlocalidades`, `nombre_localidad`, `ambito`, `municipio_idmunicipio`)",VALUES (,"62,""El Retiro"",""R"",33",);
63,Reynosa,R,33,,"INSERT INTO `mydb`.`localidades` (`idlocalidades`, `nombre_localidad`, `ambito`, `municipio_idmunicipio`)",VALUES (,"63,""Reynosa"",""R"",33",);
64,Ricardo Flores Magón,R,33,,"INSERT INTO `mydb`.`localidades` (`idlocalidades`, `nombre_localidad`, `ambito`, `municipio_idmunicipio`)",VALUES (,"64,""Ricardo Flores Magón"",""R"",33",);
68,Purísima de Rubio,R,33,,"INSERT INTO `mydb`.`localidades` (`idlocalidades`, `nombre_localidad`, `ambito`, `municipio_idmunicipio`)",VALUES (,"68,""Purísima de Rubio"",""R"",33",);
69,San Alberto,R,33,,"INSERT INTO `mydb`.`localidades` (`idlocalidades`, `nombre_localidad`, `ambito`, `municipio_idmunicipio`)",VALUES (,"69,""San Alberto"",""R"",33",);
70,San Antonio de Gurza,R,33,,"INSERT INTO `mydb`.`localidades` (`idlocalidades`, `nombre_localidad`, `ambito`, `municipio_idmunicipio`)",VALUES (,"70,""San Antonio de Gurza"",""R"",33",);
71,San Ignacio,R,33,,"INSERT INTO `mydb`.`localidades` (`idlocalidades`, `nombre_localidad`, `ambito`, `municipio_idmunicipio`)",VALUES (,"71,""San Ignacio"",""R"",33",);
72,San Esteban de Abajo,R,33,,"INSERT INTO `mydb`.`localidades` (`idlocalidades`, `nombre_localidad`, `ambito`, `municipio_idmunicipio`)",VALUES (,"72,""San Esteban de Abajo"",""R"",33",);
73,San Felipe (San Felipe de Purcell),R,33,,"INSERT INTO `mydb`.`localidades` (`idlocalidades`, `nombre_localidad`, `ambito`, `municipio_idmunicipio`)",VALUES (,"73,""San Felipe (San Felipe de Purcell)"",""R"",33",);
74,San Francisco de Arriba,R,33,,"INSERT INTO `mydb`.`localidades` (`idlocalidades`, `nombre_localidad`, `ambito`, `municipio_idmunicipio`)",VALUES (,"74,""San Francisco de Arriba"",""R"",33",);
75,San Francisco de Gurza (Santa Rosa),R,33,,"INSERT INTO `mydb`.`localidades` (`idlocalidades`, `nombre_localidad`, `ambito`, `municipio_idmunicipio`)",VALUES (,"75,""San Francisco de Gurza (Santa Rosa)"",""R"",33",);
76,San Francisco de la Fe,R,33,,"INSERT INTO `mydb`.`localidades` (`idlocalidades`, `nombre_localidad`, `ambito`, `municipio_idmunicipio`)",VALUES (,"76,""San Francisco de la Fe"",""R"",33",);
77,San Ignacio,R,33,,"INSERT INTO `mydb`.`localidades` (`idlocalidades`, `nombre_localidad`, `ambito`, `municipio_idmunicipio`)",VALUES (,"77,""San Ignacio"",""R"",33",);
78,San Isidro,R,33,,"INSERT INTO `mydb`.`localidades` (`idlocalidades`, `nombre_localidad`, `ambito`, `municipio_idmunicipio`)",VALUES (,"78,""San Isidro"",""R"",33",);
79,San Lorenzo,R,33,,"INSERT INTO `mydb`.`localidades` (`idlocalidades`, `nombre_localidad`, `ambito`, `municipio_idmunicipio`)",VALUES (,"79,""San Lorenzo"",""R"",33",);
83,San Marcos,R,33,,"INSERT INTO `mydb`.`localidades` (`idlocalidades`, `nombre_localidad`, `ambito`, `municipio_idmunicipio`)",VALUES (,"83,""San Marcos"",""R"",33",);
84,San Miguel,R,33,,"INSERT INTO `mydb`.`localidades` (`idlocalidades`, `nombre_localidad`, `ambito`, `municipio_idmunicipio`)",VALUES (,"84,""San Miguel"",""R"",33",);
85,San Nicolás,R,33,,"INSERT INTO `mydb`.`localidades` (`idlocalidades`, `nombre_localidad`, `ambito`, `municipio_idmunicipio`)",VALUES (,"85,""San Nicolás"",""R"",33",);
86,San Pablo,R,33,,"INSERT INTO `mydb`.`localidades` (`idlocalidades`, `nombre_localidad`, `ambito`, `municipio_idmunicipio`)",VALUES (,"86,""San Pablo"",""R"",33",);
87,San Patricio,R,33,,"INSERT INTO `mydb`.`localidades` (`idlocalidades`, `nombre_localidad`, `ambito`, `municipio_idmunicipio`)",VALUES (,"87,""San Patricio"",""R"",33",);
88,San Rafael de Abajo,R,33,,"INSERT INTO `mydb`.`localidades` (`idlocalidades`, `nombre_localidad`, `ambito`, `municipio_idmunicipio`)",VALUES (,"88,""San Rafael de Abajo"",""R"",33",);
89,San Rafael de Arriba,R,33,,"INSERT INTO `mydb`.`localidades` (`idlocalidades`, `nombre_localidad`, `ambito`, `municipio_idmunicipio`)",VALUES (,"89,""San Rafael de Arriba"",""R"",33",);
90,San Roque,R,33,,"INSERT INTO `mydb`.`localidades` (`idlocalidades`, `nombre_localidad`, `ambito`, `municipio_idmunicipio`)",VALUES (,"90,""San Roque"",""R"",33",);
91,Santa Ana (Santa Ana de Arriba),R,33,,"INSERT INTO `mydb`.`localidades` (`idlocalidades`, `nombre_localidad`, `ambito`, `municipio_idmunicipio`)",VALUES (,"91,""Santa Ana (Santa Ana de Arriba)"",""R"",33",);
92,Santa Anita,R,33,,"INSERT INTO `mydb`.`localidades` (`idlocalidades`, `nombre_localidad`, `ambito`, `municipio_idmunicipio`)",VALUES (,"92,""Santa Anita"",""R"",33",);
93,Santa Brígida,R,33,,"INSERT INTO `mydb`.`localidades` (`idlocalidades`, `nombre_localidad`, `ambito`, `municipio_idmunicipio`)",VALUES (,"93,""Santa Brígida"",""R"",33",);
94,Santa Elena,R,33,,"INSERT INTO `mydb`.`localidades` (`idlocalidades`, `nombre_localidad`, `ambito`, `municipio_idmunicipio`)",VALUES (,"94,""Santa Elena"",""R"",33",);
95,Santa Eulalia,R,33,,"INSERT INTO `mydb`.`localidades` (`idlocalidades`, `nombre_localidad`, `ambito`, `municipio_idmunicipio`)",VALUES (,"95,""Santa Eulalia"",""R"",33",);
96,Santa María,R,33,,"INSERT INTO `mydb`.`localidades` (`idlocalidades`, `nombre_localidad`, `ambito`, `municipio_idmunicipio`)",VALUES (,"96,""Santa María"",""R"",33",);
97,Santa Mónica,R,33,,"INSERT INTO `mydb`.`localidades` (`idlocalidades`, `nombre_localidad`, `ambito`, `municipio_idmunicipio`)",VALUES (,"97,""Santa Mónica"",""R"",33",);
98,Beta Santa Mónica [Sociedad de Producción Rural],R,33,,"INSERT INTO `mydb`.`localidades` (`idlocalidades`, `nombre_localidad`, `ambito`, `municipio_idmunicipio`)",VALUES (,"98,""Beta Santa Mónica [Sociedad de Producción Rural]"",""R"",33",);
101,Santiago,R,33,,"INSERT INTO `mydb`.`localidades` (`idlocalidades`, `nombre_localidad`, `ambito`, `municipio_idmunicipio`)",VALUES (,"101,""Santiago"",""R"",33",);
102,Santo Tomás,R,33,,"INSERT INTO `mydb`.`localidades` (`idlocalidades`, `nombre_localidad`, `ambito`, `municipio_idmunicipio`)",VALUES (,"102,""Santo Tomás"",""R"",33",);
104,Santa Sofía (Sofía de Abajo),R,33,,"INSERT INTO `mydb`.`localidades` (`idlocalidades`, `nombre_localidad`, `ambito`, `municipio_idmunicipio`)",VALUES (,"104,""Santa Sofía (Sofía de Abajo)"",""R"",33",);
105,Sofía de Arriba,R,33,,"INSERT INTO `mydb`.`localidades` (`idlocalidades`, `nombre_localidad`, `ambito`, `municipio_idmunicipio`)",VALUES (,"105,""Sofía de Arriba"",""R"",33",);
106,Tacuba,R,33,,"INSERT INTO `mydb`.`localidades` (`idlocalidades`, `nombre_localidad`, `ambito`, `municipio_idmunicipio`)",VALUES (,"106,""Tacuba"",""R"",33",);
107,Tacubaya,R,33,,"INSERT INTO `mydb`.`localidades` (`idlocalidades`, `nombre_localidad`, `ambito`, `municipio_idmunicipio`)",VALUES (,"107,""Tacubaya"",""R"",33",);
108,Tebas y Palmira,R,33,,"INSERT INTO `mydb`.`localidades` (`idlocalidades`, `nombre_localidad`, `ambito`, `municipio_idmunicipio`)",VALUES (,"108,""Tebas y Palmira"",""R"",33",);
110,El Triángulo,R,33,,"INSERT INTO `mydb`.`localidades` (`idlocalidades`, `nombre_localidad`, `ambito`, `municipio_idmunicipio`)",VALUES (,"110,""El Triángulo"",""R"",33",);
112,Vega Larga,R,33,,"INSERT INTO `mydb`.`localidades` (`idlocalidades`, `nombre_localidad`, `ambito`, `municipio_idmunicipio`)",VALUES (,"112,""Vega Larga"",""R"",33",);
113,Veinte de Noviembre (Santa Lucía),R,33,,"INSERT INTO `mydb`.`localidades` (`idlocalidades`, `nombre_localidad`, `ambito`, `municipio_idmunicipio`)",VALUES (,"113,""Veinte de Noviembre (Santa Lucía)"",""R"",33",);
114,El Venado,R,33,,"INSERT INTO `mydb`.`localidades` (`idlocalidades`, `nombre_localidad`, `ambito`, `municipio_idmunicipio`)",VALUES (,"114,""El Venado"",""R"",33",);
115,La Victoria,R,33,,"INSERT INTO `mydb`.`localidades` (`idlocalidades`, `nombre_localidad`, `ambito`, `municipio_idmunicipio`)",VALUES (,"115,""La Victoria"",""R"",33",);
127,Emiliano Zapata (Las Jaulas),R,33,,"INSERT INTO `mydb`.`localidades` (`idlocalidades`, `nombre_localidad`, `ambito`, `municipio_idmunicipio`)",VALUES (,"127,""Emiliano Zapata (Las Jaulas)"",""R"",33",);
128,El Cosaco,R,33,,"INSERT INTO `mydb`.`localidades` (`idlocalidades`, `nombre_localidad`, `ambito`, `municipio_idmunicipio`)",VALUES (,"128,""El Cosaco"",""R"",33",);
129,El Centenario,R,33,,"INSERT INTO `mydb`.`localidades` (`idlocalidades`, `nombre_localidad`, `ambito`, `municipio_idmunicipio`)",VALUES (,"129,""El Centenario"",""R"",33",);
130,La Palma,R,33,,"INSERT INTO `mydb`.`localidades` (`idlocalidades`, `nombre_localidad`, `ambito`, `municipio_idmunicipio`)",VALUES (,"130,""La Palma"",""R"",33",);
131,Pequeña Lote Cuatro Concordia,R,33,,"INSERT INTO `mydb`.`localidades` (`idlocalidades`, `nombre_localidad`, `ambito`, `municipio_idmunicipio`)",VALUES (,"131,""Pequeña Lote Cuatro Concordia"",""R"",33",);
132,San Antonio de Gurza,R,33,,"INSERT INTO `mydb`.`localidades` (`idlocalidades`, `nombre_localidad`, `ambito`, `municipio_idmunicipio`)",VALUES (,"132,""San Antonio de Gurza"",""R"",33",);
133,Cuatro Caminos,R,33,,"INSERT INTO `mydb`.`localidades` (`idlocalidades`, `nombre_localidad`, `ambito`, `municipio_idmunicipio`)",VALUES (,"133,""Cuatro Caminos"",""R"",33",);
134,Santa Clara (La Veintisiete),R,33,,"INSERT INTO `mydb`.`localidades` (`idlocalidades`, `nombre_localidad`, `ambito`, `municipio_idmunicipio`)",VALUES (,"134,""Santa Clara (La Veintisiete)"",""R"",33",);
138,Santa María,R,33,,"INSERT INTO `mydb`.`localidades` (`idlocalidades`, `nombre_localidad`, `ambito`, `municipio_idmunicipio`)",VALUES (,"138,""Santa María"",""R"",33",);
140,San Carlos (Las Margaritas),R,33,,"INSERT INTO `mydb`.`localidades` (`idlocalidades`, `nombre_localidad`, `ambito`, `municipio_idmunicipio`)",VALUES (,"140,""San Carlos (Las Margaritas)"",""R"",33",);
141,San Isidro,R,33,,"INSERT INTO `mydb`.`localidades` (`idlocalidades`, `nombre_localidad`, `ambito`, `municipio_idmunicipio`)",VALUES (,"141,""San Isidro"",""R"",33",);
142,San Andrés,R,33,,"INSERT INTO `mydb`.`localidades` (`idlocalidades`, `nombre_localidad`, `ambito`, `municipio_idmunicipio`)",VALUES (,"142,""San Andrés"",""R"",33",);
143,San Carlos,R,33,,"INSERT INTO `mydb`.`localidades` (`idlocalidades`, `nombre_localidad`, `ambito`, `municipio_idmunicipio`)",VALUES (,"143,""San Carlos"",""R"",33",);
144,El Chaparral,R,33,,"INSERT INTO `mydb`.`localidades` (`idlocalidades`, `nombre_localidad`, `ambito`, `municipio_idmunicipio`)",VALUES (,"144,""El Chaparral"",""R"",33",);
146,Rancho Navarra,R,33,,"INSERT INTO `mydb`.`localidades` (`idlocalidades`, `nombre_localidad`, `ambito`, `municipio_idmunicipio`)",VALUES (,"146,""Rancho Navarra"",""R"",33",);
150,San Francisco del Valle,R,33,,"INSERT INTO `mydb`.`localidades` (`idlocalidades`, `nombre_localidad`, `ambito`, `municipio_idmunicipio`)",VALUES (,"150,""San Francisco del Valle"",""R"",33",);
151,El Rayo,R,33,,"INSERT INTO `mydb`.`localidades` (`idlocalidades`, `nombre_localidad`, `ambito`, `municipio_idmunicipio`)",VALUES (,"151,""El Rayo"",""R"",33",);
157,San Antonio,R,33,,"INSERT INTO `mydb`.`localidades` (`idlocalidades`, `nombre_localidad`, `ambito`, `municipio_idmunicipio`)",VALUES (,"157,""San Antonio"",""R"",33",);
158,La Reyna (Los Corsos Viejos),R,33,,"INSERT INTO `mydb`.`localidades` (`idlocalidades`, `nombre_localidad`, `ambito`, `municipio_idmunicipio`)",VALUES (,"158,""La Reyna (Los Corsos Viejos)"",""R"",33",);
161,Nuevo Rubio,R,33,,"INSERT INTO `mydb`.`localidades` (`idlocalidades`, `nombre_localidad`, `ambito`, `municipio_idmunicipio`)",VALUES (,"161,""Nuevo Rubio"",""R"",33",);
165,El Consuelo,R,33,,"INSERT INTO `mydb`.`localidades` (`idlocalidades`, `nombre_localidad`, `ambito`, `municipio_idmunicipio`)",VALUES (,"165,""El Consuelo"",""R"",33",);
166,Audalla (La Uno de Sierra),R,33,,"INSERT INTO `mydb`.`localidades` (`idlocalidades`, `nombre_localidad`, `ambito`, `municipio_idmunicipio`)",VALUES (,"166,""Audalla (La Uno de Sierra)"",""R"",33",);
167,La Asunción (La Chona),R,33,,"INSERT INTO `mydb`.`localidades` (`idlocalidades`, `nombre_localidad`, `ambito`, `municipio_idmunicipio`)",VALUES (,"167,""La Asunción (La Chona)"",""R"",33",);
174,El Medio Lote,R,33,,"INSERT INTO `mydb`.`localidades` (`idlocalidades`, `nombre_localidad`, `ambito`, `municipio_idmunicipio`)",VALUES (,"174,""El Medio Lote"",""R"",33",);
175,Morelos (Los Dos Duraznos),R,33,,"INSERT INTO `mydb`.`localidades` (`idlocalidades`, `nombre_localidad`, `ambito`, `municipio_idmunicipio`)",VALUES (,"175,""Morelos (Los Dos Duraznos)"",""R"",33",);
176,La Ciudadela (El Eucalipto),R,33,,"INSERT INTO `mydb`.`localidades` (`idlocalidades`, `nombre_localidad`, `ambito`, `municipio_idmunicipio`)",VALUES (,"176,""La Ciudadela (El Eucalipto)"",""R"",33",);
177,Carlos Salinas de Gortari (San Salvador),R,33,,"INSERT INTO `mydb`.`localidades` (`idlocalidades`, `nombre_localidad`, `ambito`, `municipio_idmunicipio`)",VALUES (,"177,""Carlos Salinas de Gortari (San Salvador)"",""R"",33",);
178,Nuevo Texas (Nuevo Texas Viejo),R,33,,"INSERT INTO `mydb`.`localidades` (`idlocalidades`, `nombre_localidad`, `ambito`, `municipio_idmunicipio`)",VALUES (,"178,""Nuevo Texas (Nuevo Texas Viejo)"",""R"",33",);
180,La Vega de los Chivos (Doce Hermanos),R,33,,"INSERT INTO `mydb`.`localidades` (`idlocalidades`, `nombre_localidad`, `ambito`, `municipio_idmunicipio`)",VALUES (,"180,""La Vega de los Chivos (Doce Hermanos)"",""R"",33",);
181,Buenavista,R,33,,"INSERT INTO `mydb`.`localidades` (`idlocalidades`, `nombre_localidad`, `ambito`, `municipio_idmunicipio`)",VALUES (,"181,""Buenavista"",""R"",33",);
183,La Luz (La Luz Vieja),R,33,,"INSERT INTO `mydb`.`localidades` (`idlocalidades`, `nombre_localidad`, `ambito`, `municipio_idmunicipio`)",VALUES (,"183,""La Luz (La Luz Vieja)"",""R"",33",);
185,Allende,R,33,,"INSERT INTO `mydb`.`localidades` (`idlocalidades`, `nombre_localidad`, `ambito`, `municipio_idmunicipio`)",VALUES (,"185,""Allende"",""R"",33",);
186,Candelaria,R,33,,"INSERT INTO `mydb`.`localidades` (`idlocalidades`, `nombre_localidad`, `ambito`, `municipio_idmunicipio`)",VALUES (,"186,""Candelaria"",""R"",33",);
189,La Gloria,R,33,,"INSERT INTO `mydb`.`localidades` (`idlocalidades`, `nombre_localidad`, `ambito`, `municipio_idmunicipio`)",VALUES (,"189,""La Gloria"",""R"",33",);
190,Las Playas,R,33,,"INSERT INTO `mydb`.`localidades` (`idlocalidades`, `nombre_localidad`, `ambito`, `municipio_idmunicipio`)",VALUES (,"190,""Las Playas"",""R"",33",);
192,La Giralda,R,33,,"INSERT INTO `mydb`.`localidades` (`idlocalidades`, `nombre_localidad`, `ambito`, `municipio_idmunicipio`)",VALUES (,"192,""La Giralda"",""R"",33",);
193,Santa Rita,R,33,,"INSERT INTO `mydb`.`localidades` (`idlocalidades`, `nombre_localidad`, `ambito`, `municipio_idmunicipio`)",VALUES (,"193,""Santa Rita"",""R"",33",);
195,Nuevo San Juan Bautista,R,33,,"INSERT INTO `mydb`.`localidades` (`idlocalidades`, `nombre_localidad`, `ambito`, `municipio_idmunicipio`)",VALUES (,"195,""Nuevo San Juan Bautista"",""R"",33",);
196,El Mezquite,R,33,,"INSERT INTO `mydb`.`localidades` (`idlocalidades`, `nombre_localidad`, `ambito`, `municipio_idmunicipio`)",VALUES (,"196,""El Mezquite"",""R"",33",);
198,San Carlos,R,33,,"INSERT INTO `mydb`.`localidades` (`idlocalidades`, `nombre_localidad`, `ambito`, `municipio_idmunicipio`)",VALUES (,"198,""San Carlos"",""R"",33",);
208,Sofía (Casa Blanca),R,33,,"INSERT INTO `mydb`.`localidades` (`idlocalidades`, `nombre_localidad`, `ambito`, `municipio_idmunicipio`)",VALUES (,"208,""Sofía (Casa Blanca)"",""R"",33",);
209,La Fe,R,33,,"INSERT INTO `mydb`.`localidades` (`idlocalidades`, `nombre_localidad`, `ambito`, `municipio_idmunicipio`)",VALUES (,"209,""La Fe"",""R"",33",);
211,Los Wailes,R,33,,"INSERT INTO `mydb`.`localidades` (`idlocalidades`, `nombre_localidad`, `ambito`, `municipio_idmunicipio`)",VALUES (,"211,""Los Wailes"",""R"",33",);
213,La Lucecita (La Luz Nueva),R,33,,"INSERT INTO `mydb`.`localidades` (`idlocalidades`, `nombre_localidad`, `ambito`, `municipio_idmunicipio`)",VALUES (,"213,""La Lucecita (La Luz Nueva)"",""R"",33",);
216,Las Margaritas,R,33,,"INSERT INTO `mydb`.`localidades` (`idlocalidades`, `nombre_localidad`, `ambito`, `municipio_idmunicipio`)",VALUES (,"216,""Las Margaritas"",""R"",33",);
217,Nueva Victoria,R,33,,"INSERT INTO `mydb`.`localidades` (`idlocalidades`, `nombre_localidad`, `ambito`, `municipio_idmunicipio`)",VALUES (,"217,""Nueva Victoria"",""R"",33",);
218,Nueva Candelaria,R,33,,"INSERT INTO `mydb`.`localidades` (`idlocalidades`, `nombre_localidad`, `ambito`, `municipio_idmunicipio`)",VALUES (,"218,""Nueva Candelaria"",""R"",33",);
220,Otila,R,33,,"INSERT INTO `mydb`.`localidades` (`idlocalidades`, `nombre_localidad`, `ambito`, `municipio_idmunicipio`)",VALUES (,"220,""Otila"",""R"",33",);
222,El Pinto,R,33,,"INSERT INTO `mydb`.`localidades` (`idlocalidades`, `nombre_localidad`, `ambito`, `municipio_idmunicipio`)",VALUES (,"222,""El Pinto"",""R"",33",);
223,Estrellita del Norte (El Retiro Nuevo),R,33,,"INSERT INTO `mydb`.`localidades` (`idlocalidades`, `nombre_localidad`, `ambito`, `municipio_idmunicipio`)",VALUES (,"223,""Estrellita del Norte (El Retiro Nuevo)"",""R"",33",);
224,El Retiro Viejo,R,33,,"INSERT INTO `mydb`.`localidades` (`idlocalidades`, `nombre_localidad`, `ambito`, `municipio_idmunicipio`)",VALUES (,"224,""El Retiro Viejo"",""R"",33",);
225,San Fernando,R,33,,"INSERT INTO `mydb`.`localidades` (`idlocalidades`, `nombre_localidad`, `ambito`, `municipio_idmunicipio`)",VALUES (,"225,""San Fernando"",""R"",33",);
227,San Pablo,R,33,,"INSERT INTO `mydb`.`localidades` (`idlocalidades`, `nombre_localidad`, `ambito`, `municipio_idmunicipio`)",VALUES (,"227,""San Pablo"",""R"",33",);
231,Presa de Guadalupe (Vida Nueva),R,33,,"INSERT INTO `mydb`.`localidades` (`idlocalidades`, `nombre_localidad`, `ambito`, `municipio_idmunicipio`)",VALUES (,"231,""Presa de Guadalupe (Vida Nueva)"",""R"",33",);
235,Los Veteranos,R,33,,"INSERT INTO `mydb`.`localidades` (`idlocalidades`, `nombre_localidad`, `ambito`, `municipio_idmunicipio`)",VALUES (,"235,""Los Veteranos"",""R"",33",);
238,San Roque 2,R,33,,"INSERT INTO `mydb`.`localidades` (`idlocalidades`, `nombre_localidad`, `ambito`, `municipio_idmunicipio`)",VALUES (,"238,""San Roque 2"",""R"",33",);
242,La Sauceda,R,33,,"INSERT INTO `mydb`.`localidades` (`idlocalidades`, `nombre_localidad`, `ambito`, `municipio_idmunicipio`)",VALUES (,"242,""La Sauceda"",""R"",33",);
243,Santa Anita Medio Lote (Gabriel Díaz López),R,33,,"INSERT INTO `mydb`.`localidades` (`idlocalidades`, `nombre_localidad`, `ambito`, `municipio_idmunicipio`)",VALUES (,"243,""Santa Anita Medio Lote (Gabriel Díaz López)"",""R"",33",);
245,Carolina del Norte,R,33,,"INSERT INTO `mydb`.`localidades` (`idlocalidades`, `nombre_localidad`, `ambito`, `municipio_idmunicipio`)",VALUES (,"245,""Carolina del Norte"",""R"",33",);
247,San Isidro (El Jacalón),R,33,,"INSERT INTO `mydb`.`localidades` (`idlocalidades`, `nombre_localidad`, `ambito`, `municipio_idmunicipio`)",VALUES (,"247,""San Isidro (El Jacalón)"",""R"",33",);
248,San Armando (Doña Julia),R,33,,"INSERT INTO `mydb`.`localidades` (`idlocalidades`, `nombre_localidad`, `ambito`, `municipio_idmunicipio`)",VALUES (,"248,""San Armando (Doña Julia)"",""R"",33",);
249,El Ranchito,R,33,,"INSERT INTO `mydb`.`localidades` (`idlocalidades`, `nombre_localidad`, `ambito`, `municipio_idmunicipio`)",VALUES (,"249,""El Ranchito"",""R"",33",);
250,Los Hidalgos,R,33,,"INSERT INTO `mydb`.`localidades` (`idlocalidades`, `nombre_localidad`, `ambito`, `municipio_idmunicipio`)",VALUES (,"250,""Los Hidalgos"",""R"",33",);
251,San Mateo,R,33,,"INSERT INTO `mydb`.`localidades` (`idlocalidades`, `nombre_localidad`, `ambito`, `municipio_idmunicipio`)",VALUES (,"251,""San Mateo"",""R"",33",);
252,El Tronconal,R,33,,"INSERT INTO `mydb`.`localidades` (`idlocalidades`, `nombre_localidad`, `ambito`, `municipio_idmunicipio`)",VALUES (,"252,""El Tronconal"",""R"",33",);
253,Santa Rita,R,33,,"INSERT INTO `mydb`.`localidades` (`idlocalidades`, `nombre_localidad`, `ambito`, `municipio_idmunicipio`)",VALUES (,"253,""Santa Rita"",""R"",33",);
254,Charco Verde,R,33,,"INSERT INTO `mydb`.`localidades` (`idlocalidades`, `nombre_localidad`, `ambito`, `municipio_idmunicipio`)",VALUES (,"254,""Charco Verde"",""R"",33",);
256,Las Concordias,R,33,,"INSERT INTO `mydb`.`localidades` (`idlocalidades`, `nombre_localidad`, `ambito`, `municipio_idmunicipio`)",VALUES (,"256,""Las Concordias"",""R"",33",);
264,El Papalote,R,33,,"INSERT INTO `mydb`.`localidades` (`idlocalidades`, `nombre_localidad`, `ambito`, `municipio_idmunicipio`)",VALUES (,"264,""El Papalote"",""R"",33",);
267,Nuevo San Pedro (La Puerta),R,33,,"INSERT INTO `mydb`.`localidades` (`idlocalidades`, `nombre_localidad`, `ambito`, `municipio_idmunicipio`)",VALUES (,"267,""Nuevo San Pedro (La Puerta)"",""R"",33",);
268,Buenavista,R,33,,"INSERT INTO `mydb`.`localidades` (`idlocalidades`, `nombre_localidad`, `ambito`, `municipio_idmunicipio`)",VALUES (,"268,""Buenavista"",""R"",33",);
272,Estrellita del Norte (Santa María),R,33,,"INSERT INTO `mydb`.`localidades` (`idlocalidades`, `nombre_localidad`, `ambito`, `municipio_idmunicipio`)",VALUES (,"272,""Estrellita del Norte (Santa María)"",""R"",33",);
276,Santa Alicia,R,33,,"INSERT INTO `mydb`.`localidades` (`idlocalidades`, `nombre_localidad`, `ambito`, `municipio_idmunicipio`)",VALUES (,"276,""Santa Alicia"",""R"",33",);
277,La Batalla,R,33,,"INSERT INTO `mydb`.`localidades` (`idlocalidades`, `nombre_localidad`, `ambito`, `municipio_idmunicipio`)",VALUES (,"277,""La Batalla"",""R"",33",);
278,La Vega de los Chivos (Gregorio Alvarado Ledezma),R,33,,"INSERT INTO `mydb`.`localidades` (`idlocalidades`, `nombre_localidad`, `ambito`, `municipio_idmunicipio`)",VALUES (,"278,""La Vega de los Chivos (Gregorio Alvarado Ledezma)"",""R"",33",);
279,Las Lupes,R,33,,"INSERT INTO `mydb`.`localidades` (`idlocalidades`, `nombre_localidad`, `ambito`, `municipio_idmunicipio`)",VALUES (,"279,""Las Lupes"",""R"",33",);
280,Infiernillo,R,33,,"INSERT INTO `mydb`.`localidades` (`idlocalidades`, `nombre_localidad`, `ambito`, `municipio_idmunicipio`)",VALUES (,"280,""Infiernillo"",""R"",33",);
281,El Pilón,R,33,,"INSERT INTO `mydb`.`localidades` (`idlocalidades`, `nombre_localidad`, `ambito`, `municipio_idmunicipio`)",VALUES (,"281,""El Pilón"",""R"",33",);
283,San Salvador (El Despepite),R,33,,"INSERT INTO `mydb`.`localidades` (`idlocalidades`, `nombre_localidad`, `ambito`, `municipio_idmunicipio`)",VALUES (,"283,""San Salvador (El Despepite)"",""R"",33",);
284,Nuevo San Patricio Tres,R,33,,"INSERT INTO `mydb`.`localidades` (`idlocalidades`, `nombre_localidad`, `ambito`, `municipio_idmunicipio`)",VALUES (,"284,""Nuevo San Patricio Tres"",""R"",33",);
287,Tacuba,R,33,,"INSERT INTO `mydb`.`localidades` (`idlocalidades`, `nombre_localidad`, `ambito`, `municipio_idmunicipio`)",VALUES (,"287,""Tacuba"",""R"",33",);
289,Colonia Agrícola Aquiles Serdán Número Dos,R,33,,"INSERT INTO `mydb`.`localidades` (`idlocalidades`, `nombre_localidad`, `ambito`, `municipio_idmunicipio`)",VALUES (,"289,""Colonia Agrícola Aquiles Serdán Número Dos"",""R"",33",);
290,San Agustín,R,33,,"INSERT INTO `mydb`.`localidades` (`idlocalidades`, `nombre_localidad`, `ambito`, `municipio_idmunicipio`)",VALUES (,"290,""San Agustín"",""R"",33",);
292,Tebas,R,33,,"INSERT INTO `mydb`.`localidades` (`idlocalidades`, `nombre_localidad`, `ambito`, `municipio_idmunicipio`)",VALUES (,"292,""Tebas"",""R"",33",);
293,San Alberto la Herradura (Archandas),R,33,,"INSERT INTO `mydb`.`localidades` (`idlocalidades`, `nombre_localidad`, `ambito`, `municipio_idmunicipio`)",VALUES (,"293,""San Alberto la Herradura (Archandas)"",""R"",33",);
294,Santa Ana,R,33,,"INSERT INTO `mydb`.`localidades` (`idlocalidades`, `nombre_localidad`, `ambito`, `municipio_idmunicipio`)",VALUES (,"294,""Santa Ana"",""R"",33",);
295,Miraflores,R,33,,"INSERT INTO `mydb`.`localidades` (`idlocalidades`, `nombre_localidad`, `ambito`, `municipio_idmunicipio`)",VALUES (,"295,""Miraflores"",""R"",33",);
302,Purísima de Rubio,R,33,,"INSERT INTO `mydb`.`localidades` (`idlocalidades`, `nombre_localidad`, `ambito`, `municipio_idmunicipio`)",VALUES (,"302,""Purísima de Rubio"",""R"",33",);
308,Martha García Sánchez,R,33,,"INSERT INTO `mydb`.`localidades` (`idlocalidades`, `nombre_localidad`, `ambito`, `municipio_idmunicipio`)",VALUES (,"308,""Martha García Sánchez"",""R"",33",);
310,Los Aviones,R,33,,"INSERT INTO `mydb`.`localidades` (`idlocalidades`, `nombre_localidad`, `ambito`, `municipio_idmunicipio`)",VALUES (,"310,""Los Aviones"",""R"",33",);
311,Milán,R,33,,"INSERT INTO `mydb`.`localidades` (`idlocalidades`, `nombre_localidad`, `ambito`, `municipio_idmunicipio`)",VALUES (,"311,""Milán"",""R"",33",);
312,Las Galeras (San Patricio Número Uno),R,33,,"INSERT INTO `mydb`.`localidades` (`idlocalidades`, `nombre_localidad`, `ambito`, `municipio_idmunicipio`)",VALUES (,"312,""Las Galeras (San Patricio Número Uno)"",""R"",33",);
314,Los Gatos,R,33,,"INSERT INTO `mydb`.`localidades` (`idlocalidades`, `nombre_localidad`, `ambito`, `municipio_idmunicipio`)",VALUES (,"314,""Los Gatos"",""R"",33",);
315,El Establo,R,33,,"INSERT INTO `mydb`.`localidades` (`idlocalidades`, `nombre_localidad`, `ambito`, `municipio_idmunicipio`)",VALUES (,"315,""El Establo"",""R"",33",);
316,El Engaño,R,33,,"INSERT INTO `mydb`.`localidades` (`idlocalidades`, `nombre_localidad`, `ambito`, `municipio_idmunicipio`)",VALUES (,"316,""El Engaño"",""R"",33",);
326,Pequeña de Urquizo,R,33,,"INSERT INTO `mydb`.`localidades` (`idlocalidades`, `nombre_localidad`, `ambito`, `municipio_idmunicipio`)",VALUES (,"326,""Pequeña de Urquizo"",""R"",33",);
327,Pequeña Propiedad Urquizo,R,33,,"INSERT INTO `mydb`.`localidades` (`idlocalidades`, `nombre_localidad`, `ambito`, `municipio_idmunicipio`)",VALUES (,"327,""Pequeña Propiedad Urquizo"",""R"",33",);
329,Sector Ocho,R,33,,"INSERT INTO `mydb`.`localidades` (`idlocalidades`, `nombre_localidad`, `ambito`, `municipio_idmunicipio`)",VALUES (,"329,""Sector Ocho"",""R"",33",);
330,Sector Tres,R,33,,"INSERT INTO `mydb`.`localidades` (`idlocalidades`, `nombre_localidad`, `ambito`, `municipio_idmunicipio`)",VALUES (,"330,""Sector Tres"",""R"",33",);
332,San Daniel (La Siete),R,33,,"INSERT INTO `mydb`.`localidades` (`idlocalidades`, `nombre_localidad`, `ambito`, `municipio_idmunicipio`)",VALUES (,"332,""San Daniel (La Siete)"",""R"",33",);
334,Rincón de García (Rincón de García Chacón),R,33,,"INSERT INTO `mydb`.`localidades` (`idlocalidades`, `nombre_localidad`, `ambito`, `municipio_idmunicipio`)",VALUES (,"334,""Rincón de García (Rincón de García Chacón)"",""R"",33",);
335,La Cuchilla (Mi Tierra),R,33,,"INSERT INTO `mydb`.`localidades` (`idlocalidades`, `nombre_localidad`, `ambito`, `municipio_idmunicipio`)",VALUES (,"335,""La Cuchilla (Mi Tierra)"",""R"",33",);
338,Don José (El Recuerdo),R,33,,"INSERT INTO `mydb`.`localidades` (`idlocalidades`, `nombre_localidad`, `ambito`, `municipio_idmunicipio`)",VALUES (,"338,""Don José (El Recuerdo)"",""R"",33",);
339,El Quitito [Granja],R,33,,"INSERT INTO `mydb`.`localidades` (`idlocalidades`, `nombre_localidad`, `ambito`, `municipio_idmunicipio`)",VALUES (,"339,""El Quitito [Granja]"",""R"",33",);
340,La Majada,R,33,,"INSERT INTO `mydb`.`localidades` (`idlocalidades`, `nombre_localidad`, `ambito`, `municipio_idmunicipio`)",VALUES (,"340,""La Majada"",""R"",33",);
341,La Palma,R,33,,"INSERT INTO `mydb`.`localidades` (`idlocalidades`, `nombre_localidad`, `ambito`, `municipio_idmunicipio`)",VALUES (,"341,""La Palma"",""R"",33",);
342,La Amapola,R,33,,"INSERT INTO `mydb`.`localidades` (`idlocalidades`, `nombre_localidad`, `ambito`, `municipio_idmunicipio`)",VALUES (,"342,""La Amapola"",""R"",33",);
343,El Capri,R,33,,"INSERT INTO `mydb`.`localidades` (`idlocalidades`, `nombre_localidad`, `ambito`, `municipio_idmunicipio`)",VALUES (,"343,""El Capri"",""R"",33",);
344,El Chubasco,R,33,,"INSERT INTO `mydb`.`localidades` (`idlocalidades`, `nombre_localidad`, `ambito`, `municipio_idmunicipio`)",VALUES (,"344,""El Chubasco"",""R"",33",);
345,La Fe,R,33,,"INSERT INTO `mydb`.`localidades` (`idlocalidades`, `nombre_localidad`, `ambito`, `municipio_idmunicipio`)",VALUES (,"345,""La Fe"",""R"",33",);
346,Fraba [Lácteos],R,33,,"INSERT INTO `mydb`.`localidades` (`idlocalidades`, `nombre_localidad`, `ambito`, `municipio_idmunicipio`)",VALUES (,"346,""Fraba [Lácteos]"",""R"",33",);
347,El Girasol,R,33,,"INSERT INTO `mydb`.`localidades` (`idlocalidades`, `nombre_localidad`, `ambito`, `municipio_idmunicipio`)",VALUES (,"347,""El Girasol"",""R"",33",);
348,La Esperanza (Juan Regalado),R,33,,"INSERT INTO `mydb`.`localidades` (`idlocalidades`, `nombre_localidad`, `ambito`, `municipio_idmunicipio`)",VALUES (,"348,""La Esperanza (Juan Regalado)"",""R"",33",);
349,El Cuatro,R,33,,"INSERT INTO `mydb`.`localidades` (`idlocalidades`, `nombre_localidad`, `ambito`, `municipio_idmunicipio`)",VALUES (,"349,""El Cuatro"",""R"",33",);
353,El Nido del Buitre,R,33,,"INSERT INTO `mydb`.`localidades` (`idlocalidades`, `nombre_localidad`, `ambito`, `municipio_idmunicipio`)",VALUES (,"353,""El Nido del Buitre"",""R"",33",);
354,Los Veteranos de Algorta,R,33,,"INSERT INTO `mydb`.`localidades` (`idlocalidades`, `nombre_localidad`, `ambito`, `municipio_idmunicipio`)",VALUES (,"354,""Los Veteranos de Algorta"",""R"",33",);
355,Vida Nueva (Las Palmas),R,33,,"INSERT INTO `mydb`.`localidades` (`idlocalidades`, `nombre_localidad`, `ambito`, `municipio_idmunicipio`)",VALUES (,"355,""Vida Nueva (Las Palmas)"",""R"",33",);
356,Juan Antonio Sánchez Guzmán,R,33,,"INSERT INTO `mydb`.`localidades` (`idlocalidades`, `nombre_localidad`, `ambito`, `municipio_idmunicipio`)",VALUES (,"356,""Juan Antonio Sánchez Guzmán"",""R"",33",);
357,La Casa de la Noria,R,33,,"INSERT INTO `mydb`.`localidades` (`idlocalidades`, `nombre_localidad`, `ambito`, `municipio_idmunicipio`)",VALUES (,"357,""La Casa de la Noria"",""R"",33",);
358,Santo Tomás (Ernesto Meléndez),R,33,,"INSERT INTO `mydb`.`localidades` (`idlocalidades`, `nombre_localidad`, `ambito`, `municipio_idmunicipio`)",VALUES (,"358,""Santo Tomás (Ernesto Meléndez)"",""R"",33",);
360,Medina,R,33,,"INSERT INTO `mydb`.`localidades` (`idlocalidades`, `nombre_localidad`, `ambito`, `municipio_idmunicipio`)",VALUES (,"360,""Medina"",""R"",33",);
361,Los Arenales (Félix Fernández),R,33,,"INSERT INTO `mydb`.`localidades` (`idlocalidades`, `nombre_localidad`, `ambito`, `municipio_idmunicipio`)",VALUES (,"361,""Los Arenales (Félix Fernández)"",""R"",33",);
362,Las Galeras,R,33,,"INSERT INTO `mydb`.`localidades` (`idlocalidades`, `nombre_localidad`, `ambito`, `municipio_idmunicipio`)",VALUES (,"362,""Las Galeras"",""R"",33",);
363,Los Arenales,R,33,,"INSERT INTO `mydb`.`localidades` (`idlocalidades`, `nombre_localidad`, `ambito`, `municipio_idmunicipio`)",VALUES (,"363,""Los Arenales"",""R"",33",);
364,Manuel Samaniego Aguilar,R,33,,"INSERT INTO `mydb`.`localidades` (`idlocalidades`, `nombre_localidad`, `ambito`, `municipio_idmunicipio`)",VALUES (,"364,""Manuel Samaniego Aguilar"",""R"",33",);
366,Morelos,R,33,,"INSERT INTO `mydb`.`localidades` (`idlocalidades`, `nombre_localidad`, `ambito`, `municipio_idmunicipio`)",VALUES (,"366,""Morelos"",""R"",33",);
367,Nuevo Texas (Don Francisco),R,33,,"INSERT INTO `mydb`.`localidades` (`idlocalidades`, `nombre_localidad`, `ambito`, `municipio_idmunicipio`)",VALUES (,"367,""Nuevo Texas (Don Francisco)"",""R"",33",);
368,Los Pinos,R,33,,"INSERT INTO `mydb`.`localidades` (`idlocalidades`, `nombre_localidad`, `ambito`, `municipio_idmunicipio`)",VALUES (,"368,""Los Pinos"",""R"",33",);
369,Santo Tomás,R,33,,"INSERT INTO `mydb`.`localidades` (`idlocalidades`, `nombre_localidad`, `ambito`, `municipio_idmunicipio`)",VALUES (,"369,""Santo Tomás"",""R"",33",);
371,Reynosa Chico,R,33,,"INSERT INTO `mydb`.`localidades` (`idlocalidades`, `nombre_localidad`, `ambito`, `municipio_idmunicipio`)",VALUES (,"371,""Reynosa Chico"",""R"",33",);
372,Los Rebeldes,R,33,,"INSERT INTO `mydb`.`localidades` (`idlocalidades`, `nombre_localidad`, `ambito`, `municipio_idmunicipio`)",VALUES (,"372,""Los Rebeldes"",""R"",33",);
374,El Cuba (Tomás Martínez),R,33,,"INSERT INTO `mydb`.`localidades` (`idlocalidades`, `nombre_localidad`, `ambito`, `municipio_idmunicipio`)",VALUES (,"374,""El Cuba (Tomás Martínez)"",""R"",33",);
375,La Báscula [Restaurante],R,33,,"INSERT INTO `mydb`.`localidades` (`idlocalidades`, `nombre_localidad`, `ambito`, `municipio_idmunicipio`)",VALUES (,"375,""La Báscula [Restaurante]"",""R"",33",);
376,Segundo Santa Anita,R,33,,"INSERT INTO `mydb`.`localidades` (`idlocalidades`, `nombre_localidad`, `ambito`, `municipio_idmunicipio`)",VALUES (,"376,""Segundo Santa Anita"",""R"",33",);
377,La Piedra,R,33,,"INSERT INTO `mydb`.`localidades` (`idlocalidades`, `nombre_localidad`, `ambito`, `municipio_idmunicipio`)",VALUES (,"377,""La Piedra"",""R"",33",);
378,Pista Santa Anita,R,33,,"INSERT INTO `mydb`.`localidades` (`idlocalidades`, `nombre_localidad`, `ambito`, `municipio_idmunicipio`)",VALUES (,"378,""Pista Santa Anita"",""R"",33",);
379,Santa Anita Uno (El Jacalón),R,33,,"INSERT INTO `mydb`.`localidades` (`idlocalidades`, `nombre_localidad`, `ambito`, `municipio_idmunicipio`)",VALUES (,"379,""Santa Anita Uno (El Jacalón)"",""R"",33",);
380,La Caseta (Cuarenta y Dos),R,33,,"INSERT INTO `mydb`.`localidades` (`idlocalidades`, `nombre_localidad`, `ambito`, `municipio_idmunicipio`)",VALUES (,"380,""La Caseta (Cuarenta y Dos)"",""R"",33",);
386,Las Tres Playas,R,33,,"INSERT INTO `mydb`.`localidades` (`idlocalidades`, `nombre_localidad`, `ambito`, `municipio_idmunicipio`)",VALUES (,"386,""Las Tres Playas"",""R"",33",);
389,Las Galeras,R,33,,"INSERT INTO `mydb`.`localidades` (`idlocalidades`, `nombre_localidad`, `ambito`, `municipio_idmunicipio`)",VALUES (,"389,""Las Galeras"",""R"",33",);
390,La Encantada (Carlos Sifuentes Ugalde),R,33,,"INSERT INTO `mydb`.`localidades` (`idlocalidades`, `nombre_localidad`, `ambito`, `municipio_idmunicipio`)",VALUES (,"390,""La Encantada (Carlos Sifuentes Ugalde)"",""R"",33",);
391,Moctezuma Rodríguez Rodríguez (Hermanos Rodríguez),R,33,,"INSERT INTO `mydb`.`localidades` (`idlocalidades`, `nombre_localidad`, `ambito`, `municipio_idmunicipio`)",VALUES (,"391,""Moctezuma Rodríguez Rodríguez (Hermanos Rodríguez)"",""R"",33",);
392,SIGE [Constructora],R,33,,"INSERT INTO `mydb`.`localidades` (`idlocalidades`, `nombre_localidad`, `ambito`, `municipio_idmunicipio`)",VALUES (,"392,""SIGE [Constructora]"",""R"",33",);
395,La Ilusión,R,33,,"INSERT INTO `mydb`.`localidades` (`idlocalidades`, `nombre_localidad`, `ambito`, `municipio_idmunicipio`)",VALUES (,"395,""La Ilusión"",""R"",33",);
396,Francisco Granados,R,33,,"INSERT INTO `mydb`.`localidades` (`idlocalidades`, `nombre_localidad`, `ambito`, `municipio_idmunicipio`)",VALUES (,"396,""Francisco Granados"",""R"",33",);
397,José Ángel Alvarado García,R,33,,"INSERT INTO `mydb`.`localidades` (`idlocalidades`, `nombre_localidad`, `ambito`, `municipio_idmunicipio`)",VALUES (,"397,""José Ángel Alvarado García"",""R"",33",);
398,Reynosa Chico (María de Jesús Balderas Martínez),R,33,,"INSERT INTO `mydb`.`localidades` (`idlocalidades`, `nombre_localidad`, `ambito`, `municipio_idmunicipio`)",VALUES (,"398,""Reynosa Chico (María de Jesús Balderas Martínez)"",""R"",33",);
402,La Maceta,R,33,,"INSERT INTO `mydb`.`localidades` (`idlocalidades`, `nombre_localidad`, `ambito`, `municipio_idmunicipio`)",VALUES (,"402,""La Maceta"",""R"",33",);
404,La Vega de los Chivos (Crescencio Escobar Jaime),R,33,,"INSERT INTO `mydb`.`localidades` (`idlocalidades`, `nombre_localidad`, `ambito`, `municipio_idmunicipio`)",VALUES (,"404,""La Vega de los Chivos (Crescencio Escobar Jaime)"",""R"",33",);
405,Betania,R,33,,"INSERT INTO `mydb`.`localidades` (`idlocalidades`, `nombre_localidad`, `ambito`, `municipio_idmunicipio`)",VALUES (,"405,""Betania"",""R"",33",);
406,El Milagro,R,33,,"INSERT INTO `mydb`.`localidades` (`idlocalidades`, `nombre_localidad`, `ambito`, `municipio_idmunicipio`)",VALUES (,"406,""El Milagro"",""R"",33",);
408,Las Chivas,R,33,,"INSERT INTO `mydb`.`localidades` (`idlocalidades`, `nombre_localidad`, `ambito`, `municipio_idmunicipio`)",VALUES (,"408,""Las Chivas"",""R"",33",);
409,Santo Tomás,R,33,,"INSERT INTO `mydb`.`localidades` (`idlocalidades`, `nombre_localidad`, `ambito`, `municipio_idmunicipio`)",VALUES (,"409,""Santo Tomás"",""R"",33",);
411,San Ignacio [Establo],R,33,,"INSERT INTO `mydb`.`localidades` (`idlocalidades`, `nombre_localidad`, `ambito`, `municipio_idmunicipio`)",VALUES (,"411,""San Ignacio [Establo]"",""R"",33",);
412,La Alameda (Abigaíl Pérez),R,33,,"INSERT INTO `mydb`.`localidades` (`idlocalidades`, `nombre_localidad`, `ambito`, `municipio_idmunicipio`)",VALUES (,"412,""La Alameda (Abigaíl Pérez)"",""R"",33",);
413,Santa Julia,R,33,,"INSERT INTO `mydb`.`localidades` (`idlocalidades`, `nombre_localidad`, `ambito`, `municipio_idmunicipio`)",VALUES (,"413,""Santa Julia"",""R"",33",);
414,Héctor Chapa,R,33,,"INSERT INTO `mydb`.`localidades` (`idlocalidades`, `nombre_localidad`, `ambito`, `municipio_idmunicipio`)",VALUES (,"414,""Héctor Chapa"",""R"",33",);
415,El Huizache,R,33,,"INSERT INTO `mydb`.`localidades` (`idlocalidades`, `nombre_localidad`, `ambito`, `municipio_idmunicipio`)",VALUES (,"415,""El Huizache"",""R"",33",);
416,La Abrileña (Cristina Díaz Nuñez),R,33,,"INSERT INTO `mydb`.`localidades` (`idlocalidades`, `nombre_localidad`, `ambito`, `municipio_idmunicipio`)",VALUES (,"416,""La Abrileña (Cristina Díaz Nuñez)"",""R"",33",);
417,El Tapón de Mora (José Carlos Flores Padilla),R,33,,"INSERT INTO `mydb`.`localidades` (`idlocalidades`, `nombre_localidad`, `ambito`, `municipio_idmunicipio`)",VALUES (,"417,""El Tapón de Mora (José Carlos Flores Padilla)"",""R"",33",);
418,Tebas y Palmira,R,33,,"INSERT INTO `mydb`.`localidades` (`idlocalidades`, `nombre_localidad`, `ambito`, `municipio_idmunicipio`)",VALUES (,"418,""Tebas y Palmira"",""R"",33",);
419,Doña Blanca,R,33,,"INSERT INTO `mydb`.`localidades` (`idlocalidades`, `nombre_localidad`, `ambito`, `municipio_idmunicipio`)",VALUES (,"419,""Doña Blanca"",""R"",33",);
421,Eduardo Herrera,R,33,,"INSERT INTO `mydb`.`localidades` (`idlocalidades`, `nombre_localidad`, `ambito`, `municipio_idmunicipio`)",VALUES (,"421,""Eduardo Herrera"",""R"",33",);
422,El Esfuerzo,R,33,,"INSERT INTO `mydb`.`localidades` (`idlocalidades`, `nombre_localidad`, `ambito`, `municipio_idmunicipio`)",VALUES (,"422,""El Esfuerzo"",""R"",33",);
423,El Álamo,R,33,,"INSERT INTO `mydb`.`localidades` (`idlocalidades`, `nombre_localidad`, `ambito`, `municipio_idmunicipio`)",VALUES (,"423,""El Álamo"",""R"",33",);
425,José Pérez Castillo,R,33,,"INSERT INTO `mydb`.`localidades` (`idlocalidades`, `nombre_localidad`, `ambito`, `municipio_idmunicipio`)",VALUES (,"425,""José Pérez Castillo"",""R"",33",);
426,San Ignacio Dos,R,33,,"INSERT INTO `mydb`.`localidades` (`idlocalidades`, `nombre_localidad`, `ambito`, `municipio_idmunicipio`)",VALUES (,"426,""San Ignacio Dos"",""R"",33",);
427,Morelos y Pavón,R,33,,"INSERT INTO `mydb`.`localidades` (`idlocalidades`, `nombre_localidad`, `ambito`, `municipio_idmunicipio`)",VALUES (,"427,""Morelos y Pavón"",""R"",33",);
430,Francisco Muñoz de la Rosa,R,33,,"INSERT INTO `mydb`.`localidades` (`idlocalidades`, `nombre_localidad`, `ambito`, `municipio_idmunicipio`)",VALUES (,"430,""Francisco Muñoz de la Rosa"",""R"",33",);
432,Flores Magón,R,33,,"INSERT INTO `mydb`.`localidades` (`idlocalidades`, `nombre_localidad`, `ambito`, `municipio_idmunicipio`)",VALUES (,"432,""Flores Magón"",""R"",33",);
433,La Noria del Cuatro,R,33,,"INSERT INTO `mydb`.`localidades` (`idlocalidades`, `nombre_localidad`, `ambito`, `municipio_idmunicipio`)",VALUES (,"433,""La Noria del Cuatro"",""R"",33",);
434,Sergio Mendoza Almaraz,R,33,,"INSERT INTO `mydb`.`localidades` (`idlocalidades`, `nombre_localidad`, `ambito`, `municipio_idmunicipio`)",VALUES (,"434,""Sergio Mendoza Almaraz"",""R"",33",);
435,Santa Bárbara,R,33,,"INSERT INTO `mydb`.`localidades` (`idlocalidades`, `nombre_localidad`, `ambito`, `municipio_idmunicipio`)",VALUES (,"435,""Santa Bárbara"",""R"",33",);
436,San Carlos,R,33,,"INSERT INTO `mydb`.`localidades` (`idlocalidades`, `nombre_localidad`, `ambito`, `municipio_idmunicipio`)",VALUES (,"436,""San Carlos"",""R"",33",);
438,Venus Dos,R,33,,"INSERT INTO `mydb`.`localidades` (`idlocalidades`, `nombre_localidad`, `ambito`, `municipio_idmunicipio`)",VALUES (,"438,""Venus Dos"",""R"",33",);
439,Venus Uno,R,33,,"INSERT INTO `mydb`.`localidades` (`idlocalidades`, `nombre_localidad`, `ambito`, `municipio_idmunicipio`)",VALUES (,"439,""Venus Uno"",""R"",33",);
440,Rafael Padilla Medina (El Olmo),R,33,,"INSERT INTO `mydb`.`localidades` (`idlocalidades`, `nombre_localidad`, `ambito`, `municipio_idmunicipio`)",VALUES (,"440,""Rafael Padilla Medina (El Olmo)"",""R"",33",);
442,El Italiano,R,33,,"INSERT INTO `mydb`.`localidades` (`idlocalidades`, `nombre_localidad`, `ambito`, `municipio_idmunicipio`)",VALUES (,"442,""El Italiano"",""R"",33",);
444,San Isidro,R,33,,"INSERT INTO `mydb`.`localidades` (`idlocalidades`, `nombre_localidad`, `ambito`, `municipio_idmunicipio`)",VALUES (,"444,""San Isidro"",""R"",33",);
445,La Noria del Cinco A,R,33,,"INSERT INTO `mydb`.`localidades` (`idlocalidades`, `nombre_localidad`, `ambito`, `municipio_idmunicipio`)",VALUES (,"445,""La Noria del Cinco A"",""R"",33",);
447,Nogalera Chiquilla (Lorenzo Vázquez),R,33,,"INSERT INTO `mydb`.`localidades` (`idlocalidades`, `nombre_localidad`, `ambito`, `municipio_idmunicipio`)",VALUES (,"447,""Nogalera Chiquilla (Lorenzo Vázquez)"",""R"",33",);
449,Cruz Rodríguez V.,R,33,,"INSERT INTO `mydb`.`localidades` (`idlocalidades`, `nombre_localidad`, `ambito`, `municipio_idmunicipio`)",VALUES (,"449,""Cruz Rodríguez V."",""R"",33",);
451,Seferino Ramírez,R,33,,"INSERT INTO `mydb`.`localidades` (`idlocalidades`, `nombre_localidad`, `ambito`, `municipio_idmunicipio`)",VALUES (,"451,""Seferino Ramírez"",""R"",33",);
453,Sociedad López Mateos,R,33,,"INSERT INTO `mydb`.`localidades` (`idlocalidades`, `nombre_localidad`, `ambito`, `municipio_idmunicipio`)",VALUES (,"453,""Sociedad López Mateos"",""R"",33",);
454,Mauro Rodríguez Martínez,R,33,,"INSERT INTO `mydb`.`localidades` (`idlocalidades`, `nombre_localidad`, `ambito`, `municipio_idmunicipio`)",VALUES (,"454,""Mauro Rodríguez Martínez"",""R"",33",);
456,Sector Cinco B.,R,33,,"INSERT INTO `mydb`.`localidades` (`idlocalidades`, `nombre_localidad`, `ambito`, `municipio_idmunicipio`)",VALUES (,"456,""Sector Cinco B."",""R"",33",);
458,Salvador Soria Agüero,R,33,,"INSERT INTO `mydb`.`localidades` (`idlocalidades`, `nombre_localidad`, `ambito`, `municipio_idmunicipio`)",VALUES (,"458,""Salvador Soria Agüero"",""R"",33",);
459,La Noria Número Uno (Lázaro Cárdenas),R,33,,"INSERT INTO `mydb`.`localidades` (`idlocalidades`, `nombre_localidad`, `ambito`, `municipio_idmunicipio`)",VALUES (,"459,""La Noria Número Uno (Lázaro Cárdenas)"",""R"",33",);
460,Diez de Mayo (El Grupo),R,33,,"INSERT INTO `mydb`.`localidades` (`idlocalidades`, `nombre_localidad`, `ambito`, `municipio_idmunicipio`)",VALUES (,"460,""Diez de Mayo (El Grupo)"",""R"",33",);
461,Diez de Mayo (El Chorizo),R,33,,"INSERT INTO `mydb`.`localidades` (`idlocalidades`, `nombre_localidad`, `ambito`, `municipio_idmunicipio`)",VALUES (,"461,""Diez de Mayo (El Chorizo)"",""R"",33",);
462,Manuel Méndez Perales,R,33,,"INSERT INTO `mydb`.`localidades` (`idlocalidades`, `nombre_localidad`, `ambito`, `municipio_idmunicipio`)",VALUES (,"462,""Manuel Méndez Perales"",""R"",33",);
463,Las Carretas,R,33,,"INSERT INTO `mydb`.`localidades` (`idlocalidades`, `nombre_localidad`, `ambito`, `municipio_idmunicipio`)",VALUES (,"463,""Las Carretas"",""R"",33",);
464,La Fe (Carlos Berlanga),R,33,,"INSERT INTO `mydb`.`localidades` (`idlocalidades`, `nombre_localidad`, `ambito`, `municipio_idmunicipio`)",VALUES (,"464,""La Fe (Carlos Berlanga)"",""R"",33",);
467,La Noria del Tres,R,33,,"INSERT INTO `mydb`.`localidades` (`idlocalidades`, `nombre_localidad`, `ambito`, `municipio_idmunicipio`)",VALUES (,"467,""La Noria del Tres"",""R"",33",);
473,El Áncora (La Independencia),R,33,,"INSERT INTO `mydb`.`localidades` (`idlocalidades`, `nombre_localidad`, `ambito`, `municipio_idmunicipio`)",VALUES (,"473,""El Áncora (La Independencia)"",""R"",33",);
474,Cuarto Lote Flores,R,33,,"INSERT INTO `mydb`.`localidades` (`idlocalidades`, `nombre_localidad`, `ambito`, `municipio_idmunicipio`)",VALUES (,"474,""Cuarto Lote Flores"",""R"",33",);
478,Marte,R,33,,"INSERT INTO `mydb`.`localidades` (`idlocalidades`, `nombre_localidad`, `ambito`, `municipio_idmunicipio`)",VALUES (,"478,""Marte"",""R"",33",);
481,Esteban Hernández,R,33,,"INSERT INTO `mydb`.`localidades` (`idlocalidades`, `nombre_localidad`, `ambito`, `municipio_idmunicipio`)",VALUES (,"481,""Esteban Hernández"",""R"",33",);
482,Abraham Salomón Carrillo Sifuentes,R,33,,"INSERT INTO `mydb`.`localidades` (`idlocalidades`, `nombre_localidad`, `ambito`, `municipio_idmunicipio`)",VALUES (,"482,""Abraham Salomón Carrillo Sifuentes"",""R"",33",);
483,Agustín Olivo,R,33,,"INSERT INTO `mydb`.`localidades` (`idlocalidades`, `nombre_localidad`, `ambito`, `municipio_idmunicipio`)",VALUES (,"483,""Agustín Olivo"",""R"",33",);
484,Lorenzo Rosas Hernández,R,33,,"INSERT INTO `mydb`.`localidades` (`idlocalidades`, `nombre_localidad`, `ambito`, `municipio_idmunicipio`)",VALUES (,"484,""Lorenzo Rosas Hernández"",""R"",33",);
489,Señora Luz,R,33,,"INSERT INTO `mydb`.`localidades` (`idlocalidades`, `nombre_localidad`, `ambito`, `municipio_idmunicipio`)",VALUES (,"489,""Señora Luz"",""R"",33",);
490,El Tajo,R,33,,"INSERT INTO `mydb`.`localidades` (`idlocalidades`, `nombre_localidad`, `ambito`, `municipio_idmunicipio`)",VALUES (,"490,""El Tajo"",""R"",33",);
494,Tacubaya Uno (San José de los Álamos),R,33,,"INSERT INTO `mydb`.`localidades` (`idlocalidades`, `nombre_localidad`, `ambito`, `municipio_idmunicipio`)",VALUES (,"494,""Tacubaya Uno (San José de los Álamos)"",""R"",33",);
496,El Colorado,R,33,,"INSERT INTO `mydb`.`localidades` (`idlocalidades`, `nombre_localidad`, `ambito`, `municipio_idmunicipio`)",VALUES (,"496,""El Colorado"",""R"",33",);
500,La Esperanza,R,33,,"INSERT INTO `mydb`.`localidades` (`idlocalidades`, `nombre_localidad`, `ambito`, `municipio_idmunicipio`)",VALUES (,"500,""La Esperanza"",""R"",33",);
502,Miguel del Hoyo,R,33,,"INSERT INTO `mydb`.`localidades` (`idlocalidades`, `nombre_localidad`, `ambito`, `municipio_idmunicipio`)",VALUES (,"502,""Miguel del Hoyo"",""R"",33",);
504,La Casita del Cañón,R,33,,"INSERT INTO `mydb`.`localidades` (`idlocalidades`, `nombre_localidad`, `ambito`, `municipio_idmunicipio`)",VALUES (,"504,""La Casita del Cañón"",""R"",33",);
505,El Caracol [Mina de Calcio],R,33,,"INSERT INTO `mydb`.`localidades` (`idlocalidades`, `nombre_localidad`, `ambito`, `municipio_idmunicipio`)",VALUES (,"505,""El Caracol [Mina de Calcio]"",""R"",33",);
506,Nueva Candelaria,R,33,,"INSERT INTO `mydb`.`localidades` (`idlocalidades`, `nombre_localidad`, `ambito`, `municipio_idmunicipio`)",VALUES (,"506,""Nueva Candelaria"",""R"",33",);
510,La Esperanza [Mina],R,33,,"INSERT INTO `mydb`.`localidades` (`idlocalidades`, `nombre_localidad`, `ambito`, `municipio_idmunicipio`)",VALUES (,"510,""La Esperanza [Mina]"",""R"",33",);
511,Noria Sector Tres A (Ejido Luchana),R,33,,"INSERT INTO `mydb`.`localidades` (`idlocalidades`, `nombre_localidad`, `ambito`, `municipio_idmunicipio`)",VALUES (,"511,""Noria Sector Tres A (Ejido Luchana)"",""R"",33",);
512,San Pedro (José Ruiz Velázquez),R,33,,"INSERT INTO `mydb`.`localidades` (`idlocalidades`, `nombre_localidad`, `ambito`, `municipio_idmunicipio`)",VALUES (,"512,""San Pedro (José Ruiz Velázquez)"",""R"",33",);
514,Picos de los Alameños,R,33,,"INSERT INTO `mydb`.`localidades` (`idlocalidades`, `nombre_localidad`, `ambito`, `municipio_idmunicipio`)",VALUES (,"514,""Picos de los Alameños"",""R"",33",);
515,Mario Martínez,R,33,,"INSERT INTO `mydb`.`localidades` (`idlocalidades`, `nombre_localidad`, `ambito`, `municipio_idmunicipio`)",VALUES (,"515,""Mario Martínez"",""R"",33",);
516,Buenavista,R,33,,"INSERT INTO `mydb`.`localidades` (`idlocalidades`, `nombre_localidad`, `ambito`, `municipio_idmunicipio`)",VALUES (,"516,""Buenavista"",""R"",33",);
517,San Carlos de la Fe,R,33,,"INSERT INTO `mydb`.`localidades` (`idlocalidades`, `nombre_localidad`, `ambito`, `municipio_idmunicipio`)",VALUES (,"517,""San Carlos de la Fe"",""R"",33",);
518,El Merendero,R,33,,"INSERT INTO `mydb`.`localidades` (`idlocalidades`, `nombre_localidad`, `ambito`, `municipio_idmunicipio`)",VALUES (,"518,""El Merendero"",""R"",33",);
520,Miramar (Mario Rosas Chávez),R,33,,"INSERT INTO `mydb`.`localidades` (`idlocalidades`, `nombre_localidad`, `ambito`, `municipio_idmunicipio`)",VALUES (,"520,""Miramar (Mario Rosas Chávez)"",""R"",33",);
522,Santa Ana,R,33,,"INSERT INTO `mydb`.`localidades` (`idlocalidades`, `nombre_localidad`, `ambito`, `municipio_idmunicipio`)",VALUES (,"522,""Santa Ana"",""R"",33",);
526,Arturo Jiménez,R,33,,"INSERT INTO `mydb`.`localidades` (`idlocalidades`, `nombre_localidad`, `ambito`, `municipio_idmunicipio`)",VALUES (,"526,""Arturo Jiménez"",""R"",33",);
527,Gustavo Ortiz Vázquez,R,33,,"INSERT INTO `mydb`.`localidades` (`idlocalidades`, `nombre_localidad`, `ambito`, `municipio_idmunicipio`)",VALUES (,"527,""Gustavo Ortiz Vázquez"",""R"",33",);
528,Raúl Flores Quistian,R,33,,"INSERT INTO `mydb`.`localidades` (`idlocalidades`, `nombre_localidad`, `ambito`, `municipio_idmunicipio`)",VALUES (,"528,""Raúl Flores Quistian"",""R"",33",);
529,Guadalupe,R,33,,"INSERT INTO `mydb`.`localidades` (`idlocalidades`, `nombre_localidad`, `ambito`, `municipio_idmunicipio`)",VALUES (,"529,""Guadalupe"",""R"",33",);
531,Candelario Rodríguez Hernández,R,33,,"INSERT INTO `mydb`.`localidades` (`idlocalidades`, `nombre_localidad`, `ambito`, `municipio_idmunicipio`)",VALUES (,"531,""Candelario Rodríguez Hernández"",""R"",33",);
534,Diez de Mayo (Los Ramírez),R,33,,"INSERT INTO `mydb`.`localidades` (`idlocalidades`, `nombre_localidad`, `ambito`, `municipio_idmunicipio`)",VALUES (,"534,""Diez de Mayo (Los Ramírez)"",""R"",33",);
535,Miguel Sáenz,R,33,,"INSERT INTO `mydb`.`localidades` (`idlocalidades`, `nombre_localidad`, `ambito`, `municipio_idmunicipio`)",VALUES (,"535,""Miguel Sáenz"",""R"",33",);
536,Ninguno [Comité de Solidaridad],R,33,,"INSERT INTO `mydb`.`localidades` (`idlocalidades`, `nombre_localidad`, `ambito`, `municipio_idmunicipio`)",VALUES (,"536,""Ninguno [Comité de Solidaridad]"",""R"",33",);
537,José Sánchez Rodríguez,R,33,,"INSERT INTO `mydb`.`localidades` (`idlocalidades`, `nombre_localidad`, `ambito`, `municipio_idmunicipio`)",VALUES (,"537,""José Sánchez Rodríguez"",""R"",33",);
541,José Ovalle,R,33,,"INSERT INTO `mydb`.`localidades` (`idlocalidades`, `nombre_localidad`, `ambito`, `municipio_idmunicipio`)",VALUES (,"541,""José Ovalle"",""R"",33",);
542,Carmen Flores,R,33,,"INSERT INTO `mydb`.`localidades` (`idlocalidades`, `nombre_localidad`, `ambito`, `municipio_idmunicipio`)",VALUES (,"542,""Carmen Flores"",""R"",33",);
544,El Álamo (Eulalio Rodríguez Colorado),R,33,,"INSERT INTO `mydb`.`localidades` (`idlocalidades`, `nombre_localidad`, `ambito`, `municipio_idmunicipio`)",VALUES (,"544,""El Álamo (Eulalio Rodríguez Colorado)"",""R"",33",);
546,Pista el Patrocinio,R,33,,"INSERT INTO `mydb`.`localidades` (`idlocalidades`, `nombre_localidad`, `ambito`, `municipio_idmunicipio`)",VALUES (,"546,""Pista el Patrocinio"",""R"",33",);
547,El Salvador,R,33,,"INSERT INTO `mydb`.`localidades` (`idlocalidades`, `nombre_localidad`, `ambito`, `municipio_idmunicipio`)",VALUES (,"547,""El Salvador"",""R"",33",);
549,Cuatro Milpas,R,33,,"INSERT INTO `mydb`.`localidades` (`idlocalidades`, `nombre_localidad`, `ambito`, `municipio_idmunicipio`)",VALUES (,"549,""Cuatro Milpas"",""R"",33",);
550,Los Obregón (Amador Obregón),R,33,,"INSERT INTO `mydb`.`localidades` (`idlocalidades`, `nombre_localidad`, `ambito`, `municipio_idmunicipio`)",VALUES (,"550,""Los Obregón (Amador Obregón)"",""R"",33",);
551,El Paraíso (Delfino Carrillo Alvarado),R,33,,"INSERT INTO `mydb`.`localidades` (`idlocalidades`, `nombre_localidad`, `ambito`, `municipio_idmunicipio`)",VALUES (,"551,""El Paraíso (Delfino Carrillo Alvarado)"",""R"",33",);
553,La Esperanza,R,33,,"INSERT INTO `mydb`.`localidades` (`idlocalidades`, `nombre_localidad`, `ambito`, `municipio_idmunicipio`)",VALUES (,"553,""La Esperanza"",""R"",33",);
556,La Noria,R,33,,"INSERT INTO `mydb`.`localidades` (`idlocalidades`, `nombre_localidad`, `ambito`, `municipio_idmunicipio`)",VALUES (,"556,""La Noria"",""R"",33",);
558,Claudio Godoy Ávila,R,33,,"INSERT INTO `mydb`.`localidades` (`idlocalidades`, `nombre_localidad`, `ambito`, `municipio_idmunicipio`)",VALUES (,"558,""Claudio Godoy Ávila"",""R"",33",);
561,La Noria de Marcelino,R,33,,"INSERT INTO `mydb`.`localidades` (`idlocalidades`, `nombre_localidad`, `ambito`, `municipio_idmunicipio`)",VALUES (,"561,""La Noria de Marcelino"",""R"",33",);
562,Grupo Número Tres (Ejido Alejo González),R,33,,"INSERT INTO `mydb`.`localidades` (`idlocalidades`, `nombre_localidad`, `ambito`, `municipio_idmunicipio`)",VALUES (,"562,""Grupo Número Tres (Ejido Alejo González)"",""R"",33",);
563,Vida Nueva Uno,R,33,,"INSERT INTO `mydb`.`localidades` (`idlocalidades`, `nombre_localidad`, `ambito`, `municipio_idmunicipio`)",VALUES (,"563,""Vida Nueva Uno"",""R"",33",);
564,Sociedad Bellavista (Ejido Luchana),R,33,,"INSERT INTO `mydb`.`localidades` (`idlocalidades`, `nombre_localidad`, `ambito`, `municipio_idmunicipio`)",VALUES (,"564,""Sociedad Bellavista (Ejido Luchana)"",""R"",33",);
567,Vega Tres,R,33,,"INSERT INTO `mydb`.`localidades` (`idlocalidades`, `nombre_localidad`, `ambito`, `municipio_idmunicipio`)",VALUES (,"567,""Vega Tres"",""R"",33",);
568,Noria 2237,R,33,,"INSERT INTO `mydb`.`localidades` (`idlocalidades`, `nombre_localidad`, `ambito`, `municipio_idmunicipio`)",VALUES (,"568,""Noria 2237"",""R"",33",);
569,Murguía,R,33,,"INSERT INTO `mydb`.`localidades` (`idlocalidades`, `nombre_localidad`, `ambito`, `municipio_idmunicipio`)",VALUES (,"569,""Murguía"",""R"",33",);
570,Vega Larga (Carlos Berlanga),R,33,,"INSERT INTO `mydb`.`localidades` (`idlocalidades`, `nombre_localidad`, `ambito`, `municipio_idmunicipio`)",VALUES (,"570,""Vega Larga (Carlos Berlanga)"",""R"",33",);
571,Grupo de los Veintiséis,R,33,,"INSERT INTO `mydb`.`localidades` (`idlocalidades`, `nombre_localidad`, `ambito`, `municipio_idmunicipio`)",VALUES (,"571,""Grupo de los Veintiséis"",""R"",33",);
573,Noria el Caldo,R,33,,"INSERT INTO `mydb`.`localidades` (`idlocalidades`, `nombre_localidad`, `ambito`, `municipio_idmunicipio`)",VALUES (,"573,""Noria el Caldo"",""R"",33",);
574,Noria Sector Tres (Arroyo Negro),R,33,,"INSERT INTO `mydb`.`localidades` (`idlocalidades`, `nombre_localidad`, `ambito`, `municipio_idmunicipio`)",VALUES (,"574,""Noria Sector Tres (Arroyo Negro)"",""R"",33",);
575,El Triángulo (Vicente Vázquez Ontiveros),R,33,,"INSERT INTO `mydb`.`localidades` (`idlocalidades`, `nombre_localidad`, `ambito`, `municipio_idmunicipio`)",VALUES (,"575,""El Triángulo (Vicente Vázquez Ontiveros)"",""R"",33",);
578,Noria de las Jaulas,R,33,,"INSERT INTO `mydb`.`localidades` (`idlocalidades`, `nombre_localidad`, `ambito`, `municipio_idmunicipio`)",VALUES (,"578,""Noria de las Jaulas"",""R"",33",);
579,Héctor Rodríguez Prado,R,33,,"INSERT INTO `mydb`.`localidades` (`idlocalidades`, `nombre_localidad`, `ambito`, `municipio_idmunicipio`)",VALUES (,"579,""Héctor Rodríguez Prado"",""R"",33",);
581,La Moneda,R,33,,"INSERT INTO `mydb`.`localidades` (`idlocalidades`, `nombre_localidad`, `ambito`, `municipio_idmunicipio`)",VALUES (,"581,""La Moneda"",""R"",33",);
584,Noria Sector Tres Lázaro Dos,R,33,,"INSERT INTO `mydb`.`localidades` (`idlocalidades`, `nombre_localidad`, `ambito`, `municipio_idmunicipio`)",VALUES (,"584,""Noria Sector Tres Lázaro Dos"",""R"",33",);
585,El Porvenir (El Siete),R,33,,"INSERT INTO `mydb`.`localidades` (`idlocalidades`, `nombre_localidad`, `ambito`, `municipio_idmunicipio`)",VALUES (,"585,""El Porvenir (El Siete)"",""R"",33",);
586,Silvia Franco de la Cruz,R,33,,"INSERT INTO `mydb`.`localidades` (`idlocalidades`, `nombre_localidad`, `ambito`, `municipio_idmunicipio`)",VALUES (,"586,""Silvia Franco de la Cruz"",""R"",33",);
587,Luchana Dos,R,33,,"INSERT INTO `mydb`.`localidades` (`idlocalidades`, `nombre_localidad`, `ambito`, `municipio_idmunicipio`)",VALUES (,"587,""Luchana Dos"",""R"",33",);
590,Raymundo Rendón López,R,33,,"INSERT INTO `mydb`.`localidades` (`idlocalidades`, `nombre_localidad`, `ambito`, `municipio_idmunicipio`)",VALUES (,"590,""Raymundo Rendón López"",""R"",33",);
592,María de la Paz Meza,R,33,,"INSERT INTO `mydb`.`localidades` (`idlocalidades`, `nombre_localidad`, `ambito`, `municipio_idmunicipio`)",VALUES (,"592,""María de la Paz Meza"",""R"",33",);
594,La Viña (Arturo Wong),R,33,,"INSERT INTO `mydb`.`localidades` (`idlocalidades`, `nombre_localidad`, `ambito`, `municipio_idmunicipio`)",VALUES (,"594,""La Viña (Arturo Wong)"",""R"",33",);
595,Raúl Ríos,R,33,,"INSERT INTO `mydb`.`localidades` (`idlocalidades`, `nombre_localidad`, `ambito`, `municipio_idmunicipio`)",VALUES (,"595,""Raúl Ríos"",""R"",33",);
596,Carolinas,R,33,,"INSERT INTO `mydb`.`localidades` (`idlocalidades`, `nombre_localidad`, `ambito`, `municipio_idmunicipio`)",VALUES (,"596,""Carolinas"",""R"",33",);
597,Las Mercedes [Agrícola],R,33,,"INSERT INTO `mydb`.`localidades` (`idlocalidades`, `nombre_localidad`, `ambito`, `municipio_idmunicipio`)",VALUES (,"597,""Las Mercedes [Agrícola]"",""R"",33",);
599,El Rincón de 3 Amores,R,33,,"INSERT INTO `mydb`.`localidades` (`idlocalidades`, `nombre_localidad`, `ambito`, `municipio_idmunicipio`)",VALUES (,"599,""El Rincón de 3 Amores"",""R"",33",);
600,Santo Niño,R,33,,"INSERT INTO `mydb`.`localidades` (`idlocalidades`, `nombre_localidad`, `ambito`, `municipio_idmunicipio`)",VALUES (,"600,""Santo Niño"",""R"",33",);
601,Johan Becerra Hernández,R,33,,"INSERT INTO `mydb`.`localidades` (`idlocalidades`, `nombre_localidad`, `ambito`, `municipio_idmunicipio`)",VALUES (,"601,""Johan Becerra Hernández"",""R"",33",);
602,Los Nietos [Granja],R,33,,"INSERT INTO `mydb`.`localidades` (`idlocalidades`, `nombre_localidad`, `ambito`, `municipio_idmunicipio`)",VALUES (,"602,""Los Nietos [Granja]"",""R"",33",);
607,Noria Doroteo Arango,R,33,,"INSERT INTO `mydb`.`localidades` (`idlocalidades`, `nombre_localidad`, `ambito`, `municipio_idmunicipio`)",VALUES (,"607,""Noria Doroteo Arango"",""R"",33",);
608,El Cristo,R,33,,"INSERT INTO `mydb`.`localidades` (`idlocalidades`, `nombre_localidad`, `ambito`, `municipio_idmunicipio`)",VALUES (,"608,""El Cristo"",""R"",33",);
609,José Francisco Macillas Granados,R,33,,"INSERT INTO `mydb`.`localidades` (`idlocalidades`, `nombre_localidad`, `ambito`, `municipio_idmunicipio`)",VALUES (,"609,""José Francisco Macillas Granados"",""R"",33",);
611,Lucía Rodríguez Gress,R,33,,"INSERT INTO `mydb`.`localidades` (`idlocalidades`, `nombre_localidad`, `ambito`, `municipio_idmunicipio`)",VALUES (,"611,""Lucía Rodríguez Gress"",""R"",33",);
613,El Pelisco,R,33,,"INSERT INTO `mydb`.`localidades` (`idlocalidades`, `nombre_localidad`, `ambito`, `municipio_idmunicipio`)",VALUES (,"613,""El Pelisco"",""R"",33",);
614,Los Rosales,R,33,,"INSERT INTO `mydb`.`localidades` (`idlocalidades`, `nombre_localidad`, `ambito`, `municipio_idmunicipio`)",VALUES (,"614,""Los Rosales"",""R"",33",);
615,Estrellita del Norte (Santa María),R,33,,"INSERT INTO `mydb`.`localidades` (`idlocalidades`, `nombre_localidad`, `ambito`, `municipio_idmunicipio`)",VALUES (,"615,""Estrellita del Norte (Santa María)"",""R"",33",);
616,El Jacalón,R,33,,"INSERT INTO `mydb`.`localidades` (`idlocalidades`, `nombre_localidad`, `ambito`, `municipio_idmunicipio`)",VALUES (,"616,""El Jacalón"",""R"",33",);
617,La Vega de los Gatos,R,33,,"INSERT INTO `mydb`.`localidades` (`idlocalidades`, `nombre_localidad`, `ambito`, `municipio_idmunicipio`)",VALUES (,"617,""La Vega de los Gatos"",""R"",33",);
619,Benito Borrego Castillo,R,33,,"INSERT INTO `mydb`.`localidades` (`idlocalidades`, `nombre_localidad`, `ambito`, `municipio_idmunicipio`)",VALUES (,"619,""Benito Borrego Castillo"",""R"",33",);
621,Procuna,R,33,,"INSERT INTO `mydb`.`localidades` (`idlocalidades`, `nombre_localidad`, `ambito`, `municipio_idmunicipio`)",VALUES (,"621,""Procuna"",""R"",33",);
622,Jesús Navarro,R,33,,"INSERT INTO `mydb`.`localidades` (`idlocalidades`, `nombre_localidad`, `ambito`, `municipio_idmunicipio`)",VALUES (,"622,""Jesús Navarro"",""R"",33",);
623,Felipe Rodríguez,R,33,,"INSERT INTO `mydb`.`localidades` (`idlocalidades`, `nombre_localidad`, `ambito`, `municipio_idmunicipio`)",VALUES (,"623,""Felipe Rodríguez"",""R"",33",);
624,Platino (Javier Rodríguez),R,33,,"INSERT INTO `mydb`.`localidades` (`idlocalidades`, `nombre_localidad`, `ambito`, `municipio_idmunicipio`)",VALUES (,"624,""Platino (Javier Rodríguez)"",""R"",33",);
625,Andrés Sandoval,R,33,,"INSERT INTO `mydb`.`localidades` (`idlocalidades`, `nombre_localidad`, `ambito`, `municipio_idmunicipio`)",VALUES (,"625,""Andrés Sandoval"",""R"",33",);
626,Jesús Obregón,R,33,,"INSERT INTO `mydb`.`localidades` (`idlocalidades`, `nombre_localidad`, `ambito`, `municipio_idmunicipio`)",VALUES (,"626,""Jesús Obregón"",""R"",33",);
627,La Caseta (Wenceslao Venegas Cisneros),R,33,,"INSERT INTO `mydb`.`localidades` (`idlocalidades`, `nombre_localidad`, `ambito`, `municipio_idmunicipio`)",VALUES (,"627,""La Caseta (Wenceslao Venegas Cisneros)"",""R"",33",);
628,El Puente Colgante (Ernesto López Chavarría),R,33,,"INSERT INTO `mydb`.`localidades` (`idlocalidades`, `nombre_localidad`, `ambito`, `municipio_idmunicipio`)",VALUES (,"628,""El Puente Colgante (Ernesto López Chavarría)"",""R"",33",);
629,Vigo (La Caliente) [Ganadera],R,33,,"INSERT INTO `mydb`.`localidades` (`idlocalidades`, `nombre_localidad`, `ambito`, `municipio_idmunicipio`)",VALUES (,"629,""Vigo (La Caliente) [Ganadera]"",""R"",33",);
630,Residencia Juvenil de la Laguna,R,33,,"INSERT INTO `mydb`.`localidades` (`idlocalidades`, `nombre_localidad`, `ambito`, `municipio_idmunicipio`)",VALUES (,"630,""Residencia Juvenil de la Laguna"",""R"",33",);
631,Efraín Rocha Sánchez,R,33,,"INSERT INTO `mydb`.`localidades` (`idlocalidades`, `nombre_localidad`, `ambito`, `municipio_idmunicipio`)",VALUES (,"631,""Efraín Rocha Sánchez"",""R"",33",);
632,Adolfo Cedillo Morín,R,33,,"INSERT INTO `mydb`.`localidades` (`idlocalidades`, `nombre_localidad`, `ambito`, `municipio_idmunicipio`)",VALUES (,"632,""Adolfo Cedillo Morín"",""R"",33",);
633,El Huizache,R,33,,"INSERT INTO `mydb`.`localidades` (`idlocalidades`, `nombre_localidad`, `ambito`, `municipio_idmunicipio`)",VALUES (,"633,""El Huizache"",""R"",33",);
634,El Ranchito 007,R,33,,"INSERT INTO `mydb`.`localidades` (`idlocalidades`, `nombre_localidad`, `ambito`, `municipio_idmunicipio`)",VALUES (,"634,""El Ranchito 007"",""R"",33",);
635,Federico Luna Vázquez,R,33,,"INSERT INTO `mydb`.`localidades` (`idlocalidades`, `nombre_localidad`, `ambito`, `municipio_idmunicipio`)",VALUES (,"635,""Federico Luna Vázquez"",""R"",33",);
636,José Medina Martínez,R,33,,"INSERT INTO `mydb`.`localidades` (`idlocalidades`, `nombre_localidad`, `ambito`, `municipio_idmunicipio`)",VALUES (,"636,""José Medina Martínez"",""R"",33",);
637,Jesús Carrillo,R,33,,"INSERT INTO `mydb`.`localidades` (`idlocalidades`, `nombre_localidad`, `ambito`, `municipio_idmunicipio`)",VALUES (,"637,""Jesús Carrillo"",""R"",33",);
638,Martín Medina Hernández,R,33,,"INSERT INTO `mydb`.`localidades` (`idlocalidades`, `nombre_localidad`, `ambito`, `municipio_idmunicipio`)",VALUES (,"638,""Martín Medina Hernández"",""R"",33",);
639,Manuel Flores Padilla,R,33,,"INSERT INTO `mydb`.`localidades` (`idlocalidades`, `nombre_localidad`, `ambito`, `municipio_idmunicipio`)",VALUES (,"639,""Manuel Flores Padilla"",""R"",33",);
641,Faustino Palomo,R,33,,"INSERT INTO `mydb`.`localidades` (`idlocalidades`, `nombre_localidad`, `ambito`, `municipio_idmunicipio`)",VALUES (,"641,""Faustino Palomo"",""R"",33",);
642,Rodolfo Picasso,R,33,,"INSERT INTO `mydb`.`localidades` (`idlocalidades`, `nombre_localidad`, `ambito`, `municipio_idmunicipio`)",VALUES (,"642,""Rodolfo Picasso"",""R"",33",);
644,Magdalena Rosales,R,33,,"INSERT INTO `mydb`.`localidades` (`idlocalidades`, `nombre_localidad`, `ambito`, `municipio_idmunicipio`)",VALUES (,"644,""Magdalena Rosales"",""R"",33",);
645,Montevideo,R,33,,"INSERT INTO `mydb`.`localidades` (`idlocalidades`, `nombre_localidad`, `ambito`, `municipio_idmunicipio`)",VALUES (,"645,""Montevideo"",""R"",33",);
646,Gerardo Gámez,R,33,,"INSERT INTO `mydb`.`localidades` (`idlocalidades`, `nombre_localidad`, `ambito`, `municipio_idmunicipio`)",VALUES (,"646,""Gerardo Gámez"",""R"",33",);
647,Pablo Ramírez,R,33,,"INSERT INTO `mydb`.`localidades` (`idlocalidades`, `nombre_localidad`, `ambito`, `municipio_idmunicipio`)",VALUES (,"647,""Pablo Ramírez"",""R"",33",);
648,Las Margaritas,R,33,,"INSERT INTO `mydb`.`localidades` (`idlocalidades`, `nombre_localidad`, `ambito`, `municipio_idmunicipio`)",VALUES (,"648,""Las Margaritas"",""R"",33",);
650,Algorta,R,33,,"INSERT INTO `mydb`.`localidades` (`idlocalidades`, `nombre_localidad`, `ambito`, `municipio_idmunicipio`)",VALUES (,"650,""Algorta"",""R"",33",);
651,Noria San Luis,R,33,,"INSERT INTO `mydb`.`localidades` (`idlocalidades`, `nombre_localidad`, `ambito`, `municipio_idmunicipio`)",VALUES (,"651,""Noria San Luis"",""R"",33",);
652,El Culto de Luchanas,R,33,,"INSERT INTO `mydb`.`localidades` (`idlocalidades`, `nombre_localidad`, `ambito`, `municipio_idmunicipio`)",VALUES (,"652,""El Culto de Luchanas"",""R"",33",);
653,Noria la Fe,R,33,,"INSERT INTO `mydb`.`localidades` (`idlocalidades`, `nombre_localidad`, `ambito`, `municipio_idmunicipio`)",VALUES (,"653,""Noria la Fe"",""R"",33",);
654,Noria Algorta Número 3,R,33,,"INSERT INTO `mydb`.`localidades` (`idlocalidades`, `nombre_localidad`, `ambito`, `municipio_idmunicipio`)",VALUES (,"654,""Noria Algorta Número 3"",""R"",33",);
655,Noria Algorta Número 2,R,33,,"INSERT INTO `mydb`.`localidades` (`idlocalidades`, `nombre_localidad`, `ambito`, `municipio_idmunicipio`)",VALUES (,"655,""Noria Algorta Número 2"",""R"",33",);
656,Guadalupe Ramírez,R,33,,"INSERT INTO `mydb`.`localidades` (`idlocalidades`, `nombre_localidad`, `ambito`, `municipio_idmunicipio`)",VALUES (,"656,""Guadalupe Ramírez"",""R"",33",);
657,Parcela Uno de Aquiles Serdán,R,33,,"INSERT INTO `mydb`.`localidades` (`idlocalidades`, `nombre_localidad`, `ambito`, `municipio_idmunicipio`)",VALUES (,"657,""Parcela Uno de Aquiles Serdán"",""R"",33",);
659,Cristina Lozano,R,33,,"INSERT INTO `mydb`.`localidades` (`idlocalidades`, `nombre_localidad`, `ambito`, `municipio_idmunicipio`)",VALUES (,"659,""Cristina Lozano"",""R"",33",);
660,Jorge López López,R,33,,"INSERT INTO `mydb`.`localidades` (`idlocalidades`, `nombre_localidad`, `ambito`, `municipio_idmunicipio`)",VALUES (,"660,""Jorge López López"",""R"",33",);
661,La Noria de Progreso,R,33,,"INSERT INTO `mydb`.`localidades` (`idlocalidades`, `nombre_localidad`, `ambito`, `municipio_idmunicipio`)",VALUES (,"661,""La Noria de Progreso"",""R"",33",);
662,Efraín Verastegui,R,33,,"INSERT INTO `mydb`.`localidades` (`idlocalidades`, `nombre_localidad`, `ambito`, `municipio_idmunicipio`)",VALUES (,"662,""Efraín Verastegui"",""R"",33",);
663,Blas Campos Salas,R,33,,"INSERT INTO `mydb`.`localidades` (`idlocalidades`, `nombre_localidad`, `ambito`, `municipio_idmunicipio`)",VALUES (,"663,""Blas Campos Salas"",""R"",33",);
664,Heriberto Díaz Hernández,R,33,,"INSERT INTO `mydb`.`localidades` (`idlocalidades`, `nombre_localidad`, `ambito`, `municipio_idmunicipio`)",VALUES (,"664,""Heriberto Díaz Hernández"",""R"",33",);
665,Noria Tres,R,33,,"INSERT INTO `mydb`.`localidades` (`idlocalidades`, `nombre_localidad`, `ambito`, `municipio_idmunicipio`)",VALUES (,"665,""Noria Tres"",""R"",33",);
666,Los Adobes (Antonio Medina Gómez),R,33,,"INSERT INTO `mydb`.`localidades` (`idlocalidades`, `nombre_localidad`, `ambito`, `municipio_idmunicipio`)",VALUES (,"666,""Los Adobes (Antonio Medina Gómez)"",""R"",33",);
667,El Destino de Abajo de San Isidro,R,33,,"INSERT INTO `mydb`.`localidades` (`idlocalidades`, `nombre_localidad`, `ambito`, `municipio_idmunicipio`)",VALUES (,"667,""El Destino de Abajo de San Isidro"",""R"",33",);
668,La Esperanza (Oscar Olvera Velázquez),R,33,,"INSERT INTO `mydb`.`localidades` (`idlocalidades`, `nombre_localidad`, `ambito`, `municipio_idmunicipio`)",VALUES (,"668,""La Esperanza (Oscar Olvera Velázquez)"",""R"",33",);
669,José Hernández Pérez,R,33,,"INSERT INTO `mydb`.`localidades` (`idlocalidades`, `nombre_localidad`, `ambito`, `municipio_idmunicipio`)",VALUES (,"669,""José Hernández Pérez"",""R"",33",);
670,Santa Julia,R,33,,"INSERT INTO `mydb`.`localidades` (`idlocalidades`, `nombre_localidad`, `ambito`, `municipio_idmunicipio`)",VALUES (,"670,""Santa Julia"",""R"",33",);
672,Las Valentinas,R,33,,"INSERT INTO `mydb`.`localidades` (`idlocalidades`, `nombre_localidad`, `ambito`, `municipio_idmunicipio`)",VALUES (,"672,""Las Valentinas"",""R"",33",);
673,José Ángel Hernández Ponce,R,33,,"INSERT INTO `mydb`.`localidades` (`idlocalidades`, `nombre_localidad`, `ambito`, `municipio_idmunicipio`)",VALUES (,"673,""José Ángel Hernández Ponce"",""R"",33",);
674,La Esperanza,R,33,,"INSERT INTO `mydb`.`localidades` (`idlocalidades`, `nombre_localidad`, `ambito`, `municipio_idmunicipio`)",VALUES (,"674,""La Esperanza"",""R"",33",);
675,El Cardenche (Fidel García Moreno),R,33,,"INSERT INTO `mydb`.`localidades` (`idlocalidades`, `nombre_localidad`, `ambito`, `municipio_idmunicipio`)",VALUES (,"675,""El Cardenche (Fidel García Moreno)"",""R"",33",);
676,Mario González Mireles,R,33,,"INSERT INTO `mydb`.`localidades` (`idlocalidades`, `nombre_localidad`, `ambito`, `municipio_idmunicipio`)",VALUES (,"676,""Mario González Mireles"",""R"",33",);
678,Los Novillos,R,33,,"INSERT INTO `mydb`.`localidades` (`idlocalidades`, `nombre_localidad`, `ambito`, `municipio_idmunicipio`)",VALUES (,"678,""Los Novillos"",""R"",33",);
679,La Candelaria,R,33,,"INSERT INTO `mydb`.`localidades` (`idlocalidades`, `nombre_localidad`, `ambito`, `municipio_idmunicipio`)",VALUES (,"679,""La Candelaria"",""R"",33",);
681,Bordo la Mancha,R,33,,"INSERT INTO `mydb`.`localidades` (`idlocalidades`, `nombre_localidad`, `ambito`, `municipio_idmunicipio`)",VALUES (,"681,""Bordo la Mancha"",""R"",33",);
682,San Jerónimo (Cayetano Colorado Martínez),R,33,,"INSERT INTO `mydb`.`localidades` (`idlocalidades`, `nombre_localidad`, `ambito`, `municipio_idmunicipio`)",VALUES (,"682,""San Jerónimo (Cayetano Colorado Martínez)"",""R"",33",);
684,Noria de Tacubaya,R,33,,"INSERT INTO `mydb`.`localidades` (`idlocalidades`, `nombre_localidad`, `ambito`, `municipio_idmunicipio`)",VALUES (,"684,""Noria de Tacubaya"",""R"",33",);
685,Tres Amigos,R,33,,"INSERT INTO `mydb`.`localidades` (`idlocalidades`, `nombre_localidad`, `ambito`, `municipio_idmunicipio`)",VALUES (,"685,""Tres Amigos"",""R"",33",);
686,El Girasol,R,33,,"INSERT INTO `mydb`.`localidades` (`idlocalidades`, `nombre_localidad`, `ambito`, `municipio_idmunicipio`)",VALUES (,"686,""El Girasol"",""R"",33",);
687,La Puerta Hermosa,R,33,,"INSERT INTO `mydb`.`localidades` (`idlocalidades`, `nombre_localidad`, `ambito`, `municipio_idmunicipio`)",VALUES (,"687,""La Puerta Hermosa"",""R"",33",);
688,Ampliación Santa Brígida,R,33,,"INSERT INTO `mydb`.`localidades` (`idlocalidades`, `nombre_localidad`, `ambito`, `municipio_idmunicipio`)",VALUES (,"688,""Ampliación Santa Brígida"",""R"",33",);
689,Salvador López Barrientos,R,33,,"INSERT INTO `mydb`.`localidades` (`idlocalidades`, `nombre_localidad`, `ambito`, `municipio_idmunicipio`)",VALUES (,"689,""Salvador López Barrientos"",""R"",33",);
690,Arturo Velázquez Rendón,R,33,,"INSERT INTO `mydb`.`localidades` (`idlocalidades`, `nombre_localidad`, `ambito`, `municipio_idmunicipio`)",VALUES (,"690,""Arturo Velázquez Rendón"",""R"",33",);
691,Los Pinos,R,33,,"INSERT INTO `mydb`.`localidades` (`idlocalidades`, `nombre_localidad`, `ambito`, `municipio_idmunicipio`)",VALUES (,"691,""Los Pinos"",""R"",33",);
692,La Ximena,R,33,,"INSERT INTO `mydb`.`localidades` (`idlocalidades`, `nombre_localidad`, `ambito`, `municipio_idmunicipio`)",VALUES (,"692,""La Ximena"",""R"",33",);
693,Las Mercedes,R,33,,"INSERT INTO `mydb`.`localidades` (`idlocalidades`, `nombre_localidad`, `ambito`, `municipio_idmunicipio`)",VALUES (,"693,""Las Mercedes"",""R"",33",);
694,San Francisco,R,33,,"INSERT INTO `mydb`.`localidades` (`idlocalidades`, `nombre_localidad`, `ambito`, `municipio_idmunicipio`)",VALUES (,"694,""San Francisco"",""R"",33",);
695,Ninguno [Yesera Monterrey],R,33,,"INSERT INTO `mydb`.`localidades` (`idlocalidades`, `nombre_localidad`, `ambito`, `municipio_idmunicipio`)",VALUES (,"695,""Ninguno [Yesera Monterrey]"",""R"",33",);
696,Ignacio Martínez Jaigar,R,33,,"INSERT INTO `mydb`.`localidades` (`idlocalidades`, `nombre_localidad`, `ambito`, `municipio_idmunicipio`)",VALUES (,"696,""Ignacio Martínez Jaigar"",""R"",33",);
697,El Rebombeo,R,33,,"INSERT INTO `mydb`.`localidades` (`idlocalidades`, `nombre_localidad`, `ambito`, `municipio_idmunicipio`)",VALUES (,"697,""El Rebombeo"",""R"",33",);
698,Juquila,R,33,,"INSERT INTO `mydb`.`localidades` (`idlocalidades`, `nombre_localidad`, `ambito`, `municipio_idmunicipio`)",VALUES (,"698,""Juquila"",""R"",33",);
699,Los Dos Potrillos (José Guadalupe Martínez),R,33,,"INSERT INTO `mydb`.`localidades` (`idlocalidades`, `nombre_localidad`, `ambito`, `municipio_idmunicipio`)",VALUES (,"699,""Los Dos Potrillos (José Guadalupe Martínez)"",""R"",33",);
700,Antonio Salazar Hernández,R,33,,"INSERT INTO `mydb`.`localidades` (`idlocalidades`, `nombre_localidad`, `ambito`, `municipio_idmunicipio`)",VALUES (,"700,""Antonio Salazar Hernández"",""R"",33",);
701,Antonio Villalpando Olivares,R,33,,"INSERT INTO `mydb`.`localidades` (`idlocalidades`, `nombre_localidad`, `ambito`, `municipio_idmunicipio`)",VALUES (,"701,""Antonio Villalpando Olivares"",""R"",33",);
702,El Abuelo,R,33,,"INSERT INTO `mydb`.`localidades` (`idlocalidades`, `nombre_localidad`, `ambito`, `municipio_idmunicipio`)",VALUES (,"702,""El Abuelo"",""R"",33",);
703,Tres Flores (Gerardo Guillen Escareño),R,33,,"INSERT INTO `mydb`.`localidades` (`idlocalidades`, `nombre_localidad`, `ambito`, `municipio_idmunicipio`)",VALUES (,"703,""Tres Flores (Gerardo Guillen Escareño)"",""R"",33",);
704,Jaime Collazo,R,33,,"INSERT INTO `mydb`.`localidades` (`idlocalidades`, `nombre_localidad`, `ambito`, `municipio_idmunicipio`)",VALUES (,"704,""Jaime Collazo"",""R"",33",);
705,Juan Manuel Hernández Rivera,R,33,,"INSERT INTO `mydb`.`localidades` (`idlocalidades`, `nombre_localidad`, `ambito`, `municipio_idmunicipio`)",VALUES (,"705,""Juan Manuel Hernández Rivera"",""R"",33",);
706,Hacienda Ramona (Alfredo Esparza Montoya),R,33,,"INSERT INTO `mydb`.`localidades` (`idlocalidades`, `nombre_localidad`, `ambito`, `municipio_idmunicipio`)",VALUES (,"706,""Hacienda Ramona (Alfredo Esparza Montoya)"",""R"",33",);
707,San Judas,R,33,,"INSERT INTO `mydb`.`localidades` (`idlocalidades`, `nombre_localidad`, `ambito`, `municipio_idmunicipio`)",VALUES (,"707,""San Judas"",""R"",33",);
708,El Papalote,R,33,,"INSERT INTO `mydb`.`localidades` (`idlocalidades`, `nombre_localidad`, `ambito`, `municipio_idmunicipio`)",VALUES (,"708,""El Papalote"",""R"",33",);
709,Alfonso Molina,R,33,,"INSERT INTO `mydb`.`localidades` (`idlocalidades`, `nombre_localidad`, `ambito`, `municipio_idmunicipio`)",VALUES (,"709,""Alfonso Molina"",""R"",33",);
710,Las Moras,R,33,,"INSERT INTO `mydb`.`localidades` (`idlocalidades`, `nombre_localidad`, `ambito`, `municipio_idmunicipio`)",VALUES (,"710,""Las Moras"",""R"",33",);
711,Cielito Lindo y Querido,R,33,,"INSERT INTO `mydb`.`localidades` (`idlocalidades`, `nombre_localidad`, `ambito`, `municipio_idmunicipio`)",VALUES (,"711,""Cielito Lindo y Querido"",""R"",33",);
713,Doña Kika (Carlos García García),R,33,,"INSERT INTO `mydb`.`localidades` (`idlocalidades`, `nombre_localidad`, `ambito`, `municipio_idmunicipio`)",VALUES (,"713,""Doña Kika (Carlos García García)"",""R"",33",);
714,Fello (Pilar Hernández Pérez),R,33,,"INSERT INTO `mydb`.`localidades` (`idlocalidades`, `nombre_localidad`, `ambito`, `municipio_idmunicipio`)",VALUES (,"714,""Fello (Pilar Hernández Pérez)"",""R"",33",);
715,Jorge Collazo Robles,R,33,,"INSERT INTO `mydb`.`localidades` (`idlocalidades`, `nombre_localidad`, `ambito`, `municipio_idmunicipio`)",VALUES (,"715,""Jorge Collazo Robles"",""R"",33",);
716,Raúl Rivera Rodríguez,R,33,,"INSERT INTO `mydb`.`localidades` (`idlocalidades`, `nombre_localidad`, `ambito`, `municipio_idmunicipio`)",VALUES (,"716,""Raúl Rivera Rodríguez"",""R"",33",);
717,Los Guerra (Raúl Guerra Hernández),R,33,,"INSERT INTO `mydb`.`localidades` (`idlocalidades`, `nombre_localidad`, `ambito`, `municipio_idmunicipio`)",VALUES (,"717,""Los Guerra (Raúl Guerra Hernández)"",""R"",33",);
718,Laura Aurora Torres Córdova,R,33,,"INSERT INTO `mydb`.`localidades` (`idlocalidades`, `nombre_localidad`, `ambito`, `municipio_idmunicipio`)",VALUES (,"718,""Laura Aurora Torres Córdova"",""R"",33",);
719,El Tajito,R,33,,"INSERT INTO `mydb`.`localidades` (`idlocalidades`, `nombre_localidad`, `ambito`, `municipio_idmunicipio`)",VALUES (,"719,""El Tajito"",""R"",33",);
720,Rancho de Balta,R,33,,"INSERT INTO `mydb`.`localidades` (`idlocalidades`, `nombre_localidad`, `ambito`, `municipio_idmunicipio`)",VALUES (,"720,""Rancho de Balta"",""R"",33",);
721,La Vega,R,33,,"INSERT INTO `mydb`.`localidades` (`idlocalidades`, `nombre_localidad`, `ambito`, `municipio_idmunicipio`)",VALUES (,"721,""La Vega"",""R"",33",);
722,Hermanos Fernández,R,33,,"INSERT INTO `mydb`.`localidades` (`idlocalidades`, `nombre_localidad`, `ambito`, `municipio_idmunicipio`)",VALUES (,"722,""Hermanos Fernández"",""R"",33",);
723,Jesús Martín Olivas López,R,33,,"INSERT INTO `mydb`.`localidades` (`idlocalidades`, `nombre_localidad`, `ambito`, `municipio_idmunicipio`)",VALUES (,"723,""Jesús Martín Olivas López"",""R"",33",);
724,Arturo Pruneda Casanova,R,33,,"INSERT INTO `mydb`.`localidades` (`idlocalidades`, `nombre_localidad`, `ambito`, `municipio_idmunicipio`)",VALUES (,"724,""Arturo Pruneda Casanova"",""R"",33",);
725,María Gerarda Lugo Méndez,R,33,,"INSERT INTO `mydb`.`localidades` (`idlocalidades`, `nombre_localidad`, `ambito`, `municipio_idmunicipio`)",VALUES (,"725,""María Gerarda Lugo Méndez"",""R"",33",);
728,Panamá,R,33,,"INSERT INTO `mydb`.`localidades` (`idlocalidades`, `nombre_localidad`, `ambito`, `municipio_idmunicipio`)",VALUES (,"728,""Panamá"",""R"",33",);
729,Juan Coronado,R,33,,"INSERT INTO `mydb`.`localidades` (`idlocalidades`, `nombre_localidad`, `ambito`, `municipio_idmunicipio`)",VALUES (,"729,""Juan Coronado"",""R"",33",);
730,Los Juárez,R,33,,"INSERT INTO `mydb`.`localidades` (`idlocalidades`, `nombre_localidad`, `ambito`, `municipio_idmunicipio`)",VALUES (,"730,""Los Juárez"",""R"",33",);
731,Caseta Kilómetro 44,R,33,,"INSERT INTO `mydb`.`localidades` (`idlocalidades`, `nombre_localidad`, `ambito`, `municipio_idmunicipio`)",VALUES (,"731,""Caseta Kilómetro 44"",""R"",33",);
732,Las Isabeles,R,33,,"INSERT INTO `mydb`.`localidades` (`idlocalidades`, `nombre_localidad`, `ambito`, `municipio_idmunicipio`)",VALUES (,"732,""Las Isabeles"",""R"",33",);
733,Alejandro Balderas Llanas,R,33,,"INSERT INTO `mydb`.`localidades` (`idlocalidades`, `nombre_localidad`, `ambito`, `municipio_idmunicipio`)",VALUES (,"733,""Alejandro Balderas Llanas"",""R"",33",);
734,Casa San Isidro,R,33,,"INSERT INTO `mydb`.`localidades` (`idlocalidades`, `nombre_localidad`, `ambito`, `municipio_idmunicipio`)",VALUES (,"734,""Casa San Isidro"",""R"",33",);
735,Anastasia Rodríguez Ruiz,R,33,,"INSERT INTO `mydb`.`localidades` (`idlocalidades`, `nombre_localidad`, `ambito`, `municipio_idmunicipio`)",VALUES (,"735,""Anastasia Rodríguez Ruiz"",""R"",33",);
736,San Ángel,R,33,,"INSERT INTO `mydb`.`localidades` (`idlocalidades`, `nombre_localidad`, `ambito`, `municipio_idmunicipio`)",VALUES (,"736,""San Ángel"",""R"",33",);
737,Santa Barbara,R,33,,"INSERT INTO `mydb`.`localidades` (`idlocalidades`, `nombre_localidad`, `ambito`, `municipio_idmunicipio`)",VALUES (,"737,""Santa Barbara"",""R"",33",);
738,Esteban Sergio Rodríguez Lira,R,33,,"INSERT INTO `mydb`.`localidades` (`idlocalidades`, `nombre_localidad`, `ambito`, `municipio_idmunicipio`)",VALUES (,"738,""Esteban Sergio Rodríguez Lira"",""R"",33",);
739,José Luis Cuellar Torres,R,33,,"INSERT INTO `mydb`.`localidades` (`idlocalidades`, `nombre_localidad`, `ambito`, `municipio_idmunicipio`)",VALUES (,"739,""José Luis Cuellar Torres"",""R"",33",);
740,Sergio Wong Lozano,R,33,,"INSERT INTO `mydb`.`localidades` (`idlocalidades`, `nombre_localidad`, `ambito`, `municipio_idmunicipio`)",VALUES (,"740,""Sergio Wong Lozano"",""R"",33",);
741,Australia,R,33,,"INSERT INTO `mydb`.`localidades` (`idlocalidades`, `nombre_localidad`, `ambito`, `municipio_idmunicipio`)",VALUES (,"741,""Australia"",""R"",33",);
742,Jacqueline Olivares Villa,R,33,,"INSERT INTO `mydb`.`localidades` (`idlocalidades`, `nombre_localidad`, `ambito`, `municipio_idmunicipio`)",VALUES (,"742,""Jacqueline Olivares Villa"",""R"",33",);
743,Los Canelos,R,33,,"INSERT INTO `mydb`.`localidades` (`idlocalidades`, `nombre_localidad`, `ambito`, `municipio_idmunicipio`)",VALUES (,"743,""Los Canelos"",""R"",33",);
744,Luis Cuellar,R,33,,"INSERT INTO `mydb`.`localidades` (`idlocalidades`, `nombre_localidad`, `ambito`, `municipio_idmunicipio`)",VALUES (,"744,""Luis Cuellar"",""R"",33",);
745,Los Wailes (Sóstenes González Martínez),R,33,,"INSERT INTO `mydb`.`localidades` (`idlocalidades`, `nombre_localidad`, `ambito`, `municipio_idmunicipio`)",VALUES (,"745,""Los Wailes (Sóstenes González Martínez)"",""R"",33",);
746,El Profesor,R,33,,"INSERT INTO `mydb`.`localidades` (`idlocalidades`, `nombre_localidad`, `ambito`, `municipio_idmunicipio`)",VALUES (,"746,""El Profesor"",""R"",33",);
747,Juan Manuel Rocha Domínguez,R,33,,"INSERT INTO `mydb`.`localidades` (`idlocalidades`, `nombre_localidad`, `ambito`, `municipio_idmunicipio`)",VALUES (,"747,""Juan Manuel Rocha Domínguez"",""R"",33",);
748,Jesús Gerardo Rocha Domínguez,R,33,,"INSERT INTO `mydb`.`localidades` (`idlocalidades`, `nombre_localidad`, `ambito`, `municipio_idmunicipio`)",VALUES (,"748,""Jesús Gerardo Rocha Domínguez"",""R"",33",);
749,Silvia Najera Esquivel,R,33,,"INSERT INTO `mydb`.`localidades` (`idlocalidades`, `nombre_localidad`, `ambito`, `municipio_idmunicipio`)",VALUES (,"749,""Silvia Najera Esquivel"",""R"",33",);
750,Aarón Loma,R,33,,"INSERT INTO `mydb`.`localidades` (`idlocalidades`, `nombre_localidad`, `ambito`, `municipio_idmunicipio`)",VALUES (,"750,""Aarón Loma"",""R"",33",);
751,Mario Moreno,R,33,,"INSERT INTO `mydb`.`localidades` (`idlocalidades`, `nombre_localidad`, `ambito`, `municipio_idmunicipio`)",VALUES (,"751,""Mario Moreno"",""R"",33",);
752,Quinta Azul,R,33,,"INSERT INTO `mydb`.`localidades` (`idlocalidades`, `nombre_localidad`, `ambito`, `municipio_idmunicipio`)",VALUES (,"752,""Quinta Azul"",""R"",33",);
753,Joel Goytia Montemayor,R,33,,"INSERT INTO `mydb`.`localidades` (`idlocalidades`, `nombre_localidad`, `ambito`, `municipio_idmunicipio`)",VALUES (,"753,""Joel Goytia Montemayor"",""R"",33",);
754,Florencia Carranza Mauricio,R,33,,"INSERT INTO `mydb`.`localidades` (`idlocalidades`, `nombre_localidad`, `ambito`, `municipio_idmunicipio`)",VALUES (,"754,""Florencia Carranza Mauricio"",""R"",33",);
755,Ramón Solís Sifuentes,R,33,,"INSERT INTO `mydb`.`localidades` (`idlocalidades`, `nombre_localidad`, `ambito`, `municipio_idmunicipio`)",VALUES (,"755,""Ramón Solís Sifuentes"",""R"",33",);
756,Don Agustín,R,33,,"INSERT INTO `mydb`.`localidades` (`idlocalidades`, `nombre_localidad`, `ambito`, `municipio_idmunicipio`)",VALUES (,"756,""Don Agustín"",""R"",33",);
757,Hilario Hinojosa,R,33,,"INSERT INTO `mydb`.`localidades` (`idlocalidades`, `nombre_localidad`, `ambito`, `municipio_idmunicipio`)",VALUES (,"757,""Hilario Hinojosa"",""R"",33",);
758,José Manuel Atilano Vázquez,R,33,,"INSERT INTO `mydb`.`localidades` (`idlocalidades`, `nombre_localidad`, `ambito`, `municipio_idmunicipio`)",VALUES (,"758,""José Manuel Atilano Vázquez"",""R"",33",);
759,Luis Barboza Jiménez,R,33,,"INSERT INTO `mydb`.`localidades` (`idlocalidades`, `nombre_localidad`, `ambito`, `municipio_idmunicipio`)",VALUES (,"759,""Luis Barboza Jiménez"",""R"",33",);
760,El Doscientos,R,33,,"INSERT INTO `mydb`.`localidades` (`idlocalidades`, `nombre_localidad`, `ambito`, `municipio_idmunicipio`)",VALUES (,"760,""El Doscientos"",""R"",33",);
761,El Mirador,R,33,,"INSERT INTO `mydb`.`localidades` (`idlocalidades`, `nombre_localidad`, `ambito`, `municipio_idmunicipio`)",VALUES (,"761,""El Mirador"",""R"",33",);
762,María Manuela Villarreal Solís,R,33,,"INSERT INTO `mydb`.`localidades` (`idlocalidades`, `nombre_localidad`, `ambito`, `municipio_idmunicipio`)",VALUES (,"762,""María Manuela Villarreal Solís"",""R"",33",);
763,Salomé Becerra Hernández,R,33,,"INSERT INTO `mydb`.`localidades` (`idlocalidades`, `nombre_localidad`, `ambito`, `municipio_idmunicipio`)",VALUES (,"763,""Salomé Becerra Hernández"",""R"",33",);
764,José Carlos,R,33,,"INSERT INTO `mydb`.`localidades` (`idlocalidades`, `nombre_localidad`, `ambito`, `municipio_idmunicipio`)",VALUES (,"764,""José Carlos"",""R"",33",);
765,El Profesor (Jorge Quezada),R,33,,"INSERT INTO `mydb`.`localidades` (`idlocalidades`, `nombre_localidad`, `ambito`, `municipio_idmunicipio`)",VALUES (,"765,""El Profesor (Jorge Quezada)"",""R"",33",);
766,El Dorado,R,33,,"INSERT INTO `mydb`.`localidades` (`idlocalidades`, `nombre_localidad`, `ambito`, `municipio_idmunicipio`)",VALUES (,"766,""El Dorado"",""R"",33",);
767,Ernesto Rendón,R,33,,"INSERT INTO `mydb`.`localidades` (`idlocalidades`, `nombre_localidad`, `ambito`, `municipio_idmunicipio`)",VALUES (,"767,""Ernesto Rendón"",""R"",33",);
768,Tapón de Mora,R,33,,"INSERT INTO `mydb`.`localidades` (`idlocalidades`, `nombre_localidad`, `ambito`, `municipio_idmunicipio`)",VALUES (,"768,""Tapón de Mora"",""R"",33",);
769,Pascuala Alemán,R,33,,"INSERT INTO `mydb`.`localidades` (`idlocalidades`, `nombre_localidad`, `ambito`, `municipio_idmunicipio`)",VALUES (,"769,""Pascuala Alemán"",""R"",33",);
770,Abraham Saucedo,R,33,,"INSERT INTO `mydb`.`localidades` (`idlocalidades`, `nombre_localidad`, `ambito`, `municipio_idmunicipio`)",VALUES (,"770,""Abraham Saucedo"",""R"",33",);
771,Santa Bárbara,R,33,,"INSERT INTO `mydb`.`localidades` (`idlocalidades`, `nombre_localidad`, `ambito`, `municipio_idmunicipio`)",VALUES (,"771,""Santa Bárbara"",""R"",33",);
