CVE_LOC,NOM_LOC,AMBITO,CVE_MUN,,,,,
1,Jiménez,U,14,,"INSERT INTO `mydb`.`localidades` (`idlocalidades`, `nombre_localidad`, `ambito`, `municipio_idmunicipio`)",VALUES (,"1,""Jiménez"",""U"",14",);
2,El Carmen,R,14,,"INSERT INTO `mydb`.`localidades` (`idlocalidades`, `nombre_localidad`, `ambito`, `municipio_idmunicipio`)",VALUES (,"2,""El Carmen"",""R"",14",);
3,Cristales,R,14,,"INSERT INTO `mydb`.`localidades` (`idlocalidades`, `nombre_localidad`, `ambito`, `municipio_idmunicipio`)",VALUES (,"3,""Cristales"",""R"",14",);
4,El Divisadero,R,14,,"INSERT INTO `mydb`.`localidades` (`idlocalidades`, `nombre_localidad`, `ambito`, `municipio_idmunicipio`)",VALUES (,"4,""El Divisadero"",""R"",14",);
5,Emiliano Zapata (Santa Elena),R,14,,"INSERT INTO `mydb`.`localidades` (`idlocalidades`, `nombre_localidad`, `ambito`, `municipio_idmunicipio`)",VALUES (,"5,""Emiliano Zapata (Santa Elena)"",""R"",14",);
6,Madero del Río,R,14,,"INSERT INTO `mydb`.`localidades` (`idlocalidades`, `nombre_localidad`, `ambito`, `municipio_idmunicipio`)",VALUES (,"6,""Madero del Río"",""R"",14",);
7,La Muralla,R,14,,"INSERT INTO `mydb`.`localidades` (`idlocalidades`, `nombre_localidad`, `ambito`, `municipio_idmunicipio`)",VALUES (,"7,""La Muralla"",""R"",14",);
8,La Bandera (Nueva Bandera),R,14,,"INSERT INTO `mydb`.`localidades` (`idlocalidades`, `nombre_localidad`, `ambito`, `municipio_idmunicipio`)",VALUES (,"8,""La Bandera (Nueva Bandera)"",""R"",14",);
9,Nueva Jarita,R,14,,"INSERT INTO `mydb`.`localidades` (`idlocalidades`, `nombre_localidad`, `ambito`, `municipio_idmunicipio`)",VALUES (,"9,""Nueva Jarita"",""R"",14",);
10,Balcones (Nuevos Balcones),R,14,,"INSERT INTO `mydb`.`localidades` (`idlocalidades`, `nombre_localidad`, `ambito`, `municipio_idmunicipio`)",VALUES (,"10,""Balcones (Nuevos Balcones)"",""R"",14",);
11,El Orégano,R,14,,"INSERT INTO `mydb`.`localidades` (`idlocalidades`, `nombre_localidad`, `ambito`, `municipio_idmunicipio`)",VALUES (,"11,""El Orégano"",""R"",14",);
13,Vieja Palestina,R,14,,"INSERT INTO `mydb`.`localidades` (`idlocalidades`, `nombre_localidad`, `ambito`, `municipio_idmunicipio`)",VALUES (,"13,""Vieja Palestina"",""R"",14",);
14,Palmira (Victoria),R,14,,"INSERT INTO `mydb`.`localidades` (`idlocalidades`, `nombre_localidad`, `ambito`, `municipio_idmunicipio`)",VALUES (,"14,""Palmira (Victoria)"",""R"",14",);
15,Paso de las Mulas,R,14,,"INSERT INTO `mydb`.`localidades` (`idlocalidades`, `nombre_localidad`, `ambito`, `municipio_idmunicipio`)",VALUES (,"15,""Paso de las Mulas"",""R"",14",);
16,La Potasa,R,14,,"INSERT INTO `mydb`.`localidades` (`idlocalidades`, `nombre_localidad`, `ambito`, `municipio_idmunicipio`)",VALUES (,"16,""La Potasa"",""R"",14",);
17,La Potasa (La Mota),R,14,,"INSERT INTO `mydb`.`localidades` (`idlocalidades`, `nombre_localidad`, `ambito`, `municipio_idmunicipio`)",VALUES (,"17,""La Potasa (La Mota)"",""R"",14",);
18,Purísima,R,14,,"INSERT INTO `mydb`.`localidades` (`idlocalidades`, `nombre_localidad`, `ambito`, `municipio_idmunicipio`)",VALUES (,"18,""Purísima"",""R"",14",);
20,San Carlos,U,14,,"INSERT INTO `mydb`.`localidades` (`idlocalidades`, `nombre_localidad`, `ambito`, `municipio_idmunicipio`)",VALUES (,"20,""San Carlos"",""U"",14",);
22,Santa María,R,14,,"INSERT INTO `mydb`.`localidades` (`idlocalidades`, `nombre_localidad`, `ambito`, `municipio_idmunicipio`)",VALUES (,"22,""Santa María"",""R"",14",);
23,San Vicente,R,14,,"INSERT INTO `mydb`.`localidades` (`idlocalidades`, `nombre_localidad`, `ambito`, `municipio_idmunicipio`)",VALUES (,"23,""San Vicente"",""R"",14",);
24,El Tepeyac,R,14,,"INSERT INTO `mydb`.`localidades` (`idlocalidades`, `nombre_localidad`, `ambito`, `municipio_idmunicipio`)",VALUES (,"24,""El Tepeyac"",""R"",14",);
27,El Cedro,R,14,,"INSERT INTO `mydb`.`localidades` (`idlocalidades`, `nombre_localidad`, `ambito`, `municipio_idmunicipio`)",VALUES (,"27,""El Cedro"",""R"",14",);
31,Nueva Palestina [Estación],R,14,,"INSERT INTO `mydb`.`localidades` (`idlocalidades`, `nombre_localidad`, `ambito`, `municipio_idmunicipio`)",VALUES (,"31,""Nueva Palestina [Estación]"",""R"",14",);
32,Los Toritos,R,14,,"INSERT INTO `mydb`.`localidades` (`idlocalidades`, `nombre_localidad`, `ambito`, `municipio_idmunicipio`)",VALUES (,"32,""Los Toritos"",""R"",14",);
33,San Miguel,R,14,,"INSERT INTO `mydb`.`localidades` (`idlocalidades`, `nombre_localidad`, `ambito`, `municipio_idmunicipio`)",VALUES (,"33,""San Miguel"",""R"",14",);
34,El Álamo,R,14,,"INSERT INTO `mydb`.`localidades` (`idlocalidades`, `nombre_localidad`, `ambito`, `municipio_idmunicipio`)",VALUES (,"34,""El Álamo"",""R"",14",);
36,San Matías,R,14,,"INSERT INTO `mydb`.`localidades` (`idlocalidades`, `nombre_localidad`, `ambito`, `municipio_idmunicipio`)",VALUES (,"36,""San Matías"",""R"",14",);
37,San José,R,14,,"INSERT INTO `mydb`.`localidades` (`idlocalidades`, `nombre_localidad`, `ambito`, `municipio_idmunicipio`)",VALUES (,"37,""San José"",""R"",14",);
38,Cabeceras,R,14,,"INSERT INTO `mydb`.`localidades` (`idlocalidades`, `nombre_localidad`, `ambito`, `municipio_idmunicipio`)",VALUES (,"38,""Cabeceras"",""R"",14",);
46,Tepeyac (El Capricho),R,14,,"INSERT INTO `mydb`.`localidades` (`idlocalidades`, `nombre_localidad`, `ambito`, `municipio_idmunicipio`)",VALUES (,"46,""Tepeyac (El Capricho)"",""R"",14",);
50,Santa Rosa,R,14,,"INSERT INTO `mydb`.`localidades` (`idlocalidades`, `nombre_localidad`, `ambito`, `municipio_idmunicipio`)",VALUES (,"50,""Santa Rosa"",""R"",14",);
51,Egipto,R,14,,"INSERT INTO `mydb`.`localidades` (`idlocalidades`, `nombre_localidad`, `ambito`, `municipio_idmunicipio`)",VALUES (,"51,""Egipto"",""R"",14",);
54,La Gloria,R,14,,"INSERT INTO `mydb`.`localidades` (`idlocalidades`, `nombre_localidad`, `ambito`, `municipio_idmunicipio`)",VALUES (,"54,""La Gloria"",""R"",14",);
56,Madero del Río,R,14,,"INSERT INTO `mydb`.`localidades` (`idlocalidades`, `nombre_localidad`, `ambito`, `municipio_idmunicipio`)",VALUES (,"56,""Madero del Río"",""R"",14",);
58,Santa María,R,14,,"INSERT INTO `mydb`.`localidades` (`idlocalidades`, `nombre_localidad`, `ambito`, `municipio_idmunicipio`)",VALUES (,"58,""Santa María"",""R"",14",);
65,El Artesano,R,14,,"INSERT INTO `mydb`.`localidades` (`idlocalidades`, `nombre_localidad`, `ambito`, `municipio_idmunicipio`)",VALUES (,"65,""El Artesano"",""R"",14",);
66,Balcones,R,14,,"INSERT INTO `mydb`.`localidades` (`idlocalidades`, `nombre_localidad`, `ambito`, `municipio_idmunicipio`)",VALUES (,"66,""Balcones"",""R"",14",);
69,La Bandera,R,14,,"INSERT INTO `mydb`.`localidades` (`idlocalidades`, `nombre_localidad`, `ambito`, `municipio_idmunicipio`)",VALUES (,"69,""La Bandera"",""R"",14",);
71,Los Potros (Miguel Lozano Arízpe),R,14,,"INSERT INTO `mydb`.`localidades` (`idlocalidades`, `nombre_localidad`, `ambito`, `municipio_idmunicipio`)",VALUES (,"71,""Los Potros (Miguel Lozano Arízpe)"",""R"",14",);
73,La Cascada 1 [Campo de Pensionados],R,14,,"INSERT INTO `mydb`.`localidades` (`idlocalidades`, `nombre_localidad`, `ambito`, `municipio_idmunicipio`)",VALUES (,"73,""La Cascada 1 [Campo de Pensionados]"",""R"",14",);
77,Chapa,R,14,,"INSERT INTO `mydb`.`localidades` (`idlocalidades`, `nombre_localidad`, `ambito`, `municipio_idmunicipio`)",VALUES (,"77,""Chapa"",""R"",14",);
81,El Cuerno,R,14,,"INSERT INTO `mydb`.`localidades` (`idlocalidades`, `nombre_localidad`, `ambito`, `municipio_idmunicipio`)",VALUES (,"81,""El Cuerno"",""R"",14",);
88,Jarita,R,14,,"INSERT INTO `mydb`.`localidades` (`idlocalidades`, `nombre_localidad`, `ambito`, `municipio_idmunicipio`)",VALUES (,"88,""Jarita"",""R"",14",);
89,María Esthela Santana,R,14,,"INSERT INTO `mydb`.`localidades` (`idlocalidades`, `nombre_localidad`, `ambito`, `municipio_idmunicipio`)",VALUES (,"89,""María Esthela Santana"",""R"",14",);
90,La Lajita,R,14,,"INSERT INTO `mydb`.`localidades` (`idlocalidades`, `nombre_localidad`, `ambito`, `municipio_idmunicipio`)",VALUES (,"90,""La Lajita"",""R"",14",);
91,Las Lilas,R,14,,"INSERT INTO `mydb`.`localidades` (`idlocalidades`, `nombre_localidad`, `ambito`, `municipio_idmunicipio`)",VALUES (,"91,""Las Lilas"",""R"",14",);
93,La Lonja,R,14,,"INSERT INTO `mydb`.`localidades` (`idlocalidades`, `nombre_localidad`, `ambito`, `municipio_idmunicipio`)",VALUES (,"93,""La Lonja"",""R"",14",);
94,López,R,14,,"INSERT INTO `mydb`.`localidades` (`idlocalidades`, `nombre_localidad`, `ambito`, `municipio_idmunicipio`)",VALUES (,"94,""López"",""R"",14",);
95,Marcelino Cruz,R,14,,"INSERT INTO `mydb`.`localidades` (`idlocalidades`, `nombre_localidad`, `ambito`, `municipio_idmunicipio`)",VALUES (,"95,""Marcelino Cruz"",""R"",14",);
97,Medina,R,14,,"INSERT INTO `mydb`.`localidades` (`idlocalidades`, `nombre_localidad`, `ambito`, `municipio_idmunicipio`)",VALUES (,"97,""Medina"",""R"",14",);
98,Menchaca,R,14,,"INSERT INTO `mydb`.`localidades` (`idlocalidades`, `nombre_localidad`, `ambito`, `municipio_idmunicipio`)",VALUES (,"98,""Menchaca"",""R"",14",);
99,Miguel Chaidez,R,14,,"INSERT INTO `mydb`.`localidades` (`idlocalidades`, `nombre_localidad`, `ambito`, `municipio_idmunicipio`)",VALUES (,"99,""Miguel Chaidez"",""R"",14",);
100,El Molino,R,14,,"INSERT INTO `mydb`.`localidades` (`idlocalidades`, `nombre_localidad`, `ambito`, `municipio_idmunicipio`)",VALUES (,"100,""El Molino"",""R"",14",);
103,Nueva Palestina (La Y),R,14,,"INSERT INTO `mydb`.`localidades` (`idlocalidades`, `nombre_localidad`, `ambito`, `municipio_idmunicipio`)",VALUES (,"103,""Nueva Palestina (La Y)"",""R"",14",);
104,Nuevo Miravalles,R,14,,"INSERT INTO `mydb`.`localidades` (`idlocalidades`, `nombre_localidad`, `ambito`, `municipio_idmunicipio`)",VALUES (,"104,""Nuevo Miravalles"",""R"",14",);
105,Antonio Vázquez (Nueva Palestina),R,14,,"INSERT INTO `mydb`.`localidades` (`idlocalidades`, `nombre_localidad`, `ambito`, `municipio_idmunicipio`)",VALUES (,"105,""Antonio Vázquez (Nueva Palestina)"",""R"",14",);
106,El Orégano,R,14,,"INSERT INTO `mydb`.`localidades` (`idlocalidades`, `nombre_localidad`, `ambito`, `municipio_idmunicipio`)",VALUES (,"106,""El Orégano"",""R"",14",);
107,El Orégano,R,14,,"INSERT INTO `mydb`.`localidades` (`idlocalidades`, `nombre_localidad`, `ambito`, `municipio_idmunicipio`)",VALUES (,"107,""El Orégano"",""R"",14",);
108,Oro Verde,R,14,,"INSERT INTO `mydb`.`localidades` (`idlocalidades`, `nombre_localidad`, `ambito`, `municipio_idmunicipio`)",VALUES (,"108,""Oro Verde"",""R"",14",);
110,Palmira,R,14,,"INSERT INTO `mydb`.`localidades` (`idlocalidades`, `nombre_localidad`, `ambito`, `municipio_idmunicipio`)",VALUES (,"110,""Palmira"",""R"",14",);
111,Palmira,R,14,,"INSERT INTO `mydb`.`localidades` (`idlocalidades`, `nombre_localidad`, `ambito`, `municipio_idmunicipio`)",VALUES (,"111,""Palmira"",""R"",14",);
113,El Papalote del Venado,R,14,,"INSERT INTO `mydb`.`localidades` (`idlocalidades`, `nombre_localidad`, `ambito`, `municipio_idmunicipio`)",VALUES (,"113,""El Papalote del Venado"",""R"",14",);
114,Paso los Cristales,R,14,,"INSERT INTO `mydb`.`localidades` (`idlocalidades`, `nombre_localidad`, `ambito`, `municipio_idmunicipio`)",VALUES (,"114,""Paso los Cristales"",""R"",14",);
116,El Pelón,R,14,,"INSERT INTO `mydb`.`localidades` (`idlocalidades`, `nombre_localidad`, `ambito`, `municipio_idmunicipio`)",VALUES (,"116,""El Pelón"",""R"",14",);
118,El Pinto,R,14,,"INSERT INTO `mydb`.`localidades` (`idlocalidades`, `nombre_localidad`, `ambito`, `municipio_idmunicipio`)",VALUES (,"118,""El Pinto"",""R"",14",);
119,El Pinto (Juan Navarro),R,14,,"INSERT INTO `mydb`.`localidades` (`idlocalidades`, `nombre_localidad`, `ambito`, `municipio_idmunicipio`)",VALUES (,"119,""El Pinto (Juan Navarro)"",""R"",14",);
121,Alfredo Martínez,R,14,,"INSERT INTO `mydb`.`localidades` (`idlocalidades`, `nombre_localidad`, `ambito`, `municipio_idmunicipio`)",VALUES (,"121,""Alfredo Martínez"",""R"",14",);
125,El Vado (Los Álamos),R,14,,"INSERT INTO `mydb`.`localidades` (`idlocalidades`, `nombre_localidad`, `ambito`, `municipio_idmunicipio`)",VALUES (,"125,""El Vado (Los Álamos)"",""R"",14",);
127,Las Flores,R,14,,"INSERT INTO `mydb`.`localidades` (`idlocalidades`, `nombre_localidad`, `ambito`, `municipio_idmunicipio`)",VALUES (,"127,""Las Flores"",""R"",14",);
128,El Salto,R,14,,"INSERT INTO `mydb`.`localidades` (`idlocalidades`, `nombre_localidad`, `ambito`, `municipio_idmunicipio`)",VALUES (,"128,""El Salto"",""R"",14",);
129,San Carlos,R,14,,"INSERT INTO `mydb`.`localidades` (`idlocalidades`, `nombre_localidad`, `ambito`, `municipio_idmunicipio`)",VALUES (,"129,""San Carlos"",""R"",14",);
132,San Marcos,R,14,,"INSERT INTO `mydb`.`localidades` (`idlocalidades`, `nombre_localidad`, `ambito`, `municipio_idmunicipio`)",VALUES (,"132,""San Marcos"",""R"",14",);
133,San Miguel,R,14,,"INSERT INTO `mydb`.`localidades` (`idlocalidades`, `nombre_localidad`, `ambito`, `municipio_idmunicipio`)",VALUES (,"133,""San Miguel"",""R"",14",);
134,Rancho de Soto,R,14,,"INSERT INTO `mydb`.`localidades` (`idlocalidades`, `nombre_localidad`, `ambito`, `municipio_idmunicipio`)",VALUES (,"134,""Rancho de Soto"",""R"",14",);
135,El Tinaco (Hermín Valdez Torres),R,14,,"INSERT INTO `mydb`.`localidades` (`idlocalidades`, `nombre_localidad`, `ambito`, `municipio_idmunicipio`)",VALUES (,"135,""El Tinaco (Hermín Valdez Torres)"",""R"",14",);
149,El Olmo,R,14,,"INSERT INTO `mydb`.`localidades` (`idlocalidades`, `nombre_localidad`, `ambito`, `municipio_idmunicipio`)",VALUES (,"149,""El Olmo"",""R"",14",);
151,Eduardo Tobías,R,14,,"INSERT INTO `mydb`.`localidades` (`idlocalidades`, `nombre_localidad`, `ambito`, `municipio_idmunicipio`)",VALUES (,"151,""Eduardo Tobías"",""R"",14",);
152,Norberto Tobías Carvajal,R,14,,"INSERT INTO `mydb`.`localidades` (`idlocalidades`, `nombre_localidad`, `ambito`, `municipio_idmunicipio`)",VALUES (,"152,""Norberto Tobías Carvajal"",""R"",14",);
153,Las Palmas,R,14,,"INSERT INTO `mydb`.`localidades` (`idlocalidades`, `nombre_localidad`, `ambito`, `municipio_idmunicipio`)",VALUES (,"153,""Las Palmas"",""R"",14",);
156,Juan Ramírez,R,14,,"INSERT INTO `mydb`.`localidades` (`idlocalidades`, `nombre_localidad`, `ambito`, `municipio_idmunicipio`)",VALUES (,"156,""Juan Ramírez"",""R"",14",);
158,La Fragua,R,14,,"INSERT INTO `mydb`.`localidades` (`idlocalidades`, `nombre_localidad`, `ambito`, `municipio_idmunicipio`)",VALUES (,"158,""La Fragua"",""R"",14",);
159,Chupadero,R,14,,"INSERT INTO `mydb`.`localidades` (`idlocalidades`, `nombre_localidad`, `ambito`, `municipio_idmunicipio`)",VALUES (,"159,""Chupadero"",""R"",14",);
161,La Cascada,R,14,,"INSERT INTO `mydb`.`localidades` (`idlocalidades`, `nombre_localidad`, `ambito`, `municipio_idmunicipio`)",VALUES (,"161,""La Cascada"",""R"",14",);
162,El Hundido,R,14,,"INSERT INTO `mydb`.`localidades` (`idlocalidades`, `nombre_localidad`, `ambito`, `municipio_idmunicipio`)",VALUES (,"162,""El Hundido"",""R"",14",);
164,La Magdalena,R,14,,"INSERT INTO `mydb`.`localidades` (`idlocalidades`, `nombre_localidad`, `ambito`, `municipio_idmunicipio`)",VALUES (,"164,""La Magdalena"",""R"",14",);
165,El Indio,R,14,,"INSERT INTO `mydb`.`localidades` (`idlocalidades`, `nombre_localidad`, `ambito`, `municipio_idmunicipio`)",VALUES (,"165,""El Indio"",""R"",14",);
166,El Viejo Campo Real,R,14,,"INSERT INTO `mydb`.`localidades` (`idlocalidades`, `nombre_localidad`, `ambito`, `municipio_idmunicipio`)",VALUES (,"166,""El Viejo Campo Real"",""R"",14",);
167,Presa Centenario,R,14,,"INSERT INTO `mydb`.`localidades` (`idlocalidades`, `nombre_localidad`, `ambito`, `municipio_idmunicipio`)",VALUES (,"167,""Presa Centenario"",""R"",14",);
170,Ignacio García,R,14,,"INSERT INTO `mydb`.`localidades` (`idlocalidades`, `nombre_localidad`, `ambito`, `municipio_idmunicipio`)",VALUES (,"170,""Ignacio García"",""R"",14",);
171,Nicolás Molina,R,14,,"INSERT INTO `mydb`.`localidades` (`idlocalidades`, `nombre_localidad`, `ambito`, `municipio_idmunicipio`)",VALUES (,"171,""Nicolás Molina"",""R"",14",);
172,Reynaldo Castro,R,14,,"INSERT INTO `mydb`.`localidades` (`idlocalidades`, `nombre_localidad`, `ambito`, `municipio_idmunicipio`)",VALUES (,"172,""Reynaldo Castro"",""R"",14",);
174,Margarito Tobías,R,14,,"INSERT INTO `mydb`.`localidades` (`idlocalidades`, `nombre_localidad`, `ambito`, `municipio_idmunicipio`)",VALUES (,"174,""Margarito Tobías"",""R"",14",);
175,Francisco Huerta,R,14,,"INSERT INTO `mydb`.`localidades` (`idlocalidades`, `nombre_localidad`, `ambito`, `municipio_idmunicipio`)",VALUES (,"175,""Francisco Huerta"",""R"",14",);
176,Abundio Medina,R,14,,"INSERT INTO `mydb`.`localidades` (`idlocalidades`, `nombre_localidad`, `ambito`, `municipio_idmunicipio`)",VALUES (,"176,""Abundio Medina"",""R"",14",);
177,Manuela Dávila,R,14,,"INSERT INTO `mydb`.`localidades` (`idlocalidades`, `nombre_localidad`, `ambito`, `municipio_idmunicipio`)",VALUES (,"177,""Manuela Dávila"",""R"",14",);
178,Anselma González,R,14,,"INSERT INTO `mydb`.`localidades` (`idlocalidades`, `nombre_localidad`, `ambito`, `municipio_idmunicipio`)",VALUES (,"178,""Anselma González"",""R"",14",);
179,Domingo Romero Ibarra,R,14,,"INSERT INTO `mydb`.`localidades` (`idlocalidades`, `nombre_localidad`, `ambito`, `municipio_idmunicipio`)",VALUES (,"179,""Domingo Romero Ibarra"",""R"",14",);
180,Miguel Hernández,R,14,,"INSERT INTO `mydb`.`localidades` (`idlocalidades`, `nombre_localidad`, `ambito`, `municipio_idmunicipio`)",VALUES (,"180,""Miguel Hernández"",""R"",14",);
181,Juan Vázquez Hernández,R,14,,"INSERT INTO `mydb`.`localidades` (`idlocalidades`, `nombre_localidad`, `ambito`, `municipio_idmunicipio`)",VALUES (,"181,""Juan Vázquez Hernández"",""R"",14",);
182,El Barranqueño,R,14,,"INSERT INTO `mydb`.`localidades` (`idlocalidades`, `nombre_localidad`, `ambito`, `municipio_idmunicipio`)",VALUES (,"182,""El Barranqueño"",""R"",14",);
183,El Coyote Dos,R,14,,"INSERT INTO `mydb`.`localidades` (`idlocalidades`, `nombre_localidad`, `ambito`, `municipio_idmunicipio`)",VALUES (,"183,""El Coyote Dos"",""R"",14",);
184,San Pedro,R,14,,"INSERT INTO `mydb`.`localidades` (`idlocalidades`, `nombre_localidad`, `ambito`, `municipio_idmunicipio`)",VALUES (,"184,""San Pedro"",""R"",14",);
185,Alejandro Siller,R,14,,"INSERT INTO `mydb`.`localidades` (`idlocalidades`, `nombre_localidad`, `ambito`, `municipio_idmunicipio`)",VALUES (,"185,""Alejandro Siller"",""R"",14",);
186,Rogelio Pérez Morales,R,14,,"INSERT INTO `mydb`.`localidades` (`idlocalidades`, `nombre_localidad`, `ambito`, `municipio_idmunicipio`)",VALUES (,"186,""Rogelio Pérez Morales"",""R"",14",);
188,Felipe Martínez,R,14,,"INSERT INTO `mydb`.`localidades` (`idlocalidades`, `nombre_localidad`, `ambito`, `municipio_idmunicipio`)",VALUES (,"188,""Felipe Martínez"",""R"",14",);
189,Aurelio Duarte Loera,R,14,,"INSERT INTO `mydb`.`localidades` (`idlocalidades`, `nombre_localidad`, `ambito`, `municipio_idmunicipio`)",VALUES (,"189,""Aurelio Duarte Loera"",""R"",14",);
190,Jesús Martínez,R,14,,"INSERT INTO `mydb`.`localidades` (`idlocalidades`, `nombre_localidad`, `ambito`, `municipio_idmunicipio`)",VALUES (,"190,""Jesús Martínez"",""R"",14",);
191,El Coyote Uno,R,14,,"INSERT INTO `mydb`.`localidades` (`idlocalidades`, `nombre_localidad`, `ambito`, `municipio_idmunicipio`)",VALUES (,"191,""El Coyote Uno"",""R"",14",);
192,El Coyote,R,14,,"INSERT INTO `mydb`.`localidades` (`idlocalidades`, `nombre_localidad`, `ambito`, `municipio_idmunicipio`)",VALUES (,"192,""El Coyote"",""R"",14",);
193,Arroyo Blanco (Juan Antonio Cisneros),R,14,,"INSERT INTO `mydb`.`localidades` (`idlocalidades`, `nombre_localidad`, `ambito`, `municipio_idmunicipio`)",VALUES (,"193,""Arroyo Blanco (Juan Antonio Cisneros)"",""R"",14",);
194,Albino Varela Herrera,R,14,,"INSERT INTO `mydb`.`localidades` (`idlocalidades`, `nombre_localidad`, `ambito`, `municipio_idmunicipio`)",VALUES (,"194,""Albino Varela Herrera"",""R"",14",);
195,La Salada,R,14,,"INSERT INTO `mydb`.`localidades` (`idlocalidades`, `nombre_localidad`, `ambito`, `municipio_idmunicipio`)",VALUES (,"195,""La Salada"",""R"",14",);
196,El Encinal,R,14,,"INSERT INTO `mydb`.`localidades` (`idlocalidades`, `nombre_localidad`, `ambito`, `municipio_idmunicipio`)",VALUES (,"196,""El Encinal"",""R"",14",);
197,El Capricho,R,14,,"INSERT INTO `mydb`.`localidades` (`idlocalidades`, `nombre_localidad`, `ambito`, `municipio_idmunicipio`)",VALUES (,"197,""El Capricho"",""R"",14",);
198,Ladislao Villegas R. (El Tranchetero),R,14,,"INSERT INTO `mydb`.`localidades` (`idlocalidades`, `nombre_localidad`, `ambito`, `municipio_idmunicipio`)",VALUES (,"198,""Ladislao Villegas R. (El Tranchetero)"",""R"",14",);
199,La Fragua,R,14,,"INSERT INTO `mydb`.`localidades` (`idlocalidades`, `nombre_localidad`, `ambito`, `municipio_idmunicipio`)",VALUES (,"199,""La Fragua"",""R"",14",);
200,Rancho Jóvenes del Rey,R,14,,"INSERT INTO `mydb`.`localidades` (`idlocalidades`, `nombre_localidad`, `ambito`, `municipio_idmunicipio`)",VALUES (,"200,""Rancho Jóvenes del Rey"",""R"",14",);
201,Rancho Ciudad de Dios,R,14,,"INSERT INTO `mydb`.`localidades` (`idlocalidades`, `nombre_localidad`, `ambito`, `municipio_idmunicipio`)",VALUES (,"201,""Rancho Ciudad de Dios"",""R"",14",);
204,El Pilar (Presa el Centenario),R,14,,"INSERT INTO `mydb`.`localidades` (`idlocalidades`, `nombre_localidad`, `ambito`, `municipio_idmunicipio`)",VALUES (,"204,""El Pilar (Presa el Centenario)"",""R"",14",);
205,Las Grullas,R,14,,"INSERT INTO `mydb`.`localidades` (`idlocalidades`, `nombre_localidad`, `ambito`, `municipio_idmunicipio`)",VALUES (,"205,""Las Grullas"",""R"",14",);
206,Gloria Monsiváis,R,14,,"INSERT INTO `mydb`.`localidades` (`idlocalidades`, `nombre_localidad`, `ambito`, `municipio_idmunicipio`)",VALUES (,"206,""Gloria Monsiváis"",""R"",14",);
207,José Luis Sánchez,R,14,,"INSERT INTO `mydb`.`localidades` (`idlocalidades`, `nombre_localidad`, `ambito`, `municipio_idmunicipio`)",VALUES (,"207,""José Luis Sánchez"",""R"",14",);
208,Juan Rodríguez,R,14,,"INSERT INTO `mydb`.`localidades` (`idlocalidades`, `nombre_localidad`, `ambito`, `municipio_idmunicipio`)",VALUES (,"208,""Juan Rodríguez"",""R"",14",);
209,León Martínez,R,14,,"INSERT INTO `mydb`.`localidades` (`idlocalidades`, `nombre_localidad`, `ambito`, `municipio_idmunicipio`)",VALUES (,"209,""León Martínez"",""R"",14",);
210,Facundo Tobías,R,14,,"INSERT INTO `mydb`.`localidades` (`idlocalidades`, `nombre_localidad`, `ambito`, `municipio_idmunicipio`)",VALUES (,"210,""Facundo Tobías"",""R"",14",);
211,Manuel de Jesús Pachicano,R,14,,"INSERT INTO `mydb`.`localidades` (`idlocalidades`, `nombre_localidad`, `ambito`, `municipio_idmunicipio`)",VALUES (,"211,""Manuel de Jesús Pachicano"",""R"",14",);
212,José María Gómez,R,14,,"INSERT INTO `mydb`.`localidades` (`idlocalidades`, `nombre_localidad`, `ambito`, `municipio_idmunicipio`)",VALUES (,"212,""José María Gómez"",""R"",14",);
213,María Susana Ávila,R,14,,"INSERT INTO `mydb`.`localidades` (`idlocalidades`, `nombre_localidad`, `ambito`, `municipio_idmunicipio`)",VALUES (,"213,""María Susana Ávila"",""R"",14",);
214,Antonio Ramos Sosa,R,14,,"INSERT INTO `mydb`.`localidades` (`idlocalidades`, `nombre_localidad`, `ambito`, `municipio_idmunicipio`)",VALUES (,"214,""Antonio Ramos Sosa"",""R"",14",);
215,Alberto Cano,R,14,,"INSERT INTO `mydb`.`localidades` (`idlocalidades`, `nombre_localidad`, `ambito`, `municipio_idmunicipio`)",VALUES (,"215,""Alberto Cano"",""R"",14",);
216,Andrés Flores Castorena,R,14,,"INSERT INTO `mydb`.`localidades` (`idlocalidades`, `nombre_localidad`, `ambito`, `municipio_idmunicipio`)",VALUES (,"216,""Andrés Flores Castorena"",""R"",14",);
218,Baldomero Hernández Ordóñez (Balcones),R,14,,"INSERT INTO `mydb`.`localidades` (`idlocalidades`, `nombre_localidad`, `ambito`, `municipio_idmunicipio`)",VALUES (,"218,""Baldomero Hernández Ordóñez (Balcones)"",""R"",14",);
219,Buena Fe,R,14,,"INSERT INTO `mydb`.`localidades` (`idlocalidades`, `nombre_localidad`, `ambito`, `municipio_idmunicipio`)",VALUES (,"219,""Buena Fe"",""R"",14",);
220,Buena Suerte,R,14,,"INSERT INTO `mydb`.`localidades` (`idlocalidades`, `nombre_localidad`, `ambito`, `municipio_idmunicipio`)",VALUES (,"220,""Buena Suerte"",""R"",14",);
222,Los Cuatro Vientos (Raymundo Rivero),R,14,,"INSERT INTO `mydb`.`localidades` (`idlocalidades`, `nombre_localidad`, `ambito`, `municipio_idmunicipio`)",VALUES (,"222,""Los Cuatro Vientos (Raymundo Rivero)"",""R"",14",);
223,Eliseo Cervantes Delgado,R,14,,"INSERT INTO `mydb`.`localidades` (`idlocalidades`, `nombre_localidad`, `ambito`, `municipio_idmunicipio`)",VALUES (,"223,""Eliseo Cervantes Delgado"",""R"",14",);
224,Gumersindo Martínez Aguilar,R,14,,"INSERT INTO `mydb`.`localidades` (`idlocalidades`, `nombre_localidad`, `ambito`, `municipio_idmunicipio`)",VALUES (,"224,""Gumersindo Martínez Aguilar"",""R"",14",);
225,Juan García Barrera,R,14,,"INSERT INTO `mydb`.`localidades` (`idlocalidades`, `nombre_localidad`, `ambito`, `municipio_idmunicipio`)",VALUES (,"225,""Juan García Barrera"",""R"",14",);
226,Jorge Rodríguez García (Balcones),R,14,,"INSERT INTO `mydb`.`localidades` (`idlocalidades`, `nombre_localidad`, `ambito`, `municipio_idmunicipio`)",VALUES (,"226,""Jorge Rodríguez García (Balcones)"",""R"",14",);
227,José Narváez Faz,R,14,,"INSERT INTO `mydb`.`localidades` (`idlocalidades`, `nombre_localidad`, `ambito`, `municipio_idmunicipio`)",VALUES (,"227,""José Narváez Faz"",""R"",14",);
228,Lucio Hernández,R,14,,"INSERT INTO `mydb`.`localidades` (`idlocalidades`, `nombre_localidad`, `ambito`, `municipio_idmunicipio`)",VALUES (,"228,""Lucio Hernández"",""R"",14",);
229,Miguel García Guerrero,R,14,,"INSERT INTO `mydb`.`localidades` (`idlocalidades`, `nombre_localidad`, `ambito`, `municipio_idmunicipio`)",VALUES (,"229,""Miguel García Guerrero"",""R"",14",);
231,Peñitas,R,14,,"INSERT INTO `mydb`.`localidades` (`idlocalidades`, `nombre_localidad`, `ambito`, `municipio_idmunicipio`)",VALUES (,"231,""Peñitas"",""R"",14",);
232,Los Pinos,R,14,,"INSERT INTO `mydb`.`localidades` (`idlocalidades`, `nombre_localidad`, `ambito`, `municipio_idmunicipio`)",VALUES (,"232,""Los Pinos"",""R"",14",);
233,Presa Centenario,R,14,,"INSERT INTO `mydb`.`localidades` (`idlocalidades`, `nombre_localidad`, `ambito`, `municipio_idmunicipio`)",VALUES (,"233,""Presa Centenario"",""R"",14",);
234,Rancho Gutiérrez,R,14,,"INSERT INTO `mydb`.`localidades` (`idlocalidades`, `nombre_localidad`, `ambito`, `municipio_idmunicipio`)",VALUES (,"234,""Rancho Gutiérrez"",""R"",14",);
235,Rancho 2H,R,14,,"INSERT INTO `mydb`.`localidades` (`idlocalidades`, `nombre_localidad`, `ambito`, `municipio_idmunicipio`)",VALUES (,"235,""Rancho 2H"",""R"",14",);
236,El Refugio,R,14,,"INSERT INTO `mydb`.`localidades` (`idlocalidades`, `nombre_localidad`, `ambito`, `municipio_idmunicipio`)",VALUES (,"236,""El Refugio"",""R"",14",);
237,Rodolfo Berain,R,14,,"INSERT INTO `mydb`.`localidades` (`idlocalidades`, `nombre_localidad`, `ambito`, `municipio_idmunicipio`)",VALUES (,"237,""Rodolfo Berain"",""R"",14",);
238,Rogelio García Arévalo,R,14,,"INSERT INTO `mydb`.`localidades` (`idlocalidades`, `nombre_localidad`, `ambito`, `municipio_idmunicipio`)",VALUES (,"238,""Rogelio García Arévalo"",""R"",14",);
239,Rubén Pérez,R,14,,"INSERT INTO `mydb`.`localidades` (`idlocalidades`, `nombre_localidad`, `ambito`, `municipio_idmunicipio`)",VALUES (,"239,""Rubén Pérez"",""R"",14",);
240,San Diego,R,14,,"INSERT INTO `mydb`.`localidades` (`idlocalidades`, `nombre_localidad`, `ambito`, `municipio_idmunicipio`)",VALUES (,"240,""San Diego"",""R"",14",);
241,San José,R,14,,"INSERT INTO `mydb`.`localidades` (`idlocalidades`, `nombre_localidad`, `ambito`, `municipio_idmunicipio`)",VALUES (,"241,""San José"",""R"",14",);
242,Santiago Suárez Ramos,R,14,,"INSERT INTO `mydb`.`localidades` (`idlocalidades`, `nombre_localidad`, `ambito`, `municipio_idmunicipio`)",VALUES (,"242,""Santiago Suárez Ramos"",""R"",14",);
243,Santos Loera Santillán,R,14,,"INSERT INTO `mydb`.`localidades` (`idlocalidades`, `nombre_localidad`, `ambito`, `municipio_idmunicipio`)",VALUES (,"243,""Santos Loera Santillán"",""R"",14",);
244,Santos Villanueva García,R,14,,"INSERT INTO `mydb`.`localidades` (`idlocalidades`, `nombre_localidad`, `ambito`, `municipio_idmunicipio`)",VALUES (,"244,""Santos Villanueva García"",""R"",14",);
245,Silvano Martínez Aguilar,R,14,,"INSERT INTO `mydb`.`localidades` (`idlocalidades`, `nombre_localidad`, `ambito`, `municipio_idmunicipio`)",VALUES (,"245,""Silvano Martínez Aguilar"",""R"",14",);
246,Tres Puentes,R,14,,"INSERT INTO `mydb`.`localidades` (`idlocalidades`, `nombre_localidad`, `ambito`, `municipio_idmunicipio`)",VALUES (,"246,""Tres Puentes"",""R"",14",);
247,Alfonzo Treviño Longoria,R,14,,"INSERT INTO `mydb`.`localidades` (`idlocalidades`, `nombre_localidad`, `ambito`, `municipio_idmunicipio`)",VALUES (,"247,""Alfonzo Treviño Longoria"",""R"",14",);
248,Los Dos Potrillos,R,14,,"INSERT INTO `mydb`.`localidades` (`idlocalidades`, `nombre_localidad`, `ambito`, `municipio_idmunicipio`)",VALUES (,"248,""Los Dos Potrillos"",""R"",14",);
249,Damacio Díaz,R,14,,"INSERT INTO `mydb`.`localidades` (`idlocalidades`, `nombre_localidad`, `ambito`, `municipio_idmunicipio`)",VALUES (,"249,""Damacio Díaz"",""R"",14",);
250,Las Palmas (Jesús Gutiérrez),R,14,,"INSERT INTO `mydb`.`localidades` (`idlocalidades`, `nombre_localidad`, `ambito`, `municipio_idmunicipio`)",VALUES (,"250,""Las Palmas (Jesús Gutiérrez)"",""R"",14",);
251,El Pinto (Josué Santana Hernández),R,14,,"INSERT INTO `mydb`.`localidades` (`idlocalidades`, `nombre_localidad`, `ambito`, `municipio_idmunicipio`)",VALUES (,"251,""El Pinto (Josué Santana Hernández)"",""R"",14",);
252,Kilómetro 22 (San Vicente),R,14,,"INSERT INTO `mydb`.`localidades` (`idlocalidades`, `nombre_localidad`, `ambito`, `municipio_idmunicipio`)",VALUES (,"252,""Kilómetro 22 (San Vicente)"",""R"",14",);
253,Ampliación San Carlos,R,14,,"INSERT INTO `mydb`.`localidades` (`idlocalidades`, `nombre_localidad`, `ambito`, `municipio_idmunicipio`)",VALUES (,"253,""Ampliación San Carlos"",""R"",14",);
254,García Lemos,R,14,,"INSERT INTO `mydb`.`localidades` (`idlocalidades`, `nombre_localidad`, `ambito`, `municipio_idmunicipio`)",VALUES (,"254,""García Lemos"",""R"",14",);
255,José Moreno,R,14,,"INSERT INTO `mydb`.`localidades` (`idlocalidades`, `nombre_localidad`, `ambito`, `municipio_idmunicipio`)",VALUES (,"255,""José Moreno"",""R"",14",);
256,Anzelmo Mata,R,14,,"INSERT INTO `mydb`.`localidades` (`idlocalidades`, `nombre_localidad`, `ambito`, `municipio_idmunicipio`)",VALUES (,"256,""Anzelmo Mata"",""R"",14",);
257,Casa de Rescate Cristo Vive de México,R,14,,"INSERT INTO `mydb`.`localidades` (`idlocalidades`, `nombre_localidad`, `ambito`, `municipio_idmunicipio`)",VALUES (,"257,""Casa de Rescate Cristo Vive de México"",""R"",14",);
258,Candelario Ledezma Hernández,R,14,,"INSERT INTO `mydb`.`localidades` (`idlocalidades`, `nombre_localidad`, `ambito`, `municipio_idmunicipio`)",VALUES (,"258,""Candelario Ledezma Hernández"",""R"",14",);
259,Toritos,R,14,,"INSERT INTO `mydb`.`localidades` (`idlocalidades`, `nombre_localidad`, `ambito`, `municipio_idmunicipio`)",VALUES (,"259,""Toritos"",""R"",14",);
260,Severo Valenzuela,R,14,,"INSERT INTO `mydb`.`localidades` (`idlocalidades`, `nombre_localidad`, `ambito`, `municipio_idmunicipio`)",VALUES (,"260,""Severo Valenzuela"",""R"",14",);
261,Reynaldo Menchaca,R,14,,"INSERT INTO `mydb`.`localidades` (`idlocalidades`, `nombre_localidad`, `ambito`, `municipio_idmunicipio`)",VALUES (,"261,""Reynaldo Menchaca"",""R"",14",);
262,Nuevo Balcones,R,14,,"INSERT INTO `mydb`.`localidades` (`idlocalidades`, `nombre_localidad`, `ambito`, `municipio_idmunicipio`)",VALUES (,"262,""Nuevo Balcones"",""R"",14",);
263,Rancho 3 V,R,14,,"INSERT INTO `mydb`.`localidades` (`idlocalidades`, `nombre_localidad`, `ambito`, `municipio_idmunicipio`)",VALUES (,"263,""Rancho 3 V"",""R"",14",);
264,José Lemus Martínez,R,14,,"INSERT INTO `mydb`.`localidades` (`idlocalidades`, `nombre_localidad`, `ambito`, `municipio_idmunicipio`)",VALUES (,"264,""José Lemus Martínez"",""R"",14",);
265,Asociación Magisterial,R,14,,"INSERT INTO `mydb`.`localidades` (`idlocalidades`, `nombre_localidad`, `ambito`, `municipio_idmunicipio`)",VALUES (,"265,""Asociación Magisterial"",""R"",14",);
266,Vallejo,R,14,,"INSERT INTO `mydb`.`localidades` (`idlocalidades`, `nombre_localidad`, `ambito`, `municipio_idmunicipio`)",VALUES (,"266,""Vallejo"",""R"",14",);
267,Don Beto,R,14,,"INSERT INTO `mydb`.`localidades` (`idlocalidades`, `nombre_localidad`, `ambito`, `municipio_idmunicipio`)",VALUES (,"267,""Don Beto"",""R"",14",);
268,Jesús Calvillo,R,14,,"INSERT INTO `mydb`.`localidades` (`idlocalidades`, `nombre_localidad`, `ambito`, `municipio_idmunicipio`)",VALUES (,"268,""Jesús Calvillo"",""R"",14",);
269,El Potrillo,R,14,,"INSERT INTO `mydb`.`localidades` (`idlocalidades`, `nombre_localidad`, `ambito`, `municipio_idmunicipio`)",VALUES (,"269,""El Potrillo"",""R"",14",);
270,La Calamidad,R,14,,"INSERT INTO `mydb`.`localidades` (`idlocalidades`, `nombre_localidad`, `ambito`, `municipio_idmunicipio`)",VALUES (,"270,""La Calamidad"",""R"",14",);
271,Efraín Martínez,R,14,,"INSERT INTO `mydb`.`localidades` (`idlocalidades`, `nombre_localidad`, `ambito`, `municipio_idmunicipio`)",VALUES (,"271,""Efraín Martínez"",""R"",14",);
272,Cuatro More,R,14,,"INSERT INTO `mydb`.`localidades` (`idlocalidades`, `nombre_localidad`, `ambito`, `municipio_idmunicipio`)",VALUES (,"272,""Cuatro More"",""R"",14",);
273,El Jardín,R,14,,"INSERT INTO `mydb`.`localidades` (`idlocalidades`, `nombre_localidad`, `ambito`, `municipio_idmunicipio`)",VALUES (,"273,""El Jardín"",""R"",14",);
274,Rancho de los Santos,R,14,,"INSERT INTO `mydb`.`localidades` (`idlocalidades`, `nombre_localidad`, `ambito`, `municipio_idmunicipio`)",VALUES (,"274,""Rancho de los Santos"",""R"",14",);
275,El Meño,R,14,,"INSERT INTO `mydb`.`localidades` (`idlocalidades`, `nombre_localidad`, `ambito`, `municipio_idmunicipio`)",VALUES (,"275,""El Meño"",""R"",14",);
276,Los Potrillos,R,14,,"INSERT INTO `mydb`.`localidades` (`idlocalidades`, `nombre_localidad`, `ambito`, `municipio_idmunicipio`)",VALUES (,"276,""Los Potrillos"",""R"",14",);
277,Josué Robles,R,14,,"INSERT INTO `mydb`.`localidades` (`idlocalidades`, `nombre_localidad`, `ambito`, `municipio_idmunicipio`)",VALUES (,"277,""Josué Robles"",""R"",14",);
278,Santa Bertha,R,14,,"INSERT INTO `mydb`.`localidades` (`idlocalidades`, `nombre_localidad`, `ambito`, `municipio_idmunicipio`)",VALUES (,"278,""Santa Bertha"",""R"",14",);
279,La Resolana,R,14,,"INSERT INTO `mydb`.`localidades` (`idlocalidades`, `nombre_localidad`, `ambito`, `municipio_idmunicipio`)",VALUES (,"279,""La Resolana"",""R"",14",);
280,La Finca,R,14,,"INSERT INTO `mydb`.`localidades` (`idlocalidades`, `nombre_localidad`, `ambito`, `municipio_idmunicipio`)",VALUES (,"280,""La Finca"",""R"",14",);
281,José Flores,R,14,,"INSERT INTO `mydb`.`localidades` (`idlocalidades`, `nombre_localidad`, `ambito`, `municipio_idmunicipio`)",VALUES (,"281,""José Flores"",""R"",14",);
282,Santa Eugenia,R,14,,"INSERT INTO `mydb`.`localidades` (`idlocalidades`, `nombre_localidad`, `ambito`, `municipio_idmunicipio`)",VALUES (,"282,""Santa Eugenia"",""R"",14",);
283,Gaspar Banderas,R,14,,"INSERT INTO `mydb`.`localidades` (`idlocalidades`, `nombre_localidad`, `ambito`, `municipio_idmunicipio`)",VALUES (,"283,""Gaspar Banderas"",""R"",14",);
284,Francisco Veloz Garcés,R,14,,"INSERT INTO `mydb`.`localidades` (`idlocalidades`, `nombre_localidad`, `ambito`, `municipio_idmunicipio`)",VALUES (,"284,""Francisco Veloz Garcés"",""R"",14",);
285,Las Precitas,R,14,,"INSERT INTO `mydb`.`localidades` (`idlocalidades`, `nombre_localidad`, `ambito`, `municipio_idmunicipio`)",VALUES (,"285,""Las Precitas"",""R"",14",);
286,Mi Jacal,R,14,,"INSERT INTO `mydb`.`localidades` (`idlocalidades`, `nombre_localidad`, `ambito`, `municipio_idmunicipio`)",VALUES (,"286,""Mi Jacal"",""R"",14",);
287,La Ruidosa,R,14,,"INSERT INTO `mydb`.`localidades` (`idlocalidades`, `nombre_localidad`, `ambito`, `municipio_idmunicipio`)",VALUES (,"287,""La Ruidosa"",""R"",14",);
288,Alonso Hernández,R,14,,"INSERT INTO `mydb`.`localidades` (`idlocalidades`, `nombre_localidad`, `ambito`, `municipio_idmunicipio`)",VALUES (,"288,""Alonso Hernández"",""R"",14",);
289,Don Chale,R,14,,"INSERT INTO `mydb`.`localidades` (`idlocalidades`, `nombre_localidad`, `ambito`, `municipio_idmunicipio`)",VALUES (,"289,""Don Chale"",""R"",14",);
290,La Aviación,R,14,,"INSERT INTO `mydb`.`localidades` (`idlocalidades`, `nombre_localidad`, `ambito`, `municipio_idmunicipio`)",VALUES (,"290,""La Aviación"",""R"",14",);
291,Rogelio Estrada Segura,R,14,,"INSERT INTO `mydb`.`localidades` (`idlocalidades`, `nombre_localidad`, `ambito`, `municipio_idmunicipio`)",VALUES (,"291,""Rogelio Estrada Segura"",""R"",14",);
292,Margarito Salas,R,14,,"INSERT INTO `mydb`.`localidades` (`idlocalidades`, `nombre_localidad`, `ambito`, `municipio_idmunicipio`)",VALUES (,"292,""Margarito Salas"",""R"",14",);
293,Armando Vallejo,R,14,,"INSERT INTO `mydb`.`localidades` (`idlocalidades`, `nombre_localidad`, `ambito`, `municipio_idmunicipio`)",VALUES (,"293,""Armando Vallejo"",""R"",14",);
294,San Alberto,R,14,,"INSERT INTO `mydb`.`localidades` (`idlocalidades`, `nombre_localidad`, `ambito`, `municipio_idmunicipio`)",VALUES (,"294,""San Alberto"",""R"",14",);
295,El Federal,R,14,,"INSERT INTO `mydb`.`localidades` (`idlocalidades`, `nombre_localidad`, `ambito`, `municipio_idmunicipio`)",VALUES (,"295,""El Federal"",""R"",14",);
296,Rumualdo Sandoval,R,14,,"INSERT INTO `mydb`.`localidades` (`idlocalidades`, `nombre_localidad`, `ambito`, `municipio_idmunicipio`)",VALUES (,"296,""Rumualdo Sandoval"",""R"",14",);
297,José López,R,14,,"INSERT INTO `mydb`.`localidades` (`idlocalidades`, `nombre_localidad`, `ambito`, `municipio_idmunicipio`)",VALUES (,"297,""José López"",""R"",14",);
298,Cristales (Los Vázquez),R,14,,"INSERT INTO `mydb`.`localidades` (`idlocalidades`, `nombre_localidad`, `ambito`, `municipio_idmunicipio`)",VALUES (,"298,""Cristales (Los Vázquez)"",""R"",14",);
299,Antonio Reveles Vera,R,14,,"INSERT INTO `mydb`.`localidades` (`idlocalidades`, `nombre_localidad`, `ambito`, `municipio_idmunicipio`)",VALUES (,"299,""Antonio Reveles Vera"",""R"",14",);
300,María Magdalena González González,R,14,,"INSERT INTO `mydb`.`localidades` (`idlocalidades`, `nombre_localidad`, `ambito`, `municipio_idmunicipio`)",VALUES (,"300,""María Magdalena González González"",""R"",14",);
301,El Bajío,R,14,,"INSERT INTO `mydb`.`localidades` (`idlocalidades`, `nombre_localidad`, `ambito`, `municipio_idmunicipio`)",VALUES (,"301,""El Bajío"",""R"",14",);
302,Juan Carlos Hernández Ramírez,R,14,,"INSERT INTO `mydb`.`localidades` (`idlocalidades`, `nombre_localidad`, `ambito`, `municipio_idmunicipio`)",VALUES (,"302,""Juan Carlos Hernández Ramírez"",""R"",14",);
303,El Refugio,R,14,,"INSERT INTO `mydb`.`localidades` (`idlocalidades`, `nombre_localidad`, `ambito`, `municipio_idmunicipio`)",VALUES (,"303,""El Refugio"",""R"",14",);
304,Pobre Diablo,R,14,,"INSERT INTO `mydb`.`localidades` (`idlocalidades`, `nombre_localidad`, `ambito`, `municipio_idmunicipio`)",VALUES (,"304,""Pobre Diablo"",""R"",14",);
305,Guadalupe Hernández,R,14,,"INSERT INTO `mydb`.`localidades` (`idlocalidades`, `nombre_localidad`, `ambito`, `municipio_idmunicipio`)",VALUES (,"305,""Guadalupe Hernández"",""R"",14",);
306,Los Watanabe,R,14,,"INSERT INTO `mydb`.`localidades` (`idlocalidades`, `nombre_localidad`, `ambito`, `municipio_idmunicipio`)",VALUES (,"306,""Los Watanabe"",""R"",14",);
307,Manuel Watanabe,R,14,,"INSERT INTO `mydb`.`localidades` (`idlocalidades`, `nombre_localidad`, `ambito`, `municipio_idmunicipio`)",VALUES (,"307,""Manuel Watanabe"",""R"",14",);
308,Los Garza,R,14,,"INSERT INTO `mydb`.`localidades` (`idlocalidades`, `nombre_localidad`, `ambito`, `municipio_idmunicipio`)",VALUES (,"308,""Los Garza"",""R"",14",);
309,Néstor de la Rosa,R,14,,"INSERT INTO `mydb`.`localidades` (`idlocalidades`, `nombre_localidad`, `ambito`, `municipio_idmunicipio`)",VALUES (,"309,""Néstor de la Rosa"",""R"",14",);
310,Raymundo González,R,14,,"INSERT INTO `mydb`.`localidades` (`idlocalidades`, `nombre_localidad`, `ambito`, `municipio_idmunicipio`)",VALUES (,"310,""Raymundo González"",""R"",14",);
311,Juan Hernández,R,14,,"INSERT INTO `mydb`.`localidades` (`idlocalidades`, `nombre_localidad`, `ambito`, `municipio_idmunicipio`)",VALUES (,"311,""Juan Hernández"",""R"",14",);
312,El Carmen (José Carlos Martínez),R,14,,"INSERT INTO `mydb`.`localidades` (`idlocalidades`, `nombre_localidad`, `ambito`, `municipio_idmunicipio`)",VALUES (,"312,""El Carmen (José Carlos Martínez)"",""R"",14",);
313,Teodoro Esquivel,R,14,,"INSERT INTO `mydb`.`localidades` (`idlocalidades`, `nombre_localidad`, `ambito`, `municipio_idmunicipio`)",VALUES (,"313,""Teodoro Esquivel"",""R"",14",);
314,Los Dos Hermanos,R,14,,"INSERT INTO `mydb`.`localidades` (`idlocalidades`, `nombre_localidad`, `ambito`, `municipio_idmunicipio`)",VALUES (,"314,""Los Dos Hermanos"",""R"",14",);
315,Hermanos Morales,R,14,,"INSERT INTO `mydb`.`localidades` (`idlocalidades`, `nombre_localidad`, `ambito`, `municipio_idmunicipio`)",VALUES (,"315,""Hermanos Morales"",""R"",14",);
316,Los Juanes,R,14,,"INSERT INTO `mydb`.`localidades` (`idlocalidades`, `nombre_localidad`, `ambito`, `municipio_idmunicipio`)",VALUES (,"316,""Los Juanes"",""R"",14",);
317,El Paraíso,R,14,,"INSERT INTO `mydb`.`localidades` (`idlocalidades`, `nombre_localidad`, `ambito`, `municipio_idmunicipio`)",VALUES (,"317,""El Paraíso"",""R"",14",);
318,Reyes Gaspar,R,14,,"INSERT INTO `mydb`.`localidades` (`idlocalidades`, `nombre_localidad`, `ambito`, `municipio_idmunicipio`)",VALUES (,"318,""Reyes Gaspar"",""R"",14",);
319,Francisco Gómez Cruz,R,14,,"INSERT INTO `mydb`.`localidades` (`idlocalidades`, `nombre_localidad`, `ambito`, `municipio_idmunicipio`)",VALUES (,"319,""Francisco Gómez Cruz"",""R"",14",);
320,Gaspar Martínez,R,14,,"INSERT INTO `mydb`.`localidades` (`idlocalidades`, `nombre_localidad`, `ambito`, `municipio_idmunicipio`)",VALUES (,"320,""Gaspar Martínez"",""R"",14",);
321,Rolando de la Cruz Barrera,R,14,,"INSERT INTO `mydb`.`localidades` (`idlocalidades`, `nombre_localidad`, `ambito`, `municipio_idmunicipio`)",VALUES (,"321,""Rolando de la Cruz Barrera"",""R"",14",);
322,Ernesto Ledezma Alviso,R,14,,"INSERT INTO `mydb`.`localidades` (`idlocalidades`, `nombre_localidad`, `ambito`, `municipio_idmunicipio`)",VALUES (,"322,""Ernesto Ledezma Alviso"",""R"",14",);
323,Patricio Cruz González,R,14,,"INSERT INTO `mydb`.`localidades` (`idlocalidades`, `nombre_localidad`, `ambito`, `municipio_idmunicipio`)",VALUES (,"323,""Patricio Cruz González"",""R"",14",);
324,Gonzalo Ríos Balderas,R,14,,"INSERT INTO `mydb`.`localidades` (`idlocalidades`, `nombre_localidad`, `ambito`, `municipio_idmunicipio`)",VALUES (,"324,""Gonzalo Ríos Balderas"",""R"",14",);
325,José Alberto Ríos,R,14,,"INSERT INTO `mydb`.`localidades` (`idlocalidades`, `nombre_localidad`, `ambito`, `municipio_idmunicipio`)",VALUES (,"325,""José Alberto Ríos"",""R"",14",);
