CVE_LOC,NOM_LOC,AMBITO,CVE_MUN,,,,,
1,Monclova,U,18,,"INSERT INTO `mydb`.`localidades` (`idlocalidades`, `nombre_localidad`, `ambito`, `municipio_idmunicipio`)",VALUES (,"1,""Monclova"",""U"",18",);
3,La Becerra,R,18,,"INSERT INTO `mydb`.`localidades` (`idlocalidades`, `nombre_localidad`, `ambito`, `municipio_idmunicipio`)",VALUES (,"3,""La Becerra"",""R"",18",);
4,Los Cuates (Blanca Rosa),R,18,,"INSERT INTO `mydb`.`localidades` (`idlocalidades`, `nombre_localidad`, `ambito`, `municipio_idmunicipio`)",VALUES (,"4,""Los Cuates (Blanca Rosa)"",""R"",18",);
5,El Bragado,R,18,,"INSERT INTO `mydb`.`localidades` (`idlocalidades`, `nombre_localidad`, `ambito`, `municipio_idmunicipio`)",VALUES (,"5,""El Bragado"",""R"",18",);
6,San Antonio (California),R,18,,"INSERT INTO `mydb`.`localidades` (`idlocalidades`, `nombre_localidad`, `ambito`, `municipio_idmunicipio`)",VALUES (,"6,""San Antonio (California)"",""R"",18",);
7,Capichola,R,18,,"INSERT INTO `mydb`.`localidades` (`idlocalidades`, `nombre_localidad`, `ambito`, `municipio_idmunicipio`)",VALUES (,"7,""Capichola"",""R"",18",);
8,Carolina,R,18,,"INSERT INTO `mydb`.`localidades` (`idlocalidades`, `nombre_localidad`, `ambito`, `municipio_idmunicipio`)",VALUES (,"8,""Carolina"",""R"",18",);
10,Carrizalejo,R,18,,"INSERT INTO `mydb`.`localidades` (`idlocalidades`, `nombre_localidad`, `ambito`, `municipio_idmunicipio`)",VALUES (,"10,""Carrizalejo"",""R"",18",);
11,Nueva Almadén [Club Deportivo],R,18,,"INSERT INTO `mydb`.`localidades` (`idlocalidades`, `nombre_localidad`, `ambito`, `municipio_idmunicipio`)",VALUES (,"11,""Nueva Almadén [Club Deportivo]"",""R"",18",);
12,La Cola de Agua,R,18,,"INSERT INTO `mydb`.`localidades` (`idlocalidades`, `nombre_localidad`, `ambito`, `municipio_idmunicipio`)",VALUES (,"12,""La Cola de Agua"",""R"",18",);
13,La Coma,R,18,,"INSERT INTO `mydb`.`localidades` (`idlocalidades`, `nombre_localidad`, `ambito`, `municipio_idmunicipio`)",VALUES (,"13,""La Coma"",""R"",18",);
16,María Genoveva,R,18,,"INSERT INTO `mydb`.`localidades` (`idlocalidades`, `nombre_localidad`, `ambito`, `municipio_idmunicipio`)",VALUES (,"16,""María Genoveva"",""R"",18",);
18,El Mimbre,R,18,,"INSERT INTO `mydb`.`localidades` (`idlocalidades`, `nombre_localidad`, `ambito`, `municipio_idmunicipio`)",VALUES (,"18,""El Mimbre"",""R"",18",);
20,La Herradura (Ojo de Agua),R,18,,"INSERT INTO `mydb`.`localidades` (`idlocalidades`, `nombre_localidad`, `ambito`, `municipio_idmunicipio`)",VALUES (,"20,""La Herradura (Ojo de Agua)"",""R"",18",);
21,El Oro (Nuevo Poblado el Oro),R,18,,"INSERT INTO `mydb`.`localidades` (`idlocalidades`, `nombre_localidad`, `ambito`, `municipio_idmunicipio`)",VALUES (,"21,""El Oro (Nuevo Poblado el Oro)"",""R"",18",);
23,La Reyna (Alberto Ibarra Morales),R,18,,"INSERT INTO `mydb`.`localidades` (`idlocalidades`, `nombre_localidad`, `ambito`, `municipio_idmunicipio`)",VALUES (,"23,""La Reyna (Alberto Ibarra Morales)"",""R"",18",);
25,San Andrés (Juan Ruiz),R,18,,"INSERT INTO `mydb`.`localidades` (`idlocalidades`, `nombre_localidad`, `ambito`, `municipio_idmunicipio`)",VALUES (,"25,""San Andrés (Juan Ruiz)"",""R"",18",);
26,San José del Oro (San José de las Cañas),R,18,,"INSERT INTO `mydb`.`localidades` (`idlocalidades`, `nombre_localidad`, `ambito`, `municipio_idmunicipio`)",VALUES (,"26,""San José del Oro (San José de las Cañas)"",""R"",18",);
27,San Juan (El Prieto),R,18,,"INSERT INTO `mydb`.`localidades` (`idlocalidades`, `nombre_localidad`, `ambito`, `municipio_idmunicipio`)",VALUES (,"27,""San Juan (El Prieto)"",""R"",18",);
31,Santa Cruz,R,18,,"INSERT INTO `mydb`.`localidades` (`idlocalidades`, `nombre_localidad`, `ambito`, `municipio_idmunicipio`)",VALUES (,"31,""Santa Cruz"",""R"",18",);
32,Santa Rosa,R,18,,"INSERT INTO `mydb`.`localidades` (`idlocalidades`, `nombre_localidad`, `ambito`, `municipio_idmunicipio`)",VALUES (,"32,""Santa Rosa"",""R"",18",);
33,Moisés Asís (San Vicente),R,18,,"INSERT INTO `mydb`.`localidades` (`idlocalidades`, `nombre_localidad`, `ambito`, `municipio_idmunicipio`)",VALUES (,"33,""Moisés Asís (San Vicente)"",""R"",18",);
36,Salitrillos (Yucatán),R,18,,"INSERT INTO `mydb`.`localidades` (`idlocalidades`, `nombre_localidad`, `ambito`, `municipio_idmunicipio`)",VALUES (,"36,""Salitrillos (Yucatán)"",""R"",18",);
41,Buenos Aires,R,18,,"INSERT INTO `mydb`.`localidades` (`idlocalidades`, `nombre_localidad`, `ambito`, `municipio_idmunicipio`)",VALUES (,"41,""Buenos Aires"",""R"",18",);
50,Las Flores,R,18,,"INSERT INTO `mydb`.`localidades` (`idlocalidades`, `nombre_localidad`, `ambito`, `municipio_idmunicipio`)",VALUES (,"50,""Las Flores"",""R"",18",);
51,Las Quintas,R,18,,"INSERT INTO `mydb`.`localidades` (`idlocalidades`, `nombre_localidad`, `ambito`, `municipio_idmunicipio`)",VALUES (,"51,""Las Quintas"",""R"",18",);
52,Las Higueras,R,18,,"INSERT INTO `mydb`.`localidades` (`idlocalidades`, `nombre_localidad`, `ambito`, `municipio_idmunicipio`)",VALUES (,"52,""Las Higueras"",""R"",18",);
53,San Juanita,R,18,,"INSERT INTO `mydb`.`localidades` (`idlocalidades`, `nombre_localidad`, `ambito`, `municipio_idmunicipio`)",VALUES (,"53,""San Juanita"",""R"",18",);
54,La Junta,R,18,,"INSERT INTO `mydb`.`localidades` (`idlocalidades`, `nombre_localidad`, `ambito`, `municipio_idmunicipio`)",VALUES (,"54,""La Junta"",""R"",18",);
56,La Leona (Majada la Leona),R,18,,"INSERT INTO `mydb`.`localidades` (`idlocalidades`, `nombre_localidad`, `ambito`, `municipio_idmunicipio`)",VALUES (,"56,""La Leona (Majada la Leona)"",""R"",18",);
58,El Mezquite,R,18,,"INSERT INTO `mydb`.`localidades` (`idlocalidades`, `nombre_localidad`, `ambito`, `municipio_idmunicipio`)",VALUES (,"58,""El Mezquite"",""R"",18",);
59,Santa Águeda de los Castillo (La Miseria),R,18,,"INSERT INTO `mydb`.`localidades` (`idlocalidades`, `nombre_localidad`, `ambito`, `municipio_idmunicipio`)",VALUES (,"59,""Santa Águeda de los Castillo (La Miseria)"",""R"",18",);
60,La Mota,R,18,,"INSERT INTO `mydb`.`localidades` (`idlocalidades`, `nombre_localidad`, `ambito`, `municipio_idmunicipio`)",VALUES (,"60,""La Mota"",""R"",18",);
61,Nada,R,18,,"INSERT INTO `mydb`.`localidades` (`idlocalidades`, `nombre_localidad`, `ambito`, `municipio_idmunicipio`)",VALUES (,"61,""Nada"",""R"",18",);
65,El Oro,R,18,,"INSERT INTO `mydb`.`localidades` (`idlocalidades`, `nombre_localidad`, `ambito`, `municipio_idmunicipio`)",VALUES (,"65,""El Oro"",""R"",18",);
70,El Papalote (San Francisco),R,18,,"INSERT INTO `mydb`.`localidades` (`idlocalidades`, `nombre_localidad`, `ambito`, `municipio_idmunicipio`)",VALUES (,"70,""El Papalote (San Francisco)"",""R"",18",);
71,El Pasito,R,18,,"INSERT INTO `mydb`.`localidades` (`idlocalidades`, `nombre_localidad`, `ambito`, `municipio_idmunicipio`)",VALUES (,"71,""El Pasito"",""R"",18",);
74,La Piedra,R,18,,"INSERT INTO `mydb`.`localidades` (`idlocalidades`, `nombre_localidad`, `ambito`, `municipio_idmunicipio`)",VALUES (,"74,""La Piedra"",""R"",18",);
76,Zertuche [Triturados],R,18,,"INSERT INTO `mydb`.`localidades` (`idlocalidades`, `nombre_localidad`, `ambito`, `municipio_idmunicipio`)",VALUES (,"76,""Zertuche [Triturados]"",""R"",18",);
80,La Rosita,R,18,,"INSERT INTO `mydb`.`localidades` (`idlocalidades`, `nombre_localidad`, `ambito`, `municipio_idmunicipio`)",VALUES (,"80,""La Rosita"",""R"",18",);
84,San Vicente (Salitrillos),R,18,,"INSERT INTO `mydb`.`localidades` (`idlocalidades`, `nombre_localidad`, `ambito`, `municipio_idmunicipio`)",VALUES (,"84,""San Vicente (Salitrillos)"",""R"",18",);
86,Los Ruiseñores,R,18,,"INSERT INTO `mydb`.`localidades` (`idlocalidades`, `nombre_localidad`, `ambito`, `municipio_idmunicipio`)",VALUES (,"86,""Los Ruiseñores"",""R"",18",);
90,Santa Mónica,R,18,,"INSERT INTO `mydb`.`localidades` (`idlocalidades`, `nombre_localidad`, `ambito`, `municipio_idmunicipio`)",VALUES (,"90,""Santa Mónica"",""R"",18",);
93,El Rayo,R,18,,"INSERT INTO `mydb`.`localidades` (`idlocalidades`, `nombre_localidad`, `ambito`, `municipio_idmunicipio`)",VALUES (,"93,""El Rayo"",""R"",18",);
94,El Perdido,R,18,,"INSERT INTO `mydb`.`localidades` (`idlocalidades`, `nombre_localidad`, `ambito`, `municipio_idmunicipio`)",VALUES (,"94,""El Perdido"",""R"",18",);
100,La Atravesada,R,18,,"INSERT INTO `mydb`.`localidades` (`idlocalidades`, `nombre_localidad`, `ambito`, `municipio_idmunicipio`)",VALUES (,"100,""La Atravesada"",""R"",18",);
102,Campestre del Lago,R,18,,"INSERT INTO `mydb`.`localidades` (`idlocalidades`, `nombre_localidad`, `ambito`, `municipio_idmunicipio`)",VALUES (,"102,""Campestre del Lago"",""R"",18",);
104,El Coyote Manco (Luis Oyoqui),R,18,,"INSERT INTO `mydb`.`localidades` (`idlocalidades`, `nombre_localidad`, `ambito`, `municipio_idmunicipio`)",VALUES (,"104,""El Coyote Manco (Luis Oyoqui)"",""R"",18",);
109,El Porvenir,R,18,,"INSERT INTO `mydb`.`localidades` (`idlocalidades`, `nombre_localidad`, `ambito`, `municipio_idmunicipio`)",VALUES (,"109,""El Porvenir"",""R"",18",);
110,Las Praderas (Manuel Morales Ramos),R,18,,"INSERT INTO `mydb`.`localidades` (`idlocalidades`, `nombre_localidad`, `ambito`, `municipio_idmunicipio`)",VALUES (,"110,""Las Praderas (Manuel Morales Ramos)"",""R"",18",);
111,Planta el Granjeno [Sigma Ingeniería],R,18,,"INSERT INTO `mydb`.`localidades` (`idlocalidades`, `nombre_localidad`, `ambito`, `municipio_idmunicipio`)",VALUES (,"111,""Planta el Granjeno [Sigma Ingeniería]"",""R"",18",);
112,El Zorrillo (San Fernando),R,18,,"INSERT INTO `mydb`.`localidades` (`idlocalidades`, `nombre_localidad`, `ambito`, `municipio_idmunicipio`)",VALUES (,"112,""El Zorrillo (San Fernando)"",""R"",18",);
118,La Escondida (El Sauz),R,18,,"INSERT INTO `mydb`.`localidades` (`idlocalidades`, `nombre_localidad`, `ambito`, `municipio_idmunicipio`)",VALUES (,"118,""La Escondida (El Sauz)"",""R"",18",);
121,La Codorniz,R,18,,"INSERT INTO `mydb`.`localidades` (`idlocalidades`, `nombre_localidad`, `ambito`, `municipio_idmunicipio`)",VALUES (,"121,""La Codorniz"",""R"",18",);
124,El Zorrillo (Rancho Nuevo),R,18,,"INSERT INTO `mydb`.`localidades` (`idlocalidades`, `nombre_localidad`, `ambito`, `municipio_idmunicipio`)",VALUES (,"124,""El Zorrillo (Rancho Nuevo)"",""R"",18",);
125,Alma Delia,R,18,,"INSERT INTO `mydb`.`localidades` (`idlocalidades`, `nombre_localidad`, `ambito`, `municipio_idmunicipio`)",VALUES (,"125,""Alma Delia"",""R"",18",);
126,Los Gatitos (Los Gatos),R,18,,"INSERT INTO `mydb`.`localidades` (`idlocalidades`, `nombre_localidad`, `ambito`, `municipio_idmunicipio`)",VALUES (,"126,""Los Gatitos (Los Gatos)"",""R"",18",);
128,El Cedral de la Gloria,R,18,,"INSERT INTO `mydb`.`localidades` (`idlocalidades`, `nombre_localidad`, `ambito`, `municipio_idmunicipio`)",VALUES (,"128,""El Cedral de la Gloria"",""R"",18",);
130,Horacio Guerra,R,18,,"INSERT INTO `mydb`.`localidades` (`idlocalidades`, `nombre_localidad`, `ambito`, `municipio_idmunicipio`)",VALUES (,"130,""Horacio Guerra"",""R"",18",);
131,Las Tres Palmas,R,18,,"INSERT INTO `mydb`.`localidades` (`idlocalidades`, `nombre_localidad`, `ambito`, `municipio_idmunicipio`)",VALUES (,"131,""Las Tres Palmas"",""R"",18",);
132,Lorenzo Register (Samaria),R,18,,"INSERT INTO `mydb`.`localidades` (`idlocalidades`, `nombre_localidad`, `ambito`, `municipio_idmunicipio`)",VALUES (,"132,""Lorenzo Register (Samaria)"",""R"",18",);
133,Gilberto Sosa,R,18,,"INSERT INTO `mydb`.`localidades` (`idlocalidades`, `nombre_localidad`, `ambito`, `municipio_idmunicipio`)",VALUES (,"133,""Gilberto Sosa"",""R"",18",);
134,La Loma,R,18,,"INSERT INTO `mydb`.`localidades` (`idlocalidades`, `nombre_localidad`, `ambito`, `municipio_idmunicipio`)",VALUES (,"134,""La Loma"",""R"",18",);
135,La Pirámide,R,18,,"INSERT INTO `mydb`.`localidades` (`idlocalidades`, `nombre_localidad`, `ambito`, `municipio_idmunicipio`)",VALUES (,"135,""La Pirámide"",""R"",18",);
136,La Capilla,R,18,,"INSERT INTO `mydb`.`localidades` (`idlocalidades`, `nombre_localidad`, `ambito`, `municipio_idmunicipio`)",VALUES (,"136,""La Capilla"",""R"",18",);
137,La Pila Azul,R,18,,"INSERT INTO `mydb`.`localidades` (`idlocalidades`, `nombre_localidad`, `ambito`, `municipio_idmunicipio`)",VALUES (,"137,""La Pila Azul"",""R"",18",);
138,El Chato,R,18,,"INSERT INTO `mydb`.`localidades` (`idlocalidades`, `nombre_localidad`, `ambito`, `municipio_idmunicipio`)",VALUES (,"138,""El Chato"",""R"",18",);
139,El Papalote Azul,R,18,,"INSERT INTO `mydb`.`localidades` (`idlocalidades`, `nombre_localidad`, `ambito`, `municipio_idmunicipio`)",VALUES (,"139,""El Papalote Azul"",""R"",18",);
143,Las Porras,R,18,,"INSERT INTO `mydb`.`localidades` (`idlocalidades`, `nombre_localidad`, `ambito`, `municipio_idmunicipio`)",VALUES (,"143,""Las Porras"",""R"",18",);
144,El Jacalón,R,18,,"INSERT INTO `mydb`.`localidades` (`idlocalidades`, `nombre_localidad`, `ambito`, `municipio_idmunicipio`)",VALUES (,"144,""El Jacalón"",""R"",18",);
147,El Paraíso,R,18,,"INSERT INTO `mydb`.`localidades` (`idlocalidades`, `nombre_localidad`, `ambito`, `municipio_idmunicipio`)",VALUES (,"147,""El Paraíso"",""R"",18",);
149,RRRJ,R,18,,"INSERT INTO `mydb`.`localidades` (`idlocalidades`, `nombre_localidad`, `ambito`, `municipio_idmunicipio`)",VALUES (,"149,""RRRJ"",""R"",18",);
153,Esthela González Villarreal,R,18,,"INSERT INTO `mydb`.`localidades` (`idlocalidades`, `nombre_localidad`, `ambito`, `municipio_idmunicipio`)",VALUES (,"153,""Esthela González Villarreal"",""R"",18",);
157,San Carlos,R,18,,"INSERT INTO `mydb`.`localidades` (`idlocalidades`, `nombre_localidad`, `ambito`, `municipio_idmunicipio`)",VALUES (,"157,""San Carlos"",""R"",18",);
161,Fausto Romo,R,18,,"INSERT INTO `mydb`.`localidades` (`idlocalidades`, `nombre_localidad`, `ambito`, `municipio_idmunicipio`)",VALUES (,"161,""Fausto Romo"",""R"",18",);
162,Jesús Muñoz,R,18,,"INSERT INTO `mydb`.`localidades` (`idlocalidades`, `nombre_localidad`, `ambito`, `municipio_idmunicipio`)",VALUES (,"162,""Jesús Muñoz"",""R"",18",);
163,El Lucero (Bernardo Reyes Reyes),R,18,,"INSERT INTO `mydb`.`localidades` (`idlocalidades`, `nombre_localidad`, `ambito`, `municipio_idmunicipio`)",VALUES (,"163,""El Lucero (Bernardo Reyes Reyes)"",""R"",18",);
164,El Gallo,R,18,,"INSERT INTO `mydb`.`localidades` (`idlocalidades`, `nombre_localidad`, `ambito`, `municipio_idmunicipio`)",VALUES (,"164,""El Gallo"",""R"",18",);
165,El Lomar (Alondra),R,18,,"INSERT INTO `mydb`.`localidades` (`idlocalidades`, `nombre_localidad`, `ambito`, `municipio_idmunicipio`)",VALUES (,"165,""El Lomar (Alondra)"",""R"",18",);
166,Cirilo González Bernal (Cinco Hermanos),R,18,,"INSERT INTO `mydb`.`localidades` (`idlocalidades`, `nombre_localidad`, `ambito`, `municipio_idmunicipio`)",VALUES (,"166,""Cirilo González Bernal (Cinco Hermanos)"",""R"",18",);
167,Eben Ezer,R,18,,"INSERT INTO `mydb`.`localidades` (`idlocalidades`, `nombre_localidad`, `ambito`, `municipio_idmunicipio`)",VALUES (,"167,""Eben Ezer"",""R"",18",);
168,Lico Muñoz,R,18,,"INSERT INTO `mydb`.`localidades` (`idlocalidades`, `nombre_localidad`, `ambito`, `municipio_idmunicipio`)",VALUES (,"168,""Lico Muñoz"",""R"",18",);
169,Los Barajas,R,18,,"INSERT INTO `mydb`.`localidades` (`idlocalidades`, `nombre_localidad`, `ambito`, `municipio_idmunicipio`)",VALUES (,"169,""Los Barajas"",""R"",18",);
170,Los Caballos (Las Tres Marías),R,18,,"INSERT INTO `mydb`.`localidades` (`idlocalidades`, `nombre_localidad`, `ambito`, `municipio_idmunicipio`)",VALUES (,"170,""Los Caballos (Las Tres Marías)"",""R"",18",);
171,Las Ánimas (Santa Elena),R,18,,"INSERT INTO `mydb`.`localidades` (`idlocalidades`, `nombre_localidad`, `ambito`, `municipio_idmunicipio`)",VALUES (,"171,""Las Ánimas (Santa Elena)"",""R"",18",);
175,Los Cuates,R,18,,"INSERT INTO `mydb`.`localidades` (`idlocalidades`, `nombre_localidad`, `ambito`, `municipio_idmunicipio`)",VALUES (,"175,""Los Cuates"",""R"",18",);
178,Noria Blanca,R,18,,"INSERT INTO `mydb`.`localidades` (`idlocalidades`, `nombre_localidad`, `ambito`, `municipio_idmunicipio`)",VALUES (,"178,""Noria Blanca"",""R"",18",);
179,Gabriela,R,18,,"INSERT INTO `mydb`.`localidades` (`idlocalidades`, `nombre_localidad`, `ambito`, `municipio_idmunicipio`)",VALUES (,"179,""Gabriela"",""R"",18",);
180,Las Flores,R,18,,"INSERT INTO `mydb`.`localidades` (`idlocalidades`, `nombre_localidad`, `ambito`, `municipio_idmunicipio`)",VALUES (,"180,""Las Flores"",""R"",18",);
181,El Maple,R,18,,"INSERT INTO `mydb`.`localidades` (`idlocalidades`, `nombre_localidad`, `ambito`, `municipio_idmunicipio`)",VALUES (,"181,""El Maple"",""R"",18",);
183,El Ya Merito (Heberto Rodríguez Mona),R,18,,"INSERT INTO `mydb`.`localidades` (`idlocalidades`, `nombre_localidad`, `ambito`, `municipio_idmunicipio`)",VALUES (,"183,""El Ya Merito (Heberto Rodríguez Mona)"",""R"",18",);
185,Los Pioneros,R,18,,"INSERT INTO `mydb`.`localidades` (`idlocalidades`, `nombre_localidad`, `ambito`, `municipio_idmunicipio`)",VALUES (,"185,""Los Pioneros"",""R"",18",);
188,Bala Veintiuno,R,18,,"INSERT INTO `mydb`.`localidades` (`idlocalidades`, `nombre_localidad`, `ambito`, `municipio_idmunicipio`)",VALUES (,"188,""Bala Veintiuno"",""R"",18",);
189,Los Maltos,R,18,,"INSERT INTO `mydb`.`localidades` (`idlocalidades`, `nombre_localidad`, `ambito`, `municipio_idmunicipio`)",VALUES (,"189,""Los Maltos"",""R"",18",);
190,Ramiro Almaguer López,R,18,,"INSERT INTO `mydb`.`localidades` (`idlocalidades`, `nombre_localidad`, `ambito`, `municipio_idmunicipio`)",VALUES (,"190,""Ramiro Almaguer López"",""R"",18",);
191,José Figueroa,R,18,,"INSERT INTO `mydb`.`localidades` (`idlocalidades`, `nombre_localidad`, `ambito`, `municipio_idmunicipio`)",VALUES (,"191,""José Figueroa"",""R"",18",);
194,La Fortuna (Emiliano Zapata),R,18,,"INSERT INTO `mydb`.`localidades` (`idlocalidades`, `nombre_localidad`, `ambito`, `municipio_idmunicipio`)",VALUES (,"194,""La Fortuna (Emiliano Zapata)"",""R"",18",);
195,Genaro Gutiérrez Correa,R,18,,"INSERT INTO `mydb`.`localidades` (`idlocalidades`, `nombre_localidad`, `ambito`, `municipio_idmunicipio`)",VALUES (,"195,""Genaro Gutiérrez Correa"",""R"",18",);
196,Nicolás Ramírez,R,18,,"INSERT INTO `mydb`.`localidades` (`idlocalidades`, `nombre_localidad`, `ambito`, `municipio_idmunicipio`)",VALUES (,"196,""Nicolás Ramírez"",""R"",18",);
198,Tres Campanas,R,18,,"INSERT INTO `mydb`.`localidades` (`idlocalidades`, `nombre_localidad`, `ambito`, `municipio_idmunicipio`)",VALUES (,"198,""Tres Campanas"",""R"",18",);
199,José del Carmen Medina (El Lobo),R,18,,"INSERT INTO `mydb`.`localidades` (`idlocalidades`, `nombre_localidad`, `ambito`, `municipio_idmunicipio`)",VALUES (,"199,""José del Carmen Medina (El Lobo)"",""R"",18",);
200,Licenciado Muela (San Cayetano del Cachorro),R,18,,"INSERT INTO `mydb`.`localidades` (`idlocalidades`, `nombre_localidad`, `ambito`, `municipio_idmunicipio`)",VALUES (,"200,""Licenciado Muela (San Cayetano del Cachorro)"",""R"",18",);
202,Santa Martha (Carlos Hernández García),R,18,,"INSERT INTO `mydb`.`localidades` (`idlocalidades`, `nombre_localidad`, `ambito`, `municipio_idmunicipio`)",VALUES (,"202,""Santa Martha (Carlos Hernández García)"",""R"",18",);
203,Riojas Luna,R,18,,"INSERT INTO `mydb`.`localidades` (`idlocalidades`, `nombre_localidad`, `ambito`, `municipio_idmunicipio`)",VALUES (,"203,""Riojas Luna"",""R"",18",);
205,Las Politas,R,18,,"INSERT INTO `mydb`.`localidades` (`idlocalidades`, `nombre_localidad`, `ambito`, `municipio_idmunicipio`)",VALUES (,"205,""Las Politas"",""R"",18",);
211,Alfonso Macías Aguilar,R,18,,"INSERT INTO `mydb`.`localidades` (`idlocalidades`, `nombre_localidad`, `ambito`, `municipio_idmunicipio`)",VALUES (,"211,""Alfonso Macías Aguilar"",""R"",18",);
213,Los Pérez,R,18,,"INSERT INTO `mydb`.`localidades` (`idlocalidades`, `nombre_localidad`, `ambito`, `municipio_idmunicipio`)",VALUES (,"213,""Los Pérez"",""R"",18",);
215,Santa Teresita,R,18,,"INSERT INTO `mydb`.`localidades` (`idlocalidades`, `nombre_localidad`, `ambito`, `municipio_idmunicipio`)",VALUES (,"215,""Santa Teresita"",""R"",18",);
218,San Miguel,R,18,,"INSERT INTO `mydb`.`localidades` (`idlocalidades`, `nombre_localidad`, `ambito`, `municipio_idmunicipio`)",VALUES (,"218,""San Miguel"",""R"",18",);
219,Federico Padilla,R,18,,"INSERT INTO `mydb`.`localidades` (`idlocalidades`, `nombre_localidad`, `ambito`, `municipio_idmunicipio`)",VALUES (,"219,""Federico Padilla"",""R"",18",);
222,Kilómetro 8 (San José de las Cañas),R,18,,"INSERT INTO `mydb`.`localidades` (`idlocalidades`, `nombre_localidad`, `ambito`, `municipio_idmunicipio`)",VALUES (,"222,""Kilómetro 8 (San José de las Cañas)"",""R"",18",);
224,Los Pinos,R,18,,"INSERT INTO `mydb`.`localidades` (`idlocalidades`, `nombre_localidad`, `ambito`, `municipio_idmunicipio`)",VALUES (,"224,""Los Pinos"",""R"",18",);
230,Monte Viejo,R,18,,"INSERT INTO `mydb`.`localidades` (`idlocalidades`, `nombre_localidad`, `ambito`, `municipio_idmunicipio`)",VALUES (,"230,""Monte Viejo"",""R"",18",);
231,San Pablo,R,18,,"INSERT INTO `mydb`.`localidades` (`idlocalidades`, `nombre_localidad`, `ambito`, `municipio_idmunicipio`)",VALUES (,"231,""San Pablo"",""R"",18",);
232,Juan Kamar Apud,R,18,,"INSERT INTO `mydb`.`localidades` (`idlocalidades`, `nombre_localidad`, `ambito`, `municipio_idmunicipio`)",VALUES (,"232,""Juan Kamar Apud"",""R"",18",);
233,R.C. (Rolando Rivero Rivero),R,18,,"INSERT INTO `mydb`.`localidades` (`idlocalidades`, `nombre_localidad`, `ambito`, `municipio_idmunicipio`)",VALUES (,"233,""R.C. (Rolando Rivero Rivero)"",""R"",18",);
234,Santos Arizpe,R,18,,"INSERT INTO `mydb`.`localidades` (`idlocalidades`, `nombre_localidad`, `ambito`, `municipio_idmunicipio`)",VALUES (,"234,""Santos Arizpe"",""R"",18",);
235,Gilberto Haro,R,18,,"INSERT INTO `mydb`.`localidades` (`idlocalidades`, `nombre_localidad`, `ambito`, `municipio_idmunicipio`)",VALUES (,"235,""Gilberto Haro"",""R"",18",);
237,El Borbollón Tres,R,18,,"INSERT INTO `mydb`.`localidades` (`idlocalidades`, `nombre_localidad`, `ambito`, `municipio_idmunicipio`)",VALUES (,"237,""El Borbollón Tres"",""R"",18",);
238,San Francisco,R,18,,"INSERT INTO `mydb`.`localidades` (`idlocalidades`, `nombre_localidad`, `ambito`, `municipio_idmunicipio`)",VALUES (,"238,""San Francisco"",""R"",18",);
240,Oscar de León,R,18,,"INSERT INTO `mydb`.`localidades` (`idlocalidades`, `nombre_localidad`, `ambito`, `municipio_idmunicipio`)",VALUES (,"240,""Oscar de León"",""R"",18",);
242,Las Palmas,R,18,,"INSERT INTO `mydb`.`localidades` (`idlocalidades`, `nombre_localidad`, `ambito`, `municipio_idmunicipio`)",VALUES (,"242,""Las Palmas"",""R"",18",);
243,Río Vista (Roberto Rodríguez Hernández),R,18,,"INSERT INTO `mydb`.`localidades` (`idlocalidades`, `nombre_localidad`, `ambito`, `municipio_idmunicipio`)",VALUES (,"243,""Río Vista (Roberto Rodríguez Hernández)"",""R"",18",);
244,El Borbollón,R,18,,"INSERT INTO `mydb`.`localidades` (`idlocalidades`, `nombre_localidad`, `ambito`, `municipio_idmunicipio`)",VALUES (,"244,""El Borbollón"",""R"",18",);
245,Arnulfo González Meza,R,18,,"INSERT INTO `mydb`.`localidades` (`idlocalidades`, `nombre_localidad`, `ambito`, `municipio_idmunicipio`)",VALUES (,"245,""Arnulfo González Meza"",""R"",18",);
248,Valdemar Arzola,R,18,,"INSERT INTO `mydb`.`localidades` (`idlocalidades`, `nombre_localidad`, `ambito`, `municipio_idmunicipio`)",VALUES (,"248,""Valdemar Arzola"",""R"",18",);
249,Santa Elena (Romeo Briceño Montes),R,18,,"INSERT INTO `mydb`.`localidades` (`idlocalidades`, `nombre_localidad`, `ambito`, `municipio_idmunicipio`)",VALUES (,"249,""Santa Elena (Romeo Briceño Montes)"",""R"",18",);
250,La Merma (Alberto Villarreal),R,18,,"INSERT INTO `mydb`.`localidades` (`idlocalidades`, `nombre_localidad`, `ambito`, `municipio_idmunicipio`)",VALUES (,"250,""La Merma (Alberto Villarreal)"",""R"",18",);
253,Sofymar (Mario Moreno de los Santos),R,18,,"INSERT INTO `mydb`.`localidades` (`idlocalidades`, `nombre_localidad`, `ambito`, `municipio_idmunicipio`)",VALUES (,"253,""Sofymar (Mario Moreno de los Santos)"",""R"",18",);
254,Jesús de los Santos,R,18,,"INSERT INTO `mydb`.`localidades` (`idlocalidades`, `nombre_localidad`, `ambito`, `municipio_idmunicipio`)",VALUES (,"254,""Jesús de los Santos"",""R"",18",);
257,Jorge Arturo,R,18,,"INSERT INTO `mydb`.`localidades` (`idlocalidades`, `nombre_localidad`, `ambito`, `municipio_idmunicipio`)",VALUES (,"257,""Jorge Arturo"",""R"",18",);
260,Lulú,R,18,,"INSERT INTO `mydb`.`localidades` (`idlocalidades`, `nombre_localidad`, `ambito`, `municipio_idmunicipio`)",VALUES (,"260,""Lulú"",""R"",18",);
262,San Vicente (Carlos Martínez),R,18,,"INSERT INTO `mydb`.`localidades` (`idlocalidades`, `nombre_localidad`, `ambito`, `municipio_idmunicipio`)",VALUES (,"262,""San Vicente (Carlos Martínez)"",""R"",18",);
263,Carlos Hinogos (Lote Ochenta y Cuatro),R,18,,"INSERT INTO `mydb`.`localidades` (`idlocalidades`, `nombre_localidad`, `ambito`, `municipio_idmunicipio`)",VALUES (,"263,""Carlos Hinogos (Lote Ochenta y Cuatro)"",""R"",18",);
265,California,R,18,,"INSERT INTO `mydb`.`localidades` (`idlocalidades`, `nombre_localidad`, `ambito`, `municipio_idmunicipio`)",VALUES (,"265,""California"",""R"",18",);
267,El Vergel,R,18,,"INSERT INTO `mydb`.`localidades` (`idlocalidades`, `nombre_localidad`, `ambito`, `municipio_idmunicipio`)",VALUES (,"267,""El Vergel"",""R"",18",);
268,Raúl Rivera (J.R.),R,18,,"INSERT INTO `mydb`.`localidades` (`idlocalidades`, `nombre_localidad`, `ambito`, `municipio_idmunicipio`)",VALUES (,"268,""Raúl Rivera (J.R.)"",""R"",18",);
271,El Chavo (Edmundo Aguilar Garza),R,18,,"INSERT INTO `mydb`.`localidades` (`idlocalidades`, `nombre_localidad`, `ambito`, `municipio_idmunicipio`)",VALUES (,"271,""El Chavo (Edmundo Aguilar Garza)"",""R"",18",);
273,Los Cascabeles,R,18,,"INSERT INTO `mydb`.`localidades` (`idlocalidades`, `nombre_localidad`, `ambito`, `municipio_idmunicipio`)",VALUES (,"273,""Los Cascabeles"",""R"",18",);
274,Las Palmas [Fraccionamiento Campestre],R,18,,"INSERT INTO `mydb`.`localidades` (`idlocalidades`, `nombre_localidad`, `ambito`, `municipio_idmunicipio`)",VALUES (,"274,""Las Palmas [Fraccionamiento Campestre]"",""R"",18",);
275,El Recuerdo (Jesús Mauricio Celedón Campos),R,18,,"INSERT INTO `mydb`.`localidades` (`idlocalidades`, `nombre_localidad`, `ambito`, `municipio_idmunicipio`)",VALUES (,"275,""El Recuerdo (Jesús Mauricio Celedón Campos)"",""R"",18",);
276,San Mauricio (Héctor Pardo Campos),R,18,,"INSERT INTO `mydb`.`localidades` (`idlocalidades`, `nombre_localidad`, `ambito`, `municipio_idmunicipio`)",VALUES (,"276,""San Mauricio (Héctor Pardo Campos)"",""R"",18",);
278,Las Arboledas,R,18,,"INSERT INTO `mydb`.`localidades` (`idlocalidades`, `nombre_localidad`, `ambito`, `municipio_idmunicipio`)",VALUES (,"278,""Las Arboledas"",""R"",18",);
279,Santa Mónica (Doroteo Campos Moreno),R,18,,"INSERT INTO `mydb`.`localidades` (`idlocalidades`, `nombre_localidad`, `ambito`, `municipio_idmunicipio`)",VALUES (,"279,""Santa Mónica (Doroteo Campos Moreno)"",""R"",18",);
281,Ovidio Castillo Pérez,R,18,,"INSERT INTO `mydb`.`localidades` (`idlocalidades`, `nombre_localidad`, `ambito`, `municipio_idmunicipio`)",VALUES (,"281,""Ovidio Castillo Pérez"",""R"",18",);
285,José Cepeda Torres,R,18,,"INSERT INTO `mydb`.`localidades` (`idlocalidades`, `nombre_localidad`, `ambito`, `municipio_idmunicipio`)",VALUES (,"285,""José Cepeda Torres"",""R"",18",);
286,Rubén Mancha,R,18,,"INSERT INTO `mydb`.`localidades` (`idlocalidades`, `nombre_localidad`, `ambito`, `municipio_idmunicipio`)",VALUES (,"286,""Rubén Mancha"",""R"",18",);
290,Las Palmas (Iradier Huerta Medrano),R,18,,"INSERT INTO `mydb`.`localidades` (`idlocalidades`, `nombre_localidad`, `ambito`, `municipio_idmunicipio`)",VALUES (,"290,""Las Palmas (Iradier Huerta Medrano)"",""R"",18",);
291,Cuquita,R,18,,"INSERT INTO `mydb`.`localidades` (`idlocalidades`, `nombre_localidad`, `ambito`, `municipio_idmunicipio`)",VALUES (,"291,""Cuquita"",""R"",18",);
294,Curva de Juan Sánchez,R,18,,"INSERT INTO `mydb`.`localidades` (`idlocalidades`, `nombre_localidad`, `ambito`, `municipio_idmunicipio`)",VALUES (,"294,""Curva de Juan Sánchez"",""R"",18",);
299,Las Margaritas,R,18,,"INSERT INTO `mydb`.`localidades` (`idlocalidades`, `nombre_localidad`, `ambito`, `municipio_idmunicipio`)",VALUES (,"299,""Las Margaritas"",""R"",18",);
300,El Mirador,R,18,,"INSERT INTO `mydb`.`localidades` (`idlocalidades`, `nombre_localidad`, `ambito`, `municipio_idmunicipio`)",VALUES (,"300,""El Mirador"",""R"",18",);
301,Los Arocha (El Ranchito),R,18,,"INSERT INTO `mydb`.`localidades` (`idlocalidades`, `nombre_localidad`, `ambito`, `municipio_idmunicipio`)",VALUES (,"301,""Los Arocha (El Ranchito)"",""R"",18",);
302,Las Juanitas,R,18,,"INSERT INTO `mydb`.`localidades` (`idlocalidades`, `nombre_localidad`, `ambito`, `municipio_idmunicipio`)",VALUES (,"302,""Las Juanitas"",""R"",18",);
303,El Pasito (Moisés Asís Castellanos),R,18,,"INSERT INTO `mydb`.`localidades` (`idlocalidades`, `nombre_localidad`, `ambito`, `municipio_idmunicipio`)",VALUES (,"303,""El Pasito (Moisés Asís Castellanos)"",""R"",18",);
306,La Cieneguilla,R,18,,"INSERT INTO `mydb`.`localidades` (`idlocalidades`, `nombre_localidad`, `ambito`, `municipio_idmunicipio`)",VALUES (,"306,""La Cieneguilla"",""R"",18",);
310,Rancho de la Fuente,R,18,,"INSERT INTO `mydb`.`localidades` (`idlocalidades`, `nombre_localidad`, `ambito`, `municipio_idmunicipio`)",VALUES (,"310,""Rancho de la Fuente"",""R"",18",);
317,San Gonzalo,R,18,,"INSERT INTO `mydb`.`localidades` (`idlocalidades`, `nombre_localidad`, `ambito`, `municipio_idmunicipio`)",VALUES (,"317,""San Gonzalo"",""R"",18",);
319,El Pujido (Rogelio Smith Nava),R,18,,"INSERT INTO `mydb`.`localidades` (`idlocalidades`, `nombre_localidad`, `ambito`, `municipio_idmunicipio`)",VALUES (,"319,""El Pujido (Rogelio Smith Nava)"",""R"",18",);
321,Almacén de Coimsa [Minera Siderúrgica],R,18,,"INSERT INTO `mydb`.`localidades` (`idlocalidades`, `nombre_localidad`, `ambito`, `municipio_idmunicipio`)",VALUES (,"321,""Almacén de Coimsa [Minera Siderúrgica]"",""R"",18",);
325,Monclova [Triturados y Calizas],R,18,,"INSERT INTO `mydb`.`localidades` (`idlocalidades`, `nombre_localidad`, `ambito`, `municipio_idmunicipio`)",VALUES (,"325,""Monclova [Triturados y Calizas]"",""R"",18",);
329,La Morita (Fidencio Aguayo Cortés),R,18,,"INSERT INTO `mydb`.`localidades` (`idlocalidades`, `nombre_localidad`, `ambito`, `municipio_idmunicipio`)",VALUES (,"329,""La Morita (Fidencio Aguayo Cortés)"",""R"",18",);
335,Paraíso Escondido,R,18,,"INSERT INTO `mydb`.`localidades` (`idlocalidades`, `nombre_localidad`, `ambito`, `municipio_idmunicipio`)",VALUES (,"335,""Paraíso Escondido"",""R"",18",);
336,Gustavo Villarreal,R,18,,"INSERT INTO `mydb`.`localidades` (`idlocalidades`, `nombre_localidad`, `ambito`, `municipio_idmunicipio`)",VALUES (,"336,""Gustavo Villarreal"",""R"",18",);
338,Utopía,R,18,,"INSERT INTO `mydb`.`localidades` (`idlocalidades`, `nombre_localidad`, `ambito`, `municipio_idmunicipio`)",VALUES (,"338,""Utopía"",""R"",18",);
339,Sergio Cantú,R,18,,"INSERT INTO `mydb`.`localidades` (`idlocalidades`, `nombre_localidad`, `ambito`, `municipio_idmunicipio`)",VALUES (,"339,""Sergio Cantú"",""R"",18",);
340,La Casa Blanca,R,18,,"INSERT INTO `mydb`.`localidades` (`idlocalidades`, `nombre_localidad`, `ambito`, `municipio_idmunicipio`)",VALUES (,"340,""La Casa Blanca"",""R"",18",);
341,La Chirusa (Los Garza),R,18,,"INSERT INTO `mydb`.`localidades` (`idlocalidades`, `nombre_localidad`, `ambito`, `municipio_idmunicipio`)",VALUES (,"341,""La Chirusa (Los Garza)"",""R"",18",);
343,Santiago Espinoza (Los Espinoza),R,18,,"INSERT INTO `mydb`.`localidades` (`idlocalidades`, `nombre_localidad`, `ambito`, `municipio_idmunicipio`)",VALUES (,"343,""Santiago Espinoza (Los Espinoza)"",""R"",18",);
345,Luis Martínez Zapata,R,18,,"INSERT INTO `mydb`.`localidades` (`idlocalidades`, `nombre_localidad`, `ambito`, `municipio_idmunicipio`)",VALUES (,"345,""Luis Martínez Zapata"",""R"",18",);
349,La Joya (Hermanos Siller),R,18,,"INSERT INTO `mydb`.`localidades` (`idlocalidades`, `nombre_localidad`, `ambito`, `municipio_idmunicipio`)",VALUES (,"349,""La Joya (Hermanos Siller)"",""R"",18",);
352,El Ya Merito,R,18,,"INSERT INTO `mydb`.`localidades` (`idlocalidades`, `nombre_localidad`, `ambito`, `municipio_idmunicipio`)",VALUES (,"352,""El Ya Merito"",""R"",18",);
353,Los Alejandro Campos (Olga Campos Moreno),R,18,,"INSERT INTO `mydb`.`localidades` (`idlocalidades`, `nombre_localidad`, `ambito`, `municipio_idmunicipio`)",VALUES (,"353,""Los Alejandro Campos (Olga Campos Moreno)"",""R"",18",);
354,Colinas [Motel],R,18,,"INSERT INTO `mydb`.`localidades` (`idlocalidades`, `nombre_localidad`, `ambito`, `municipio_idmunicipio`)",VALUES (,"354,""Colinas [Motel]"",""R"",18",);
355,Victoriano Menchaca,R,18,,"INSERT INTO `mydb`.`localidades` (`idlocalidades`, `nombre_localidad`, `ambito`, `municipio_idmunicipio`)",VALUES (,"355,""Victoriano Menchaca"",""R"",18",);
357,Mi Tesorito,R,18,,"INSERT INTO `mydb`.`localidades` (`idlocalidades`, `nombre_localidad`, `ambito`, `municipio_idmunicipio`)",VALUES (,"357,""Mi Tesorito"",""R"",18",);
359,Los Girasoles,R,18,,"INSERT INTO `mydb`.`localidades` (`idlocalidades`, `nombre_localidad`, `ambito`, `municipio_idmunicipio`)",VALUES (,"359,""Los Girasoles"",""R"",18",);
360,Sección V,R,18,,"INSERT INTO `mydb`.`localidades` (`idlocalidades`, `nombre_localidad`, `ambito`, `municipio_idmunicipio`)",VALUES (,"360,""Sección V"",""R"",18",);
361,María del Refugio (Erasto Carranza Romo),R,18,,"INSERT INTO `mydb`.`localidades` (`idlocalidades`, `nombre_localidad`, `ambito`, `municipio_idmunicipio`)",VALUES (,"361,""María del Refugio (Erasto Carranza Romo)"",""R"",18",);
362,Los González,R,18,,"INSERT INTO `mydb`.`localidades` (`idlocalidades`, `nombre_localidad`, `ambito`, `municipio_idmunicipio`)",VALUES (,"362,""Los González"",""R"",18",);
363,Gertrudis García,R,18,,"INSERT INTO `mydb`.`localidades` (`idlocalidades`, `nombre_localidad`, `ambito`, `municipio_idmunicipio`)",VALUES (,"363,""Gertrudis García"",""R"",18",);
366,Juan Alfaro Delgadillo,R,18,,"INSERT INTO `mydb`.`localidades` (`idlocalidades`, `nombre_localidad`, `ambito`, `municipio_idmunicipio`)",VALUES (,"366,""Juan Alfaro Delgadillo"",""R"",18",);
368,El Coyol (Gilberto del Moral),R,18,,"INSERT INTO `mydb`.`localidades` (`idlocalidades`, `nombre_localidad`, `ambito`, `municipio_idmunicipio`)",VALUES (,"368,""El Coyol (Gilberto del Moral)"",""R"",18",);
369,Luis Melquiades García Cortez (La Ilusión),R,18,,"INSERT INTO `mydb`.`localidades` (`idlocalidades`, `nombre_localidad`, `ambito`, `municipio_idmunicipio`)",VALUES (,"369,""Luis Melquiades García Cortez (La Ilusión)"",""R"",18",);
370,Rodolfo Escalera Ortiz (Casa Embrujada),R,18,,"INSERT INTO `mydb`.`localidades` (`idlocalidades`, `nombre_localidad`, `ambito`, `municipio_idmunicipio`)",VALUES (,"370,""Rodolfo Escalera Ortiz (Casa Embrujada)"",""R"",18",);
371,Ramiro García Medina,R,18,,"INSERT INTO `mydb`.`localidades` (`idlocalidades`, `nombre_localidad`, `ambito`, `municipio_idmunicipio`)",VALUES (,"371,""Ramiro García Medina"",""R"",18",);
374,Las Urracas,R,18,,"INSERT INTO `mydb`.`localidades` (`idlocalidades`, `nombre_localidad`, `ambito`, `municipio_idmunicipio`)",VALUES (,"374,""Las Urracas"",""R"",18",);
379,Melchor Guedea,R,18,,"INSERT INTO `mydb`.`localidades` (`idlocalidades`, `nombre_localidad`, `ambito`, `municipio_idmunicipio`)",VALUES (,"379,""Melchor Guedea"",""R"",18",);
383,Juan José Córdova Varela,R,18,,"INSERT INTO `mydb`.`localidades` (`idlocalidades`, `nombre_localidad`, `ambito`, `municipio_idmunicipio`)",VALUES (,"383,""Juan José Córdova Varela"",""R"",18",);
384,El Lobo,R,18,,"INSERT INTO `mydb`.`localidades` (`idlocalidades`, `nombre_localidad`, `ambito`, `municipio_idmunicipio`)",VALUES (,"384,""El Lobo"",""R"",18",);
385,Pablo Medrano Arriaga,R,18,,"INSERT INTO `mydb`.`localidades` (`idlocalidades`, `nombre_localidad`, `ambito`, `municipio_idmunicipio`)",VALUES (,"385,""Pablo Medrano Arriaga"",""R"",18",);
386,La Tendida,R,18,,"INSERT INTO `mydb`.`localidades` (`idlocalidades`, `nombre_localidad`, `ambito`, `municipio_idmunicipio`)",VALUES (,"386,""La Tendida"",""R"",18",);
393,Posada del Sol,R,18,,"INSERT INTO `mydb`.`localidades` (`idlocalidades`, `nombre_localidad`, `ambito`, `municipio_idmunicipio`)",VALUES (,"393,""Posada del Sol"",""R"",18",);
396,El Rubio,R,18,,"INSERT INTO `mydb`.`localidades` (`idlocalidades`, `nombre_localidad`, `ambito`, `municipio_idmunicipio`)",VALUES (,"396,""El Rubio"",""R"",18",);
397,Jesús Bañuelos,R,18,,"INSERT INTO `mydb`.`localidades` (`idlocalidades`, `nombre_localidad`, `ambito`, `municipio_idmunicipio`)",VALUES (,"397,""Jesús Bañuelos"",""R"",18",);
398,Los Tres Diamantes,R,18,,"INSERT INTO `mydb`.`localidades` (`idlocalidades`, `nombre_localidad`, `ambito`, `municipio_idmunicipio`)",VALUES (,"398,""Los Tres Diamantes"",""R"",18",);
400,Herdez,R,18,,"INSERT INTO `mydb`.`localidades` (`idlocalidades`, `nombre_localidad`, `ambito`, `municipio_idmunicipio`)",VALUES (,"400,""Herdez"",""R"",18",);
401,Kilómetro Veinte,R,18,,"INSERT INTO `mydb`.`localidades` (`idlocalidades`, `nombre_localidad`, `ambito`, `municipio_idmunicipio`)",VALUES (,"401,""Kilómetro Veinte"",""R"",18",);
402,Antonio Hernández Rodríguez,R,18,,"INSERT INTO `mydb`.`localidades` (`idlocalidades`, `nombre_localidad`, `ambito`, `municipio_idmunicipio`)",VALUES (,"402,""Antonio Hernández Rodríguez"",""R"",18",);
403,Barajas (Rodrigo Barajas Bugarín),R,18,,"INSERT INTO `mydb`.`localidades` (`idlocalidades`, `nombre_localidad`, `ambito`, `municipio_idmunicipio`)",VALUES (,"403,""Barajas (Rodrigo Barajas Bugarín)"",""R"",18",);
404,Zapata e Hijos,R,18,,"INSERT INTO `mydb`.`localidades` (`idlocalidades`, `nombre_localidad`, `ambito`, `municipio_idmunicipio`)",VALUES (,"404,""Zapata e Hijos"",""R"",18",);
405,El Rubio,R,18,,"INSERT INTO `mydb`.`localidades` (`idlocalidades`, `nombre_localidad`, `ambito`, `municipio_idmunicipio`)",VALUES (,"405,""El Rubio"",""R"",18",);
407,La Cotucha (Francisco Valdez),R,18,,"INSERT INTO `mydb`.`localidades` (`idlocalidades`, `nombre_localidad`, `ambito`, `municipio_idmunicipio`)",VALUES (,"407,""La Cotucha (Francisco Valdez)"",""R"",18",);
409,El Dorado de Villa,R,18,,"INSERT INTO `mydb`.`localidades` (`idlocalidades`, `nombre_localidad`, `ambito`, `municipio_idmunicipio`)",VALUES (,"409,""El Dorado de Villa"",""R"",18",);
410,Mario Lugo,R,18,,"INSERT INTO `mydb`.`localidades` (`idlocalidades`, `nombre_localidad`, `ambito`, `municipio_idmunicipio`)",VALUES (,"410,""Mario Lugo"",""R"",18",);
411,Juan Ojeda,R,18,,"INSERT INTO `mydb`.`localidades` (`idlocalidades`, `nombre_localidad`, `ambito`, `municipio_idmunicipio`)",VALUES (,"411,""Juan Ojeda"",""R"",18",);
412,Isidro Hernández,R,18,,"INSERT INTO `mydb`.`localidades` (`idlocalidades`, `nombre_localidad`, `ambito`, `municipio_idmunicipio`)",VALUES (,"412,""Isidro Hernández"",""R"",18",);
413,La Maroma,R,18,,"INSERT INTO `mydb`.`localidades` (`idlocalidades`, `nombre_localidad`, `ambito`, `municipio_idmunicipio`)",VALUES (,"413,""La Maroma"",""R"",18",);
414,Lupita,R,18,,"INSERT INTO `mydb`.`localidades` (`idlocalidades`, `nombre_localidad`, `ambito`, `municipio_idmunicipio`)",VALUES (,"414,""Lupita"",""R"",18",);
415,María Eugenia,R,18,,"INSERT INTO `mydb`.`localidades` (`idlocalidades`, `nombre_localidad`, `ambito`, `municipio_idmunicipio`)",VALUES (,"415,""María Eugenia"",""R"",18",);
416,María Guadalupe (La Palma),R,18,,"INSERT INTO `mydb`.`localidades` (`idlocalidades`, `nombre_localidad`, `ambito`, `municipio_idmunicipio`)",VALUES (,"416,""María Guadalupe (La Palma)"",""R"",18",);
417,Antonio Durán Carrillo,R,18,,"INSERT INTO `mydb`.`localidades` (`idlocalidades`, `nombre_localidad`, `ambito`, `municipio_idmunicipio`)",VALUES (,"417,""Antonio Durán Carrillo"",""R"",18",);
418,La Montaña,R,18,,"INSERT INTO `mydb`.`localidades` (`idlocalidades`, `nombre_localidad`, `ambito`, `municipio_idmunicipio`)",VALUES (,"418,""La Montaña"",""R"",18",);
419,Fernando Borrego Puente,R,18,,"INSERT INTO `mydb`.`localidades` (`idlocalidades`, `nombre_localidad`, `ambito`, `municipio_idmunicipio`)",VALUES (,"419,""Fernando Borrego Puente"",""R"",18",);
420,Jesús María (José Aguayo Bérreles),R,18,,"INSERT INTO `mydb`.`localidades` (`idlocalidades`, `nombre_localidad`, `ambito`, `municipio_idmunicipio`)",VALUES (,"420,""Jesús María (José Aguayo Bérreles)"",""R"",18",);
421,Sección Xll SNTSS (Doctor Fernando Rocha Larrainzar) [Unidad Deportiva Recreativa],R,18,,"INSERT INTO `mydb`.`localidades` (`idlocalidades`, `nombre_localidad`, `ambito`, `municipio_idmunicipio`)",VALUES (,"421,""Sección Xll SNTSS (Doctor Fernando Rocha Larrainzar) [Unidad Deportiva Recreativa]"",""R"",18",);
422,Monte Viejo (Cañón del Carnero),R,18,,"INSERT INTO `mydb`.`localidades` (`idlocalidades`, `nombre_localidad`, `ambito`, `municipio_idmunicipio`)",VALUES (,"422,""Monte Viejo (Cañón del Carnero)"",""R"",18",);
423,La Hormiga (Jesús Castro),R,18,,"INSERT INTO `mydb`.`localidades` (`idlocalidades`, `nombre_localidad`, `ambito`, `municipio_idmunicipio`)",VALUES (,"423,""La Hormiga (Jesús Castro)"",""R"",18",);
424,San Carlos,R,18,,"INSERT INTO `mydb`.`localidades` (`idlocalidades`, `nombre_localidad`, `ambito`, `municipio_idmunicipio`)",VALUES (,"424,""San Carlos"",""R"",18",);
426,Enrique Campos Moreno,R,18,,"INSERT INTO `mydb`.`localidades` (`idlocalidades`, `nombre_localidad`, `ambito`, `municipio_idmunicipio`)",VALUES (,"426,""Enrique Campos Moreno"",""R"",18",);
427,El Paraíso,R,18,,"INSERT INTO `mydb`.`localidades` (`idlocalidades`, `nombre_localidad`, `ambito`, `municipio_idmunicipio`)",VALUES (,"427,""El Paraíso"",""R"",18",);
428,Eben Ezer,R,18,,"INSERT INTO `mydb`.`localidades` (`idlocalidades`, `nombre_localidad`, `ambito`, `municipio_idmunicipio`)",VALUES (,"428,""Eben Ezer"",""R"",18",);
429,Ramiro Pérez,R,18,,"INSERT INTO `mydb`.`localidades` (`idlocalidades`, `nombre_localidad`, `ambito`, `municipio_idmunicipio`)",VALUES (,"429,""Ramiro Pérez"",""R"",18",);
430,Luciana (Maurilio Ozuna),R,18,,"INSERT INTO `mydb`.`localidades` (`idlocalidades`, `nombre_localidad`, `ambito`, `municipio_idmunicipio`)",VALUES (,"430,""Luciana (Maurilio Ozuna)"",""R"",18",);
431,Roberto García,R,18,,"INSERT INTO `mydb`.`localidades` (`idlocalidades`, `nombre_localidad`, `ambito`, `municipio_idmunicipio`)",VALUES (,"431,""Roberto García"",""R"",18",);
432,El Gatuño 3,R,18,,"INSERT INTO `mydb`.`localidades` (`idlocalidades`, `nombre_localidad`, `ambito`, `municipio_idmunicipio`)",VALUES (,"432,""El Gatuño 3"",""R"",18",);
434,Las Palmas,R,18,,"INSERT INTO `mydb`.`localidades` (`idlocalidades`, `nombre_localidad`, `ambito`, `municipio_idmunicipio`)",VALUES (,"434,""Las Palmas"",""R"",18",);
435,La Huerta,R,18,,"INSERT INTO `mydb`.`localidades` (`idlocalidades`, `nombre_localidad`, `ambito`, `municipio_idmunicipio`)",VALUES (,"435,""La Huerta"",""R"",18",);
436,Doble XX,R,18,,"INSERT INTO `mydb`.`localidades` (`idlocalidades`, `nombre_localidad`, `ambito`, `municipio_idmunicipio`)",VALUES (,"436,""Doble XX"",""R"",18",);
437,Los Cuates,R,18,,"INSERT INTO `mydb`.`localidades` (`idlocalidades`, `nombre_localidad`, `ambito`, `municipio_idmunicipio`)",VALUES (,"437,""Los Cuates"",""R"",18",);
438,María del Rosario Álvarez,R,18,,"INSERT INTO `mydb`.`localidades` (`idlocalidades`, `nombre_localidad`, `ambito`, `municipio_idmunicipio`)",VALUES (,"438,""María del Rosario Álvarez"",""R"",18",);
439,Manuel,R,18,,"INSERT INTO `mydb`.`localidades` (`idlocalidades`, `nombre_localidad`, `ambito`, `municipio_idmunicipio`)",VALUES (,"439,""Manuel"",""R"",18",);
440,Rubén Benavides,R,18,,"INSERT INTO `mydb`.`localidades` (`idlocalidades`, `nombre_localidad`, `ambito`, `municipio_idmunicipio`)",VALUES (,"440,""Rubén Benavides"",""R"",18",);
441,Eliseo Bielma,R,18,,"INSERT INTO `mydb`.`localidades` (`idlocalidades`, `nombre_localidad`, `ambito`, `municipio_idmunicipio`)",VALUES (,"441,""Eliseo Bielma"",""R"",18",);
442,Ricardo Vázquez,R,18,,"INSERT INTO `mydb`.`localidades` (`idlocalidades`, `nombre_localidad`, `ambito`, `municipio_idmunicipio`)",VALUES (,"442,""Ricardo Vázquez"",""R"",18",);
443,Simón Ramírez Rodríguez (El Sacrificio),R,18,,"INSERT INTO `mydb`.`localidades` (`idlocalidades`, `nombre_localidad`, `ambito`, `municipio_idmunicipio`)",VALUES (,"443,""Simón Ramírez Rodríguez (El Sacrificio)"",""R"",18",);
444,El Cenizo,R,18,,"INSERT INTO `mydb`.`localidades` (`idlocalidades`, `nombre_localidad`, `ambito`, `municipio_idmunicipio`)",VALUES (,"444,""El Cenizo"",""R"",18",);
445,Jesús Cortez,R,18,,"INSERT INTO `mydb`.`localidades` (`idlocalidades`, `nombre_localidad`, `ambito`, `municipio_idmunicipio`)",VALUES (,"445,""Jesús Cortez"",""R"",18",);
446,José Muñiz Castillo,R,18,,"INSERT INTO `mydb`.`localidades` (`idlocalidades`, `nombre_localidad`, `ambito`, `municipio_idmunicipio`)",VALUES (,"446,""José Muñiz Castillo"",""R"",18",);
447,Señora Belia,R,18,,"INSERT INTO `mydb`.`localidades` (`idlocalidades`, `nombre_localidad`, `ambito`, `municipio_idmunicipio`)",VALUES (,"447,""Señora Belia"",""R"",18",);
448,El Ojito,R,18,,"INSERT INTO `mydb`.`localidades` (`idlocalidades`, `nombre_localidad`, `ambito`, `municipio_idmunicipio`)",VALUES (,"448,""El Ojito"",""R"",18",);
449,Providencia,R,18,,"INSERT INTO `mydb`.`localidades` (`idlocalidades`, `nombre_localidad`, `ambito`, `municipio_idmunicipio`)",VALUES (,"449,""Providencia"",""R"",18",);
450,El Perdido (El Capitán),R,18,,"INSERT INTO `mydb`.`localidades` (`idlocalidades`, `nombre_localidad`, `ambito`, `municipio_idmunicipio`)",VALUES (,"450,""El Perdido (El Capitán)"",""R"",18",);
453,Las Praderas,R,18,,"INSERT INTO `mydb`.`localidades` (`idlocalidades`, `nombre_localidad`, `ambito`, `municipio_idmunicipio`)",VALUES (,"453,""Las Praderas"",""R"",18",);
454,La Polvorosa,R,18,,"INSERT INTO `mydb`.`localidades` (`idlocalidades`, `nombre_localidad`, `ambito`, `municipio_idmunicipio`)",VALUES (,"454,""La Polvorosa"",""R"",18",);
455,María Luisa (José Dimas Galindo),R,18,,"INSERT INTO `mydb`.`localidades` (`idlocalidades`, `nombre_localidad`, `ambito`, `municipio_idmunicipio`)",VALUES (,"455,""María Luisa (José Dimas Galindo)"",""R"",18",);
456,Alfonso Liñán,R,18,,"INSERT INTO `mydb`.`localidades` (`idlocalidades`, `nombre_localidad`, `ambito`, `municipio_idmunicipio`)",VALUES (,"456,""Alfonso Liñán"",""R"",18",);
457,La Violeta (Alfonso Valdez Pérez),R,18,,"INSERT INTO `mydb`.`localidades` (`idlocalidades`, `nombre_localidad`, `ambito`, `municipio_idmunicipio`)",VALUES (,"457,""La Violeta (Alfonso Valdez Pérez)"",""R"",18",);
458,San José (Francisco Javier Mona Lara),R,18,,"INSERT INTO `mydb`.`localidades` (`idlocalidades`, `nombre_localidad`, `ambito`, `municipio_idmunicipio`)",VALUES (,"458,""San José (Francisco Javier Mona Lara)"",""R"",18",);
459,Santa Fe (Rodolfo Martínez Álvarez),R,18,,"INSERT INTO `mydb`.`localidades` (`idlocalidades`, `nombre_localidad`, `ambito`, `municipio_idmunicipio`)",VALUES (,"459,""Santa Fe (Rodolfo Martínez Álvarez)"",""R"",18",);
461,La Cuchilla,R,18,,"INSERT INTO `mydb`.`localidades` (`idlocalidades`, `nombre_localidad`, `ambito`, `municipio_idmunicipio`)",VALUES (,"461,""La Cuchilla"",""R"",18",);
463,Noria Blanca,R,18,,"INSERT INTO `mydb`.`localidades` (`idlocalidades`, `nombre_localidad`, `ambito`, `municipio_idmunicipio`)",VALUES (,"463,""Noria Blanca"",""R"",18",);
464,Juan Rodríguez,R,18,,"INSERT INTO `mydb`.`localidades` (`idlocalidades`, `nombre_localidad`, `ambito`, `municipio_idmunicipio`)",VALUES (,"464,""Juan Rodríguez"",""R"",18",);
465,José Gumaro Esquivel,R,18,,"INSERT INTO `mydb`.`localidades` (`idlocalidades`, `nombre_localidad`, `ambito`, `municipio_idmunicipio`)",VALUES (,"465,""José Gumaro Esquivel"",""R"",18",);
466,José Mancha,R,18,,"INSERT INTO `mydb`.`localidades` (`idlocalidades`, `nombre_localidad`, `ambito`, `municipio_idmunicipio`)",VALUES (,"466,""José Mancha"",""R"",18",);
467,Casa Blanca,R,18,,"INSERT INTO `mydb`.`localidades` (`idlocalidades`, `nombre_localidad`, `ambito`, `municipio_idmunicipio`)",VALUES (,"467,""Casa Blanca"",""R"",18",);
468,Víctor González,R,18,,"INSERT INTO `mydb`.`localidades` (`idlocalidades`, `nombre_localidad`, `ambito`, `municipio_idmunicipio`)",VALUES (,"468,""Víctor González"",""R"",18",);
469,Jesús Castillo,R,18,,"INSERT INTO `mydb`.`localidades` (`idlocalidades`, `nombre_localidad`, `ambito`, `municipio_idmunicipio`)",VALUES (,"469,""Jesús Castillo"",""R"",18",);
470,Juan José Tuckar,R,18,,"INSERT INTO `mydb`.`localidades` (`idlocalidades`, `nombre_localidad`, `ambito`, `municipio_idmunicipio`)",VALUES (,"470,""Juan José Tuckar"",""R"",18",);
472,Samuel Gallegos Ruiz (Los Laureles),R,18,,"INSERT INTO `mydb`.`localidades` (`idlocalidades`, `nombre_localidad`, `ambito`, `municipio_idmunicipio`)",VALUES (,"472,""Samuel Gallegos Ruiz (Los Laureles)"",""R"",18",);
473,Romeo Valdez,R,18,,"INSERT INTO `mydb`.`localidades` (`idlocalidades`, `nombre_localidad`, `ambito`, `municipio_idmunicipio`)",VALUES (,"473,""Romeo Valdez"",""R"",18",);
474,Benito Calderón,R,18,,"INSERT INTO `mydb`.`localidades` (`idlocalidades`, `nombre_localidad`, `ambito`, `municipio_idmunicipio`)",VALUES (,"474,""Benito Calderón"",""R"",18",);
475,Los Riojas,R,18,,"INSERT INTO `mydb`.`localidades` (`idlocalidades`, `nombre_localidad`, `ambito`, `municipio_idmunicipio`)",VALUES (,"475,""Los Riojas"",""R"",18",);
477,Raúl de la Fuente Sierra,R,18,,"INSERT INTO `mydb`.`localidades` (`idlocalidades`, `nombre_localidad`, `ambito`, `municipio_idmunicipio`)",VALUES (,"477,""Raúl de la Fuente Sierra"",""R"",18",);
478,Los Cuatro Vientos (Ricardo Hernández Díaz),R,18,,"INSERT INTO `mydb`.`localidades` (`idlocalidades`, `nombre_localidad`, `ambito`, `municipio_idmunicipio`)",VALUES (,"478,""Los Cuatro Vientos (Ricardo Hernández Díaz)"",""R"",18",);
479,Alan Sánchez Ballesteros,R,18,,"INSERT INTO `mydb`.`localidades` (`idlocalidades`, `nombre_localidad`, `ambito`, `municipio_idmunicipio`)",VALUES (,"479,""Alan Sánchez Ballesteros"",""R"",18",);
480,Alfredo Torres Villanueva,R,18,,"INSERT INTO `mydb`.`localidades` (`idlocalidades`, `nombre_localidad`, `ambito`, `municipio_idmunicipio`)",VALUES (,"480,""Alfredo Torres Villanueva"",""R"",18",);
481,Demetrio Vázquez,R,18,,"INSERT INTO `mydb`.`localidades` (`idlocalidades`, `nombre_localidad`, `ambito`, `municipio_idmunicipio`)",VALUES (,"481,""Demetrio Vázquez"",""R"",18",);
482,La Piedra,R,18,,"INSERT INTO `mydb`.`localidades` (`idlocalidades`, `nombre_localidad`, `ambito`, `municipio_idmunicipio`)",VALUES (,"482,""La Piedra"",""R"",18",);
483,Las Torres,R,18,,"INSERT INTO `mydb`.`localidades` (`idlocalidades`, `nombre_localidad`, `ambito`, `municipio_idmunicipio`)",VALUES (,"483,""Las Torres"",""R"",18",);
484,Los Primos,R,18,,"INSERT INTO `mydb`.`localidades` (`idlocalidades`, `nombre_localidad`, `ambito`, `municipio_idmunicipio`)",VALUES (,"484,""Los Primos"",""R"",18",);
485,Santa Fe,R,18,,"INSERT INTO `mydb`.`localidades` (`idlocalidades`, `nombre_localidad`, `ambito`, `municipio_idmunicipio`)",VALUES (,"485,""Santa Fe"",""R"",18",);
486,Jerusalén (José Ávila Saucedo),R,18,,"INSERT INTO `mydb`.`localidades` (`idlocalidades`, `nombre_localidad`, `ambito`, `municipio_idmunicipio`)",VALUES (,"486,""Jerusalén (José Ávila Saucedo)"",""R"",18",);
487,Juan Manuel de la Cruz (El Texano),R,18,,"INSERT INTO `mydb`.`localidades` (`idlocalidades`, `nombre_localidad`, `ambito`, `municipio_idmunicipio`)",VALUES (,"487,""Juan Manuel de la Cruz (El Texano)"",""R"",18",);
489,Doña Isaura,R,18,,"INSERT INTO `mydb`.`localidades` (`idlocalidades`, `nombre_localidad`, `ambito`, `municipio_idmunicipio`)",VALUES (,"489,""Doña Isaura"",""R"",18",);
490,De Luna (Roberto de Luna Hipólito),R,18,,"INSERT INTO `mydb`.`localidades` (`idlocalidades`, `nombre_localidad`, `ambito`, `municipio_idmunicipio`)",VALUES (,"490,""De Luna (Roberto de Luna Hipólito)"",""R"",18",);
491,Don Chon,R,18,,"INSERT INTO `mydb`.`localidades` (`idlocalidades`, `nombre_localidad`, `ambito`, `municipio_idmunicipio`)",VALUES (,"491,""Don Chon"",""R"",18",);
493,Santiago Carranza (Jesús Carranza),R,18,,"INSERT INTO `mydb`.`localidades` (`idlocalidades`, `nombre_localidad`, `ambito`, `municipio_idmunicipio`)",VALUES (,"493,""Santiago Carranza (Jesús Carranza)"",""R"",18",);
495,José Mena,R,18,,"INSERT INTO `mydb`.`localidades` (`idlocalidades`, `nombre_localidad`, `ambito`, `municipio_idmunicipio`)",VALUES (,"495,""José Mena"",""R"",18",);
496,San Francisco,R,18,,"INSERT INTO `mydb`.`localidades` (`idlocalidades`, `nombre_localidad`, `ambito`, `municipio_idmunicipio`)",VALUES (,"496,""San Francisco"",""R"",18",);
497,Centro Federal de Readaptación Social Número 10 Nor-Noreste,R,18,,"INSERT INTO `mydb`.`localidades` (`idlocalidades`, `nombre_localidad`, `ambito`, `municipio_idmunicipio`)",VALUES (,"497,""Centro Federal de Readaptación Social Número 10 Nor-Noreste"",""R"",18",);
498,Roberto Valdez,R,18,,"INSERT INTO `mydb`.`localidades` (`idlocalidades`, `nombre_localidad`, `ambito`, `municipio_idmunicipio`)",VALUES (,"498,""Roberto Valdez"",""R"",18",);
499,La Chiruza,R,18,,"INSERT INTO `mydb`.`localidades` (`idlocalidades`, `nombre_localidad`, `ambito`, `municipio_idmunicipio`)",VALUES (,"499,""La Chiruza"",""R"",18",);
501,José Ángel Estrada,R,18,,"INSERT INTO `mydb`.`localidades` (`idlocalidades`, `nombre_localidad`, `ambito`, `municipio_idmunicipio`)",VALUES (,"501,""José Ángel Estrada"",""R"",18",);
502,María Elena,R,18,,"INSERT INTO `mydb`.`localidades` (`idlocalidades`, `nombre_localidad`, `ambito`, `municipio_idmunicipio`)",VALUES (,"502,""María Elena"",""R"",18",);
503,Carrizalejo (María Fernanda Pérez González),R,18,,"INSERT INTO `mydb`.`localidades` (`idlocalidades`, `nombre_localidad`, `ambito`, `municipio_idmunicipio`)",VALUES (,"503,""Carrizalejo (María Fernanda Pérez González)"",""R"",18",);
504,Los Cazadores,R,18,,"INSERT INTO `mydb`.`localidades` (`idlocalidades`, `nombre_localidad`, `ambito`, `municipio_idmunicipio`)",VALUES (,"504,""Los Cazadores"",""R"",18",);
506,Doctor Rolando García,R,18,,"INSERT INTO `mydb`.`localidades` (`idlocalidades`, `nombre_localidad`, `ambito`, `municipio_idmunicipio`)",VALUES (,"506,""Doctor Rolando García"",""R"",18",);
507,Granja Antigua (Andrés Oyervides),R,18,,"INSERT INTO `mydb`.`localidades` (`idlocalidades`, `nombre_localidad`, `ambito`, `municipio_idmunicipio`)",VALUES (,"507,""Granja Antigua (Andrés Oyervides)"",""R"",18",);
509,El Buche,R,18,,"INSERT INTO `mydb`.`localidades` (`idlocalidades`, `nombre_localidad`, `ambito`, `municipio_idmunicipio`)",VALUES (,"509,""El Buche"",""R"",18",);
510,El Carmen,R,18,,"INSERT INTO `mydb`.`localidades` (`idlocalidades`, `nombre_localidad`, `ambito`, `municipio_idmunicipio`)",VALUES (,"510,""El Carmen"",""R"",18",);
511,Santos Armendáriz,R,18,,"INSERT INTO `mydb`.`localidades` (`idlocalidades`, `nombre_localidad`, `ambito`, `municipio_idmunicipio`)",VALUES (,"511,""Santos Armendáriz"",""R"",18",);
513,Cuadra Gabriel,R,18,,"INSERT INTO `mydb`.`localidades` (`idlocalidades`, `nombre_localidad`, `ambito`, `municipio_idmunicipio`)",VALUES (,"513,""Cuadra Gabriel"",""R"",18",);
514,Francisco García Juárez,R,18,,"INSERT INTO `mydb`.`localidades` (`idlocalidades`, `nombre_localidad`, `ambito`, `municipio_idmunicipio`)",VALUES (,"514,""Francisco García Juárez"",""R"",18",);
515,La Granja,R,18,,"INSERT INTO `mydb`.`localidades` (`idlocalidades`, `nombre_localidad`, `ambito`, `municipio_idmunicipio`)",VALUES (,"515,""La Granja"",""R"",18",);
516,Cañón Toro Prieto,R,18,,"INSERT INTO `mydb`.`localidades` (`idlocalidades`, `nombre_localidad`, `ambito`, `municipio_idmunicipio`)",VALUES (,"516,""Cañón Toro Prieto"",""R"",18",);
517,El Mezquite,R,18,,"INSERT INTO `mydb`.`localidades` (`idlocalidades`, `nombre_localidad`, `ambito`, `municipio_idmunicipio`)",VALUES (,"517,""El Mezquite"",""R"",18",);
518,La Miseria,R,18,,"INSERT INTO `mydb`.`localidades` (`idlocalidades`, `nombre_localidad`, `ambito`, `municipio_idmunicipio`)",VALUES (,"518,""La Miseria"",""R"",18",);
519,Juan Martínez Trócoli,R,18,,"INSERT INTO `mydb`.`localidades` (`idlocalidades`, `nombre_localidad`, `ambito`, `municipio_idmunicipio`)",VALUES (,"519,""Juan Martínez Trócoli"",""R"",18",);
520,Sergio Suárez Cuellar,R,18,,"INSERT INTO `mydb`.`localidades` (`idlocalidades`, `nombre_localidad`, `ambito`, `municipio_idmunicipio`)",VALUES (,"520,""Sergio Suárez Cuellar"",""R"",18",);
521,Sotera Luna,R,18,,"INSERT INTO `mydb`.`localidades` (`idlocalidades`, `nombre_localidad`, `ambito`, `municipio_idmunicipio`)",VALUES (,"521,""Sotera Luna"",""R"",18",);
522,Hermenegildo Zapata Mata,R,18,,"INSERT INTO `mydb`.`localidades` (`idlocalidades`, `nombre_localidad`, `ambito`, `municipio_idmunicipio`)",VALUES (,"522,""Hermenegildo Zapata Mata"",""R"",18",);
523,Zapopán Peña de Hoyos,R,18,,"INSERT INTO `mydb`.`localidades` (`idlocalidades`, `nombre_localidad`, `ambito`, `municipio_idmunicipio`)",VALUES (,"523,""Zapopán Peña de Hoyos"",""R"",18",);
524,Crispín Valdez García,R,18,,"INSERT INTO `mydb`.`localidades` (`idlocalidades`, `nombre_localidad`, `ambito`, `municipio_idmunicipio`)",VALUES (,"524,""Crispín Valdez García"",""R"",18",);
526,Los Ángeles,R,18,,"INSERT INTO `mydb`.`localidades` (`idlocalidades`, `nombre_localidad`, `ambito`, `municipio_idmunicipio`)",VALUES (,"526,""Los Ángeles"",""R"",18",);
528,El Chatarral,R,18,,"INSERT INTO `mydb`.`localidades` (`idlocalidades`, `nombre_localidad`, `ambito`, `municipio_idmunicipio`)",VALUES (,"528,""El Chatarral"",""R"",18",);
529,José Martínez,R,18,,"INSERT INTO `mydb`.`localidades` (`idlocalidades`, `nombre_localidad`, `ambito`, `municipio_idmunicipio`)",VALUES (,"529,""José Martínez"",""R"",18",);
530,Jardines del Recuerdo,R,18,,"INSERT INTO `mydb`.`localidades` (`idlocalidades`, `nombre_localidad`, `ambito`, `municipio_idmunicipio`)",VALUES (,"530,""Jardines del Recuerdo"",""R"",18",);
531,Los Peralta (Alfredo Peralta),R,18,,"INSERT INTO `mydb`.`localidades` (`idlocalidades`, `nombre_localidad`, `ambito`, `municipio_idmunicipio`)",VALUES (,"531,""Los Peralta (Alfredo Peralta)"",""R"",18",);
532,Isidro Ramos García,R,18,,"INSERT INTO `mydb`.`localidades` (`idlocalidades`, `nombre_localidad`, `ambito`, `municipio_idmunicipio`)",VALUES (,"532,""Isidro Ramos García"",""R"",18",);
533,Carlos García Villasana,R,18,,"INSERT INTO `mydb`.`localidades` (`idlocalidades`, `nombre_localidad`, `ambito`, `municipio_idmunicipio`)",VALUES (,"533,""Carlos García Villasana"",""R"",18",);
534,El Cenizo,R,18,,"INSERT INTO `mydb`.`localidades` (`idlocalidades`, `nombre_localidad`, `ambito`, `municipio_idmunicipio`)",VALUES (,"534,""El Cenizo"",""R"",18",);
535,COMECSA,R,18,,"INSERT INTO `mydb`.`localidades` (`idlocalidades`, `nombre_localidad`, `ambito`, `municipio_idmunicipio`)",VALUES (,"535,""COMECSA"",""R"",18",);
536,José Rafael Gallegos Hernández,R,18,,"INSERT INTO `mydb`.`localidades` (`idlocalidades`, `nombre_localidad`, `ambito`, `municipio_idmunicipio`)",VALUES (,"536,""José Rafael Gallegos Hernández"",""R"",18",);
537,Rogelio Águila,R,18,,"INSERT INTO `mydb`.`localidades` (`idlocalidades`, `nombre_localidad`, `ambito`, `municipio_idmunicipio`)",VALUES (,"537,""Rogelio Águila"",""R"",18",);
538,Reinaldo Esparza Vega,R,18,,"INSERT INTO `mydb`.`localidades` (`idlocalidades`, `nombre_localidad`, `ambito`, `municipio_idmunicipio`)",VALUES (,"538,""Reinaldo Esparza Vega"",""R"",18",);
539,Manuel Marrero,R,18,,"INSERT INTO `mydb`.`localidades` (`idlocalidades`, `nombre_localidad`, `ambito`, `municipio_idmunicipio`)",VALUES (,"539,""Manuel Marrero"",""R"",18",);
540,El Bazar,R,18,,"INSERT INTO `mydb`.`localidades` (`idlocalidades`, `nombre_localidad`, `ambito`, `municipio_idmunicipio`)",VALUES (,"540,""El Bazar"",""R"",18",);
541,Delfino de los Ángeles López,R,18,,"INSERT INTO `mydb`.`localidades` (`idlocalidades`, `nombre_localidad`, `ambito`, `municipio_idmunicipio`)",VALUES (,"541,""Delfino de los Ángeles López"",""R"",18",);
542,Nuevo Almadén,R,18,,"INSERT INTO `mydb`.`localidades` (`idlocalidades`, `nombre_localidad`, `ambito`, `municipio_idmunicipio`)",VALUES (,"542,""Nuevo Almadén"",""R"",18",);
544,La Escondida,R,18,,"INSERT INTO `mydb`.`localidades` (`idlocalidades`, `nombre_localidad`, `ambito`, `municipio_idmunicipio`)",VALUES (,"544,""La Escondida"",""R"",18",);
545,Basilio Pérez,R,18,,"INSERT INTO `mydb`.`localidades` (`idlocalidades`, `nombre_localidad`, `ambito`, `municipio_idmunicipio`)",VALUES (,"545,""Basilio Pérez"",""R"",18",);
546,Emilio Vázquez Torres,R,18,,"INSERT INTO `mydb`.`localidades` (`idlocalidades`, `nombre_localidad`, `ambito`, `municipio_idmunicipio`)",VALUES (,"546,""Emilio Vázquez Torres"",""R"",18",);
547,Elías Chávez Gutíerrez,R,18,,"INSERT INTO `mydb`.`localidades` (`idlocalidades`, `nombre_localidad`, `ambito`, `municipio_idmunicipio`)",VALUES (,"547,""Elías Chávez Gutíerrez"",""R"",18",);
548,Blanca Estela Barboza Rosales,R,18,,"INSERT INTO `mydb`.`localidades` (`idlocalidades`, `nombre_localidad`, `ambito`, `municipio_idmunicipio`)",VALUES (,"548,""Blanca Estela Barboza Rosales"",""R"",18",);
549,El Palomar,R,18,,"INSERT INTO `mydb`.`localidades` (`idlocalidades`, `nombre_localidad`, `ambito`, `municipio_idmunicipio`)",VALUES (,"549,""El Palomar"",""R"",18",);
550,Joel Macías Aguilar,R,18,,"INSERT INTO `mydb`.`localidades` (`idlocalidades`, `nombre_localidad`, `ambito`, `municipio_idmunicipio`)",VALUES (,"550,""Joel Macías Aguilar"",""R"",18",);
551,Ampuero España,R,18,,"INSERT INTO `mydb`.`localidades` (`idlocalidades`, `nombre_localidad`, `ambito`, `municipio_idmunicipio`)",VALUES (,"551,""Ampuero España"",""R"",18",);
552,Kilómetro 10 (San José de las Cañas),R,18,,"INSERT INTO `mydb`.`localidades` (`idlocalidades`, `nombre_localidad`, `ambito`, `municipio_idmunicipio`)",VALUES (,"552,""Kilómetro 10 (San José de las Cañas)"",""R"",18",);
553,Quinta Lola,R,18,,"INSERT INTO `mydb`.`localidades` (`idlocalidades`, `nombre_localidad`, `ambito`, `municipio_idmunicipio`)",VALUES (,"553,""Quinta Lola"",""R"",18",);
554,El Brilloso,R,18,,"INSERT INTO `mydb`.`localidades` (`idlocalidades`, `nombre_localidad`, `ambito`, `municipio_idmunicipio`)",VALUES (,"554,""El Brilloso"",""R"",18",);
555,Jesús Varela,R,18,,"INSERT INTO `mydb`.`localidades` (`idlocalidades`, `nombre_localidad`, `ambito`, `municipio_idmunicipio`)",VALUES (,"555,""Jesús Varela"",""R"",18",);
556,El Rosario,R,18,,"INSERT INTO `mydb`.`localidades` (`idlocalidades`, `nombre_localidad`, `ambito`, `municipio_idmunicipio`)",VALUES (,"556,""El Rosario"",""R"",18",);
557,Sergio Campos,R,18,,"INSERT INTO `mydb`.`localidades` (`idlocalidades`, `nombre_localidad`, `ambito`, `municipio_idmunicipio`)",VALUES (,"557,""Sergio Campos"",""R"",18",);
558,El Coyote,R,18,,"INSERT INTO `mydb`.`localidades` (`idlocalidades`, `nombre_localidad`, `ambito`, `municipio_idmunicipio`)",VALUES (,"558,""El Coyote"",""R"",18",);
559,La Melancolía,R,18,,"INSERT INTO `mydb`.`localidades` (`idlocalidades`, `nombre_localidad`, `ambito`, `municipio_idmunicipio`)",VALUES (,"559,""La Melancolía"",""R"",18",);
560,Calebs,R,18,,"INSERT INTO `mydb`.`localidades` (`idlocalidades`, `nombre_localidad`, `ambito`, `municipio_idmunicipio`)",VALUES (,"560,""Calebs"",""R"",18",);
561,El Tábano,R,18,,"INSERT INTO `mydb`.`localidades` (`idlocalidades`, `nombre_localidad`, `ambito`, `municipio_idmunicipio`)",VALUES (,"561,""El Tábano"",""R"",18",);
562,Privanzas Monclova [Residencial],R,18,,"INSERT INTO `mydb`.`localidades` (`idlocalidades`, `nombre_localidad`, `ambito`, `municipio_idmunicipio`)",VALUES (,"562,""Privanzas Monclova [Residencial]"",""R"",18",);
563,El Avalu,R,18,,"INSERT INTO `mydb`.`localidades` (`idlocalidades`, `nombre_localidad`, `ambito`, `municipio_idmunicipio`)",VALUES (,"563,""El Avalu"",""R"",18",);
564,Gerónimo Gobea Castillo,R,18,,"INSERT INTO `mydb`.`localidades` (`idlocalidades`, `nombre_localidad`, `ambito`, `municipio_idmunicipio`)",VALUES (,"564,""Gerónimo Gobea Castillo"",""R"",18",);
566,San Carlos,R,18,,"INSERT INTO `mydb`.`localidades` (`idlocalidades`, `nombre_localidad`, `ambito`, `municipio_idmunicipio`)",VALUES (,"566,""San Carlos"",""R"",18",);
567,Raúl Alfonso Almeras,R,18,,"INSERT INTO `mydb`.`localidades` (`idlocalidades`, `nombre_localidad`, `ambito`, `municipio_idmunicipio`)",VALUES (,"567,""Raúl Alfonso Almeras"",""R"",18",);
568,La Reyna,R,18,,"INSERT INTO `mydb`.`localidades` (`idlocalidades`, `nombre_localidad`, `ambito`, `municipio_idmunicipio`)",VALUES (,"568,""La Reyna"",""R"",18",);
570,Las Arboledas,R,18,,"INSERT INTO `mydb`.`localidades` (`idlocalidades`, `nombre_localidad`, `ambito`, `municipio_idmunicipio`)",VALUES (,"570,""Las Arboledas"",""R"",18",);
571,Quinta la Nena,R,18,,"INSERT INTO `mydb`.`localidades` (`idlocalidades`, `nombre_localidad`, `ambito`, `municipio_idmunicipio`)",VALUES (,"571,""Quinta la Nena"",""R"",18",);
573,Juan Alfredo Valdez Zavala,R,18,,"INSERT INTO `mydb`.`localidades` (`idlocalidades`, `nombre_localidad`, `ambito`, `municipio_idmunicipio`)",VALUES (,"573,""Juan Alfredo Valdez Zavala"",""R"",18",);
574,Parcela de Juanita,R,18,,"INSERT INTO `mydb`.`localidades` (`idlocalidades`, `nombre_localidad`, `ambito`, `municipio_idmunicipio`)",VALUES (,"574,""Parcela de Juanita"",""R"",18",);
575,Monclova,R,18,,"INSERT INTO `mydb`.`localidades` (`idlocalidades`, `nombre_localidad`, `ambito`, `municipio_idmunicipio`)",VALUES (,"575,""Monclova"",""R"",18",);
576,San Antonio,R,18,,"INSERT INTO `mydb`.`localidades` (`idlocalidades`, `nombre_localidad`, `ambito`, `municipio_idmunicipio`)",VALUES (,"576,""San Antonio"",""R"",18",);
577,Pascual José María Cordova,R,18,,"INSERT INTO `mydb`.`localidades` (`idlocalidades`, `nombre_localidad`, `ambito`, `municipio_idmunicipio`)",VALUES (,"577,""Pascual José María Cordova"",""R"",18",);
578,Bugambilias,R,18,,"INSERT INTO `mydb`.`localidades` (`idlocalidades`, `nombre_localidad`, `ambito`, `municipio_idmunicipio`)",VALUES (,"578,""Bugambilias"",""R"",18",);
579,Kilómetro 9 (San José de las Cañas),R,18,,"INSERT INTO `mydb`.`localidades` (`idlocalidades`, `nombre_localidad`, `ambito`, `municipio_idmunicipio`)",VALUES (,"579,""Kilómetro 9 (San José de las Cañas)"",""R"",18",);
580,Hacienda Real,R,18,,"INSERT INTO `mydb`.`localidades` (`idlocalidades`, `nombre_localidad`, `ambito`, `municipio_idmunicipio`)",VALUES (,"580,""Hacienda Real"",""R"",18",);
581,Cajeme [Hotel],R,18,,"INSERT INTO `mydb`.`localidades` (`idlocalidades`, `nombre_localidad`, `ambito`, `municipio_idmunicipio`)",VALUES (,"581,""Cajeme [Hotel]"",""R"",18",);
582,Raúl García,R,18,,"INSERT INTO `mydb`.`localidades` (`idlocalidades`, `nombre_localidad`, `ambito`, `municipio_idmunicipio`)",VALUES (,"582,""Raúl García"",""R"",18",);
583,Aron Macías Reyes,R,18,,"INSERT INTO `mydb`.`localidades` (`idlocalidades`, `nombre_localidad`, `ambito`, `municipio_idmunicipio`)",VALUES (,"583,""Aron Macías Reyes"",""R"",18",);
585,Quinta Jiménez,R,18,,"INSERT INTO `mydb`.`localidades` (`idlocalidades`, `nombre_localidad`, `ambito`, `municipio_idmunicipio`)",VALUES (,"585,""Quinta Jiménez"",""R"",18",);
586,Santos Fidencio Muñoz Juárez,R,18,,"INSERT INTO `mydb`.`localidades` (`idlocalidades`, `nombre_localidad`, `ambito`, `municipio_idmunicipio`)",VALUES (,"586,""Santos Fidencio Muñoz Juárez"",""R"",18",);
587,María del Carmen Sierra,R,18,,"INSERT INTO `mydb`.`localidades` (`idlocalidades`, `nombre_localidad`, `ambito`, `municipio_idmunicipio`)",VALUES (,"587,""María del Carmen Sierra"",""R"",18",);
590,Juan Flores Hernández,R,18,,"INSERT INTO `mydb`.`localidades` (`idlocalidades`, `nombre_localidad`, `ambito`, `municipio_idmunicipio`)",VALUES (,"590,""Juan Flores Hernández"",""R"",18",);
592,Beto Villarreal,R,18,,"INSERT INTO `mydb`.`localidades` (`idlocalidades`, `nombre_localidad`, `ambito`, `municipio_idmunicipio`)",VALUES (,"592,""Beto Villarreal"",""R"",18",);
594,Mario Flores,R,18,,"INSERT INTO `mydb`.`localidades` (`idlocalidades`, `nombre_localidad`, `ambito`, `municipio_idmunicipio`)",VALUES (,"594,""Mario Flores"",""R"",18",);
595,Arena las Moras,R,18,,"INSERT INTO `mydb`.`localidades` (`idlocalidades`, `nombre_localidad`, `ambito`, `municipio_idmunicipio`)",VALUES (,"595,""Arena las Moras"",""R"",18",);
596,Moisés Asís,R,18,,"INSERT INTO `mydb`.`localidades` (`idlocalidades`, `nombre_localidad`, `ambito`, `municipio_idmunicipio`)",VALUES (,"596,""Moisés Asís"",""R"",18",);
597,Santiago Rodríguez Berumen,R,18,,"INSERT INTO `mydb`.`localidades` (`idlocalidades`, `nombre_localidad`, `ambito`, `municipio_idmunicipio`)",VALUES (,"597,""Santiago Rodríguez Berumen"",""R"",18",);
598,Profesor Juan Fabián Castillo Medina,R,18,,"INSERT INTO `mydb`.`localidades` (`idlocalidades`, `nombre_localidad`, `ambito`, `municipio_idmunicipio`)",VALUES (,"598,""Profesor Juan Fabián Castillo Medina"",""R"",18",);
599,Julio Mata,R,18,,"INSERT INTO `mydb`.`localidades` (`idlocalidades`, `nombre_localidad`, `ambito`, `municipio_idmunicipio`)",VALUES (,"599,""Julio Mata"",""R"",18",);
600,El Peñasco,R,18,,"INSERT INTO `mydb`.`localidades` (`idlocalidades`, `nombre_localidad`, `ambito`, `municipio_idmunicipio`)",VALUES (,"600,""El Peñasco"",""R"",18",);
601,Las Marías,R,18,,"INSERT INTO `mydb`.`localidades` (`idlocalidades`, `nombre_localidad`, `ambito`, `municipio_idmunicipio`)",VALUES (,"601,""Las Marías"",""R"",18",);
602,Los Abuelos (Reynaldo Esparza Vega),R,18,,"INSERT INTO `mydb`.`localidades` (`idlocalidades`, `nombre_localidad`, `ambito`, `municipio_idmunicipio`)",VALUES (,"602,""Los Abuelos (Reynaldo Esparza Vega)"",""R"",18",);
603,Héctor González,R,18,,"INSERT INTO `mydb`.`localidades` (`idlocalidades`, `nombre_localidad`, `ambito`, `municipio_idmunicipio`)",VALUES (,"603,""Héctor González"",""R"",18",);
604,José Manuel Hernández Goveda,R,18,,"INSERT INTO `mydb`.`localidades` (`idlocalidades`, `nombre_localidad`, `ambito`, `municipio_idmunicipio`)",VALUES (,"604,""José Manuel Hernández Goveda"",""R"",18",);
605,El Molino,R,18,,"INSERT INTO `mydb`.`localidades` (`idlocalidades`, `nombre_localidad`, `ambito`, `municipio_idmunicipio`)",VALUES (,"605,""El Molino"",""R"",18",);
606,La Curva de Juan Sánchez,R,18,,"INSERT INTO `mydb`.`localidades` (`idlocalidades`, `nombre_localidad`, `ambito`, `municipio_idmunicipio`)",VALUES (,"606,""La Curva de Juan Sánchez"",""R"",18",);
607,Felán,R,18,,"INSERT INTO `mydb`.`localidades` (`idlocalidades`, `nombre_localidad`, `ambito`, `municipio_idmunicipio`)",VALUES (,"607,""Felán"",""R"",18",);
608,Monte Viejo,R,18,,"INSERT INTO `mydb`.`localidades` (`idlocalidades`, `nombre_localidad`, `ambito`, `municipio_idmunicipio`)",VALUES (,"608,""Monte Viejo"",""R"",18",);
609,Las Aves,R,18,,"INSERT INTO `mydb`.`localidades` (`idlocalidades`, `nombre_localidad`, `ambito`, `municipio_idmunicipio`)",VALUES (,"609,""Las Aves"",""R"",18",);
