CVE_LOC,NOM_LOC,AMBITO,CVE_MUN,,,,,
1,Villa Unión,U,37,,"INSERT INTO `mydb`.`localidades` (`idlocalidades`, `nombre_localidad`, `ambito`, `municipio_idmunicipio`)",VALUES (,"1,""Villa Unión"",""U"",37",);
4,Los Álamos,R,37,,"INSERT INTO `mydb`.`localidades` (`idlocalidades`, `nombre_localidad`, `ambito`, `municipio_idmunicipio`)",VALUES (,"4,""Los Álamos"",""R"",37",);
5,Los Altares,R,37,,"INSERT INTO `mydb`.`localidades` (`idlocalidades`, `nombre_localidad`, `ambito`, `municipio_idmunicipio`)",VALUES (,"5,""Los Altares"",""R"",37",);
6,El Arroyo,R,37,,"INSERT INTO `mydb`.`localidades` (`idlocalidades`, `nombre_localidad`, `ambito`, `municipio_idmunicipio`)",VALUES (,"6,""El Arroyo"",""R"",37",);
7,La Azufrosa,R,37,,"INSERT INTO `mydb`.`localidades` (`idlocalidades`, `nombre_localidad`, `ambito`, `municipio_idmunicipio`)",VALUES (,"7,""La Azufrosa"",""R"",37",);
9,Las Blancas,R,37,,"INSERT INTO `mydb`.`localidades` (`idlocalidades`, `nombre_localidad`, `ambito`, `municipio_idmunicipio`)",VALUES (,"9,""Las Blancas"",""R"",37",);
10,La Carmona,R,37,,"INSERT INTO `mydb`.`localidades` (`idlocalidades`, `nombre_localidad`, `ambito`, `municipio_idmunicipio`)",VALUES (,"10,""La Carmona"",""R"",37",);
11,Casa Blanca,R,37,,"INSERT INTO `mydb`.`localidades` (`idlocalidades`, `nombre_localidad`, `ambito`, `municipio_idmunicipio`)",VALUES (,"11,""Casa Blanca"",""R"",37",);
12,Ciénega Grande,R,37,,"INSERT INTO `mydb`.`localidades` (`idlocalidades`, `nombre_localidad`, `ambito`, `municipio_idmunicipio`)",VALUES (,"12,""Ciénega Grande"",""R"",37",);
14,Los Charcos,R,37,,"INSERT INTO `mydb`.`localidades` (`idlocalidades`, `nombre_localidad`, `ambito`, `municipio_idmunicipio`)",VALUES (,"14,""Los Charcos"",""R"",37",);
16,La Escondida,R,37,,"INSERT INTO `mydb`.`localidades` (`idlocalidades`, `nombre_localidad`, `ambito`, `municipio_idmunicipio`)",VALUES (,"16,""La Escondida"",""R"",37",);
18,El Fresnito,R,37,,"INSERT INTO `mydb`.`localidades` (`idlocalidades`, `nombre_localidad`, `ambito`, `municipio_idmunicipio`)",VALUES (,"18,""El Fresnito"",""R"",37",);
19,Galeras,R,37,,"INSERT INTO `mydb`.`localidades` (`idlocalidades`, `nombre_localidad`, `ambito`, `municipio_idmunicipio`)",VALUES (,"19,""Galeras"",""R"",37",);
20,El Garabatal,R,37,,"INSERT INTO `mydb`.`localidades` (`idlocalidades`, `nombre_localidad`, `ambito`, `municipio_idmunicipio`)",VALUES (,"20,""El Garabatal"",""R"",37",);
23,Guayacán,R,37,,"INSERT INTO `mydb`.`localidades` (`idlocalidades`, `nombre_localidad`, `ambito`, `municipio_idmunicipio`)",VALUES (,"23,""Guayacán"",""R"",37",);
24,El Limosín,R,37,,"INSERT INTO `mydb`.`localidades` (`idlocalidades`, `nombre_localidad`, `ambito`, `municipio_idmunicipio`)",VALUES (,"24,""El Limosín"",""R"",37",);
25,La Luz,R,37,,"INSERT INTO `mydb`.`localidades` (`idlocalidades`, `nombre_localidad`, `ambito`, `municipio_idmunicipio`)",VALUES (,"25,""La Luz"",""R"",37",);
29,Minas Viejas,R,37,,"INSERT INTO `mydb`.`localidades` (`idlocalidades`, `nombre_localidad`, `ambito`, `municipio_idmunicipio`)",VALUES (,"29,""Minas Viejas"",""R"",37",);
30,Mojarras,R,37,,"INSERT INTO `mydb`.`localidades` (`idlocalidades`, `nombre_localidad`, `ambito`, `municipio_idmunicipio`)",VALUES (,"30,""Mojarras"",""R"",37",);
32,La Mota,R,37,,"INSERT INTO `mydb`.`localidades` (`idlocalidades`, `nombre_localidad`, `ambito`, `municipio_idmunicipio`)",VALUES (,"32,""La Mota"",""R"",37",);
34,El Álamo,R,37,,"INSERT INTO `mydb`.`localidades` (`idlocalidades`, `nombre_localidad`, `ambito`, `municipio_idmunicipio`)",VALUES (,"34,""El Álamo"",""R"",37",);
37,Palo Blanco,R,37,,"INSERT INTO `mydb`.`localidades` (`idlocalidades`, `nombre_localidad`, `ambito`, `municipio_idmunicipio`)",VALUES (,"37,""Palo Blanco"",""R"",37",);
39,El Porvenir,R,37,,"INSERT INTO `mydb`.`localidades` (`idlocalidades`, `nombre_localidad`, `ambito`, `municipio_idmunicipio`)",VALUES (,"39,""El Porvenir"",""R"",37",);
40,El Potrero,R,37,,"INSERT INTO `mydb`.`localidades` (`idlocalidades`, `nombre_localidad`, `ambito`, `municipio_idmunicipio`)",VALUES (,"40,""El Potrero"",""R"",37",);
42,San Carlos,R,37,,"INSERT INTO `mydb`.`localidades` (`idlocalidades`, `nombre_localidad`, `ambito`, `municipio_idmunicipio`)",VALUES (,"42,""San Carlos"",""R"",37",);
43,San Diego,R,37,,"INSERT INTO `mydb`.`localidades` (`idlocalidades`, `nombre_localidad`, `ambito`, `municipio_idmunicipio`)",VALUES (,"43,""San Diego"",""R"",37",);
44,Santa Ana,R,37,,"INSERT INTO `mydb`.`localidades` (`idlocalidades`, `nombre_localidad`, `ambito`, `municipio_idmunicipio`)",VALUES (,"44,""Santa Ana"",""R"",37",);
45,Santa Fe,R,37,,"INSERT INTO `mydb`.`localidades` (`idlocalidades`, `nombre_localidad`, `ambito`, `municipio_idmunicipio`)",VALUES (,"45,""Santa Fe"",""R"",37",);
49,Las Uvas,R,37,,"INSERT INTO `mydb`.`localidades` (`idlocalidades`, `nombre_localidad`, `ambito`, `municipio_idmunicipio`)",VALUES (,"49,""Las Uvas"",""R"",37",);
50,El Pasito,R,37,,"INSERT INTO `mydb`.`localidades` (`idlocalidades`, `nombre_localidad`, `ambito`, `municipio_idmunicipio`)",VALUES (,"50,""El Pasito"",""R"",37",);
51,La Alegría,R,37,,"INSERT INTO `mydb`.`localidades` (`idlocalidades`, `nombre_localidad`, `ambito`, `municipio_idmunicipio`)",VALUES (,"51,""La Alegría"",""R"",37",);
53,El Cedrito,R,37,,"INSERT INTO `mydb`.`localidades` (`idlocalidades`, `nombre_localidad`, `ambito`, `municipio_idmunicipio`)",VALUES (,"53,""El Cedrito"",""R"",37",);
54,El Comandante,R,37,,"INSERT INTO `mydb`.`localidades` (`idlocalidades`, `nombre_localidad`, `ambito`, `municipio_idmunicipio`)",VALUES (,"54,""El Comandante"",""R"",37",);
55,El Cimarrón,R,37,,"INSERT INTO `mydb`.`localidades` (`idlocalidades`, `nombre_localidad`, `ambito`, `municipio_idmunicipio`)",VALUES (,"55,""El Cimarrón"",""R"",37",);
56,El Chupadero,R,37,,"INSERT INTO `mydb`.`localidades` (`idlocalidades`, `nombre_localidad`, `ambito`, `municipio_idmunicipio`)",VALUES (,"56,""El Chupadero"",""R"",37",);
57,La Escondida,R,37,,"INSERT INTO `mydb`.`localidades` (`idlocalidades`, `nombre_localidad`, `ambito`, `municipio_idmunicipio`)",VALUES (,"57,""La Escondida"",""R"",37",);
58,Guadalupe,R,37,,"INSERT INTO `mydb`.`localidades` (`idlocalidades`, `nombre_localidad`, `ambito`, `municipio_idmunicipio`)",VALUES (,"58,""Guadalupe"",""R"",37",);
60,La Iguana,R,37,,"INSERT INTO `mydb`.`localidades` (`idlocalidades`, `nombre_localidad`, `ambito`, `municipio_idmunicipio`)",VALUES (,"60,""La Iguana"",""R"",37",);
61,Las Flores,R,37,,"INSERT INTO `mydb`.`localidades` (`idlocalidades`, `nombre_localidad`, `ambito`, `municipio_idmunicipio`)",VALUES (,"61,""Las Flores"",""R"",37",);
62,La Jauja,R,37,,"INSERT INTO `mydb`.`localidades` (`idlocalidades`, `nombre_localidad`, `ambito`, `municipio_idmunicipio`)",VALUES (,"62,""La Jauja"",""R"",37",);
66,Los Liras,R,37,,"INSERT INTO `mydb`.`localidades` (`idlocalidades`, `nombre_localidad`, `ambito`, `municipio_idmunicipio`)",VALUES (,"66,""Los Liras"",""R"",37",);
67,Casa Blanca Dos,R,37,,"INSERT INTO `mydb`.`localidades` (`idlocalidades`, `nombre_localidad`, `ambito`, `municipio_idmunicipio`)",VALUES (,"67,""Casa Blanca Dos"",""R"",37",);
68,Santa Margarita,R,37,,"INSERT INTO `mydb`.`localidades` (`idlocalidades`, `nombre_localidad`, `ambito`, `municipio_idmunicipio`)",VALUES (,"68,""Santa Margarita"",""R"",37",);
69,El Millón (El Milagro),R,37,,"INSERT INTO `mydb`.`localidades` (`idlocalidades`, `nombre_localidad`, `ambito`, `municipio_idmunicipio`)",VALUES (,"69,""El Millón (El Milagro)"",""R"",37",);
71,La Mona,R,37,,"INSERT INTO `mydb`.`localidades` (`idlocalidades`, `nombre_localidad`, `ambito`, `municipio_idmunicipio`)",VALUES (,"71,""La Mona"",""R"",37",);
72,El Moran,R,37,,"INSERT INTO `mydb`.`localidades` (`idlocalidades`, `nombre_localidad`, `ambito`, `municipio_idmunicipio`)",VALUES (,"72,""El Moran"",""R"",37",);
73,Las Moras,R,37,,"INSERT INTO `mydb`.`localidades` (`idlocalidades`, `nombre_localidad`, `ambito`, `municipio_idmunicipio`)",VALUES (,"73,""Las Moras"",""R"",37",);
74,El Venadito (La Mezquitosa),R,37,,"INSERT INTO `mydb`.`localidades` (`idlocalidades`, `nombre_localidad`, `ambito`, `municipio_idmunicipio`)",VALUES (,"74,""El Venadito (La Mezquitosa)"",""R"",37",);
75,La Mota del Burro,R,37,,"INSERT INTO `mydb`.`localidades` (`idlocalidades`, `nombre_localidad`, `ambito`, `municipio_idmunicipio`)",VALUES (,"75,""La Mota del Burro"",""R"",37",);
77,El Nogal,R,37,,"INSERT INTO `mydb`.`localidades` (`idlocalidades`, `nombre_localidad`, `ambito`, `municipio_idmunicipio`)",VALUES (,"77,""El Nogal"",""R"",37",);
78,Huerta María de Lourdes,R,37,,"INSERT INTO `mydb`.`localidades` (`idlocalidades`, `nombre_localidad`, `ambito`, `municipio_idmunicipio`)",VALUES (,"78,""Huerta María de Lourdes"",""R"",37",);
79,El Nogalito,R,37,,"INSERT INTO `mydb`.`localidades` (`idlocalidades`, `nombre_localidad`, `ambito`, `municipio_idmunicipio`)",VALUES (,"79,""El Nogalito"",""R"",37",);
81,Los Ojitos,R,37,,"INSERT INTO `mydb`.`localidades` (`idlocalidades`, `nombre_localidad`, `ambito`, `municipio_idmunicipio`)",VALUES (,"81,""Los Ojitos"",""R"",37",);
82,Ojo de Agua,R,37,,"INSERT INTO `mydb`.`localidades` (`idlocalidades`, `nombre_localidad`, `ambito`, `municipio_idmunicipio`)",VALUES (,"82,""Ojo de Agua"",""R"",37",);
83,La Palangana,R,37,,"INSERT INTO `mydb`.`localidades` (`idlocalidades`, `nombre_localidad`, `ambito`, `municipio_idmunicipio`)",VALUES (,"83,""La Palangana"",""R"",37",);
84,Palo Blanco,R,37,,"INSERT INTO `mydb`.`localidades` (`idlocalidades`, `nombre_localidad`, `ambito`, `municipio_idmunicipio`)",VALUES (,"84,""Palo Blanco"",""R"",37",);
86,El Pasito Dos,R,37,,"INSERT INTO `mydb`.`localidades` (`idlocalidades`, `nombre_localidad`, `ambito`, `municipio_idmunicipio`)",VALUES (,"86,""El Pasito Dos"",""R"",37",);
87,Paty,R,37,,"INSERT INTO `mydb`.`localidades` (`idlocalidades`, `nombre_localidad`, `ambito`, `municipio_idmunicipio`)",VALUES (,"87,""Paty"",""R"",37",);
88,Peyotes,R,37,,"INSERT INTO `mydb`.`localidades` (`idlocalidades`, `nombre_localidad`, `ambito`, `municipio_idmunicipio`)",VALUES (,"88,""Peyotes"",""R"",37",);
90,Los Realitos,R,37,,"INSERT INTO `mydb`.`localidades` (`idlocalidades`, `nombre_localidad`, `ambito`, `municipio_idmunicipio`)",VALUES (,"90,""Los Realitos"",""R"",37",);
92,El Sacrificio,R,37,,"INSERT INTO `mydb`.`localidades` (`idlocalidades`, `nombre_localidad`, `ambito`, `municipio_idmunicipio`)",VALUES (,"92,""El Sacrificio"",""R"",37",);
94,San Francisco,R,37,,"INSERT INTO `mydb`.`localidades` (`idlocalidades`, `nombre_localidad`, `ambito`, `municipio_idmunicipio`)",VALUES (,"94,""San Francisco"",""R"",37",);
95,San Juan,R,37,,"INSERT INTO `mydb`.`localidades` (`idlocalidades`, `nombre_localidad`, `ambito`, `municipio_idmunicipio`)",VALUES (,"95,""San Juan"",""R"",37",);
96,Santo Cristo,R,37,,"INSERT INTO `mydb`.`localidades` (`idlocalidades`, `nombre_localidad`, `ambito`, `municipio_idmunicipio`)",VALUES (,"96,""Santo Cristo"",""R"",37",);
97,Santa Isabel,R,37,,"INSERT INTO `mydb`.`localidades` (`idlocalidades`, `nombre_localidad`, `ambito`, `municipio_idmunicipio`)",VALUES (,"97,""Santa Isabel"",""R"",37",);
98,El Setenta,R,37,,"INSERT INTO `mydb`.`localidades` (`idlocalidades`, `nombre_localidad`, `ambito`, `municipio_idmunicipio`)",VALUES (,"98,""El Setenta"",""R"",37",);
100,Rancho Grande,R,37,,"INSERT INTO `mydb`.`localidades` (`idlocalidades`, `nombre_localidad`, `ambito`, `municipio_idmunicipio`)",VALUES (,"100,""Rancho Grande"",""R"",37",);
102,Rancho Verde,R,37,,"INSERT INTO `mydb`.`localidades` (`idlocalidades`, `nombre_localidad`, `ambito`, `municipio_idmunicipio`)",VALUES (,"102,""Rancho Verde"",""R"",37",);
103,Loma del Patrón,R,37,,"INSERT INTO `mydb`.`localidades` (`idlocalidades`, `nombre_localidad`, `ambito`, `municipio_idmunicipio`)",VALUES (,"103,""Loma del Patrón"",""R"",37",);
104,Villarreal,R,37,,"INSERT INTO `mydb`.`localidades` (`idlocalidades`, `nombre_localidad`, `ambito`, `municipio_idmunicipio`)",VALUES (,"104,""Villarreal"",""R"",37",);
105,El Vive,R,37,,"INSERT INTO `mydb`.`localidades` (`idlocalidades`, `nombre_localidad`, `ambito`, `municipio_idmunicipio`)",VALUES (,"105,""El Vive"",""R"",37",);
106,La Zacatosa,R,37,,"INSERT INTO `mydb`.`localidades` (`idlocalidades`, `nombre_localidad`, `ambito`, `municipio_idmunicipio`)",VALUES (,"106,""La Zacatosa"",""R"",37",);
108,Amparito,R,37,,"INSERT INTO `mydb`.`localidades` (`idlocalidades`, `nombre_localidad`, `ambito`, `municipio_idmunicipio`)",VALUES (,"108,""Amparito"",""R"",37",);
110,Huerta Beatriz,R,37,,"INSERT INTO `mydb`.`localidades` (`idlocalidades`, `nombre_localidad`, `ambito`, `municipio_idmunicipio`)",VALUES (,"110,""Huerta Beatriz"",""R"",37",);
111,Pablo Rodríguez,R,37,,"INSERT INTO `mydb`.`localidades` (`idlocalidades`, `nombre_localidad`, `ambito`, `municipio_idmunicipio`)",VALUES (,"111,""Pablo Rodríguez"",""R"",37",);
112,Buena Vista,R,37,,"INSERT INTO `mydb`.`localidades` (`idlocalidades`, `nombre_localidad`, `ambito`, `municipio_idmunicipio`)",VALUES (,"112,""Buena Vista"",""R"",37",);
115,El Caracol,R,37,,"INSERT INTO `mydb`.`localidades` (`idlocalidades`, `nombre_localidad`, `ambito`, `municipio_idmunicipio`)",VALUES (,"115,""El Caracol"",""R"",37",);
116,Casa Blanca,R,37,,"INSERT INTO `mydb`.`localidades` (`idlocalidades`, `nombre_localidad`, `ambito`, `municipio_idmunicipio`)",VALUES (,"116,""Casa Blanca"",""R"",37",);
117,Chupadero,R,37,,"INSERT INTO `mydb`.`localidades` (`idlocalidades`, `nombre_localidad`, `ambito`, `municipio_idmunicipio`)",VALUES (,"117,""Chupadero"",""R"",37",);
119,El Arcoíris (Los Dávila),R,37,,"INSERT INTO `mydb`.`localidades` (`idlocalidades`, `nombre_localidad`, `ambito`, `municipio_idmunicipio`)",VALUES (,"119,""El Arcoíris (Los Dávila)"",""R"",37",);
120,El Encino,R,37,,"INSERT INTO `mydb`.`localidades` (`idlocalidades`, `nombre_localidad`, `ambito`, `municipio_idmunicipio`)",VALUES (,"120,""El Encino"",""R"",37",);
121,Ex-Hacienda de Santa Ana,R,37,,"INSERT INTO `mydb`.`localidades` (`idlocalidades`, `nombre_localidad`, `ambito`, `municipio_idmunicipio`)",VALUES (,"121,""Ex-Hacienda de Santa Ana"",""R"",37",);
122,Palo Blanco Dos,R,37,,"INSERT INTO `mydb`.`localidades` (`idlocalidades`, `nombre_localidad`, `ambito`, `municipio_idmunicipio`)",VALUES (,"122,""Palo Blanco Dos"",""R"",37",);
125,Lomas del Tule,R,37,,"INSERT INTO `mydb`.`localidades` (`idlocalidades`, `nombre_localidad`, `ambito`, `municipio_idmunicipio`)",VALUES (,"125,""Lomas del Tule"",""R"",37",);
126,La Gloria,R,37,,"INSERT INTO `mydb`.`localidades` (`idlocalidades`, `nombre_localidad`, `ambito`, `municipio_idmunicipio`)",VALUES (,"126,""La Gloria"",""R"",37",);
128,El Herradero,R,37,,"INSERT INTO `mydb`.`localidades` (`idlocalidades`, `nombre_localidad`, `ambito`, `municipio_idmunicipio`)",VALUES (,"128,""El Herradero"",""R"",37",);
129,Loma Pinta (Las Jaritas),R,37,,"INSERT INTO `mydb`.`localidades` (`idlocalidades`, `nombre_localidad`, `ambito`, `municipio_idmunicipio`)",VALUES (,"129,""Loma Pinta (Las Jaritas)"",""R"",37",);
130,La Luz Vieja,R,37,,"INSERT INTO `mydb`.`localidades` (`idlocalidades`, `nombre_localidad`, `ambito`, `municipio_idmunicipio`)",VALUES (,"130,""La Luz Vieja"",""R"",37",);
132,Matamoreño,R,37,,"INSERT INTO `mydb`.`localidades` (`idlocalidades`, `nombre_localidad`, `ambito`, `municipio_idmunicipio`)",VALUES (,"132,""Matamoreño"",""R"",37",);
133,Las Encinas (La Mota de en Medio),R,37,,"INSERT INTO `mydb`.`localidades` (`idlocalidades`, `nombre_localidad`, `ambito`, `municipio_idmunicipio`)",VALUES (,"133,""Las Encinas (La Mota de en Medio)"",""R"",37",);
134,El Nogalón,R,37,,"INSERT INTO `mydb`.`localidades` (`idlocalidades`, `nombre_localidad`, `ambito`, `municipio_idmunicipio`)",VALUES (,"134,""El Nogalón"",""R"",37",);
135,Ojo de Agua de San Diego,R,37,,"INSERT INTO `mydb`.`localidades` (`idlocalidades`, `nombre_localidad`, `ambito`, `municipio_idmunicipio`)",VALUES (,"135,""Ojo de Agua de San Diego"",""R"",37",);
136,Palmira,R,37,,"INSERT INTO `mydb`.`localidades` (`idlocalidades`, `nombre_localidad`, `ambito`, `municipio_idmunicipio`)",VALUES (,"136,""Palmira"",""R"",37",);
138,El Refugio,R,37,,"INSERT INTO `mydb`.`localidades` (`idlocalidades`, `nombre_localidad`, `ambito`, `municipio_idmunicipio`)",VALUES (,"138,""El Refugio"",""R"",37",);
139,San Francisco,R,37,,"INSERT INTO `mydb`.`localidades` (`idlocalidades`, `nombre_localidad`, `ambito`, `municipio_idmunicipio`)",VALUES (,"139,""San Francisco"",""R"",37",);
141,Los Roles,R,37,,"INSERT INTO `mydb`.`localidades` (`idlocalidades`, `nombre_localidad`, `ambito`, `municipio_idmunicipio`)",VALUES (,"141,""Los Roles"",""R"",37",);
142,El Chupadero,R,37,,"INSERT INTO `mydb`.`localidades` (`idlocalidades`, `nombre_localidad`, `ambito`, `municipio_idmunicipio`)",VALUES (,"142,""El Chupadero"",""R"",37",);
148,Las Cruces,R,37,,"INSERT INTO `mydb`.`localidades` (`idlocalidades`, `nombre_localidad`, `ambito`, `municipio_idmunicipio`)",VALUES (,"148,""Las Cruces"",""R"",37",);
150,San José del Carmen,R,37,,"INSERT INTO `mydb`.`localidades` (`idlocalidades`, `nombre_localidad`, `ambito`, `municipio_idmunicipio`)",VALUES (,"150,""San José del Carmen"",""R"",37",);
151,Mario Lara,R,37,,"INSERT INTO `mydb`.`localidades` (`idlocalidades`, `nombre_localidad`, `ambito`, `municipio_idmunicipio`)",VALUES (,"151,""Mario Lara"",""R"",37",);
152,Pedro Reyes,R,37,,"INSERT INTO `mydb`.`localidades` (`idlocalidades`, `nombre_localidad`, `ambito`, `municipio_idmunicipio`)",VALUES (,"152,""Pedro Reyes"",""R"",37",);
154,Los Cuates Uno,R,37,,"INSERT INTO `mydb`.`localidades` (`idlocalidades`, `nombre_localidad`, `ambito`, `municipio_idmunicipio`)",VALUES (,"154,""Los Cuates Uno"",""R"",37",);
156,"Loma Alta [Club de Tiro, Caza y Pesca]",R,37,,"INSERT INTO `mydb`.`localidades` (`idlocalidades`, `nombre_localidad`, `ambito`, `municipio_idmunicipio`)",VALUES (,"156,""Loma Alta [Club de Tiro, Caza y Pesca]"",""R"",37",);
157,El Gavilán,R,37,,"INSERT INTO `mydb`.`localidades` (`idlocalidades`, `nombre_localidad`, `ambito`, `municipio_idmunicipio`)",VALUES (,"157,""El Gavilán"",""R"",37",);
158,Ernesto González,R,37,,"INSERT INTO `mydb`.`localidades` (`idlocalidades`, `nombre_localidad`, `ambito`, `municipio_idmunicipio`)",VALUES (,"158,""Ernesto González"",""R"",37",);
160,Juan Manuel Arizpe,R,37,,"INSERT INTO `mydb`.`localidades` (`idlocalidades`, `nombre_localidad`, `ambito`, `municipio_idmunicipio`)",VALUES (,"160,""Juan Manuel Arizpe"",""R"",37",);
161,Conrado Arizpe,R,37,,"INSERT INTO `mydb`.`localidades` (`idlocalidades`, `nombre_localidad`, `ambito`, `municipio_idmunicipio`)",VALUES (,"161,""Conrado Arizpe"",""R"",37",);
162,Petra de Luna,R,37,,"INSERT INTO `mydb`.`localidades` (`idlocalidades`, `nombre_localidad`, `ambito`, `municipio_idmunicipio`)",VALUES (,"162,""Petra de Luna"",""R"",37",);
163,El Silencio (Sección K-R Noventa),R,37,,"INSERT INTO `mydb`.`localidades` (`idlocalidades`, `nombre_localidad`, `ambito`, `municipio_idmunicipio`)",VALUES (,"163,""El Silencio (Sección K-R Noventa)"",""R"",37",);
164,Santa Eulalia,R,37,,"INSERT INTO `mydb`.`localidades` (`idlocalidades`, `nombre_localidad`, `ambito`, `municipio_idmunicipio`)",VALUES (,"164,""Santa Eulalia"",""R"",37",);
165,Antonio Martínez,R,37,,"INSERT INTO `mydb`.`localidades` (`idlocalidades`, `nombre_localidad`, `ambito`, `municipio_idmunicipio`)",VALUES (,"165,""Antonio Martínez"",""R"",37",);
166,Adolfo Melchor,R,37,,"INSERT INTO `mydb`.`localidades` (`idlocalidades`, `nombre_localidad`, `ambito`, `municipio_idmunicipio`)",VALUES (,"166,""Adolfo Melchor"",""R"",37",);
167,Santa Isabel Dos,R,37,,"INSERT INTO `mydb`.`localidades` (`idlocalidades`, `nombre_localidad`, `ambito`, `municipio_idmunicipio`)",VALUES (,"167,""Santa Isabel Dos"",""R"",37",);
168,Caballo Blanco,R,37,,"INSERT INTO `mydb`.`localidades` (`idlocalidades`, `nombre_localidad`, `ambito`, `municipio_idmunicipio`)",VALUES (,"168,""Caballo Blanco"",""R"",37",);
172,Las Margaritas,R,37,,"INSERT INTO `mydb`.`localidades` (`idlocalidades`, `nombre_localidad`, `ambito`, `municipio_idmunicipio`)",VALUES (,"172,""Las Margaritas"",""R"",37",);
173,Cruz Castillo,R,37,,"INSERT INTO `mydb`.`localidades` (`idlocalidades`, `nombre_localidad`, `ambito`, `municipio_idmunicipio`)",VALUES (,"173,""Cruz Castillo"",""R"",37",);
174,Vicente Niño,R,37,,"INSERT INTO `mydb`.`localidades` (`idlocalidades`, `nombre_localidad`, `ambito`, `municipio_idmunicipio`)",VALUES (,"174,""Vicente Niño"",""R"",37",);
175,El Divisadero (Jaime López),R,37,,"INSERT INTO `mydb`.`localidades` (`idlocalidades`, `nombre_localidad`, `ambito`, `municipio_idmunicipio`)",VALUES (,"175,""El Divisadero (Jaime López)"",""R"",37",);
176,Francisco Garza,R,37,,"INSERT INTO `mydb`.`localidades` (`idlocalidades`, `nombre_localidad`, `ambito`, `municipio_idmunicipio`)",VALUES (,"176,""Francisco Garza"",""R"",37",);
179,Caballo Blanco,R,37,,"INSERT INTO `mydb`.`localidades` (`idlocalidades`, `nombre_localidad`, `ambito`, `municipio_idmunicipio`)",VALUES (,"179,""Caballo Blanco"",""R"",37",);
181,Juan Antonio Martínez,R,37,,"INSERT INTO `mydb`.`localidades` (`idlocalidades`, `nombre_localidad`, `ambito`, `municipio_idmunicipio`)",VALUES (,"181,""Juan Antonio Martínez"",""R"",37",);
182,Los Venados (Benecio Esteban Martínez),R,37,,"INSERT INTO `mydb`.`localidades` (`idlocalidades`, `nombre_localidad`, `ambito`, `municipio_idmunicipio`)",VALUES (,"182,""Los Venados (Benecio Esteban Martínez)"",""R"",37",);
183,Las Alcantarillas,R,37,,"INSERT INTO `mydb`.`localidades` (`idlocalidades`, `nombre_localidad`, `ambito`, `municipio_idmunicipio`)",VALUES (,"183,""Las Alcantarillas"",""R"",37",);
185,El Fresno,R,37,,"INSERT INTO `mydb`.`localidades` (`idlocalidades`, `nombre_localidad`, `ambito`, `municipio_idmunicipio`)",VALUES (,"185,""El Fresno"",""R"",37",);
186,Yolanda Martínez,R,37,,"INSERT INTO `mydb`.`localidades` (`idlocalidades`, `nombre_localidad`, `ambito`, `municipio_idmunicipio`)",VALUES (,"186,""Yolanda Martínez"",""R"",37",);
187,Espinoza,R,37,,"INSERT INTO `mydb`.`localidades` (`idlocalidades`, `nombre_localidad`, `ambito`, `municipio_idmunicipio`)",VALUES (,"187,""Espinoza"",""R"",37",);
188,Manuel Arreola,R,37,,"INSERT INTO `mydb`.`localidades` (`idlocalidades`, `nombre_localidad`, `ambito`, `municipio_idmunicipio`)",VALUES (,"188,""Manuel Arreola"",""R"",37",);
189,La Morita,R,37,,"INSERT INTO `mydb`.`localidades` (`idlocalidades`, `nombre_localidad`, `ambito`, `municipio_idmunicipio`)",VALUES (,"189,""La Morita"",""R"",37",);
190,Conrado Martínez,R,37,,"INSERT INTO `mydb`.`localidades` (`idlocalidades`, `nombre_localidad`, `ambito`, `municipio_idmunicipio`)",VALUES (,"190,""Conrado Martínez"",""R"",37",);
192,Hilario García,R,37,,"INSERT INTO `mydb`.`localidades` (`idlocalidades`, `nombre_localidad`, `ambito`, `municipio_idmunicipio`)",VALUES (,"192,""Hilario García"",""R"",37",);
193,Rito Castilleja González,R,37,,"INSERT INTO `mydb`.`localidades` (`idlocalidades`, `nombre_localidad`, `ambito`, `municipio_idmunicipio`)",VALUES (,"193,""Rito Castilleja González"",""R"",37",);
194,Moto Muñoz,R,37,,"INSERT INTO `mydb`.`localidades` (`idlocalidades`, `nombre_localidad`, `ambito`, `municipio_idmunicipio`)",VALUES (,"194,""Moto Muñoz"",""R"",37",);
195,Casa Blanca,R,37,,"INSERT INTO `mydb`.`localidades` (`idlocalidades`, `nombre_localidad`, `ambito`, `municipio_idmunicipio`)",VALUES (,"195,""Casa Blanca"",""R"",37",);
196,Dos Hermanas,R,37,,"INSERT INTO `mydb`.`localidades` (`idlocalidades`, `nombre_localidad`, `ambito`, `municipio_idmunicipio`)",VALUES (,"196,""Dos Hermanas"",""R"",37",);
197,Ricardo Cárdenas,R,37,,"INSERT INTO `mydb`.`localidades` (`idlocalidades`, `nombre_localidad`, `ambito`, `municipio_idmunicipio`)",VALUES (,"197,""Ricardo Cárdenas"",""R"",37",);
198,Jorge Villarreal,R,37,,"INSERT INTO `mydb`.`localidades` (`idlocalidades`, `nombre_localidad`, `ambito`, `municipio_idmunicipio`)",VALUES (,"198,""Jorge Villarreal"",""R"",37",);
199,El Amparo,R,37,,"INSERT INTO `mydb`.`localidades` (`idlocalidades`, `nombre_localidad`, `ambito`, `municipio_idmunicipio`)",VALUES (,"199,""El Amparo"",""R"",37",);
200,La Lajita,R,37,,"INSERT INTO `mydb`.`localidades` (`idlocalidades`, `nombre_localidad`, `ambito`, `municipio_idmunicipio`)",VALUES (,"200,""La Lajita"",""R"",37",);
201,El Chivato,R,37,,"INSERT INTO `mydb`.`localidades` (`idlocalidades`, `nombre_localidad`, `ambito`, `municipio_idmunicipio`)",VALUES (,"201,""El Chivato"",""R"",37",);
202,La Zacatosa,R,37,,"INSERT INTO `mydb`.`localidades` (`idlocalidades`, `nombre_localidad`, `ambito`, `municipio_idmunicipio`)",VALUES (,"202,""La Zacatosa"",""R"",37",);
203,Juan Reyes,R,37,,"INSERT INTO `mydb`.`localidades` (`idlocalidades`, `nombre_localidad`, `ambito`, `municipio_idmunicipio`)",VALUES (,"203,""Juan Reyes"",""R"",37",);
204,Pedro Contreras,R,37,,"INSERT INTO `mydb`.`localidades` (`idlocalidades`, `nombre_localidad`, `ambito`, `municipio_idmunicipio`)",VALUES (,"204,""Pedro Contreras"",""R"",37",);
205,Armando Hernández,R,37,,"INSERT INTO `mydb`.`localidades` (`idlocalidades`, `nombre_localidad`, `ambito`, `municipio_idmunicipio`)",VALUES (,"205,""Armando Hernández"",""R"",37",);
206,Piedra Pinta,R,37,,"INSERT INTO `mydb`.`localidades` (`idlocalidades`, `nombre_localidad`, `ambito`, `municipio_idmunicipio`)",VALUES (,"206,""Piedra Pinta"",""R"",37",);
207,La Herradura,R,37,,"INSERT INTO `mydb`.`localidades` (`idlocalidades`, `nombre_localidad`, `ambito`, `municipio_idmunicipio`)",VALUES (,"207,""La Herradura"",""R"",37",);
208,Ernesto Acevedo,R,37,,"INSERT INTO `mydb`.`localidades` (`idlocalidades`, `nombre_localidad`, `ambito`, `municipio_idmunicipio`)",VALUES (,"208,""Ernesto Acevedo"",""R"",37",);
209,Los Nogales,R,37,,"INSERT INTO `mydb`.`localidades` (`idlocalidades`, `nombre_localidad`, `ambito`, `municipio_idmunicipio`)",VALUES (,"209,""Los Nogales"",""R"",37",);
210,Jesús Rocha,R,37,,"INSERT INTO `mydb`.`localidades` (`idlocalidades`, `nombre_localidad`, `ambito`, `municipio_idmunicipio`)",VALUES (,"210,""Jesús Rocha"",""R"",37",);
211,Margarita Rocha,R,37,,"INSERT INTO `mydb`.`localidades` (`idlocalidades`, `nombre_localidad`, `ambito`, `municipio_idmunicipio`)",VALUES (,"211,""Margarita Rocha"",""R"",37",);
212,La Lechuza,R,37,,"INSERT INTO `mydb`.`localidades` (`idlocalidades`, `nombre_localidad`, `ambito`, `municipio_idmunicipio`)",VALUES (,"212,""La Lechuza"",""R"",37",);
213,El Chapote,R,37,,"INSERT INTO `mydb`.`localidades` (`idlocalidades`, `nombre_localidad`, `ambito`, `municipio_idmunicipio`)",VALUES (,"213,""El Chapote"",""R"",37",);
214,Los Papalotes Cuates,R,37,,"INSERT INTO `mydb`.`localidades` (`idlocalidades`, `nombre_localidad`, `ambito`, `municipio_idmunicipio`)",VALUES (,"214,""Los Papalotes Cuates"",""R"",37",);
215,El Milagro,R,37,,"INSERT INTO `mydb`.`localidades` (`idlocalidades`, `nombre_localidad`, `ambito`, `municipio_idmunicipio`)",VALUES (,"215,""El Milagro"",""R"",37",);
216,Gilberto Villarreal,R,37,,"INSERT INTO `mydb`.`localidades` (`idlocalidades`, `nombre_localidad`, `ambito`, `municipio_idmunicipio`)",VALUES (,"216,""Gilberto Villarreal"",""R"",37",);
217,Ricardo Vázquez Gallegos,R,37,,"INSERT INTO `mydb`.`localidades` (`idlocalidades`, `nombre_localidad`, `ambito`, `municipio_idmunicipio`)",VALUES (,"217,""Ricardo Vázquez Gallegos"",""R"",37",);
218,Anastacio Vázquez Gallegos,R,37,,"INSERT INTO `mydb`.`localidades` (`idlocalidades`, `nombre_localidad`, `ambito`, `municipio_idmunicipio`)",VALUES (,"218,""Anastacio Vázquez Gallegos"",""R"",37",);
219,Rolando Villanueva,R,37,,"INSERT INTO `mydb`.`localidades` (`idlocalidades`, `nombre_localidad`, `ambito`, `municipio_idmunicipio`)",VALUES (,"219,""Rolando Villanueva"",""R"",37",);
220,Hilda Cobio,R,37,,"INSERT INTO `mydb`.`localidades` (`idlocalidades`, `nombre_localidad`, `ambito`, `municipio_idmunicipio`)",VALUES (,"220,""Hilda Cobio"",""R"",37",);
221,Puerto Romero,R,37,,"INSERT INTO `mydb`.`localidades` (`idlocalidades`, `nombre_localidad`, `ambito`, `municipio_idmunicipio`)",VALUES (,"221,""Puerto Romero"",""R"",37",);
222,La Potaza,R,37,,"INSERT INTO `mydb`.`localidades` (`idlocalidades`, `nombre_localidad`, `ambito`, `municipio_idmunicipio`)",VALUES (,"222,""La Potaza"",""R"",37",);
223,Jesús Rodríguez,R,37,,"INSERT INTO `mydb`.`localidades` (`idlocalidades`, `nombre_localidad`, `ambito`, `municipio_idmunicipio`)",VALUES (,"223,""Jesús Rodríguez"",""R"",37",);
224,Crescencio Frías,R,37,,"INSERT INTO `mydb`.`localidades` (`idlocalidades`, `nombre_localidad`, `ambito`, `municipio_idmunicipio`)",VALUES (,"224,""Crescencio Frías"",""R"",37",);
225,Roberto Frías,R,37,,"INSERT INTO `mydb`.`localidades` (`idlocalidades`, `nombre_localidad`, `ambito`, `municipio_idmunicipio`)",VALUES (,"225,""Roberto Frías"",""R"",37",);
226,Pedro Lira,R,37,,"INSERT INTO `mydb`.`localidades` (`idlocalidades`, `nombre_localidad`, `ambito`, `municipio_idmunicipio`)",VALUES (,"226,""Pedro Lira"",""R"",37",);
227,Juan Frías,R,37,,"INSERT INTO `mydb`.`localidades` (`idlocalidades`, `nombre_localidad`, `ambito`, `municipio_idmunicipio`)",VALUES (,"227,""Juan Frías"",""R"",37",);
228,Norberto Alarcón,R,37,,"INSERT INTO `mydb`.`localidades` (`idlocalidades`, `nombre_localidad`, `ambito`, `municipio_idmunicipio`)",VALUES (,"228,""Norberto Alarcón"",""R"",37",);
229,Antonio Frías,R,37,,"INSERT INTO `mydb`.`localidades` (`idlocalidades`, `nombre_localidad`, `ambito`, `municipio_idmunicipio`)",VALUES (,"229,""Antonio Frías"",""R"",37",);
230,Arturo Frías,R,37,,"INSERT INTO `mydb`.`localidades` (`idlocalidades`, `nombre_localidad`, `ambito`, `municipio_idmunicipio`)",VALUES (,"230,""Arturo Frías"",""R"",37",);
231,Las Jaras,R,37,,"INSERT INTO `mydb`.`localidades` (`idlocalidades`, `nombre_localidad`, `ambito`, `municipio_idmunicipio`)",VALUES (,"231,""Las Jaras"",""R"",37",);
232,Guadalupe Frías,R,37,,"INSERT INTO `mydb`.`localidades` (`idlocalidades`, `nombre_localidad`, `ambito`, `municipio_idmunicipio`)",VALUES (,"232,""Guadalupe Frías"",""R"",37",);
233,Celso Frías,R,37,,"INSERT INTO `mydb`.`localidades` (`idlocalidades`, `nombre_localidad`, `ambito`, `municipio_idmunicipio`)",VALUES (,"233,""Celso Frías"",""R"",37",);
234,Nicolás de Luna,R,37,,"INSERT INTO `mydb`.`localidades` (`idlocalidades`, `nombre_localidad`, `ambito`, `municipio_idmunicipio`)",VALUES (,"234,""Nicolás de Luna"",""R"",37",);
235,Roque Martínez,R,37,,"INSERT INTO `mydb`.`localidades` (`idlocalidades`, `nombre_localidad`, `ambito`, `municipio_idmunicipio`)",VALUES (,"235,""Roque Martínez"",""R"",37",);
236,María Leticia Valdez Rodríguez,R,37,,"INSERT INTO `mydb`.`localidades` (`idlocalidades`, `nombre_localidad`, `ambito`, `municipio_idmunicipio`)",VALUES (,"236,""María Leticia Valdez Rodríguez"",""R"",37",);
237,Palomares (Ramón de Luna),R,37,,"INSERT INTO `mydb`.`localidades` (`idlocalidades`, `nombre_localidad`, `ambito`, `municipio_idmunicipio`)",VALUES (,"237,""Palomares (Ramón de Luna)"",""R"",37",);
238,Daniel Flores,R,37,,"INSERT INTO `mydb`.`localidades` (`idlocalidades`, `nombre_localidad`, `ambito`, `municipio_idmunicipio`)",VALUES (,"238,""Daniel Flores"",""R"",37",);
239,La Amistad (Alejandro Frías),R,37,,"INSERT INTO `mydb`.`localidades` (`idlocalidades`, `nombre_localidad`, `ambito`, `municipio_idmunicipio`)",VALUES (,"239,""La Amistad (Alejandro Frías)"",""R"",37",);
240,Luis Pérez,R,37,,"INSERT INTO `mydb`.`localidades` (`idlocalidades`, `nombre_localidad`, `ambito`, `municipio_idmunicipio`)",VALUES (,"240,""Luis Pérez"",""R"",37",);
241,Dora Elia Pérez,R,37,,"INSERT INTO `mydb`.`localidades` (`idlocalidades`, `nombre_localidad`, `ambito`, `municipio_idmunicipio`)",VALUES (,"241,""Dora Elia Pérez"",""R"",37",);
242,Fundadores,R,37,,"INSERT INTO `mydb`.`localidades` (`idlocalidades`, `nombre_localidad`, `ambito`, `municipio_idmunicipio`)",VALUES (,"242,""Fundadores"",""R"",37",);
243,José Luis Lira,R,37,,"INSERT INTO `mydb`.`localidades` (`idlocalidades`, `nombre_localidad`, `ambito`, `municipio_idmunicipio`)",VALUES (,"243,""José Luis Lira"",""R"",37",);
244,Juan Raúl Méndez,R,37,,"INSERT INTO `mydb`.`localidades` (`idlocalidades`, `nombre_localidad`, `ambito`, `municipio_idmunicipio`)",VALUES (,"244,""Juan Raúl Méndez"",""R"",37",);
245,Guillermo Ochoa,R,37,,"INSERT INTO `mydb`.`localidades` (`idlocalidades`, `nombre_localidad`, `ambito`, `municipio_idmunicipio`)",VALUES (,"245,""Guillermo Ochoa"",""R"",37",);
246,Santana Ortiz,R,37,,"INSERT INTO `mydb`.`localidades` (`idlocalidades`, `nombre_localidad`, `ambito`, `municipio_idmunicipio`)",VALUES (,"246,""Santana Ortiz"",""R"",37",);
247,La Morita,R,37,,"INSERT INTO `mydb`.`localidades` (`idlocalidades`, `nombre_localidad`, `ambito`, `municipio_idmunicipio`)",VALUES (,"247,""La Morita"",""R"",37",);
248,Los Aguilares (Alejandro Aguilar),R,37,,"INSERT INTO `mydb`.`localidades` (`idlocalidades`, `nombre_localidad`, `ambito`, `municipio_idmunicipio`)",VALUES (,"248,""Los Aguilares (Alejandro Aguilar)"",""R"",37",);
249,El Nogalito (Daniel Frías),R,37,,"INSERT INTO `mydb`.`localidades` (`idlocalidades`, `nombre_localidad`, `ambito`, `municipio_idmunicipio`)",VALUES (,"249,""El Nogalito (Daniel Frías)"",""R"",37",);
250,Jesús Frías,R,37,,"INSERT INTO `mydb`.`localidades` (`idlocalidades`, `nombre_localidad`, `ambito`, `municipio_idmunicipio`)",VALUES (,"250,""Jesús Frías"",""R"",37",);
251,Rafaela Salomón,R,37,,"INSERT INTO `mydb`.`localidades` (`idlocalidades`, `nombre_localidad`, `ambito`, `municipio_idmunicipio`)",VALUES (,"251,""Rafaela Salomón"",""R"",37",);
253,Rodolfo Castellanos,R,37,,"INSERT INTO `mydb`.`localidades` (`idlocalidades`, `nombre_localidad`, `ambito`, `municipio_idmunicipio`)",VALUES (,"253,""Rodolfo Castellanos"",""R"",37",);
254,Matamoreño Viejo,R,37,,"INSERT INTO `mydb`.`localidades` (`idlocalidades`, `nombre_localidad`, `ambito`, `municipio_idmunicipio`)",VALUES (,"254,""Matamoreño Viejo"",""R"",37",);
255,San Ramón,R,37,,"INSERT INTO `mydb`.`localidades` (`idlocalidades`, `nombre_localidad`, `ambito`, `municipio_idmunicipio`)",VALUES (,"255,""San Ramón"",""R"",37",);
256,Piedra Pinta,R,37,,"INSERT INTO `mydb`.`localidades` (`idlocalidades`, `nombre_localidad`, `ambito`, `municipio_idmunicipio`)",VALUES (,"256,""Piedra Pinta"",""R"",37",);
258,Margil Garza,R,37,,"INSERT INTO `mydb`.`localidades` (`idlocalidades`, `nombre_localidad`, `ambito`, `municipio_idmunicipio`)",VALUES (,"258,""Margil Garza"",""R"",37",);
259,Guadalupe,R,37,,"INSERT INTO `mydb`.`localidades` (`idlocalidades`, `nombre_localidad`, `ambito`, `municipio_idmunicipio`)",VALUES (,"259,""Guadalupe"",""R"",37",);
260,Allende,R,37,,"INSERT INTO `mydb`.`localidades` (`idlocalidades`, `nombre_localidad`, `ambito`, `municipio_idmunicipio`)",VALUES (,"260,""Allende"",""R"",37",);
261,Raúl Cadena,R,37,,"INSERT INTO `mydb`.`localidades` (`idlocalidades`, `nombre_localidad`, `ambito`, `municipio_idmunicipio`)",VALUES (,"261,""Raúl Cadena"",""R"",37",);
262,Los Aguilares (José Elisandro Aguilar),R,37,,"INSERT INTO `mydb`.`localidades` (`idlocalidades`, `nombre_localidad`, `ambito`, `municipio_idmunicipio`)",VALUES (,"262,""Los Aguilares (José Elisandro Aguilar)"",""R"",37",);
263,Ezequiel Fuentes Muñoz,R,37,,"INSERT INTO `mydb`.`localidades` (`idlocalidades`, `nombre_localidad`, `ambito`, `municipio_idmunicipio`)",VALUES (,"263,""Ezequiel Fuentes Muñoz"",""R"",37",);
264,El Silencio,R,37,,"INSERT INTO `mydb`.`localidades` (`idlocalidades`, `nombre_localidad`, `ambito`, `municipio_idmunicipio`)",VALUES (,"264,""El Silencio"",""R"",37",);
266,Gerónimo Elizondo Buendía,R,37,,"INSERT INTO `mydb`.`localidades` (`idlocalidades`, `nombre_localidad`, `ambito`, `municipio_idmunicipio`)",VALUES (,"266,""Gerónimo Elizondo Buendía"",""R"",37",);
267,Benjamín López,R,37,,"INSERT INTO `mydb`.`localidades` (`idlocalidades`, `nombre_localidad`, `ambito`, `municipio_idmunicipio`)",VALUES (,"267,""Benjamín López"",""R"",37",);
268,Enrique Mendoza Guajardo,R,37,,"INSERT INTO `mydb`.`localidades` (`idlocalidades`, `nombre_localidad`, `ambito`, `municipio_idmunicipio`)",VALUES (,"268,""Enrique Mendoza Guajardo"",""R"",37",);
269,Evaristo Espinoza Pérez,R,37,,"INSERT INTO `mydb`.`localidades` (`idlocalidades`, `nombre_localidad`, `ambito`, `municipio_idmunicipio`)",VALUES (,"269,""Evaristo Espinoza Pérez"",""R"",37",);
270,El Faisán,R,37,,"INSERT INTO `mydb`.`localidades` (`idlocalidades`, `nombre_localidad`, `ambito`, `municipio_idmunicipio`)",VALUES (,"270,""El Faisán"",""R"",37",);
271,Hacienda la Trinidad,R,37,,"INSERT INTO `mydb`.`localidades` (`idlocalidades`, `nombre_localidad`, `ambito`, `municipio_idmunicipio`)",VALUES (,"271,""Hacienda la Trinidad"",""R"",37",);
272,El Ingeniero,R,37,,"INSERT INTO `mydb`.`localidades` (`idlocalidades`, `nombre_localidad`, `ambito`, `municipio_idmunicipio`)",VALUES (,"272,""El Ingeniero"",""R"",37",);
273,Higinio Delgado Ortiz,R,37,,"INSERT INTO `mydb`.`localidades` (`idlocalidades`, `nombre_localidad`, `ambito`, `municipio_idmunicipio`)",VALUES (,"273,""Higinio Delgado Ortiz"",""R"",37",);
274,Jesús Aguilar,R,37,,"INSERT INTO `mydb`.`localidades` (`idlocalidades`, `nombre_localidad`, `ambito`, `municipio_idmunicipio`)",VALUES (,"274,""Jesús Aguilar"",""R"",37",);
275,José Hernández,R,37,,"INSERT INTO `mydb`.`localidades` (`idlocalidades`, `nombre_localidad`, `ambito`, `municipio_idmunicipio`)",VALUES (,"275,""José Hernández"",""R"",37",);
276,Juan de Luna,R,37,,"INSERT INTO `mydb`.`localidades` (`idlocalidades`, `nombre_localidad`, `ambito`, `municipio_idmunicipio`)",VALUES (,"276,""Juan de Luna"",""R"",37",);
277,Juan Ortiz de Luna,R,37,,"INSERT INTO `mydb`.`localidades` (`idlocalidades`, `nombre_localidad`, `ambito`, `municipio_idmunicipio`)",VALUES (,"277,""Juan Ortiz de Luna"",""R"",37",);
278,Los Lupes,R,37,,"INSERT INTO `mydb`.`localidades` (`idlocalidades`, `nombre_localidad`, `ambito`, `municipio_idmunicipio`)",VALUES (,"278,""Los Lupes"",""R"",37",);
279,Mario Tapia,R,37,,"INSERT INTO `mydb`.`localidades` (`idlocalidades`, `nombre_localidad`, `ambito`, `municipio_idmunicipio`)",VALUES (,"279,""Mario Tapia"",""R"",37",);
280,Mi Ranchito,R,37,,"INSERT INTO `mydb`.`localidades` (`idlocalidades`, `nombre_localidad`, `ambito`, `municipio_idmunicipio`)",VALUES (,"280,""Mi Ranchito"",""R"",37",);
281,Las Moras,R,37,,"INSERT INTO `mydb`.`localidades` (`idlocalidades`, `nombre_localidad`, `ambito`, `municipio_idmunicipio`)",VALUES (,"281,""Las Moras"",""R"",37",);
282,Oscar Segura,R,37,,"INSERT INTO `mydb`.`localidades` (`idlocalidades`, `nombre_localidad`, `ambito`, `municipio_idmunicipio`)",VALUES (,"282,""Oscar Segura"",""R"",37",);
283,El Pedregal,R,37,,"INSERT INTO `mydb`.`localidades` (`idlocalidades`, `nombre_localidad`, `ambito`, `municipio_idmunicipio`)",VALUES (,"283,""El Pedregal"",""R"",37",);
284,Río Grande,R,37,,"INSERT INTO `mydb`.`localidades` (`idlocalidades`, `nombre_localidad`, `ambito`, `municipio_idmunicipio`)",VALUES (,"284,""Río Grande"",""R"",37",);
285,San Javier,R,37,,"INSERT INTO `mydb`.`localidades` (`idlocalidades`, `nombre_localidad`, `ambito`, `municipio_idmunicipio`)",VALUES (,"285,""San Javier"",""R"",37",);
287,Juan Sánchez López,R,37,,"INSERT INTO `mydb`.`localidades` (`idlocalidades`, `nombre_localidad`, `ambito`, `municipio_idmunicipio`)",VALUES (,"287,""Juan Sánchez López"",""R"",37",);
288,Los Girasoles,R,37,,"INSERT INTO `mydb`.`localidades` (`idlocalidades`, `nombre_localidad`, `ambito`, `municipio_idmunicipio`)",VALUES (,"288,""Los Girasoles"",""R"",37",);
289,La Noria,R,37,,"INSERT INTO `mydb`.`localidades` (`idlocalidades`, `nombre_localidad`, `ambito`, `municipio_idmunicipio`)",VALUES (,"289,""La Noria"",""R"",37",);
291,Alfonso Lara Talamante,R,37,,"INSERT INTO `mydb`.`localidades` (`idlocalidades`, `nombre_localidad`, `ambito`, `municipio_idmunicipio`)",VALUES (,"291,""Alfonso Lara Talamante"",""R"",37",);
292,Las Charcas,R,37,,"INSERT INTO `mydb`.`localidades` (`idlocalidades`, `nombre_localidad`, `ambito`, `municipio_idmunicipio`)",VALUES (,"292,""Las Charcas"",""R"",37",);
293,The Eagles Paradaise,R,37,,"INSERT INTO `mydb`.`localidades` (`idlocalidades`, `nombre_localidad`, `ambito`, `municipio_idmunicipio`)",VALUES (,"293,""The Eagles Paradaise"",""R"",37",);
294,San Esteban,R,37,,"INSERT INTO `mydb`.`localidades` (`idlocalidades`, `nombre_localidad`, `ambito`, `municipio_idmunicipio`)",VALUES (,"294,""San Esteban"",""R"",37",);
295,Los Pepes,R,37,,"INSERT INTO `mydb`.`localidades` (`idlocalidades`, `nombre_localidad`, `ambito`, `municipio_idmunicipio`)",VALUES (,"295,""Los Pepes"",""R"",37",);
296,Huerta San José,R,37,,"INSERT INTO `mydb`.`localidades` (`idlocalidades`, `nombre_localidad`, `ambito`, `municipio_idmunicipio`)",VALUES (,"296,""Huerta San José"",""R"",37",);
297,Los Palos Blancos,R,37,,"INSERT INTO `mydb`.`localidades` (`idlocalidades`, `nombre_localidad`, `ambito`, `municipio_idmunicipio`)",VALUES (,"297,""Los Palos Blancos"",""R"",37",);
298,El Tío,R,37,,"INSERT INTO `mydb`.`localidades` (`idlocalidades`, `nombre_localidad`, `ambito`, `municipio_idmunicipio`)",VALUES (,"298,""El Tío"",""R"",37",);
299,Blanca Azucena Zertuche Juárez,R,37,,"INSERT INTO `mydb`.`localidades` (`idlocalidades`, `nombre_localidad`, `ambito`, `municipio_idmunicipio`)",VALUES (,"299,""Blanca Azucena Zertuche Juárez"",""R"",37",);
300,Fito Flores,R,37,,"INSERT INTO `mydb`.`localidades` (`idlocalidades`, `nombre_localidad`, `ambito`, `municipio_idmunicipio`)",VALUES (,"300,""Fito Flores"",""R"",37",);
301,San Fernando,R,37,,"INSERT INTO `mydb`.`localidades` (`idlocalidades`, `nombre_localidad`, `ambito`, `municipio_idmunicipio`)",VALUES (,"301,""San Fernando"",""R"",37",);
302,La Gallera,R,37,,"INSERT INTO `mydb`.`localidades` (`idlocalidades`, `nombre_localidad`, `ambito`, `municipio_idmunicipio`)",VALUES (,"302,""La Gallera"",""R"",37",);
303,Santa Cecilia,R,37,,"INSERT INTO `mydb`.`localidades` (`idlocalidades`, `nombre_localidad`, `ambito`, `municipio_idmunicipio`)",VALUES (,"303,""Santa Cecilia"",""R"",37",);
304,Palos Blancos,R,37,,"INSERT INTO `mydb`.`localidades` (`idlocalidades`, `nombre_localidad`, `ambito`, `municipio_idmunicipio`)",VALUES (,"304,""Palos Blancos"",""R"",37",);
305,Santa Clara,R,37,,"INSERT INTO `mydb`.`localidades` (`idlocalidades`, `nombre_localidad`, `ambito`, `municipio_idmunicipio`)",VALUES (,"305,""Santa Clara"",""R"",37",);
