CVE_LOC,NOM_LOC,AMBITO,CVE_MUN,,,,,
1,Matamoros,U,17,,"INSERT INTO `mydb`.`localidades` (`idlocalidades`, `nombre_localidad`, `ambito`, `municipio_idmunicipio`)",VALUES (,"1,""Matamoros"",""U"",17",);
3,Atalaya,R,17,,"INSERT INTO `mydb`.`localidades` (`idlocalidades`, `nombre_localidad`, `ambito`, `municipio_idmunicipio`)",VALUES (,"3,""Atalaya"",""R"",17",);
5,Unión del Barreal,R,17,,"INSERT INTO `mydb`.`localidades` (`idlocalidades`, `nombre_localidad`, `ambito`, `municipio_idmunicipio`)",VALUES (,"5,""Unión del Barreal"",""R"",17",);
6,Benito Juárez,R,17,,"INSERT INTO `mydb`.`localidades` (`idlocalidades`, `nombre_localidad`, `ambito`, `municipio_idmunicipio`)",VALUES (,"6,""Benito Juárez"",""R"",17",);
8,El Carmen,R,17,,"INSERT INTO `mydb`.`localidades` (`idlocalidades`, `nombre_localidad`, `ambito`, `municipio_idmunicipio`)",VALUES (,"8,""El Carmen"",""R"",17",);
10,Compuertas,R,17,,"INSERT INTO `mydb`.`localidades` (`idlocalidades`, `nombre_localidad`, `ambito`, `municipio_idmunicipio`)",VALUES (,"10,""Compuertas"",""R"",17",);
11,El Consuelo,R,17,,"INSERT INTO `mydb`.`localidades` (`idlocalidades`, `nombre_localidad`, `ambito`, `municipio_idmunicipio`)",VALUES (,"11,""El Consuelo"",""R"",17",);
12,San Antonio del Coyote,U,17,,"INSERT INTO `mydb`.`localidades` (`idlocalidades`, `nombre_localidad`, `ambito`, `municipio_idmunicipio`)",VALUES (,"12,""San Antonio del Coyote"",""U"",17",);
13,El Cuije,R,17,,"INSERT INTO `mydb`.`localidades` (`idlocalidades`, `nombre_localidad`, `ambito`, `municipio_idmunicipio`)",VALUES (,"13,""El Cuije"",""R"",17",);
14,El Chorrito,R,17,,"INSERT INTO `mydb`.`localidades` (`idlocalidades`, `nombre_localidad`, `ambito`, `municipio_idmunicipio`)",VALUES (,"14,""El Chorrito"",""R"",17",);
16,Escuadrón Doscientos Uno,R,17,,"INSERT INTO `mydb`.`localidades` (`idlocalidades`, `nombre_localidad`, `ambito`, `municipio_idmunicipio`)",VALUES (,"16,""Escuadrón Doscientos Uno"",""R"",17",);
17,La Esperanza,R,17,,"INSERT INTO `mydb`.`localidades` (`idlocalidades`, `nombre_localidad`, `ambito`, `municipio_idmunicipio`)",VALUES (,"17,""La Esperanza"",""R"",17",);
18,El Faro,R,17,,"INSERT INTO `mydb`.`localidades` (`idlocalidades`, `nombre_localidad`, `ambito`, `municipio_idmunicipio`)",VALUES (,"18,""El Faro"",""R"",17",);
20,Filipinas (Lampacitos),R,17,,"INSERT INTO `mydb`.`localidades` (`idlocalidades`, `nombre_localidad`, `ambito`, `municipio_idmunicipio`)",VALUES (,"20,""Filipinas (Lampacitos)"",""R"",17",);
21,La Flor Vieja (Los Meave),R,17,,"INSERT INTO `mydb`.`localidades` (`idlocalidades`, `nombre_localidad`, `ambito`, `municipio_idmunicipio`)",VALUES (,"21,""La Flor Vieja (Los Meave)"",""R"",17",);
23,Granada,R,17,,"INSERT INTO `mydb`.`localidades` (`idlocalidades`, `nombre_localidad`, `ambito`, `municipio_idmunicipio`)",VALUES (,"23,""Granada"",""R"",17",);
24,Guadalupe Victoria,R,17,,"INSERT INTO `mydb`.`localidades` (`idlocalidades`, `nombre_localidad`, `ambito`, `municipio_idmunicipio`)",VALUES (,"24,""Guadalupe Victoria"",""R"",17",);
25,Hidalgo,U,17,,"INSERT INTO `mydb`.`localidades` (`idlocalidades`, `nombre_localidad`, `ambito`, `municipio_idmunicipio`)",VALUES (,"25,""Hidalgo"",""U"",17",);
26,Hormiguero,R,17,,"INSERT INTO `mydb`.`localidades` (`idlocalidades`, `nombre_localidad`, `ambito`, `municipio_idmunicipio`)",VALUES (,"26,""Hormiguero"",""R"",17",);
27,La Luz,R,17,,"INSERT INTO `mydb`.`localidades` (`idlocalidades`, `nombre_localidad`, `ambito`, `municipio_idmunicipio`)",VALUES (,"27,""La Luz"",""R"",17",);
28,Manantial,R,17,,"INSERT INTO `mydb`.`localidades` (`idlocalidades`, `nombre_localidad`, `ambito`, `municipio_idmunicipio`)",VALUES (,"28,""Manantial"",""R"",17",);
29,Maravillas,R,17,,"INSERT INTO `mydb`.`localidades` (`idlocalidades`, `nombre_localidad`, `ambito`, `municipio_idmunicipio`)",VALUES (,"29,""Maravillas"",""R"",17",);
30,Monte Alegre,R,17,,"INSERT INTO `mydb`.`localidades` (`idlocalidades`, `nombre_localidad`, `ambito`, `municipio_idmunicipio`)",VALUES (,"30,""Monte Alegre"",""R"",17",);
31,Noacan,R,17,,"INSERT INTO `mydb`.`localidades` (`idlocalidades`, `nombre_localidad`, `ambito`, `municipio_idmunicipio`)",VALUES (,"31,""Noacan"",""R"",17",);
32,Petronilas,R,17,,"INSERT INTO `mydb`.`localidades` (`idlocalidades`, `nombre_localidad`, `ambito`, `municipio_idmunicipio`)",VALUES (,"32,""Petronilas"",""R"",17",);
33,El Pilar,R,17,,"INSERT INTO `mydb`.`localidades` (`idlocalidades`, `nombre_localidad`, `ambito`, `municipio_idmunicipio`)",VALUES (,"33,""El Pilar"",""R"",17",);
34,La Pola,R,17,,"INSERT INTO `mydb`.`localidades` (`idlocalidades`, `nombre_localidad`, `ambito`, `municipio_idmunicipio`)",VALUES (,"34,""La Pola"",""R"",17",);
35,Purísima,R,17,,"INSERT INTO `mydb`.`localidades` (`idlocalidades`, `nombre_localidad`, `ambito`, `municipio_idmunicipio`)",VALUES (,"35,""Purísima"",""R"",17",);
36,El Refugio,R,17,,"INSERT INTO `mydb`.`localidades` (`idlocalidades`, `nombre_localidad`, `ambito`, `municipio_idmunicipio`)",VALUES (,"36,""El Refugio"",""R"",17",);
38,El Sacrificio,R,17,,"INSERT INTO `mydb`.`localidades` (`idlocalidades`, `nombre_localidad`, `ambito`, `municipio_idmunicipio`)",VALUES (,"38,""El Sacrificio"",""R"",17",);
39,San Antonio del Alto,R,17,,"INSERT INTO `mydb`.`localidades` (`idlocalidades`, `nombre_localidad`, `ambito`, `municipio_idmunicipio`)",VALUES (,"39,""San Antonio del Alto"",""R"",17",);
41,San Felipe Aguanaval,R,17,,"INSERT INTO `mydb`.`localidades` (`idlocalidades`, `nombre_localidad`, `ambito`, `municipio_idmunicipio`)",VALUES (,"41,""San Felipe Aguanaval"",""R"",17",);
42,San Francisco Aguanaval,R,17,,"INSERT INTO `mydb`.`localidades` (`idlocalidades`, `nombre_localidad`, `ambito`, `municipio_idmunicipio`)",VALUES (,"42,""San Francisco Aguanaval"",""R"",17",);
43,San Martín de la Cabaña,R,17,,"INSERT INTO `mydb`.`localidades` (`idlocalidades`, `nombre_localidad`, `ambito`, `municipio_idmunicipio`)",VALUES (,"43,""San Martín de la Cabaña"",""R"",17",);
45,Santa Ana del Pilar,R,17,,"INSERT INTO `mydb`.`localidades` (`idlocalidades`, `nombre_localidad`, `ambito`, `municipio_idmunicipio`)",VALUES (,"45,""Santa Ana del Pilar"",""R"",17",);
46,Santo Niño Aguanaval,R,17,,"INSERT INTO `mydb`.`localidades` (`idlocalidades`, `nombre_localidad`, `ambito`, `municipio_idmunicipio`)",VALUES (,"46,""Santo Niño Aguanaval"",""R"",17",);
48,Solima,R,17,,"INSERT INTO `mydb`.`localidades` (`idlocalidades`, `nombre_localidad`, `ambito`, `municipio_idmunicipio`)",VALUES (,"48,""Solima"",""R"",17",);
49,Solís,R,17,,"INSERT INTO `mydb`.`localidades` (`idlocalidades`, `nombre_localidad`, `ambito`, `municipio_idmunicipio`)",VALUES (,"49,""Solís"",""R"",17",);
50,Tierra Blanca,R,17,,"INSERT INTO `mydb`.`localidades` (`idlocalidades`, `nombre_localidad`, `ambito`, `municipio_idmunicipio`)",VALUES (,"50,""Tierra Blanca"",""R"",17",);
52,Veinte de Noviembre,R,17,,"INSERT INTO `mydb`.`localidades` (`idlocalidades`, `nombre_localidad`, `ambito`, `municipio_idmunicipio`)",VALUES (,"52,""Veinte de Noviembre"",""R"",17",);
54,Vicente Guerrero,R,17,,"INSERT INTO `mydb`.`localidades` (`idlocalidades`, `nombre_localidad`, `ambito`, `municipio_idmunicipio`)",VALUES (,"54,""Vicente Guerrero"",""R"",17",);
55,Vizcaya,R,17,,"INSERT INTO `mydb`.`localidades` (`idlocalidades`, `nombre_localidad`, `ambito`, `municipio_idmunicipio`)",VALUES (,"55,""Vizcaya"",""R"",17",);
59,El Olivo,R,17,,"INSERT INTO `mydb`.`localidades` (`idlocalidades`, `nombre_localidad`, `ambito`, `municipio_idmunicipio`)",VALUES (,"59,""El Olivo"",""R"",17",);
61,Andalucía,R,17,,"INSERT INTO `mydb`.`localidades` (`idlocalidades`, `nombre_localidad`, `ambito`, `municipio_idmunicipio`)",VALUES (,"61,""Andalucía"",""R"",17",);
64,Santa Gema (Piedritas),R,17,,"INSERT INTO `mydb`.`localidades` (`idlocalidades`, `nombre_localidad`, `ambito`, `municipio_idmunicipio`)",VALUES (,"64,""Santa Gema (Piedritas)"",""R"",17",);
65,Villamar (Simón Bolívar),R,17,,"INSERT INTO `mydb`.`localidades` (`idlocalidades`, `nombre_localidad`, `ambito`, `municipio_idmunicipio`)",VALUES (,"65,""Villamar (Simón Bolívar)"",""R"",17",);
66,El Cariño Veinte,R,17,,"INSERT INTO `mydb`.`localidades` (`idlocalidades`, `nombre_localidad`, `ambito`, `municipio_idmunicipio`)",VALUES (,"66,""El Cariño Veinte"",""R"",17",);
68,Corona,R,17,,"INSERT INTO `mydb`.`localidades` (`idlocalidades`, `nombre_localidad`, `ambito`, `municipio_idmunicipio`)",VALUES (,"68,""Corona"",""R"",17",);
70,El Parreño,R,17,,"INSERT INTO `mydb`.`localidades` (`idlocalidades`, `nombre_localidad`, `ambito`, `municipio_idmunicipio`)",VALUES (,"70,""El Parreño"",""R"",17",);
71,La Palma,R,17,,"INSERT INTO `mydb`.`localidades` (`idlocalidades`, `nombre_localidad`, `ambito`, `municipio_idmunicipio`)",VALUES (,"71,""La Palma"",""R"",17",);
72,Las Palomas,R,17,,"INSERT INTO `mydb`.`localidades` (`idlocalidades`, `nombre_localidad`, `ambito`, `municipio_idmunicipio`)",VALUES (,"72,""Las Palomas"",""R"",17",);
75,Doña Margarita (Monclova) [Establo],R,17,,"INSERT INTO `mydb`.`localidades` (`idlocalidades`, `nombre_localidad`, `ambito`, `municipio_idmunicipio`)",VALUES (,"75,""Doña Margarita (Monclova) [Establo]"",""R"",17",);
76,San Isidro,R,17,,"INSERT INTO `mydb`.`localidades` (`idlocalidades`, `nombre_localidad`, `ambito`, `municipio_idmunicipio`)",VALUES (,"76,""San Isidro"",""R"",17",);
77,El Cairo,R,17,,"INSERT INTO `mydb`.`localidades` (`idlocalidades`, `nombre_localidad`, `ambito`, `municipio_idmunicipio`)",VALUES (,"77,""El Cairo"",""R"",17",);
82,Texcoco,R,17,,"INSERT INTO `mydb`.`localidades` (`idlocalidades`, `nombre_localidad`, `ambito`, `municipio_idmunicipio`)",VALUES (,"82,""Texcoco"",""R"",17",);
87,Las Margaritas,R,17,,"INSERT INTO `mydb`.`localidades` (`idlocalidades`, `nombre_localidad`, `ambito`, `municipio_idmunicipio`)",VALUES (,"87,""Las Margaritas"",""R"",17",);
88,Morelos Dos (Bilbao),R,17,,"INSERT INTO `mydb`.`localidades` (`idlocalidades`, `nombre_localidad`, `ambito`, `municipio_idmunicipio`)",VALUES (,"88,""Morelos Dos (Bilbao)"",""R"",17",);
91,Las Palmas,R,17,,"INSERT INTO `mydb`.`localidades` (`idlocalidades`, `nombre_localidad`, `ambito`, `municipio_idmunicipio`)",VALUES (,"91,""Las Palmas"",""R"",17",);
93,Cadereyta (Tres Hermanos),R,17,,"INSERT INTO `mydb`.`localidades` (`idlocalidades`, `nombre_localidad`, `ambito`, `municipio_idmunicipio`)",VALUES (,"93,""Cadereyta (Tres Hermanos)"",""R"",17",);
94,Cerralvo,R,17,,"INSERT INTO `mydb`.`localidades` (`idlocalidades`, `nombre_localidad`, `ambito`, `municipio_idmunicipio`)",VALUES (,"94,""Cerralvo"",""R"",17",);
95,El Campanario,R,17,,"INSERT INTO `mydb`.`localidades` (`idlocalidades`, `nombre_localidad`, `ambito`, `municipio_idmunicipio`)",VALUES (,"95,""El Campanario"",""R"",17",);
97,Valverde,R,17,,"INSERT INTO `mydb`.`localidades` (`idlocalidades`, `nombre_localidad`, `ambito`, `municipio_idmunicipio`)",VALUES (,"97,""Valverde"",""R"",17",);
102,La Escondida,R,17,,"INSERT INTO `mydb`.`localidades` (`idlocalidades`, `nombre_localidad`, `ambito`, `municipio_idmunicipio`)",VALUES (,"102,""La Escondida"",""R"",17",);
103,Asturias,R,17,,"INSERT INTO `mydb`.`localidades` (`idlocalidades`, `nombre_localidad`, `ambito`, `municipio_idmunicipio`)",VALUES (,"103,""Asturias"",""R"",17",);
113,El Seis de Mayo,R,17,,"INSERT INTO `mydb`.`localidades` (`idlocalidades`, `nombre_localidad`, `ambito`, `municipio_idmunicipio`)",VALUES (,"113,""El Seis de Mayo"",""R"",17",);
118,Oviedo (La Grulla),R,17,,"INSERT INTO `mydb`.`localidades` (`idlocalidades`, `nombre_localidad`, `ambito`, `municipio_idmunicipio`)",VALUES (,"118,""Oviedo (La Grulla)"",""R"",17",);
121,San Andrés,R,17,,"INSERT INTO `mydb`.`localidades` (`idlocalidades`, `nombre_localidad`, `ambito`, `municipio_idmunicipio`)",VALUES (,"121,""San Andrés"",""R"",17",);
122,El Cambio,U,17,,"INSERT INTO `mydb`.`localidades` (`idlocalidades`, `nombre_localidad`, `ambito`, `municipio_idmunicipio`)",VALUES (,"122,""El Cambio"",""U"",17",);
123,Irlanda,R,17,,"INSERT INTO `mydb`.`localidades` (`idlocalidades`, `nombre_localidad`, `ambito`, `municipio_idmunicipio`)",VALUES (,"123,""Irlanda"",""R"",17",);
124,San Julián,R,17,,"INSERT INTO `mydb`.`localidades` (`idlocalidades`, `nombre_localidad`, `ambito`, `municipio_idmunicipio`)",VALUES (,"124,""San Julián"",""R"",17",);
129,San Julián (El Tejabán),R,17,,"INSERT INTO `mydb`.`localidades` (`idlocalidades`, `nombre_localidad`, `ambito`, `municipio_idmunicipio`)",VALUES (,"129,""San Julián (El Tejabán)"",""R"",17",);
131,Rancho Grande,R,17,,"INSERT INTO `mydb`.`localidades` (`idlocalidades`, `nombre_localidad`, `ambito`, `municipio_idmunicipio`)",VALUES (,"131,""Rancho Grande"",""R"",17",);
133,Baracaldo,R,17,,"INSERT INTO `mydb`.`localidades` (`idlocalidades`, `nombre_localidad`, `ambito`, `municipio_idmunicipio`)",VALUES (,"133,""Baracaldo"",""R"",17",);
134,Ignacio Zaragoza (La Crisis),R,17,,"INSERT INTO `mydb`.`localidades` (`idlocalidades`, `nombre_localidad`, `ambito`, `municipio_idmunicipio`)",VALUES (,"134,""Ignacio Zaragoza (La Crisis)"",""R"",17",);
135,La Luz,R,17,,"INSERT INTO `mydb`.`localidades` (`idlocalidades`, `nombre_localidad`, `ambito`, `municipio_idmunicipio`)",VALUES (,"135,""La Luz"",""R"",17",);
141,Redención Agraria,R,17,,"INSERT INTO `mydb`.`localidades` (`idlocalidades`, `nombre_localidad`, `ambito`, `municipio_idmunicipio`)",VALUES (,"141,""Redención Agraria"",""R"",17",);
143,Morelos Tres,R,17,,"INSERT INTO `mydb`.`localidades` (`idlocalidades`, `nombre_localidad`, `ambito`, `municipio_idmunicipio`)",VALUES (,"143,""Morelos Tres"",""R"",17",);
144,El Bastan,R,17,,"INSERT INTO `mydb`.`localidades` (`idlocalidades`, `nombre_localidad`, `ambito`, `municipio_idmunicipio`)",VALUES (,"144,""El Bastan"",""R"",17",);
145,Corona,R,17,,"INSERT INTO `mydb`.`localidades` (`idlocalidades`, `nombre_localidad`, `ambito`, `municipio_idmunicipio`)",VALUES (,"145,""Corona"",""R"",17",);
147,Monte Carlo,R,17,,"INSERT INTO `mydb`.`localidades` (`idlocalidades`, `nombre_localidad`, `ambito`, `municipio_idmunicipio`)",VALUES (,"147,""Monte Carlo"",""R"",17",);
149,Rancho de Afuera,R,17,,"INSERT INTO `mydb`.`localidades` (`idlocalidades`, `nombre_localidad`, `ambito`, `municipio_idmunicipio`)",VALUES (,"149,""Rancho de Afuera"",""R"",17",);
150,Fresno del Sur (El Fresno),R,17,,"INSERT INTO `mydb`.`localidades` (`idlocalidades`, `nombre_localidad`, `ambito`, `municipio_idmunicipio`)",VALUES (,"150,""Fresno del Sur (El Fresno)"",""R"",17",);
153,La Batalla,R,17,,"INSERT INTO `mydb`.`localidades` (`idlocalidades`, `nombre_localidad`, `ambito`, `municipio_idmunicipio`)",VALUES (,"153,""La Batalla"",""R"",17",);
156,La Azufrera,R,17,,"INSERT INTO `mydb`.`localidades` (`idlocalidades`, `nombre_localidad`, `ambito`, `municipio_idmunicipio`)",VALUES (,"156,""La Azufrera"",""R"",17",);
157,Benavides (Morelos Uno),R,17,,"INSERT INTO `mydb`.`localidades` (`idlocalidades`, `nombre_localidad`, `ambito`, `municipio_idmunicipio`)",VALUES (,"157,""Benavides (Morelos Uno)"",""R"",17",);
159,Las Carpas,R,17,,"INSERT INTO `mydb`.`localidades` (`idlocalidades`, `nombre_localidad`, `ambito`, `municipio_idmunicipio`)",VALUES (,"159,""Las Carpas"",""R"",17",);
160,Corea,R,17,,"INSERT INTO `mydb`.`localidades` (`idlocalidades`, `nombre_localidad`, `ambito`, `municipio_idmunicipio`)",VALUES (,"160,""Corea"",""R"",17",);
162,El Cuatro,R,17,,"INSERT INTO `mydb`.`localidades` (`idlocalidades`, `nombre_localidad`, `ambito`, `municipio_idmunicipio`)",VALUES (,"162,""El Cuatro"",""R"",17",);
166,La Flor de Mayo y la Barca,R,17,,"INSERT INTO `mydb`.`localidades` (`idlocalidades`, `nombre_localidad`, `ambito`, `municipio_idmunicipio`)",VALUES (,"166,""La Flor de Mayo y la Barca"",""R"",17",);
170,Lázaro Cárdenas (Benito Juárez Seis),R,17,,"INSERT INTO `mydb`.`localidades` (`idlocalidades`, `nombre_localidad`, `ambito`, `municipio_idmunicipio`)",VALUES (,"170,""Lázaro Cárdenas (Benito Juárez Seis)"",""R"",17",);
173,Noacan (No que No),R,17,,"INSERT INTO `mydb`.`localidades` (`idlocalidades`, `nombre_localidad`, `ambito`, `municipio_idmunicipio`)",VALUES (,"173,""Noacan (No que No)"",""R"",17",);
174,Nueva Soledad,R,17,,"INSERT INTO `mydb`.`localidades` (`idlocalidades`, `nombre_localidad`, `ambito`, `municipio_idmunicipio`)",VALUES (,"174,""Nueva Soledad"",""R"",17",);
175,Perales,R,17,,"INSERT INTO `mydb`.`localidades` (`idlocalidades`, `nombre_localidad`, `ambito`, `municipio_idmunicipio`)",VALUES (,"175,""Perales"",""R"",17",);
176,Rancho Nuevo,R,17,,"INSERT INTO `mydb`.`localidades` (`idlocalidades`, `nombre_localidad`, `ambito`, `municipio_idmunicipio`)",VALUES (,"176,""Rancho Nuevo"",""R"",17",);
177,José María Morelos (La Reforma),R,17,,"INSERT INTO `mydb`.`localidades` (`idlocalidades`, `nombre_localidad`, `ambito`, `municipio_idmunicipio`)",VALUES (,"177,""José María Morelos (La Reforma)"",""R"",17",);
178,Rosalinda,R,17,,"INSERT INTO `mydb`.`localidades` (`idlocalidades`, `nombre_localidad`, `ambito`, `municipio_idmunicipio`)",VALUES (,"178,""Rosalinda"",""R"",17",);
179,San José,R,17,,"INSERT INTO `mydb`.`localidades` (`idlocalidades`, `nombre_localidad`, `ambito`, `municipio_idmunicipio`)",VALUES (,"179,""San José"",""R"",17",);
180,San José de los Emilianos,R,17,,"INSERT INTO `mydb`.`localidades` (`idlocalidades`, `nombre_localidad`, `ambito`, `municipio_idmunicipio`)",VALUES (,"180,""San José de los Emilianos"",""R"",17",);
181,Santa Brígida,R,17,,"INSERT INTO `mydb`.`localidades` (`idlocalidades`, `nombre_localidad`, `ambito`, `municipio_idmunicipio`)",VALUES (,"181,""Santa Brígida"",""R"",17",);
182,Santa Isabel (Coleadero los Dos Amigos),R,17,,"INSERT INTO `mydb`.`localidades` (`idlocalidades`, `nombre_localidad`, `ambito`, `municipio_idmunicipio`)",VALUES (,"182,""Santa Isabel (Coleadero los Dos Amigos)"",""R"",17",);
185,El Veinte de Octubre,R,17,,"INSERT INTO `mydb`.`localidades` (`idlocalidades`, `nombre_localidad`, `ambito`, `municipio_idmunicipio`)",VALUES (,"185,""El Veinte de Octubre"",""R"",17",);
186,Vicente Guerrero [Establo],R,17,,"INSERT INTO `mydb`.`localidades` (`idlocalidades`, `nombre_localidad`, `ambito`, `municipio_idmunicipio`)",VALUES (,"186,""Vicente Guerrero [Establo]"",""R"",17",);
187,Zaragoza,R,17,,"INSERT INTO `mydb`.`localidades` (`idlocalidades`, `nombre_localidad`, `ambito`, `municipio_idmunicipio`)",VALUES (,"187,""Zaragoza"",""R"",17",);
192,El Loco,R,17,,"INSERT INTO `mydb`.`localidades` (`idlocalidades`, `nombre_localidad`, `ambito`, `municipio_idmunicipio`)",VALUES (,"192,""El Loco"",""R"",17",);
194,El Consuelo [Establo],R,17,,"INSERT INTO `mydb`.`localidades` (`idlocalidades`, `nombre_localidad`, `ambito`, `municipio_idmunicipio`)",VALUES (,"194,""El Consuelo [Establo]"",""R"",17",);
195,El Carmen,R,17,,"INSERT INTO `mydb`.`localidades` (`idlocalidades`, `nombre_localidad`, `ambito`, `municipio_idmunicipio`)",VALUES (,"195,""El Carmen"",""R"",17",);
196,Morelos Sociedad (Noria Once),R,17,,"INSERT INTO `mydb`.`localidades` (`idlocalidades`, `nombre_localidad`, `ambito`, `municipio_idmunicipio`)",VALUES (,"196,""Morelos Sociedad (Noria Once)"",""R"",17",);
197,Nuevo México,R,17,,"INSERT INTO `mydb`.`localidades` (`idlocalidades`, `nombre_localidad`, `ambito`, `municipio_idmunicipio`)",VALUES (,"197,""Nuevo México"",""R"",17",);
199,Frontera,R,17,,"INSERT INTO `mydb`.`localidades` (`idlocalidades`, `nombre_localidad`, `ambito`, `municipio_idmunicipio`)",VALUES (,"199,""Frontera"",""R"",17",);
203,Rancho Negro,R,17,,"INSERT INTO `mydb`.`localidades` (`idlocalidades`, `nombre_localidad`, `ambito`, `municipio_idmunicipio`)",VALUES (,"203,""Rancho Negro"",""R"",17",);
204,El Refugio (Agua Chula),R,17,,"INSERT INTO `mydb`.`localidades` (`idlocalidades`, `nombre_localidad`, `ambito`, `municipio_idmunicipio`)",VALUES (,"204,""El Refugio (Agua Chula)"",""R"",17",);
205,Pénjamo,R,17,,"INSERT INTO `mydb`.`localidades` (`idlocalidades`, `nombre_localidad`, `ambito`, `municipio_idmunicipio`)",VALUES (,"205,""Pénjamo"",""R"",17",);
206,Congregación Sacrificio (El Dólar),R,17,,"INSERT INTO `mydb`.`localidades` (`idlocalidades`, `nombre_localidad`, `ambito`, `municipio_idmunicipio`)",VALUES (,"206,""Congregación Sacrificio (El Dólar)"",""R"",17",);
207,Mapulas,R,17,,"INSERT INTO `mydb`.`localidades` (`idlocalidades`, `nombre_localidad`, `ambito`, `municipio_idmunicipio`)",VALUES (,"207,""Mapulas"",""R"",17",);
209,Noria de la Quemada (Noria de la Blanca),R,17,,"INSERT INTO `mydb`.`localidades` (`idlocalidades`, `nombre_localidad`, `ambito`, `municipio_idmunicipio`)",VALUES (,"209,""Noria de la Quemada (Noria de la Blanca)"",""R"",17",);
211,El Consuelo,R,17,,"INSERT INTO `mydb`.`localidades` (`idlocalidades`, `nombre_localidad`, `ambito`, `municipio_idmunicipio`)",VALUES (,"211,""El Consuelo"",""R"",17",);
212,Monterrey,R,17,,"INSERT INTO `mydb`.`localidades` (`idlocalidades`, `nombre_localidad`, `ambito`, `municipio_idmunicipio`)",VALUES (,"212,""Monterrey"",""R"",17",);
213,San Antonio,R,17,,"INSERT INTO `mydb`.`localidades` (`idlocalidades`, `nombre_localidad`, `ambito`, `municipio_idmunicipio`)",VALUES (,"213,""San Antonio"",""R"",17",);
216,Morelos Siete,R,17,,"INSERT INTO `mydb`.`localidades` (`idlocalidades`, `nombre_localidad`, `ambito`, `municipio_idmunicipio`)",VALUES (,"216,""Morelos Siete"",""R"",17",);
217,La Niña,R,17,,"INSERT INTO `mydb`.`localidades` (`idlocalidades`, `nombre_localidad`, `ambito`, `municipio_idmunicipio`)",VALUES (,"217,""La Niña"",""R"",17",);
218,Morelos Trece,R,17,,"INSERT INTO `mydb`.`localidades` (`idlocalidades`, `nombre_localidad`, `ambito`, `municipio_idmunicipio`)",VALUES (,"218,""Morelos Trece"",""R"",17",);
219,La Herradura,R,17,,"INSERT INTO `mydb`.`localidades` (`idlocalidades`, `nombre_localidad`, `ambito`, `municipio_idmunicipio`)",VALUES (,"219,""La Herradura"",""R"",17",);
220,Morelos Ocho,R,17,,"INSERT INTO `mydb`.`localidades` (`idlocalidades`, `nombre_localidad`, `ambito`, `municipio_idmunicipio`)",VALUES (,"220,""Morelos Ocho"",""R"",17",);
221,Jarinche,R,17,,"INSERT INTO `mydb`.`localidades` (`idlocalidades`, `nombre_localidad`, `ambito`, `municipio_idmunicipio`)",VALUES (,"221,""Jarinche"",""R"",17",);
222,San Patricio,R,17,,"INSERT INTO `mydb`.`localidades` (`idlocalidades`, `nombre_localidad`, `ambito`, `municipio_idmunicipio`)",VALUES (,"222,""San Patricio"",""R"",17",);
224,Del Fierro,R,17,,"INSERT INTO `mydb`.`localidades` (`idlocalidades`, `nombre_localidad`, `ambito`, `municipio_idmunicipio`)",VALUES (,"224,""Del Fierro"",""R"",17",);
225,Morelos (González Herrera),R,17,,"INSERT INTO `mydb`.`localidades` (`idlocalidades`, `nombre_localidad`, `ambito`, `municipio_idmunicipio`)",VALUES (,"225,""Morelos (González Herrera)"",""R"",17",);
226,La Grulla,R,17,,"INSERT INTO `mydb`.`localidades` (`idlocalidades`, `nombre_localidad`, `ambito`, `municipio_idmunicipio`)",VALUES (,"226,""La Grulla"",""R"",17",);
228,Bozanes,R,17,,"INSERT INTO `mydb`.`localidades` (`idlocalidades`, `nombre_localidad`, `ambito`, `municipio_idmunicipio`)",VALUES (,"228,""Bozanes"",""R"",17",);
229,Las Cruces (El Uno),R,17,,"INSERT INTO `mydb`.`localidades` (`idlocalidades`, `nombre_localidad`, `ambito`, `municipio_idmunicipio`)",VALUES (,"229,""Las Cruces (El Uno)"",""R"",17",);
230,Sector Seis,R,17,,"INSERT INTO `mydb`.`localidades` (`idlocalidades`, `nombre_localidad`, `ambito`, `municipio_idmunicipio`)",VALUES (,"230,""Sector Seis"",""R"",17",);
231,La Sociedad (La Local),R,17,,"INSERT INTO `mydb`.`localidades` (`idlocalidades`, `nombre_localidad`, `ambito`, `municipio_idmunicipio`)",VALUES (,"231,""La Sociedad (La Local)"",""R"",17",);
232,Congregación (El Huarache),R,17,,"INSERT INTO `mydb`.`localidades` (`idlocalidades`, `nombre_localidad`, `ambito`, `municipio_idmunicipio`)",VALUES (,"232,""Congregación (El Huarache)"",""R"",17",);
235,Torreón (Los Alcohólicos),R,17,,"INSERT INTO `mydb`.`localidades` (`idlocalidades`, `nombre_localidad`, `ambito`, `municipio_idmunicipio`)",VALUES (,"235,""Torreón (Los Alcohólicos)"",""R"",17",);
236,El Cinco (Mariano Matamoros),R,17,,"INSERT INTO `mydb`.`localidades` (`idlocalidades`, `nombre_localidad`, `ambito`, `municipio_idmunicipio`)",VALUES (,"236,""El Cinco (Mariano Matamoros)"",""R"",17",);
237,Las Enramadas,R,17,,"INSERT INTO `mydb`.`localidades` (`idlocalidades`, `nombre_localidad`, `ambito`, `municipio_idmunicipio`)",VALUES (,"237,""Las Enramadas"",""R"",17",);
238,Guadalupe,R,17,,"INSERT INTO `mydb`.`localidades` (`idlocalidades`, `nombre_localidad`, `ambito`, `municipio_idmunicipio`)",VALUES (,"238,""Guadalupe"",""R"",17",);
240,Morelos Once (El Edén),R,17,,"INSERT INTO `mydb`.`localidades` (`idlocalidades`, `nombre_localidad`, `ambito`, `municipio_idmunicipio`)",VALUES (,"240,""Morelos Once (El Edén)"",""R"",17",);
244,La Esmeralda,R,17,,"INSERT INTO `mydb`.`localidades` (`idlocalidades`, `nombre_localidad`, `ambito`, `municipio_idmunicipio`)",VALUES (,"244,""La Esmeralda"",""R"",17",);
246,Santa Cecilia,R,17,,"INSERT INTO `mydb`.`localidades` (`idlocalidades`, `nombre_localidad`, `ambito`, `municipio_idmunicipio`)",VALUES (,"246,""Santa Cecilia"",""R"",17",);
249,Campo Espiguero del Cuate,R,17,,"INSERT INTO `mydb`.`localidades` (`idlocalidades`, `nombre_localidad`, `ambito`, `municipio_idmunicipio`)",VALUES (,"249,""Campo Espiguero del Cuate"",""R"",17",);
250,La Báscula [Agroindustrializados],R,17,,"INSERT INTO `mydb`.`localidades` (`idlocalidades`, `nombre_localidad`, `ambito`, `municipio_idmunicipio`)",VALUES (,"250,""La Báscula [Agroindustrializados]"",""R"",17",);
252,La Garcita [Granja],R,17,,"INSERT INTO `mydb`.`localidades` (`idlocalidades`, `nombre_localidad`, `ambito`, `municipio_idmunicipio`)",VALUES (,"252,""La Garcita [Granja]"",""R"",17",);
263,El Rosario,R,17,,"INSERT INTO `mydb`.`localidades` (`idlocalidades`, `nombre_localidad`, `ambito`, `municipio_idmunicipio`)",VALUES (,"263,""El Rosario"",""R"",17",);
265,Los Ángeles,R,17,,"INSERT INTO `mydb`.`localidades` (`idlocalidades`, `nombre_localidad`, `ambito`, `municipio_idmunicipio`)",VALUES (,"265,""Los Ángeles"",""R"",17",);
266,La Arracada,R,17,,"INSERT INTO `mydb`.`localidades` (`idlocalidades`, `nombre_localidad`, `ambito`, `municipio_idmunicipio`)",VALUES (,"266,""La Arracada"",""R"",17",);
267,Nidia Edith,R,17,,"INSERT INTO `mydb`.`localidades` (`idlocalidades`, `nombre_localidad`, `ambito`, `municipio_idmunicipio`)",VALUES (,"267,""Nidia Edith"",""R"",17",);
269,Sector Seis Purísima,R,17,,"INSERT INTO `mydb`.`localidades` (`idlocalidades`, `nombre_localidad`, `ambito`, `municipio_idmunicipio`)",VALUES (,"269,""Sector Seis Purísima"",""R"",17",);
272,San Gerardo [Granja],R,17,,"INSERT INTO `mydb`.`localidades` (`idlocalidades`, `nombre_localidad`, `ambito`, `municipio_idmunicipio`)",VALUES (,"272,""San Gerardo [Granja]"",""R"",17",);
273,Veintiuno de Marzo (La Reforma),R,17,,"INSERT INTO `mydb`.`localidades` (`idlocalidades`, `nombre_localidad`, `ambito`, `municipio_idmunicipio`)",VALUES (,"273,""Veintiuno de Marzo (La Reforma)"",""R"",17",);
274,Entronque Congregación Hidalgo,R,17,,"INSERT INTO `mydb`.`localidades` (`idlocalidades`, `nombre_localidad`, `ambito`, `municipio_idmunicipio`)",VALUES (,"274,""Entronque Congregación Hidalgo"",""R"",17",);
277,El Dorado (Arturo Martínez Silva),R,17,,"INSERT INTO `mydb`.`localidades` (`idlocalidades`, `nombre_localidad`, `ambito`, `municipio_idmunicipio`)",VALUES (,"277,""El Dorado (Arturo Martínez Silva)"",""R"",17",);
278,Sector Cuatro Santa Ana del Pilar,R,17,,"INSERT INTO `mydb`.`localidades` (`idlocalidades`, `nombre_localidad`, `ambito`, `municipio_idmunicipio`)",VALUES (,"278,""Sector Cuatro Santa Ana del Pilar"",""R"",17",);
279,Santa Anita [Granja],R,17,,"INSERT INTO `mydb`.`localidades` (`idlocalidades`, `nombre_localidad`, `ambito`, `municipio_idmunicipio`)",VALUES (,"279,""Santa Anita [Granja]"",""R"",17",);
282,Las Lauras,R,17,,"INSERT INTO `mydb`.`localidades` (`idlocalidades`, `nombre_localidad`, `ambito`, `municipio_idmunicipio`)",VALUES (,"282,""Las Lauras"",""R"",17",);
283,Noria de Compuertas (El Ranchito),R,17,,"INSERT INTO `mydb`.`localidades` (`idlocalidades`, `nombre_localidad`, `ambito`, `municipio_idmunicipio`)",VALUES (,"283,""Noria de Compuertas (El Ranchito)"",""R"",17",);
284,Noria San Miguel (Noria 2),R,17,,"INSERT INTO `mydb`.`localidades` (`idlocalidades`, `nombre_localidad`, `ambito`, `municipio_idmunicipio`)",VALUES (,"284,""Noria San Miguel (Noria 2)"",""R"",17",);
285,Noria Número Tres Ejido San Miguel,R,17,,"INSERT INTO `mydb`.`localidades` (`idlocalidades`, `nombre_localidad`, `ambito`, `municipio_idmunicipio`)",VALUES (,"285,""Noria Número Tres Ejido San Miguel"",""R"",17",);
286,Noria Número Cinco Ejido San Miguel,R,17,,"INSERT INTO `mydb`.`localidades` (`idlocalidades`, `nombre_localidad`, `ambito`, `municipio_idmunicipio`)",VALUES (,"286,""Noria Número Cinco Ejido San Miguel"",""R"",17",);
302,Noria Santa Ana del Pilar Sector Dos,R,17,,"INSERT INTO `mydb`.`localidades` (`idlocalidades`, `nombre_localidad`, `ambito`, `municipio_idmunicipio`)",VALUES (,"302,""Noria Santa Ana del Pilar Sector Dos"",""R"",17",);
303,El Pacífico,R,17,,"INSERT INTO `mydb`.`localidades` (`idlocalidades`, `nombre_localidad`, `ambito`, `municipio_idmunicipio`)",VALUES (,"303,""El Pacífico"",""R"",17",);
305,El Coyote,R,17,,"INSERT INTO `mydb`.`localidades` (`idlocalidades`, `nombre_localidad`, `ambito`, `municipio_idmunicipio`)",VALUES (,"305,""El Coyote"",""R"",17",);
308,Noria la Otto,R,17,,"INSERT INTO `mydb`.`localidades` (`idlocalidades`, `nombre_localidad`, `ambito`, `municipio_idmunicipio`)",VALUES (,"308,""Noria la Otto"",""R"",17",);
309,Solima Número Uno,R,17,,"INSERT INTO `mydb`.`localidades` (`idlocalidades`, `nombre_localidad`, `ambito`, `municipio_idmunicipio`)",VALUES (,"309,""Solima Número Uno"",""R"",17",);
310,Solima Número Dos (El Relámpago),R,17,,"INSERT INTO `mydb`.`localidades` (`idlocalidades`, `nombre_localidad`, `ambito`, `municipio_idmunicipio`)",VALUES (,"310,""Solima Número Dos (El Relámpago)"",""R"",17",);
311,Solima Número Dos (Las Moras),R,17,,"INSERT INTO `mydb`.`localidades` (`idlocalidades`, `nombre_localidad`, `ambito`, `municipio_idmunicipio`)",VALUES (,"311,""Solima Número Dos (Las Moras)"",""R"",17",);
314,Caseta Número Veinticuatro más 700,R,17,,"INSERT INTO `mydb`.`localidades` (`idlocalidades`, `nombre_localidad`, `ambito`, `municipio_idmunicipio`)",VALUES (,"314,""Caseta Número Veinticuatro más 700"",""R"",17",);
315,Entrada al Cuije,R,17,,"INSERT INTO `mydb`.`localidades` (`idlocalidades`, `nombre_localidad`, `ambito`, `municipio_idmunicipio`)",VALUES (,"315,""Entrada al Cuije"",""R"",17",);
317,El Pilar (Vigo),R,17,,"INSERT INTO `mydb`.`localidades` (`idlocalidades`, `nombre_localidad`, `ambito`, `municipio_idmunicipio`)",VALUES (,"317,""El Pilar (Vigo)"",""R"",17",);
324,Maravillas [Establo],R,17,,"INSERT INTO `mydb`.`localidades` (`idlocalidades`, `nombre_localidad`, `ambito`, `municipio_idmunicipio`)",VALUES (,"324,""Maravillas [Establo]"",""R"",17",);
327,Jilimones,R,17,,"INSERT INTO `mydb`.`localidades` (`idlocalidades`, `nombre_localidad`, `ambito`, `municipio_idmunicipio`)",VALUES (,"327,""Jilimones"",""R"",17",);
328,Noria Elías,R,17,,"INSERT INTO `mydb`.`localidades` (`idlocalidades`, `nombre_localidad`, `ambito`, `municipio_idmunicipio`)",VALUES (,"328,""Noria Elías"",""R"",17",);
329,Noria el Estanque,R,17,,"INSERT INTO `mydb`.`localidades` (`idlocalidades`, `nombre_localidad`, `ambito`, `municipio_idmunicipio`)",VALUES (,"329,""Noria el Estanque"",""R"",17",);
330,Noria Número Dos del Ejido Buen Abrigo (La Selva),R,17,,"INSERT INTO `mydb`.`localidades` (`idlocalidades`, `nombre_localidad`, `ambito`, `municipio_idmunicipio`)",VALUES (,"330,""Noria Número Dos del Ejido Buen Abrigo (La Selva)"",""R"",17",);
333,Noria Sector Tres Veinte de Noviembre,R,17,,"INSERT INTO `mydb`.`localidades` (`idlocalidades`, `nombre_localidad`, `ambito`, `municipio_idmunicipio`)",VALUES (,"333,""Noria Sector Tres Veinte de Noviembre"",""R"",17",);
335,Noria Sector Tres el Pilar,R,17,,"INSERT INTO `mydb`.`localidades` (`idlocalidades`, `nombre_localidad`, `ambito`, `municipio_idmunicipio`)",VALUES (,"335,""Noria Sector Tres el Pilar"",""R"",17",);
336,Noria Sector Catorce Veinte de Noviembre,R,17,,"INSERT INTO `mydb`.`localidades` (`idlocalidades`, `nombre_localidad`, `ambito`, `municipio_idmunicipio`)",VALUES (,"336,""Noria Sector Catorce Veinte de Noviembre"",""R"",17",);
337,El Tejabán,R,17,,"INSERT INTO `mydb`.`localidades` (`idlocalidades`, `nombre_localidad`, `ambito`, `municipio_idmunicipio`)",VALUES (,"337,""El Tejabán"",""R"",17",);
338,Guadalupe [Establo],R,17,,"INSERT INTO `mydb`.`localidades` (`idlocalidades`, `nombre_localidad`, `ambito`, `municipio_idmunicipio`)",VALUES (,"338,""Guadalupe [Establo]"",""R"",17",);
339,El Establito,R,17,,"INSERT INTO `mydb`.`localidades` (`idlocalidades`, `nombre_localidad`, `ambito`, `municipio_idmunicipio`)",VALUES (,"339,""El Establito"",""R"",17",);
342,Noria Sector Dos la Luz,R,17,,"INSERT INTO `mydb`.`localidades` (`idlocalidades`, `nombre_localidad`, `ambito`, `municipio_idmunicipio`)",VALUES (,"342,""Noria Sector Dos la Luz"",""R"",17",);
344,El Cinco,R,17,,"INSERT INTO `mydb`.`localidades` (`idlocalidades`, `nombre_localidad`, `ambito`, `municipio_idmunicipio`)",VALUES (,"344,""El Cinco"",""R"",17",);
345,Mi Sueño,R,17,,"INSERT INTO `mydb`.`localidades` (`idlocalidades`, `nombre_localidad`, `ambito`, `municipio_idmunicipio`)",VALUES (,"345,""Mi Sueño"",""R"",17",);
347,La Noria los Colorados (Noria de los Ángeles),R,17,,"INSERT INTO `mydb`.`localidades` (`idlocalidades`, `nombre_localidad`, `ambito`, `municipio_idmunicipio`)",VALUES (,"347,""La Noria los Colorados (Noria de los Ángeles)"",""R"",17",);
348,Buen Abrigo,R,17,,"INSERT INTO `mydb`.`localidades` (`idlocalidades`, `nombre_localidad`, `ambito`, `municipio_idmunicipio`)",VALUES (,"348,""Buen Abrigo"",""R"",17",);
349,Noria Albia,R,17,,"INSERT INTO `mydb`.`localidades` (`idlocalidades`, `nombre_localidad`, `ambito`, `municipio_idmunicipio`)",VALUES (,"349,""Noria Albia"",""R"",17",);
351,La Libertad,R,17,,"INSERT INTO `mydb`.`localidades` (`idlocalidades`, `nombre_localidad`, `ambito`, `municipio_idmunicipio`)",VALUES (,"351,""La Libertad"",""R"",17",);
352,Aldali (La Aurora),R,17,,"INSERT INTO `mydb`.`localidades` (`idlocalidades`, `nombre_localidad`, `ambito`, `municipio_idmunicipio`)",VALUES (,"352,""Aldali (La Aurora)"",""R"",17",);
354,Sector Dos Purísima,R,17,,"INSERT INTO `mydb`.`localidades` (`idlocalidades`, `nombre_localidad`, `ambito`, `municipio_idmunicipio`)",VALUES (,"354,""Sector Dos Purísima"",""R"",17",);
357,Eduardo J. Romero Espinosa (El Pozo),R,17,,"INSERT INTO `mydb`.`localidades` (`idlocalidades`, `nombre_localidad`, `ambito`, `municipio_idmunicipio`)",VALUES (,"357,""Eduardo J. Romero Espinosa (El Pozo)"",""R"",17",);
363,Noria Sector Cinco Solima,R,17,,"INSERT INTO `mydb`.`localidades` (`idlocalidades`, `nombre_localidad`, `ambito`, `municipio_idmunicipio`)",VALUES (,"363,""Noria Sector Cinco Solima"",""R"",17",);
364,Sector Cinco Buen Abrigo,R,17,,"INSERT INTO `mydb`.`localidades` (`idlocalidades`, `nombre_localidad`, `ambito`, `municipio_idmunicipio`)",VALUES (,"364,""Sector Cinco Buen Abrigo"",""R"",17",);
366,Pozo Dos Mil Veinticinco Solís,R,17,,"INSERT INTO `mydb`.`localidades` (`idlocalidades`, `nombre_localidad`, `ambito`, `municipio_idmunicipio`)",VALUES (,"366,""Pozo Dos Mil Veinticinco Solís"",""R"",17",);
368,El Milagro de Fresneo,R,17,,"INSERT INTO `mydb`.`localidades` (`idlocalidades`, `nombre_localidad`, `ambito`, `municipio_idmunicipio`)",VALUES (,"368,""El Milagro de Fresneo"",""R"",17",);
372,Sector Dos Andalucía,R,17,,"INSERT INTO `mydb`.`localidades` (`idlocalidades`, `nombre_localidad`, `ambito`, `municipio_idmunicipio`)",VALUES (,"372,""Sector Dos Andalucía"",""R"",17",);
374,Noria Siete Ejido San Miguel,R,17,,"INSERT INTO `mydb`.`localidades` (`idlocalidades`, `nombre_localidad`, `ambito`, `municipio_idmunicipio`)",VALUES (,"374,""Noria Siete Ejido San Miguel"",""R"",17",);
375,Noria Ocho Ejido San Miguel,R,17,,"INSERT INTO `mydb`.`localidades` (`idlocalidades`, `nombre_localidad`, `ambito`, `municipio_idmunicipio`)",VALUES (,"375,""Noria Ocho Ejido San Miguel"",""R"",17",);
378,Potrero del Llano,R,17,,"INSERT INTO `mydb`.`localidades` (`idlocalidades`, `nombre_localidad`, `ambito`, `municipio_idmunicipio`)",VALUES (,"378,""Potrero del Llano"",""R"",17",);
381,Morelos Ciento Noventa,R,17,,"INSERT INTO `mydb`.`localidades` (`idlocalidades`, `nombre_localidad`, `ambito`, `municipio_idmunicipio`)",VALUES (,"381,""Morelos Ciento Noventa"",""R"",17",);
382,Enrique Segovia Cisneros,R,17,,"INSERT INTO `mydb`.`localidades` (`idlocalidades`, `nombre_localidad`, `ambito`, `municipio_idmunicipio`)",VALUES (,"382,""Enrique Segovia Cisneros"",""R"",17",);
383,Mexicana [Escobera],R,17,,"INSERT INTO `mydb`.`localidades` (`idlocalidades`, `nombre_localidad`, `ambito`, `municipio_idmunicipio`)",VALUES (,"383,""Mexicana [Escobera]"",""R"",17",);
385,La Fortuna,R,17,,"INSERT INTO `mydb`.`localidades` (`idlocalidades`, `nombre_localidad`, `ambito`, `municipio_idmunicipio`)",VALUES (,"385,""La Fortuna"",""R"",17",);
386,La Garcita,R,17,,"INSERT INTO `mydb`.`localidades` (`idlocalidades`, `nombre_localidad`, `ambito`, `municipio_idmunicipio`)",VALUES (,"386,""La Garcita"",""R"",17",);
390,Nuevo Mieleras (La Tres),R,17,,"INSERT INTO `mydb`.`localidades` (`idlocalidades`, `nombre_localidad`, `ambito`, `municipio_idmunicipio`)",VALUES (,"390,""Nuevo Mieleras (La Tres)"",""R"",17",);
391,El Dólar,R,17,,"INSERT INTO `mydb`.`localidades` (`idlocalidades`, `nombre_localidad`, `ambito`, `municipio_idmunicipio`)",VALUES (,"391,""El Dólar"",""R"",17",);
394,Santa Clara,R,17,,"INSERT INTO `mydb`.`localidades` (`idlocalidades`, `nombre_localidad`, `ambito`, `municipio_idmunicipio`)",VALUES (,"394,""Santa Clara"",""R"",17",);
395,Noria Elena,R,17,,"INSERT INTO `mydb`.`localidades` (`idlocalidades`, `nombre_localidad`, `ambito`, `municipio_idmunicipio`)",VALUES (,"395,""Noria Elena"",""R"",17",);
397,San Pablo Guelatao,R,17,,"INSERT INTO `mydb`.`localidades` (`idlocalidades`, `nombre_localidad`, `ambito`, `municipio_idmunicipio`)",VALUES (,"397,""San Pablo Guelatao"",""R"",17",);
399,Noria de Tilde,R,17,,"INSERT INTO `mydb`.`localidades` (`idlocalidades`, `nombre_localidad`, `ambito`, `municipio_idmunicipio`)",VALUES (,"399,""Noria de Tilde"",""R"",17",);
400,Gracielas A,R,17,,"INSERT INTO `mydb`.`localidades` (`idlocalidades`, `nombre_localidad`, `ambito`, `municipio_idmunicipio`)",VALUES (,"400,""Gracielas A"",""R"",17",);
402,Granada Noria Setecientos Sesenta y Siete,R,17,,"INSERT INTO `mydb`.`localidades` (`idlocalidades`, `nombre_localidad`, `ambito`, `municipio_idmunicipio`)",VALUES (,"402,""Granada Noria Setecientos Sesenta y Siete"",""R"",17",);
403,Breka (Sector Cuatro Andalucía),R,17,,"INSERT INTO `mydb`.`localidades` (`idlocalidades`, `nombre_localidad`, `ambito`, `municipio_idmunicipio`)",VALUES (,"403,""Breka (Sector Cuatro Andalucía)"",""R"",17",);
404,Noria de Caterpillar,R,17,,"INSERT INTO `mydb`.`localidades` (`idlocalidades`, `nombre_localidad`, `ambito`, `municipio_idmunicipio`)",VALUES (,"404,""Noria de Caterpillar"",""R"",17",);
407,La Noria Tres,R,17,,"INSERT INTO `mydb`.`localidades` (`idlocalidades`, `nombre_localidad`, `ambito`, `municipio_idmunicipio`)",VALUES (,"407,""La Noria Tres"",""R"",17",);
410,Jesús Mota Valenzuela,R,17,,"INSERT INTO `mydb`.`localidades` (`idlocalidades`, `nombre_localidad`, `ambito`, `municipio_idmunicipio`)",VALUES (,"410,""Jesús Mota Valenzuela"",""R"",17",);
411,Raúl Salazar Castañón,R,17,,"INSERT INTO `mydb`.`localidades` (`idlocalidades`, `nombre_localidad`, `ambito`, `municipio_idmunicipio`)",VALUES (,"411,""Raúl Salazar Castañón"",""R"",17",);
412,El Fuerte,R,17,,"INSERT INTO `mydb`.`localidades` (`idlocalidades`, `nombre_localidad`, `ambito`, `municipio_idmunicipio`)",VALUES (,"412,""El Fuerte"",""R"",17",);
414,Las Carolinas,R,17,,"INSERT INTO `mydb`.`localidades` (`idlocalidades`, `nombre_localidad`, `ambito`, `municipio_idmunicipio`)",VALUES (,"414,""Las Carolinas"",""R"",17",);
415,Tito Quintanal Morales,R,17,,"INSERT INTO `mydb`.`localidades` (`idlocalidades`, `nombre_localidad`, `ambito`, `municipio_idmunicipio`)",VALUES (,"415,""Tito Quintanal Morales"",""R"",17",);
416,Noria del Ejido San Miguel,R,17,,"INSERT INTO `mydb`.`localidades` (`idlocalidades`, `nombre_localidad`, `ambito`, `municipio_idmunicipio`)",VALUES (,"416,""Noria del Ejido San Miguel"",""R"",17",);
418,El Loco,R,17,,"INSERT INTO `mydb`.`localidades` (`idlocalidades`, `nombre_localidad`, `ambito`, `municipio_idmunicipio`)",VALUES (,"418,""El Loco"",""R"",17",);
419,Báscula la Sandillita,R,17,,"INSERT INTO `mydb`.`localidades` (`idlocalidades`, `nombre_localidad`, `ambito`, `municipio_idmunicipio`)",VALUES (,"419,""Báscula la Sandillita"",""R"",17",);
421,Los Alfredos Dos,R,17,,"INSERT INTO `mydb`.`localidades` (`idlocalidades`, `nombre_localidad`, `ambito`, `municipio_idmunicipio`)",VALUES (,"421,""Los Alfredos Dos"",""R"",17",);
423,La Piedad,R,17,,"INSERT INTO `mydb`.`localidades` (`idlocalidades`, `nombre_localidad`, `ambito`, `municipio_idmunicipio`)",VALUES (,"423,""La Piedad"",""R"",17",);
429,El Fénix [Establo],R,17,,"INSERT INTO `mydb`.`localidades` (`idlocalidades`, `nombre_localidad`, `ambito`, `municipio_idmunicipio`)",VALUES (,"429,""El Fénix [Establo]"",""R"",17",);
430,Las Palmas,R,17,,"INSERT INTO `mydb`.`localidades` (`idlocalidades`, `nombre_localidad`, `ambito`, `municipio_idmunicipio`)",VALUES (,"430,""Las Palmas"",""R"",17",);
431,Otto el Cambio,R,17,,"INSERT INTO `mydb`.`localidades` (`idlocalidades`, `nombre_localidad`, `ambito`, `municipio_idmunicipio`)",VALUES (,"431,""Otto el Cambio"",""R"",17",);
432,La Gavia,R,17,,"INSERT INTO `mydb`.`localidades` (`idlocalidades`, `nombre_localidad`, `ambito`, `municipio_idmunicipio`)",VALUES (,"432,""La Gavia"",""R"",17",);
433,Fraccionamiento Residencial 21,R,17,,"INSERT INTO `mydb`.`localidades` (`idlocalidades`, `nombre_localidad`, `ambito`, `municipio_idmunicipio`)",VALUES (,"433,""Fraccionamiento Residencial 21"",""R"",17",);
436,José Juan Solís Velázquez,R,17,,"INSERT INTO `mydb`.`localidades` (`idlocalidades`, `nombre_localidad`, `ambito`, `municipio_idmunicipio`)",VALUES (,"436,""José Juan Solís Velázquez"",""R"",17",);
437,Montolleras,R,17,,"INSERT INTO `mydb`.`localidades` (`idlocalidades`, `nombre_localidad`, `ambito`, `municipio_idmunicipio`)",VALUES (,"437,""Montolleras"",""R"",17",);
438,Quinta el Rosario,R,17,,"INSERT INTO `mydb`.`localidades` (`idlocalidades`, `nombre_localidad`, `ambito`, `municipio_idmunicipio`)",VALUES (,"438,""Quinta el Rosario"",""R"",17",);
439,San Miguel (María Guadalupe Adame Morales),R,17,,"INSERT INTO `mydb`.`localidades` (`idlocalidades`, `nombre_localidad`, `ambito`, `municipio_idmunicipio`)",VALUES (,"439,""San Miguel (María Guadalupe Adame Morales)"",""R"",17",);
440,Los Sotos,R,17,,"INSERT INTO `mydb`.`localidades` (`idlocalidades`, `nombre_localidad`, `ambito`, `municipio_idmunicipio`)",VALUES (,"440,""Los Sotos"",""R"",17",);
441,Santa Lourdes,R,17,,"INSERT INTO `mydb`.`localidades` (`idlocalidades`, `nombre_localidad`, `ambito`, `municipio_idmunicipio`)",VALUES (,"441,""Santa Lourdes"",""R"",17",);
443,Albia [Granja],R,17,,"INSERT INTO `mydb`.`localidades` (`idlocalidades`, `nombre_localidad`, `ambito`, `municipio_idmunicipio`)",VALUES (,"443,""Albia [Granja]"",""R"",17",);
444,El Parreño,R,17,,"INSERT INTO `mydb`.`localidades` (`idlocalidades`, `nombre_localidad`, `ambito`, `municipio_idmunicipio`)",VALUES (,"444,""El Parreño"",""R"",17",);
445,Hacienda los Olivos,R,17,,"INSERT INTO `mydb`.`localidades` (`idlocalidades`, `nombre_localidad`, `ambito`, `municipio_idmunicipio`)",VALUES (,"445,""Hacienda los Olivos"",""R"",17",);
446,Hacienda San Miguel,R,17,,"INSERT INTO `mydb`.`localidades` (`idlocalidades`, `nombre_localidad`, `ambito`, `municipio_idmunicipio`)",VALUES (,"446,""Hacienda San Miguel"",""R"",17",);
447,Veredas de San Miguel,R,17,,"INSERT INTO `mydb`.`localidades` (`idlocalidades`, `nombre_localidad`, `ambito`, `municipio_idmunicipio`)",VALUES (,"447,""Veredas de San Miguel"",""R"",17",);
448,Santa Cecilia,R,17,,"INSERT INTO `mydb`.`localidades` (`idlocalidades`, `nombre_localidad`, `ambito`, `municipio_idmunicipio`)",VALUES (,"448,""Santa Cecilia"",""R"",17",);
449,La Casa Amarilla,R,17,,"INSERT INTO `mydb`.`localidades` (`idlocalidades`, `nombre_localidad`, `ambito`, `municipio_idmunicipio`)",VALUES (,"449,""La Casa Amarilla"",""R"",17",);
450,Los Jacales,R,17,,"INSERT INTO `mydb`.`localidades` (`idlocalidades`, `nombre_localidad`, `ambito`, `municipio_idmunicipio`)",VALUES (,"450,""Los Jacales"",""R"",17",);
452,La Isla de la Fantasía,R,17,,"INSERT INTO `mydb`.`localidades` (`idlocalidades`, `nombre_localidad`, `ambito`, `municipio_idmunicipio`)",VALUES (,"452,""La Isla de la Fantasía"",""R"",17",);
453,Los Postes Cuates,R,17,,"INSERT INTO `mydb`.`localidades` (`idlocalidades`, `nombre_localidad`, `ambito`, `municipio_idmunicipio`)",VALUES (,"453,""Los Postes Cuates"",""R"",17",);
454,La Paloma,R,17,,"INSERT INTO `mydb`.`localidades` (`idlocalidades`, `nombre_localidad`, `ambito`, `municipio_idmunicipio`)",VALUES (,"454,""La Paloma"",""R"",17",);
455,La Enramada,R,17,,"INSERT INTO `mydb`.`localidades` (`idlocalidades`, `nombre_localidad`, `ambito`, `municipio_idmunicipio`)",VALUES (,"455,""La Enramada"",""R"",17",);
456,Nogales de la Laguna,R,17,,"INSERT INTO `mydb`.`localidades` (`idlocalidades`, `nombre_localidad`, `ambito`, `municipio_idmunicipio`)",VALUES (,"456,""Nogales de la Laguna"",""R"",17",);
457,Morelos,R,17,,"INSERT INTO `mydb`.`localidades` (`idlocalidades`, `nombre_localidad`, `ambito`, `municipio_idmunicipio`)",VALUES (,"457,""Morelos"",""R"",17",);
458,La Esperanza,R,17,,"INSERT INTO `mydb`.`localidades` (`idlocalidades`, `nombre_localidad`, `ambito`, `municipio_idmunicipio`)",VALUES (,"458,""La Esperanza"",""R"",17",);
459,Noria de Corona,R,17,,"INSERT INTO `mydb`.`localidades` (`idlocalidades`, `nombre_localidad`, `ambito`, `municipio_idmunicipio`)",VALUES (,"459,""Noria de Corona"",""R"",17",);
460,José Antonio Tricio Haro,R,17,,"INSERT INTO `mydb`.`localidades` (`idlocalidades`, `nombre_localidad`, `ambito`, `municipio_idmunicipio`)",VALUES (,"460,""José Antonio Tricio Haro"",""R"",17",);
461,La Palapa,R,17,,"INSERT INTO `mydb`.`localidades` (`idlocalidades`, `nombre_localidad`, `ambito`, `municipio_idmunicipio`)",VALUES (,"461,""La Palapa"",""R"",17",);
462,Los Estrada,R,17,,"INSERT INTO `mydb`.`localidades` (`idlocalidades`, `nombre_localidad`, `ambito`, `municipio_idmunicipio`)",VALUES (,"462,""Los Estrada"",""R"",17",);
463,El Pérsico,R,17,,"INSERT INTO `mydb`.`localidades` (`idlocalidades`, `nombre_localidad`, `ambito`, `municipio_idmunicipio`)",VALUES (,"463,""El Pérsico"",""R"",17",);
464,Antonio Martínez,R,17,,"INSERT INTO `mydb`.`localidades` (`idlocalidades`, `nombre_localidad`, `ambito`, `municipio_idmunicipio`)",VALUES (,"464,""Antonio Martínez"",""R"",17",);
465,Pedro Castillo López,R,17,,"INSERT INTO `mydb`.`localidades` (`idlocalidades`, `nombre_localidad`, `ambito`, `municipio_idmunicipio`)",VALUES (,"465,""Pedro Castillo López"",""R"",17",);
466,San José,R,17,,"INSERT INTO `mydb`.`localidades` (`idlocalidades`, `nombre_localidad`, `ambito`, `municipio_idmunicipio`)",VALUES (,"466,""San José"",""R"",17",);
467,Jesús Gallegos Galván,R,17,,"INSERT INTO `mydb`.`localidades` (`idlocalidades`, `nombre_localidad`, `ambito`, `municipio_idmunicipio`)",VALUES (,"467,""Jesús Gallegos Galván"",""R"",17",);
468,Don Arturo,R,17,,"INSERT INTO `mydb`.`localidades` (`idlocalidades`, `nombre_localidad`, `ambito`, `municipio_idmunicipio`)",VALUES (,"468,""Don Arturo"",""R"",17",);
469,Las Dos Marías,R,17,,"INSERT INTO `mydb`.`localidades` (`idlocalidades`, `nombre_localidad`, `ambito`, `municipio_idmunicipio`)",VALUES (,"469,""Las Dos Marías"",""R"",17",);
470,Potrero,R,17,,"INSERT INTO `mydb`.`localidades` (`idlocalidades`, `nombre_localidad`, `ambito`, `municipio_idmunicipio`)",VALUES (,"470,""Potrero"",""R"",17",);
471,Noria Agua Caliente,R,17,,"INSERT INTO `mydb`.`localidades` (`idlocalidades`, `nombre_localidad`, `ambito`, `municipio_idmunicipio`)",VALUES (,"471,""Noria Agua Caliente"",""R"",17",);
472,El Güero,R,17,,"INSERT INTO `mydb`.`localidades` (`idlocalidades`, `nombre_localidad`, `ambito`, `municipio_idmunicipio`)",VALUES (,"472,""El Güero"",""R"",17",);
473,Quintas Rafaela,R,17,,"INSERT INTO `mydb`.`localidades` (`idlocalidades`, `nombre_localidad`, `ambito`, `municipio_idmunicipio`)",VALUES (,"473,""Quintas Rafaela"",""R"",17",);
474,Los Ángeles,R,17,,"INSERT INTO `mydb`.`localidades` (`idlocalidades`, `nombre_localidad`, `ambito`, `municipio_idmunicipio`)",VALUES (,"474,""Los Ángeles"",""R"",17",);
475,Santa Lucía,R,17,,"INSERT INTO `mydb`.`localidades` (`idlocalidades`, `nombre_localidad`, `ambito`, `municipio_idmunicipio`)",VALUES (,"475,""Santa Lucía"",""R"",17",);
476,El Alto de la Niña,R,17,,"INSERT INTO `mydb`.`localidades` (`idlocalidades`, `nombre_localidad`, `ambito`, `municipio_idmunicipio`)",VALUES (,"476,""El Alto de la Niña"",""R"",17",);
477,Noria de Irlanda (Diecinueve Diez),R,17,,"INSERT INTO `mydb`.`localidades` (`idlocalidades`, `nombre_localidad`, `ambito`, `municipio_idmunicipio`)",VALUES (,"477,""Noria de Irlanda (Diecinueve Diez)"",""R"",17",);
478,Las Bombas,R,17,,"INSERT INTO `mydb`.`localidades` (`idlocalidades`, `nombre_localidad`, `ambito`, `municipio_idmunicipio`)",VALUES (,"478,""Las Bombas"",""R"",17",);
479,La Huerfanita,R,17,,"INSERT INTO `mydb`.`localidades` (`idlocalidades`, `nombre_localidad`, `ambito`, `municipio_idmunicipio`)",VALUES (,"479,""La Huerfanita"",""R"",17",);
480,Quintas Herraduras,R,17,,"INSERT INTO `mydb`.`localidades` (`idlocalidades`, `nombre_localidad`, `ambito`, `municipio_idmunicipio`)",VALUES (,"480,""Quintas Herraduras"",""R"",17",);
481,Quintas Isabeles,R,17,,"INSERT INTO `mydb`.`localidades` (`idlocalidades`, `nombre_localidad`, `ambito`, `municipio_idmunicipio`)",VALUES (,"481,""Quintas Isabeles"",""R"",17",);
482,Quintas Hacienda,R,17,,"INSERT INTO `mydb`.`localidades` (`idlocalidades`, `nombre_localidad`, `ambito`, `municipio_idmunicipio`)",VALUES (,"482,""Quintas Hacienda"",""R"",17",);
483,La Parada de Santa Ana del Pilar,R,17,,"INSERT INTO `mydb`.`localidades` (`idlocalidades`, `nombre_localidad`, `ambito`, `municipio_idmunicipio`)",VALUES (,"483,""La Parada de Santa Ana del Pilar"",""R"",17",);
484,La Finca de Lorena,R,17,,"INSERT INTO `mydb`.`localidades` (`idlocalidades`, `nombre_localidad`, `ambito`, `municipio_idmunicipio`)",VALUES (,"484,""La Finca de Lorena"",""R"",17",);
485,La Grulla (Lorenzo García),R,17,,"INSERT INTO `mydb`.`localidades` (`idlocalidades`, `nombre_localidad`, `ambito`, `municipio_idmunicipio`)",VALUES (,"485,""La Grulla (Lorenzo García)"",""R"",17",);
486,Redención Agraria (Prospero Treviño),R,17,,"INSERT INTO `mydb`.`localidades` (`idlocalidades`, `nombre_localidad`, `ambito`, `municipio_idmunicipio`)",VALUES (,"486,""Redención Agraria (Prospero Treviño)"",""R"",17",);
487,Los Quince,R,17,,"INSERT INTO `mydb`.`localidades` (`idlocalidades`, `nombre_localidad`, `ambito`, `municipio_idmunicipio`)",VALUES (,"487,""Los Quince"",""R"",17",);
488,Raymundo Rendón,R,17,,"INSERT INTO `mydb`.`localidades` (`idlocalidades`, `nombre_localidad`, `ambito`, `municipio_idmunicipio`)",VALUES (,"488,""Raymundo Rendón"",""R"",17",);
489,La Noria de San Isidro,R,17,,"INSERT INTO `mydb`.`localidades` (`idlocalidades`, `nombre_localidad`, `ambito`, `municipio_idmunicipio`)",VALUES (,"489,""La Noria de San Isidro"",""R"",17",);
490,El Rincón,R,17,,"INSERT INTO `mydb`.`localidades` (`idlocalidades`, `nombre_localidad`, `ambito`, `municipio_idmunicipio`)",VALUES (,"490,""El Rincón"",""R"",17",);
491,Arnulfo Cuetero,R,17,,"INSERT INTO `mydb`.`localidades` (`idlocalidades`, `nombre_localidad`, `ambito`, `municipio_idmunicipio`)",VALUES (,"491,""Arnulfo Cuetero"",""R"",17",);
492,San Antonio Nadadores,R,17,,"INSERT INTO `mydb`.`localidades` (`idlocalidades`, `nombre_localidad`, `ambito`, `municipio_idmunicipio`)",VALUES (,"492,""San Antonio Nadadores"",""R"",17",);
493,Sacrificio Sector 3,R,17,,"INSERT INTO `mydb`.`localidades` (`idlocalidades`, `nombre_localidad`, `ambito`, `municipio_idmunicipio`)",VALUES (,"493,""Sacrificio Sector 3"",""R"",17",);
494,Girasoles [Cerrada],R,17,,"INSERT INTO `mydb`.`localidades` (`idlocalidades`, `nombre_localidad`, `ambito`, `municipio_idmunicipio`)",VALUES (,"494,""Girasoles [Cerrada]"",""R"",17",);
495,El Sol [Parque Industrial],R,17,,"INSERT INTO `mydb`.`localidades` (`idlocalidades`, `nombre_localidad`, `ambito`, `municipio_idmunicipio`)",VALUES (,"495,""El Sol [Parque Industrial]"",""R"",17",);
496,Siti Logistics [Transportes],R,17,,"INSERT INTO `mydb`.`localidades` (`idlocalidades`, `nombre_localidad`, `ambito`, `municipio_idmunicipio`)",VALUES (,"496,""Siti Logistics [Transportes]"",""R"",17",);
497,Claudia Cruz Camacho,R,17,,"INSERT INTO `mydb`.`localidades` (`idlocalidades`, `nombre_localidad`, `ambito`, `municipio_idmunicipio`)",VALUES (,"497,""Claudia Cruz Camacho"",""R"",17",);
498,Moral Laguna,R,17,,"INSERT INTO `mydb`.`localidades` (`idlocalidades`, `nombre_localidad`, `ambito`, `municipio_idmunicipio`)",VALUES (,"498,""Moral Laguna"",""R"",17",);
499,La Fuente,R,17,,"INSERT INTO `mydb`.`localidades` (`idlocalidades`, `nombre_localidad`, `ambito`, `municipio_idmunicipio`)",VALUES (,"499,""La Fuente"",""R"",17",);
500,Quinta Romalia,R,17,,"INSERT INTO `mydb`.`localidades` (`idlocalidades`, `nombre_localidad`, `ambito`, `municipio_idmunicipio`)",VALUES (,"500,""Quinta Romalia"",""R"",17",);
501,Quinta del Sol,R,17,,"INSERT INTO `mydb`.`localidades` (`idlocalidades`, `nombre_localidad`, `ambito`, `municipio_idmunicipio`)",VALUES (,"501,""Quinta del Sol"",""R"",17",);
502,Euzkadi,R,17,,"INSERT INTO `mydb`.`localidades` (`idlocalidades`, `nombre_localidad`, `ambito`, `municipio_idmunicipio`)",VALUES (,"502,""Euzkadi"",""R"",17",);
503,El Gallo [Restaurante],R,17,,"INSERT INTO `mydb`.`localidades` (`idlocalidades`, `nombre_localidad`, `ambito`, `municipio_idmunicipio`)",VALUES (,"503,""El Gallo [Restaurante]"",""R"",17",);
504,José María Matresa,R,17,,"INSERT INTO `mydb`.`localidades` (`idlocalidades`, `nombre_localidad`, `ambito`, `municipio_idmunicipio`)",VALUES (,"504,""José María Matresa"",""R"",17",);
505,Las Ladrilleras,R,17,,"INSERT INTO `mydb`.`localidades` (`idlocalidades`, `nombre_localidad`, `ambito`, `municipio_idmunicipio`)",VALUES (,"505,""Las Ladrilleras"",""R"",17",);
506,La Garcita (La Noria),R,17,,"INSERT INTO `mydb`.`localidades` (`idlocalidades`, `nombre_localidad`, `ambito`, `municipio_idmunicipio`)",VALUES (,"506,""La Garcita (La Noria)"",""R"",17",);
507,La Victoria,R,17,,"INSERT INTO `mydb`.`localidades` (`idlocalidades`, `nombre_localidad`, `ambito`, `municipio_idmunicipio`)",VALUES (,"507,""La Victoria"",""R"",17",);
508,La Soledad,R,17,,"INSERT INTO `mydb`.`localidades` (`idlocalidades`, `nombre_localidad`, `ambito`, `municipio_idmunicipio`)",VALUES (,"508,""La Soledad"",""R"",17",);
509,Adrián Calamaco,R,17,,"INSERT INTO `mydb`.`localidades` (`idlocalidades`, `nombre_localidad`, `ambito`, `municipio_idmunicipio`)",VALUES (,"509,""Adrián Calamaco"",""R"",17",);
510,La Azufrera,R,17,,"INSERT INTO `mydb`.`localidades` (`idlocalidades`, `nombre_localidad`, `ambito`, `municipio_idmunicipio`)",VALUES (,"510,""La Azufrera"",""R"",17",);
511,El Dolár [Establo],R,17,,"INSERT INTO `mydb`.`localidades` (`idlocalidades`, `nombre_localidad`, `ambito`, `municipio_idmunicipio`)",VALUES (,"511,""El Dolár [Establo]"",""R"",17",);
512,El Cariñito 2,R,17,,"INSERT INTO `mydb`.`localidades` (`idlocalidades`, `nombre_localidad`, `ambito`, `municipio_idmunicipio`)",VALUES (,"512,""El Cariñito 2"",""R"",17",);
513,La Curva,R,17,,"INSERT INTO `mydb`.`localidades` (`idlocalidades`, `nombre_localidad`, `ambito`, `municipio_idmunicipio`)",VALUES (,"513,""La Curva"",""R"",17",);
