CVE_LOC,NOM_LOC,AMBITO,CVE_MUN,,,,,
1,Progreso,U,26,,"INSERT INTO `mydb`.`localidades` (`idlocalidades`, `nombre_localidad`, `ambito`, `municipio_idmunicipio`)",VALUES (,"1,""Progreso"",""U"",26",);
2,Las Iglesias,R,26,,"INSERT INTO `mydb`.`localidades` (`idlocalidades`, `nombre_localidad`, `ambito`, `municipio_idmunicipio`)",VALUES (,"2,""Las Iglesias"",""R"",26",);
3,Mineral la Luz (Minas de la Luz),R,26,,"INSERT INTO `mydb`.`localidades` (`idlocalidades`, `nombre_localidad`, `ambito`, `municipio_idmunicipio`)",VALUES (,"3,""Mineral la Luz (Minas de la Luz)"",""R"",26",);
4,Mota de Corona (Mota Corona),R,26,,"INSERT INTO `mydb`.`localidades` (`idlocalidades`, `nombre_localidad`, `ambito`, `municipio_idmunicipio`)",VALUES (,"4,""Mota de Corona (Mota Corona)"",""R"",26",);
5,Ramírez,R,26,,"INSERT INTO `mydb`.`localidades` (`idlocalidades`, `nombre_localidad`, `ambito`, `municipio_idmunicipio`)",VALUES (,"5,""Ramírez"",""R"",26",);
6,San Alberto,R,26,,"INSERT INTO `mydb`.`localidades` (`idlocalidades`, `nombre_localidad`, `ambito`, `municipio_idmunicipio`)",VALUES (,"6,""San Alberto"",""R"",26",);
7,San José de Aura,R,26,,"INSERT INTO `mydb`.`localidades` (`idlocalidades`, `nombre_localidad`, `ambito`, `municipio_idmunicipio`)",VALUES (,"7,""San José de Aura"",""R"",26",);
9,El Socorro,R,26,,"INSERT INTO `mydb`.`localidades` (`idlocalidades`, `nombre_localidad`, `ambito`, `municipio_idmunicipio`)",VALUES (,"9,""El Socorro"",""R"",26",);
10,Agua Buena,R,26,,"INSERT INTO `mydb`.`localidades` (`idlocalidades`, `nombre_localidad`, `ambito`, `municipio_idmunicipio`)",VALUES (,"10,""Agua Buena"",""R"",26",);
11,Comales,R,26,,"INSERT INTO `mydb`.`localidades` (`idlocalidades`, `nombre_localidad`, `ambito`, `municipio_idmunicipio`)",VALUES (,"11,""Comales"",""R"",26",);
12,La Azufrosa,R,26,,"INSERT INTO `mydb`.`localidades` (`idlocalidades`, `nombre_localidad`, `ambito`, `municipio_idmunicipio`)",VALUES (,"12,""La Azufrosa"",""R"",26",);
13,Encinitos,R,26,,"INSERT INTO `mydb`.`localidades` (`idlocalidades`, `nombre_localidad`, `ambito`, `municipio_idmunicipio`)",VALUES (,"13,""Encinitos"",""R"",26",);
16,La Capilla (Las Cuatas),R,26,,"INSERT INTO `mydb`.`localidades` (`idlocalidades`, `nombre_localidad`, `ambito`, `municipio_idmunicipio`)",VALUES (,"16,""La Capilla (Las Cuatas)"",""R"",26",);
17,Monte Verde Viejo,R,26,,"INSERT INTO `mydb`.`localidades` (`idlocalidades`, `nombre_localidad`, `ambito`, `municipio_idmunicipio`)",VALUES (,"17,""Monte Verde Viejo"",""R"",26",);
18,El Brasil,R,26,,"INSERT INTO `mydb`.`localidades` (`idlocalidades`, `nombre_localidad`, `ambito`, `municipio_idmunicipio`)",VALUES (,"18,""El Brasil"",""R"",26",);
19,La Botija,R,26,,"INSERT INTO `mydb`.`localidades` (`idlocalidades`, `nombre_localidad`, `ambito`, `municipio_idmunicipio`)",VALUES (,"19,""La Botija"",""R"",26",);
20,Palo Blanco,R,26,,"INSERT INTO `mydb`.`localidades` (`idlocalidades`, `nombre_localidad`, `ambito`, `municipio_idmunicipio`)",VALUES (,"20,""Palo Blanco"",""R"",26",);
25,El Álamo,R,26,,"INSERT INTO `mydb`.`localidades` (`idlocalidades`, `nombre_localidad`, `ambito`, `municipio_idmunicipio`)",VALUES (,"25,""El Álamo"",""R"",26",);
26,Mi Ranchito (El Carmen),R,26,,"INSERT INTO `mydb`.`localidades` (`idlocalidades`, `nombre_localidad`, `ambito`, `municipio_idmunicipio`)",VALUES (,"26,""Mi Ranchito (El Carmen)"",""R"",26",);
27,El Huizachal,R,26,,"INSERT INTO `mydb`.`localidades` (`idlocalidades`, `nombre_localidad`, `ambito`, `municipio_idmunicipio`)",VALUES (,"27,""El Huizachal"",""R"",26",);
28,Espinoza (Mexiquito),R,26,,"INSERT INTO `mydb`.`localidades` (`idlocalidades`, `nombre_localidad`, `ambito`, `municipio_idmunicipio`)",VALUES (,"28,""Espinoza (Mexiquito)"",""R"",26",);
29,El Sauz (Roncesvalles),R,26,,"INSERT INTO `mydb`.`localidades` (`idlocalidades`, `nombre_localidad`, `ambito`, `municipio_idmunicipio`)",VALUES (,"29,""El Sauz (Roncesvalles)"",""R"",26",);
31,Santa Cruz,R,26,,"INSERT INTO `mydb`.`localidades` (`idlocalidades`, `nombre_localidad`, `ambito`, `municipio_idmunicipio`)",VALUES (,"31,""Santa Cruz"",""R"",26",);
33,El Borrego,R,26,,"INSERT INTO `mydb`.`localidades` (`idlocalidades`, `nombre_localidad`, `ambito`, `municipio_idmunicipio`)",VALUES (,"33,""El Borrego"",""R"",26",);
34,Los Aniegos (La Ceja),R,26,,"INSERT INTO `mydb`.`localidades` (`idlocalidades`, `nombre_localidad`, `ambito`, `municipio_idmunicipio`)",VALUES (,"34,""Los Aniegos (La Ceja)"",""R"",26",);
35,Ignacio Zaragoza (Casa Blanca),R,26,,"INSERT INTO `mydb`.`localidades` (`idlocalidades`, `nombre_localidad`, `ambito`, `municipio_idmunicipio`)",VALUES (,"35,""Ignacio Zaragoza (Casa Blanca)"",""R"",26",);
36,Encinas,R,26,,"INSERT INTO `mydb`.`localidades` (`idlocalidades`, `nombre_localidad`, `ambito`, `municipio_idmunicipio`)",VALUES (,"36,""Encinas"",""R"",26",);
37,San Esteban,R,26,,"INSERT INTO `mydb`.`localidades` (`idlocalidades`, `nombre_localidad`, `ambito`, `municipio_idmunicipio`)",VALUES (,"37,""San Esteban"",""R"",26",);
38,Santa Martha,R,26,,"INSERT INTO `mydb`.`localidades` (`idlocalidades`, `nombre_localidad`, `ambito`, `municipio_idmunicipio`)",VALUES (,"38,""Santa Martha"",""R"",26",);
40,La Poza,R,26,,"INSERT INTO `mydb`.`localidades` (`idlocalidades`, `nombre_localidad`, `ambito`, `municipio_idmunicipio`)",VALUES (,"40,""La Poza"",""R"",26",);
41,David Cárdenas,R,26,,"INSERT INTO `mydb`.`localidades` (`idlocalidades`, `nombre_localidad`, `ambito`, `municipio_idmunicipio`)",VALUES (,"41,""David Cárdenas"",""R"",26",);
42,Jaboncillos,R,26,,"INSERT INTO `mydb`.`localidades` (`idlocalidades`, `nombre_localidad`, `ambito`, `municipio_idmunicipio`)",VALUES (,"42,""Jaboncillos"",""R"",26",);
43,La Rana (San José),R,26,,"INSERT INTO `mydb`.`localidades` (`idlocalidades`, `nombre_localidad`, `ambito`, `municipio_idmunicipio`)",VALUES (,"43,""La Rana (San José)"",""R"",26",);
44,El Pinabete (Balconcitos),R,26,,"INSERT INTO `mydb`.`localidades` (`idlocalidades`, `nombre_localidad`, `ambito`, `municipio_idmunicipio`)",VALUES (,"44,""El Pinabete (Balconcitos)"",""R"",26",);
45,Pirineos,R,26,,"INSERT INTO `mydb`.`localidades` (`idlocalidades`, `nombre_localidad`, `ambito`, `municipio_idmunicipio`)",VALUES (,"45,""Pirineos"",""R"",26",);
46,San Ignacio,R,26,,"INSERT INTO `mydb`.`localidades` (`idlocalidades`, `nombre_localidad`, `ambito`, `municipio_idmunicipio`)",VALUES (,"46,""San Ignacio"",""R"",26",);
47,San Alberto,R,26,,"INSERT INTO `mydb`.`localidades` (`idlocalidades`, `nombre_localidad`, `ambito`, `municipio_idmunicipio`)",VALUES (,"47,""San Alberto"",""R"",26",);
48,Puente el Columpio,R,26,,"INSERT INTO `mydb`.`localidades` (`idlocalidades`, `nombre_localidad`, `ambito`, `municipio_idmunicipio`)",VALUES (,"48,""Puente el Columpio"",""R"",26",);
50,El Seminol,R,26,,"INSERT INTO `mydb`.`localidades` (`idlocalidades`, `nombre_localidad`, `ambito`, `municipio_idmunicipio`)",VALUES (,"50,""El Seminol"",""R"",26",);
51,Aura [Estación],R,26,,"INSERT INTO `mydb`.`localidades` (`idlocalidades`, `nombre_localidad`, `ambito`, `municipio_idmunicipio`)",VALUES (,"51,""Aura [Estación]"",""R"",26",);
52,El Fortín,R,26,,"INSERT INTO `mydb`.`localidades` (`idlocalidades`, `nombre_localidad`, `ambito`, `municipio_idmunicipio`)",VALUES (,"52,""El Fortín"",""R"",26",);
53,Palo Blanco,R,26,,"INSERT INTO `mydb`.`localidades` (`idlocalidades`, `nombre_localidad`, `ambito`, `municipio_idmunicipio`)",VALUES (,"53,""Palo Blanco"",""R"",26",);
54,La Rosita,R,26,,"INSERT INTO `mydb`.`localidades` (`idlocalidades`, `nombre_localidad`, `ambito`, `municipio_idmunicipio`)",VALUES (,"54,""La Rosita"",""R"",26",);
55,Las Cruces,R,26,,"INSERT INTO `mydb`.`localidades` (`idlocalidades`, `nombre_localidad`, `ambito`, `municipio_idmunicipio`)",VALUES (,"55,""Las Cruces"",""R"",26",);
56,Peñitas 1,R,26,,"INSERT INTO `mydb`.`localidades` (`idlocalidades`, `nombre_localidad`, `ambito`, `municipio_idmunicipio`)",VALUES (,"56,""Peñitas 1"",""R"",26",);
57,El Puerto,R,26,,"INSERT INTO `mydb`.`localidades` (`idlocalidades`, `nombre_localidad`, `ambito`, `municipio_idmunicipio`)",VALUES (,"57,""El Puerto"",""R"",26",);
58,Santa Cruz,R,26,,"INSERT INTO `mydb`.`localidades` (`idlocalidades`, `nombre_localidad`, `ambito`, `municipio_idmunicipio`)",VALUES (,"58,""Santa Cruz"",""R"",26",);
59,La Lajita,R,26,,"INSERT INTO `mydb`.`localidades` (`idlocalidades`, `nombre_localidad`, `ambito`, `municipio_idmunicipio`)",VALUES (,"59,""La Lajita"",""R"",26",);
60,San Rafael (Palmira),R,26,,"INSERT INTO `mydb`.`localidades` (`idlocalidades`, `nombre_localidad`, `ambito`, `municipio_idmunicipio`)",VALUES (,"60,""San Rafael (Palmira)"",""R"",26",);
63,El Pelial,R,26,,"INSERT INTO `mydb`.`localidades` (`idlocalidades`, `nombre_localidad`, `ambito`, `municipio_idmunicipio`)",VALUES (,"63,""El Pelial"",""R"",26",);
67,San Andrés,R,26,,"INSERT INTO `mydb`.`localidades` (`idlocalidades`, `nombre_localidad`, `ambito`, `municipio_idmunicipio`)",VALUES (,"67,""San Andrés"",""R"",26",);
69,El Afán,R,26,,"INSERT INTO `mydb`.`localidades` (`idlocalidades`, `nombre_localidad`, `ambito`, `municipio_idmunicipio`)",VALUES (,"69,""El Afán"",""R"",26",);
72,La Chalina (El Coloche),R,26,,"INSERT INTO `mydb`.`localidades` (`idlocalidades`, `nombre_localidad`, `ambito`, `municipio_idmunicipio`)",VALUES (,"72,""La Chalina (El Coloche)"",""R"",26",);
73,El Crucero de Progreso,R,26,,"INSERT INTO `mydb`.`localidades` (`idlocalidades`, `nombre_localidad`, `ambito`, `municipio_idmunicipio`)",VALUES (,"73,""El Crucero de Progreso"",""R"",26",);
74,El Dique,R,26,,"INSERT INTO `mydb`.`localidades` (`idlocalidades`, `nombre_localidad`, `ambito`, `municipio_idmunicipio`)",VALUES (,"74,""El Dique"",""R"",26",);
75,San Francisco (El Jardín),R,26,,"INSERT INTO `mydb`.`localidades` (`idlocalidades`, `nombre_localidad`, `ambito`, `municipio_idmunicipio`)",VALUES (,"75,""San Francisco (El Jardín)"",""R"",26",);
76,La Joya,R,26,,"INSERT INTO `mydb`.`localidades` (`idlocalidades`, `nombre_localidad`, `ambito`, `municipio_idmunicipio`)",VALUES (,"76,""La Joya"",""R"",26",);
77,Loma Blanca,R,26,,"INSERT INTO `mydb`.`localidades` (`idlocalidades`, `nombre_localidad`, `ambito`, `municipio_idmunicipio`)",VALUES (,"77,""Loma Blanca"",""R"",26",);
78,Don Roberto (El Veinte),R,26,,"INSERT INTO `mydb`.`localidades` (`idlocalidades`, `nombre_localidad`, `ambito`, `municipio_idmunicipio`)",VALUES (,"78,""Don Roberto (El Veinte)"",""R"",26",);
79,Mexiquito,R,26,,"INSERT INTO `mydb`.`localidades` (`idlocalidades`, `nombre_localidad`, `ambito`, `municipio_idmunicipio`)",VALUES (,"79,""Mexiquito"",""R"",26",);
80,Los Palave,R,26,,"INSERT INTO `mydb`.`localidades` (`idlocalidades`, `nombre_localidad`, `ambito`, `municipio_idmunicipio`)",VALUES (,"80,""Los Palave"",""R"",26",);
81,El Caracol,R,26,,"INSERT INTO `mydb`.`localidades` (`idlocalidades`, `nombre_localidad`, `ambito`, `municipio_idmunicipio`)",VALUES (,"81,""El Caracol"",""R"",26",);
82,La Mota,R,26,,"INSERT INTO `mydb`.`localidades` (`idlocalidades`, `nombre_localidad`, `ambito`, `municipio_idmunicipio`)",VALUES (,"82,""La Mota"",""R"",26",);
84,Peñitas Ranch (Las Peñitas),R,26,,"INSERT INTO `mydb`.`localidades` (`idlocalidades`, `nombre_localidad`, `ambito`, `municipio_idmunicipio`)",VALUES (,"84,""Peñitas Ranch (Las Peñitas)"",""R"",26",);
87,San Ignacio,R,26,,"INSERT INTO `mydb`.`localidades` (`idlocalidades`, `nombre_localidad`, `ambito`, `municipio_idmunicipio`)",VALUES (,"87,""San Ignacio"",""R"",26",);
88,San Jorge,R,26,,"INSERT INTO `mydb`.`localidades` (`idlocalidades`, `nombre_localidad`, `ambito`, `municipio_idmunicipio`)",VALUES (,"88,""San Jorge"",""R"",26",);
89,San José de Aura,R,26,,"INSERT INTO `mydb`.`localidades` (`idlocalidades`, `nombre_localidad`, `ambito`, `municipio_idmunicipio`)",VALUES (,"89,""San José de Aura"",""R"",26",);
90,San Juanito,R,26,,"INSERT INTO `mydb`.`localidades` (`idlocalidades`, `nombre_localidad`, `ambito`, `municipio_idmunicipio`)",VALUES (,"90,""San Juanito"",""R"",26",);
91,La Zorra,R,26,,"INSERT INTO `mydb`.`localidades` (`idlocalidades`, `nombre_localidad`, `ambito`, `municipio_idmunicipio`)",VALUES (,"91,""La Zorra"",""R"",26",);
94,Buenos Aires,R,26,,"INSERT INTO `mydb`.`localidades` (`idlocalidades`, `nombre_localidad`, `ambito`, `municipio_idmunicipio`)",VALUES (,"94,""Buenos Aires"",""R"",26",);
100,El Fortín (San Juan),R,26,,"INSERT INTO `mydb`.`localidades` (`idlocalidades`, `nombre_localidad`, `ambito`, `municipio_idmunicipio`)",VALUES (,"100,""El Fortín (San Juan)"",""R"",26",);
102,San Gerardo,R,26,,"INSERT INTO `mydb`.`localidades` (`idlocalidades`, `nombre_localidad`, `ambito`, `municipio_idmunicipio`)",VALUES (,"102,""San Gerardo"",""R"",26",);
103,Los Girasoles,R,26,,"INSERT INTO `mydb`.`localidades` (`idlocalidades`, `nombre_localidad`, `ambito`, `municipio_idmunicipio`)",VALUES (,"103,""Los Girasoles"",""R"",26",);
104,Hernán García,R,26,,"INSERT INTO `mydb`.`localidades` (`idlocalidades`, `nombre_localidad`, `ambito`, `municipio_idmunicipio`)",VALUES (,"104,""Hernán García"",""R"",26",);
105,San Jesús,R,26,,"INSERT INTO `mydb`.`localidades` (`idlocalidades`, `nombre_localidad`, `ambito`, `municipio_idmunicipio`)",VALUES (,"105,""San Jesús"",""R"",26",);
106,Jesús Bonet,R,26,,"INSERT INTO `mydb`.`localidades` (`idlocalidades`, `nombre_localidad`, `ambito`, `municipio_idmunicipio`)",VALUES (,"106,""Jesús Bonet"",""R"",26",);
107,Jorge Rodríguez,R,26,,"INSERT INTO `mydb`.`localidades` (`idlocalidades`, `nombre_localidad`, `ambito`, `municipio_idmunicipio`)",VALUES (,"107,""Jorge Rodríguez"",""R"",26",);
109,Fernando González (San Juan),R,26,,"INSERT INTO `mydb`.`localidades` (`idlocalidades`, `nombre_localidad`, `ambito`, `municipio_idmunicipio`)",VALUES (,"109,""Fernando González (San Juan)"",""R"",26",);
112,San Marcos,R,26,,"INSERT INTO `mydb`.`localidades` (`idlocalidades`, `nombre_localidad`, `ambito`, `municipio_idmunicipio`)",VALUES (,"112,""San Marcos"",""R"",26",);
113,San Martín,R,26,,"INSERT INTO `mydb`.`localidades` (`idlocalidades`, `nombre_localidad`, `ambito`, `municipio_idmunicipio`)",VALUES (,"113,""San Martín"",""R"",26",);
116,Las Cazuelas,R,26,,"INSERT INTO `mydb`.`localidades` (`idlocalidades`, `nombre_localidad`, `ambito`, `municipio_idmunicipio`)",VALUES (,"116,""Las Cazuelas"",""R"",26",);
117,El Rayón Cuarenta y Tres,R,26,,"INSERT INTO `mydb`.`localidades` (`idlocalidades`, `nombre_localidad`, `ambito`, `municipio_idmunicipio`)",VALUES (,"117,""El Rayón Cuarenta y Tres"",""R"",26",);
118,La Ilusión,R,26,,"INSERT INTO `mydb`.`localidades` (`idlocalidades`, `nombre_localidad`, `ambito`, `municipio_idmunicipio`)",VALUES (,"118,""La Ilusión"",""R"",26",);
120,Santa María,R,26,,"INSERT INTO `mydb`.`localidades` (`idlocalidades`, `nombre_localidad`, `ambito`, `municipio_idmunicipio`)",VALUES (,"120,""Santa María"",""R"",26",);
121,Santa Rita,R,26,,"INSERT INTO `mydb`.`localidades` (`idlocalidades`, `nombre_localidad`, `ambito`, `municipio_idmunicipio`)",VALUES (,"121,""Santa Rita"",""R"",26",);
123,San Isidro,R,26,,"INSERT INTO `mydb`.`localidades` (`idlocalidades`, `nombre_localidad`, `ambito`, `municipio_idmunicipio`)",VALUES (,"123,""San Isidro"",""R"",26",);
124,El Río,R,26,,"INSERT INTO `mydb`.`localidades` (`idlocalidades`, `nombre_localidad`, `ambito`, `municipio_idmunicipio`)",VALUES (,"124,""El Río"",""R"",26",);
125,El Fresno,R,26,,"INSERT INTO `mydb`.`localidades` (`idlocalidades`, `nombre_localidad`, `ambito`, `municipio_idmunicipio`)",VALUES (,"125,""El Fresno"",""R"",26",);
128,José Rodríguez,R,26,,"INSERT INTO `mydb`.`localidades` (`idlocalidades`, `nombre_localidad`, `ambito`, `municipio_idmunicipio`)",VALUES (,"128,""José Rodríguez"",""R"",26",);
131,Francisco Díaz,R,26,,"INSERT INTO `mydb`.`localidades` (`idlocalidades`, `nombre_localidad`, `ambito`, `municipio_idmunicipio`)",VALUES (,"131,""Francisco Díaz"",""R"",26",);
132,Santa María,R,26,,"INSERT INTO `mydb`.`localidades` (`idlocalidades`, `nombre_localidad`, `ambito`, `municipio_idmunicipio`)",VALUES (,"132,""Santa María"",""R"",26",);
133,Los Félix,R,26,,"INSERT INTO `mydb`.`localidades` (`idlocalidades`, `nombre_localidad`, `ambito`, `municipio_idmunicipio`)",VALUES (,"133,""Los Félix"",""R"",26",);
135,Progreso,R,26,,"INSERT INTO `mydb`.`localidades` (`idlocalidades`, `nombre_localidad`, `ambito`, `municipio_idmunicipio`)",VALUES (,"135,""Progreso"",""R"",26",);
136,Pedro Arnulfo García,R,26,,"INSERT INTO `mydb`.`localidades` (`idlocalidades`, `nombre_localidad`, `ambito`, `municipio_idmunicipio`)",VALUES (,"136,""Pedro Arnulfo García"",""R"",26",);
137,Eusebio Witrón,R,26,,"INSERT INTO `mydb`.`localidades` (`idlocalidades`, `nombre_localidad`, `ambito`, `municipio_idmunicipio`)",VALUES (,"137,""Eusebio Witrón"",""R"",26",);
138,Yaritza,R,26,,"INSERT INTO `mydb`.`localidades` (`idlocalidades`, `nombre_localidad`, `ambito`, `municipio_idmunicipio`)",VALUES (,"138,""Yaritza"",""R"",26",);
141,La Fe,R,26,,"INSERT INTO `mydb`.`localidades` (`idlocalidades`, `nombre_localidad`, `ambito`, `municipio_idmunicipio`)",VALUES (,"141,""La Fe"",""R"",26",);
142,Oscar Pérez,R,26,,"INSERT INTO `mydb`.`localidades` (`idlocalidades`, `nombre_localidad`, `ambito`, `municipio_idmunicipio`)",VALUES (,"142,""Oscar Pérez"",""R"",26",);
143,Ernesto Moreno,R,26,,"INSERT INTO `mydb`.`localidades` (`idlocalidades`, `nombre_localidad`, `ambito`, `municipio_idmunicipio`)",VALUES (,"143,""Ernesto Moreno"",""R"",26",);
144,Jesús Tovar,R,26,,"INSERT INTO `mydb`.`localidades` (`idlocalidades`, `nombre_localidad`, `ambito`, `municipio_idmunicipio`)",VALUES (,"144,""Jesús Tovar"",""R"",26",);
145,Elva Coronado,R,26,,"INSERT INTO `mydb`.`localidades` (`idlocalidades`, `nombre_localidad`, `ambito`, `municipio_idmunicipio`)",VALUES (,"145,""Elva Coronado"",""R"",26",);
146,Teresita,R,26,,"INSERT INTO `mydb`.`localidades` (`idlocalidades`, `nombre_localidad`, `ambito`, `municipio_idmunicipio`)",VALUES (,"146,""Teresita"",""R"",26",);
147,San Vicente,R,26,,"INSERT INTO `mydb`.`localidades` (`idlocalidades`, `nombre_localidad`, `ambito`, `municipio_idmunicipio`)",VALUES (,"147,""San Vicente"",""R"",26",);
148,Loreto Lazo,R,26,,"INSERT INTO `mydb`.`localidades` (`idlocalidades`, `nombre_localidad`, `ambito`, `municipio_idmunicipio`)",VALUES (,"148,""Loreto Lazo"",""R"",26",);
149,Minas de Barroterán,R,26,,"INSERT INTO `mydb`.`localidades` (`idlocalidades`, `nombre_localidad`, `ambito`, `municipio_idmunicipio`)",VALUES (,"149,""Minas de Barroterán"",""R"",26",);
150,Los Compadres (Los Betos),R,26,,"INSERT INTO `mydb`.`localidades` (`idlocalidades`, `nombre_localidad`, `ambito`, `municipio_idmunicipio`)",VALUES (,"150,""Los Compadres (Los Betos)"",""R"",26",);
151,Jesús Treviño,R,26,,"INSERT INTO `mydb`.`localidades` (`idlocalidades`, `nombre_localidad`, `ambito`, `municipio_idmunicipio`)",VALUES (,"151,""Jesús Treviño"",""R"",26",);
152,Alonso Treviño,R,26,,"INSERT INTO `mydb`.`localidades` (`idlocalidades`, `nombre_localidad`, `ambito`, `municipio_idmunicipio`)",VALUES (,"152,""Alonso Treviño"",""R"",26",);
153,Donaciano Acosta,R,26,,"INSERT INTO `mydb`.`localidades` (`idlocalidades`, `nombre_localidad`, `ambito`, `municipio_idmunicipio`)",VALUES (,"153,""Donaciano Acosta"",""R"",26",);
154,Andrea Rojas,R,26,,"INSERT INTO `mydb`.`localidades` (`idlocalidades`, `nombre_localidad`, `ambito`, `municipio_idmunicipio`)",VALUES (,"154,""Andrea Rojas"",""R"",26",);
155,Miguel Barrientos,R,26,,"INSERT INTO `mydb`.`localidades` (`idlocalidades`, `nombre_localidad`, `ambito`, `municipio_idmunicipio`)",VALUES (,"155,""Miguel Barrientos"",""R"",26",);
156,Alonso Treviño,R,26,,"INSERT INTO `mydb`.`localidades` (`idlocalidades`, `nombre_localidad`, `ambito`, `municipio_idmunicipio`)",VALUES (,"156,""Alonso Treviño"",""R"",26",);
157,Torrecitas,R,26,,"INSERT INTO `mydb`.`localidades` (`idlocalidades`, `nombre_localidad`, `ambito`, `municipio_idmunicipio`)",VALUES (,"157,""Torrecitas"",""R"",26",);
158,La Cagarruta,R,26,,"INSERT INTO `mydb`.`localidades` (`idlocalidades`, `nombre_localidad`, `ambito`, `municipio_idmunicipio`)",VALUES (,"158,""La Cagarruta"",""R"",26",);
159,La Azufrosa,R,26,,"INSERT INTO `mydb`.`localidades` (`idlocalidades`, `nombre_localidad`, `ambito`, `municipio_idmunicipio`)",VALUES (,"159,""La Azufrosa"",""R"",26",);
160,La Naranja,R,26,,"INSERT INTO `mydb`.`localidades` (`idlocalidades`, `nombre_localidad`, `ambito`, `municipio_idmunicipio`)",VALUES (,"160,""La Naranja"",""R"",26",);
161,Las Leonas,R,26,,"INSERT INTO `mydb`.`localidades` (`idlocalidades`, `nombre_localidad`, `ambito`, `municipio_idmunicipio`)",VALUES (,"161,""Las Leonas"",""R"",26",);
162,Los Valdez,R,26,,"INSERT INTO `mydb`.`localidades` (`idlocalidades`, `nombre_localidad`, `ambito`, `municipio_idmunicipio`)",VALUES (,"162,""Los Valdez"",""R"",26",);
163,Los Amigos,R,26,,"INSERT INTO `mydb`.`localidades` (`idlocalidades`, `nombre_localidad`, `ambito`, `municipio_idmunicipio`)",VALUES (,"163,""Los Amigos"",""R"",26",);
164,Loma Prieta,R,26,,"INSERT INTO `mydb`.`localidades` (`idlocalidades`, `nombre_localidad`, `ambito`, `municipio_idmunicipio`)",VALUES (,"164,""Loma Prieta"",""R"",26",);
167,Alberto Peralta,R,26,,"INSERT INTO `mydb`.`localidades` (`idlocalidades`, `nombre_localidad`, `ambito`, `municipio_idmunicipio`)",VALUES (,"167,""Alberto Peralta"",""R"",26",);
169,Los Chapotes,R,26,,"INSERT INTO `mydb`.`localidades` (`idlocalidades`, `nombre_localidad`, `ambito`, `municipio_idmunicipio`)",VALUES (,"169,""Los Chapotes"",""R"",26",);
172,Las Moras (Arnoldo Garza),R,26,,"INSERT INTO `mydb`.`localidades` (`idlocalidades`, `nombre_localidad`, `ambito`, `municipio_idmunicipio`)",VALUES (,"172,""Las Moras (Arnoldo Garza)"",""R"",26",);
173,El Gavilán,R,26,,"INSERT INTO `mydb`.`localidades` (`idlocalidades`, `nombre_localidad`, `ambito`, `municipio_idmunicipio`)",VALUES (,"173,""El Gavilán"",""R"",26",);
174,La Soledad,R,26,,"INSERT INTO `mydb`.`localidades` (`idlocalidades`, `nombre_localidad`, `ambito`, `municipio_idmunicipio`)",VALUES (,"174,""La Soledad"",""R"",26",);
175,San Francisco (Dumac),R,26,,"INSERT INTO `mydb`.`localidades` (`idlocalidades`, `nombre_localidad`, `ambito`, `municipio_idmunicipio`)",VALUES (,"175,""San Francisco (Dumac)"",""R"",26",);
176,El Jabalí,R,26,,"INSERT INTO `mydb`.`localidades` (`idlocalidades`, `nombre_localidad`, `ambito`, `municipio_idmunicipio`)",VALUES (,"176,""El Jabalí"",""R"",26",);
177,Noria Bonita (San Roberto),R,26,,"INSERT INTO `mydb`.`localidades` (`idlocalidades`, `nombre_localidad`, `ambito`, `municipio_idmunicipio`)",VALUES (,"177,""Noria Bonita (San Roberto)"",""R"",26",);
178,Palma,R,26,,"INSERT INTO `mydb`.`localidades` (`idlocalidades`, `nombre_localidad`, `ambito`, `municipio_idmunicipio`)",VALUES (,"178,""Palma"",""R"",26",);
179,San Patricio (Los Realitos),R,26,,"INSERT INTO `mydb`.`localidades` (`idlocalidades`, `nombre_localidad`, `ambito`, `municipio_idmunicipio`)",VALUES (,"179,""San Patricio (Los Realitos)"",""R"",26",);
180,La Dorita,R,26,,"INSERT INTO `mydb`.`localidades` (`idlocalidades`, `nombre_localidad`, `ambito`, `municipio_idmunicipio`)",VALUES (,"180,""La Dorita"",""R"",26",);
181,El Cadillal,R,26,,"INSERT INTO `mydb`.`localidades` (`idlocalidades`, `nombre_localidad`, `ambito`, `municipio_idmunicipio`)",VALUES (,"181,""El Cadillal"",""R"",26",);
182,Ramón Alonso Montoya (El Paisa),R,26,,"INSERT INTO `mydb`.`localidades` (`idlocalidades`, `nombre_localidad`, `ambito`, `municipio_idmunicipio`)",VALUES (,"182,""Ramón Alonso Montoya (El Paisa)"",""R"",26",);
183,La Leona,R,26,,"INSERT INTO `mydb`.`localidades` (`idlocalidades`, `nombre_localidad`, `ambito`, `municipio_idmunicipio`)",VALUES (,"183,""La Leona"",""R"",26",);
184,El Chapote,R,26,,"INSERT INTO `mydb`.`localidades` (`idlocalidades`, `nombre_localidad`, `ambito`, `municipio_idmunicipio`)",VALUES (,"184,""El Chapote"",""R"",26",);
185,Monte Verde,R,26,,"INSERT INTO `mydb`.`localidades` (`idlocalidades`, `nombre_localidad`, `ambito`, `municipio_idmunicipio`)",VALUES (,"185,""Monte Verde"",""R"",26",);
186,Daniel Cárdenas,R,26,,"INSERT INTO `mydb`.`localidades` (`idlocalidades`, `nombre_localidad`, `ambito`, `municipio_idmunicipio`)",VALUES (,"186,""Daniel Cárdenas"",""R"",26",);
187,Chago Riojas,R,26,,"INSERT INTO `mydb`.`localidades` (`idlocalidades`, `nombre_localidad`, `ambito`, `municipio_idmunicipio`)",VALUES (,"187,""Chago Riojas"",""R"",26",);
188,El Retiro,R,26,,"INSERT INTO `mydb`.`localidades` (`idlocalidades`, `nombre_localidad`, `ambito`, `municipio_idmunicipio`)",VALUES (,"188,""El Retiro"",""R"",26",);
189,Las Dos Marías,R,26,,"INSERT INTO `mydb`.`localidades` (`idlocalidades`, `nombre_localidad`, `ambito`, `municipio_idmunicipio`)",VALUES (,"189,""Las Dos Marías"",""R"",26",);
190,Mario Treviño (Las Cabras),R,26,,"INSERT INTO `mydb`.`localidades` (`idlocalidades`, `nombre_localidad`, `ambito`, `municipio_idmunicipio`)",VALUES (,"190,""Mario Treviño (Las Cabras)"",""R"",26",);
191,Ramón Orozco Ponce (Isla Todos los Santos),R,26,,"INSERT INTO `mydb`.`localidades` (`idlocalidades`, `nombre_localidad`, `ambito`, `municipio_idmunicipio`)",VALUES (,"191,""Ramón Orozco Ponce (Isla Todos los Santos)"",""R"",26",);
192,El Carrizo,R,26,,"INSERT INTO `mydb`.`localidades` (`idlocalidades`, `nombre_localidad`, `ambito`, `municipio_idmunicipio`)",VALUES (,"192,""El Carrizo"",""R"",26",);
193,Encinitos,R,26,,"INSERT INTO `mydb`.`localidades` (`idlocalidades`, `nombre_localidad`, `ambito`, `municipio_idmunicipio`)",VALUES (,"193,""Encinitos"",""R"",26",);
195,Saltillito,R,26,,"INSERT INTO `mydb`.`localidades` (`idlocalidades`, `nombre_localidad`, `ambito`, `municipio_idmunicipio`)",VALUES (,"195,""Saltillito"",""R"",26",);
196,La Zorra,R,26,,"INSERT INTO `mydb`.`localidades` (`idlocalidades`, `nombre_localidad`, `ambito`, `municipio_idmunicipio`)",VALUES (,"196,""La Zorra"",""R"",26",);
197,Alfonso Santos,R,26,,"INSERT INTO `mydb`.`localidades` (`idlocalidades`, `nombre_localidad`, `ambito`, `municipio_idmunicipio`)",VALUES (,"197,""Alfonso Santos"",""R"",26",);
198,Ernesto Pérez,R,26,,"INSERT INTO `mydb`.`localidades` (`idlocalidades`, `nombre_localidad`, `ambito`, `municipio_idmunicipio`)",VALUES (,"198,""Ernesto Pérez"",""R"",26",);
199,Ojo de Encinas,R,26,,"INSERT INTO `mydb`.`localidades` (`idlocalidades`, `nombre_localidad`, `ambito`, `municipio_idmunicipio`)",VALUES (,"199,""Ojo de Encinas"",""R"",26",);
200,Marcial Campos García,R,26,,"INSERT INTO `mydb`.`localidades` (`idlocalidades`, `nombre_localidad`, `ambito`, `municipio_idmunicipio`)",VALUES (,"200,""Marcial Campos García"",""R"",26",);
202,Noritas,R,26,,"INSERT INTO `mydb`.`localidades` (`idlocalidades`, `nombre_localidad`, `ambito`, `municipio_idmunicipio`)",VALUES (,"202,""Noritas"",""R"",26",);
203,Inocencio Paz,R,26,,"INSERT INTO `mydb`.`localidades` (`idlocalidades`, `nombre_localidad`, `ambito`, `municipio_idmunicipio`)",VALUES (,"203,""Inocencio Paz"",""R"",26",);
204,Santa Carmen,R,26,,"INSERT INTO `mydb`.`localidades` (`idlocalidades`, `nombre_localidad`, `ambito`, `municipio_idmunicipio`)",VALUES (,"204,""Santa Carmen"",""R"",26",);
205,Don Juan,R,26,,"INSERT INTO `mydb`.`localidades` (`idlocalidades`, `nombre_localidad`, `ambito`, `municipio_idmunicipio`)",VALUES (,"205,""Don Juan"",""R"",26",);
206,El Baluarte,R,26,,"INSERT INTO `mydb`.`localidades` (`idlocalidades`, `nombre_localidad`, `ambito`, `municipio_idmunicipio`)",VALUES (,"206,""El Baluarte"",""R"",26",);
207,Cola Blanca,R,26,,"INSERT INTO `mydb`.`localidades` (`idlocalidades`, `nombre_localidad`, `ambito`, `municipio_idmunicipio`)",VALUES (,"207,""Cola Blanca"",""R"",26",);
208,El Cachitos,R,26,,"INSERT INTO `mydb`.`localidades` (`idlocalidades`, `nombre_localidad`, `ambito`, `municipio_idmunicipio`)",VALUES (,"208,""El Cachitos"",""R"",26",);
209,La Florida,R,26,,"INSERT INTO `mydb`.`localidades` (`idlocalidades`, `nombre_localidad`, `ambito`, `municipio_idmunicipio`)",VALUES (,"209,""La Florida"",""R"",26",);
210,El Chapulín,R,26,,"INSERT INTO `mydb`.`localidades` (`idlocalidades`, `nombre_localidad`, `ambito`, `municipio_idmunicipio`)",VALUES (,"210,""El Chapulín"",""R"",26",);
211,Los Dimas,R,26,,"INSERT INTO `mydb`.`localidades` (`idlocalidades`, `nombre_localidad`, `ambito`, `municipio_idmunicipio`)",VALUES (,"211,""Los Dimas"",""R"",26",);
212,El Palomar,R,26,,"INSERT INTO `mydb`.`localidades` (`idlocalidades`, `nombre_localidad`, `ambito`, `municipio_idmunicipio`)",VALUES (,"212,""El Palomar"",""R"",26",);
213,El Chapote,R,26,,"INSERT INTO `mydb`.`localidades` (`idlocalidades`, `nombre_localidad`, `ambito`, `municipio_idmunicipio`)",VALUES (,"213,""El Chapote"",""R"",26",);
214,Cola Blanca,R,26,,"INSERT INTO `mydb`.`localidades` (`idlocalidades`, `nombre_localidad`, `ambito`, `municipio_idmunicipio`)",VALUES (,"214,""Cola Blanca"",""R"",26",);
