CVE_LOC,NOM_LOC,AMBITO,CVE_MUN,,,,,
1,Sacramento,U,29,,"INSERT INTO `mydb`.`localidades` (`idlocalidades`, `nombre_localidad`, `ambito`, `municipio_idmunicipio`)",VALUES (,"1,""Sacramento"",""U"",29",);
2,El Chamizal,R,29,,"INSERT INTO `mydb`.`localidades` (`idlocalidades`, `nombre_localidad`, `ambito`, `municipio_idmunicipio`)",VALUES (,"2,""El Chamizal"",""R"",29",);
3,Lamadrid [Estación],R,29,,"INSERT INTO `mydb`.`localidades` (`idlocalidades`, `nombre_localidad`, `ambito`, `municipio_idmunicipio`)",VALUES (,"3,""Lamadrid [Estación]"",""R"",29",);
6,El Pedregal,R,29,,"INSERT INTO `mydb`.`localidades` (`idlocalidades`, `nombre_localidad`, `ambito`, `municipio_idmunicipio`)",VALUES (,"6,""El Pedregal"",""R"",29",);
7,Los Nogales,R,29,,"INSERT INTO `mydb`.`localidades` (`idlocalidades`, `nombre_localidad`, `ambito`, `municipio_idmunicipio`)",VALUES (,"7,""Los Nogales"",""R"",29",);
8,Los Pinos (Hivargel),R,29,,"INSERT INTO `mydb`.`localidades` (`idlocalidades`, `nombre_localidad`, `ambito`, `municipio_idmunicipio`)",VALUES (,"8,""Los Pinos (Hivargel)"",""R"",29",);
9,Alejandro de Luna,R,29,,"INSERT INTO `mydb`.`localidades` (`idlocalidades`, `nombre_localidad`, `ambito`, `municipio_idmunicipio`)",VALUES (,"9,""Alejandro de Luna"",""R"",29",);
13,Los Naranjos (San José),R,29,,"INSERT INTO `mydb`.`localidades` (`idlocalidades`, `nombre_localidad`, `ambito`, `municipio_idmunicipio`)",VALUES (,"13,""Los Naranjos (San José)"",""R"",29",);
18,La Florida,R,29,,"INSERT INTO `mydb`.`localidades` (`idlocalidades`, `nombre_localidad`, `ambito`, `municipio_idmunicipio`)",VALUES (,"18,""La Florida"",""R"",29",);
19,El Quelital (La Florida),R,29,,"INSERT INTO `mydb`.`localidades` (`idlocalidades`, `nombre_localidad`, `ambito`, `municipio_idmunicipio`)",VALUES (,"19,""El Quelital (La Florida)"",""R"",29",);
21,El Poker,R,29,,"INSERT INTO `mydb`.`localidades` (`idlocalidades`, `nombre_localidad`, `ambito`, `municipio_idmunicipio`)",VALUES (,"21,""El Poker"",""R"",29",);
22,La Laja (Ernesto Garza Villarreal),R,29,,"INSERT INTO `mydb`.`localidades` (`idlocalidades`, `nombre_localidad`, `ambito`, `municipio_idmunicipio`)",VALUES (,"22,""La Laja (Ernesto Garza Villarreal)"",""R"",29",);
23,Quinta Sacramento,R,29,,"INSERT INTO `mydb`.`localidades` (`idlocalidades`, `nombre_localidad`, `ambito`, `municipio_idmunicipio`)",VALUES (,"23,""Quinta Sacramento"",""R"",29",);
25,Las Norias (El Pozo),R,29,,"INSERT INTO `mydb`.`localidades` (`idlocalidades`, `nombre_localidad`, `ambito`, `municipio_idmunicipio`)",VALUES (,"25,""Las Norias (El Pozo)"",""R"",29",);
26,El Barrancal,R,29,,"INSERT INTO `mydb`.`localidades` (`idlocalidades`, `nombre_localidad`, `ambito`, `municipio_idmunicipio`)",VALUES (,"26,""El Barrancal"",""R"",29",);
27,El Molinillo (Los Grillos),R,29,,"INSERT INTO `mydb`.`localidades` (`idlocalidades`, `nombre_localidad`, `ambito`, `municipio_idmunicipio`)",VALUES (,"27,""El Molinillo (Los Grillos)"",""R"",29",);
29,El Fresno,R,29,,"INSERT INTO `mydb`.`localidades` (`idlocalidades`, `nombre_localidad`, `ambito`, `municipio_idmunicipio`)",VALUES (,"29,""El Fresno"",""R"",29",);
30,Apolonio Rodríguez Moreno,R,29,,"INSERT INTO `mydb`.`localidades` (`idlocalidades`, `nombre_localidad`, `ambito`, `municipio_idmunicipio`)",VALUES (,"30,""Apolonio Rodríguez Moreno"",""R"",29",);
32,San Felipe,R,29,,"INSERT INTO `mydb`.`localidades` (`idlocalidades`, `nombre_localidad`, `ambito`, `municipio_idmunicipio`)",VALUES (,"32,""San Felipe"",""R"",29",);
33,Trinidad,R,29,,"INSERT INTO `mydb`.`localidades` (`idlocalidades`, `nombre_localidad`, `ambito`, `municipio_idmunicipio`)",VALUES (,"33,""Trinidad"",""R"",29",);
34,Ninguno [Materiales Triturados],R,29,,"INSERT INTO `mydb`.`localidades` (`idlocalidades`, `nombre_localidad`, `ambito`, `municipio_idmunicipio`)",VALUES (,"34,""Ninguno [Materiales Triturados]"",""R"",29",);
35,Pasta Don Chano,R,29,,"INSERT INTO `mydb`.`localidades` (`idlocalidades`, `nombre_localidad`, `ambito`, `municipio_idmunicipio`)",VALUES (,"35,""Pasta Don Chano"",""R"",29",);
36,La Atravesada,R,29,,"INSERT INTO `mydb`.`localidades` (`idlocalidades`, `nombre_localidad`, `ambito`, `municipio_idmunicipio`)",VALUES (,"36,""La Atravesada"",""R"",29",);
38,Bahía del Sol,R,29,,"INSERT INTO `mydb`.`localidades` (`idlocalidades`, `nombre_localidad`, `ambito`, `municipio_idmunicipio`)",VALUES (,"38,""Bahía del Sol"",""R"",29",);
39,El Ranchito,R,29,,"INSERT INTO `mydb`.`localidades` (`idlocalidades`, `nombre_localidad`, `ambito`, `municipio_idmunicipio`)",VALUES (,"39,""El Ranchito"",""R"",29",);
40,Los Granados,R,29,,"INSERT INTO `mydb`.`localidades` (`idlocalidades`, `nombre_localidad`, `ambito`, `municipio_idmunicipio`)",VALUES (,"40,""Los Granados"",""R"",29",);
41,Ricardo de la Paz Ramos,R,29,,"INSERT INTO `mydb`.`localidades` (`idlocalidades`, `nombre_localidad`, `ambito`, `municipio_idmunicipio`)",VALUES (,"41,""Ricardo de la Paz Ramos"",""R"",29",);
42,Ricardo Ovalle Barbosa,R,29,,"INSERT INTO `mydb`.`localidades` (`idlocalidades`, `nombre_localidad`, `ambito`, `municipio_idmunicipio`)",VALUES (,"42,""Ricardo Ovalle Barbosa"",""R"",29",);
43,"Triple A (Andrés, Antonio y Aldo)",R,29,,"INSERT INTO `mydb`.`localidades` (`idlocalidades`, `nombre_localidad`, `ambito`, `municipio_idmunicipio`)",VALUES (,"43,""Triple A (Andrés, Antonio y Aldo)"",""R"",29",);
44,La Lomita,R,29,,"INSERT INTO `mydb`.`localidades` (`idlocalidades`, `nombre_localidad`, `ambito`, `municipio_idmunicipio`)",VALUES (,"44,""La Lomita"",""R"",29",);
45,Roque Figueroa,R,29,,"INSERT INTO `mydb`.`localidades` (`idlocalidades`, `nombre_localidad`, `ambito`, `municipio_idmunicipio`)",VALUES (,"45,""Roque Figueroa"",""R"",29",);
46,Los Compadres (Ricardo de la Paz Ramos),R,29,,"INSERT INTO `mydb`.`localidades` (`idlocalidades`, `nombre_localidad`, `ambito`, `municipio_idmunicipio`)",VALUES (,"46,""Los Compadres (Ricardo de la Paz Ramos)"",""R"",29",);
47,Juan Antonio Velasco Lozano,R,29,,"INSERT INTO `mydb`.`localidades` (`idlocalidades`, `nombre_localidad`, `ambito`, `municipio_idmunicipio`)",VALUES (,"47,""Juan Antonio Velasco Lozano"",""R"",29",);
48,Elpidio Medrano,R,29,,"INSERT INTO `mydb`.`localidades` (`idlocalidades`, `nombre_localidad`, `ambito`, `municipio_idmunicipio`)",VALUES (,"48,""Elpidio Medrano"",""R"",29",);
49,Pedro Ovalle,R,29,,"INSERT INTO `mydb`.`localidades` (`idlocalidades`, `nombre_localidad`, `ambito`, `municipio_idmunicipio`)",VALUES (,"49,""Pedro Ovalle"",""R"",29",);
