CVE_LOC,NOM_LOC,AMBITO,CVE_MUN,,,,,
1,Juárez,U,15,,"INSERT INTO `mydb`.`localidades` (`idlocalidades`, `nombre_localidad`, `ambito`, `municipio_idmunicipio`)",VALUES (,"1,""Juárez"",""U"",15",);
2,El Álamo,R,15,,"INSERT INTO `mydb`.`localidades` (`idlocalidades`, `nombre_localidad`, `ambito`, `municipio_idmunicipio`)",VALUES (,"2,""El Álamo"",""R"",15",);
3,Don Martín,R,15,,"INSERT INTO `mydb`.`localidades` (`idlocalidades`, `nombre_localidad`, `ambito`, `municipio_idmunicipio`)",VALUES (,"3,""Don Martín"",""R"",15",);
4,Presita Magueyosa,R,15,,"INSERT INTO `mydb`.`localidades` (`idlocalidades`, `nombre_localidad`, `ambito`, `municipio_idmunicipio`)",VALUES (,"4,""Presita Magueyosa"",""R"",15",);
5,Santa Rita,R,15,,"INSERT INTO `mydb`.`localidades` (`idlocalidades`, `nombre_localidad`, `ambito`, `municipio_idmunicipio`)",VALUES (,"5,""Santa Rita"",""R"",15",);
6,Sección 22-0,R,15,,"INSERT INTO `mydb`.`localidades` (`idlocalidades`, `nombre_localidad`, `ambito`, `municipio_idmunicipio`)",VALUES (,"6,""Sección 22-0"",""R"",15",);
10,El Garabato,R,15,,"INSERT INTO `mydb`.`localidades` (`idlocalidades`, `nombre_localidad`, `ambito`, `municipio_idmunicipio`)",VALUES (,"10,""El Garabato"",""R"",15",);
14,La Perla,R,15,,"INSERT INTO `mydb`.`localidades` (`idlocalidades`, `nombre_localidad`, `ambito`, `municipio_idmunicipio`)",VALUES (,"14,""La Perla"",""R"",15",);
15,Palo Blanco,R,15,,"INSERT INTO `mydb`.`localidades` (`idlocalidades`, `nombre_localidad`, `ambito`, `municipio_idmunicipio`)",VALUES (,"15,""Palo Blanco"",""R"",15",);
16,Palo Blanco (Laguna de Peñas),R,15,,"INSERT INTO `mydb`.`localidades` (`idlocalidades`, `nombre_localidad`, `ambito`, `municipio_idmunicipio`)",VALUES (,"16,""Palo Blanco (Laguna de Peñas)"",""R"",15",);
18,La Escondida,R,15,,"INSERT INTO `mydb`.`localidades` (`idlocalidades`, `nombre_localidad`, `ambito`, `municipio_idmunicipio`)",VALUES (,"18,""La Escondida"",""R"",15",);
19,El Caracol,R,15,,"INSERT INTO `mydb`.`localidades` (`idlocalidades`, `nombre_localidad`, `ambito`, `municipio_idmunicipio`)",VALUES (,"19,""El Caracol"",""R"",15",);
20,Los Ahogaditos,R,15,,"INSERT INTO `mydb`.`localidades` (`idlocalidades`, `nombre_localidad`, `ambito`, `municipio_idmunicipio`)",VALUES (,"20,""Los Ahogaditos"",""R"",15",);
21,Campo Romania,R,15,,"INSERT INTO `mydb`.`localidades` (`idlocalidades`, `nombre_localidad`, `ambito`, `municipio_idmunicipio`)",VALUES (,"21,""Campo Romania"",""R"",15",);
22,El Cochi,R,15,,"INSERT INTO `mydb`.`localidades` (`idlocalidades`, `nombre_localidad`, `ambito`, `municipio_idmunicipio`)",VALUES (,"22,""El Cochi"",""R"",15",);
23,El Maguey (Antonio Siller),R,15,,"INSERT INTO `mydb`.`localidades` (`idlocalidades`, `nombre_localidad`, `ambito`, `municipio_idmunicipio`)",VALUES (,"23,""El Maguey (Antonio Siller)"",""R"",15",);
24,Los Ramón,R,15,,"INSERT INTO `mydb`.`localidades` (`idlocalidades`, `nombre_localidad`, `ambito`, `municipio_idmunicipio`)",VALUES (,"24,""Los Ramón"",""R"",15",);
25,San Francisco,R,15,,"INSERT INTO `mydb`.`localidades` (`idlocalidades`, `nombre_localidad`, `ambito`, `municipio_idmunicipio`)",VALUES (,"25,""San Francisco"",""R"",15",);
26,El Papalote,R,15,,"INSERT INTO `mydb`.`localidades` (`idlocalidades`, `nombre_localidad`, `ambito`, `municipio_idmunicipio`)",VALUES (,"26,""El Papalote"",""R"",15",);
27,San Javier,R,15,,"INSERT INTO `mydb`.`localidades` (`idlocalidades`, `nombre_localidad`, `ambito`, `municipio_idmunicipio`)",VALUES (,"27,""San Javier"",""R"",15",);
28,El Herradero (Santa Laura),R,15,,"INSERT INTO `mydb`.`localidades` (`idlocalidades`, `nombre_localidad`, `ambito`, `municipio_idmunicipio`)",VALUES (,"28,""El Herradero (Santa Laura)"",""R"",15",);
30,El Barril,R,15,,"INSERT INTO `mydb`.`localidades` (`idlocalidades`, `nombre_localidad`, `ambito`, `municipio_idmunicipio`)",VALUES (,"30,""El Barril"",""R"",15",);
34,La Mezquitosa,R,15,,"INSERT INTO `mydb`.`localidades` (`idlocalidades`, `nombre_localidad`, `ambito`, `municipio_idmunicipio`)",VALUES (,"34,""La Mezquitosa"",""R"",15",);
36,La Herradura,R,15,,"INSERT INTO `mydb`.`localidades` (`idlocalidades`, `nombre_localidad`, `ambito`, `municipio_idmunicipio`)",VALUES (,"36,""La Herradura"",""R"",15",);
37,Coyotillos,R,15,,"INSERT INTO `mydb`.`localidades` (`idlocalidades`, `nombre_localidad`, `ambito`, `municipio_idmunicipio`)",VALUES (,"37,""Coyotillos"",""R"",15",);
38,Rojo Grande (La Escondida),R,15,,"INSERT INTO `mydb`.`localidades` (`idlocalidades`, `nombre_localidad`, `ambito`, `municipio_idmunicipio`)",VALUES (,"38,""Rojo Grande (La Escondida)"",""R"",15",);
39,Escondido (Rancho Escondido),R,15,,"INSERT INTO `mydb`.`localidades` (`idlocalidades`, `nombre_localidad`, `ambito`, `municipio_idmunicipio`)",VALUES (,"39,""Escondido (Rancho Escondido)"",""R"",15",);
42,Tanque del Indio (El Indio Zaragoza),R,15,,"INSERT INTO `mydb`.`localidades` (`idlocalidades`, `nombre_localidad`, `ambito`, `municipio_idmunicipio`)",VALUES (,"42,""Tanque del Indio (El Indio Zaragoza)"",""R"",15",);
45,El Indio,R,15,,"INSERT INTO `mydb`.`localidades` (`idlocalidades`, `nombre_localidad`, `ambito`, `municipio_idmunicipio`)",VALUES (,"45,""El Indio"",""R"",15",);
51,Manzanares,R,15,,"INSERT INTO `mydb`.`localidades` (`idlocalidades`, `nombre_localidad`, `ambito`, `municipio_idmunicipio`)",VALUES (,"51,""Manzanares"",""R"",15",);
54,Cola Blanca,R,15,,"INSERT INTO `mydb`.`localidades` (`idlocalidades`, `nombre_localidad`, `ambito`, `municipio_idmunicipio`)",VALUES (,"54,""Cola Blanca"",""R"",15",);
56,La Casita,R,15,,"INSERT INTO `mydb`.`localidades` (`idlocalidades`, `nombre_localidad`, `ambito`, `municipio_idmunicipio`)",VALUES (,"56,""La Casita"",""R"",15",);
57,Toritos,R,15,,"INSERT INTO `mydb`.`localidades` (`idlocalidades`, `nombre_localidad`, `ambito`, `municipio_idmunicipio`)",VALUES (,"57,""Toritos"",""R"",15",);
58,El Paso de la Perra,R,15,,"INSERT INTO `mydb`.`localidades` (`idlocalidades`, `nombre_localidad`, `ambito`, `municipio_idmunicipio`)",VALUES (,"58,""El Paso de la Perra"",""R"",15",);
59,La Almendrilla,R,15,,"INSERT INTO `mydb`.`localidades` (`idlocalidades`, `nombre_localidad`, `ambito`, `municipio_idmunicipio`)",VALUES (,"59,""La Almendrilla"",""R"",15",);
61,San Antonio el Rusio,R,15,,"INSERT INTO `mydb`.`localidades` (`idlocalidades`, `nombre_localidad`, `ambito`, `municipio_idmunicipio`)",VALUES (,"61,""San Antonio el Rusio"",""R"",15",);
62,Pánuco,R,15,,"INSERT INTO `mydb`.`localidades` (`idlocalidades`, `nombre_localidad`, `ambito`, `municipio_idmunicipio`)",VALUES (,"62,""Pánuco"",""R"",15",);
64,Valle de Anáhuac,R,15,,"INSERT INTO `mydb`.`localidades` (`idlocalidades`, `nombre_localidad`, `ambito`, `municipio_idmunicipio`)",VALUES (,"64,""Valle de Anáhuac"",""R"",15",);
85,San Francisco (Cinco Huizaches),R,15,,"INSERT INTO `mydb`.`localidades` (`idlocalidades`, `nombre_localidad`, `ambito`, `municipio_idmunicipio`)",VALUES (,"85,""San Francisco (Cinco Huizaches)"",""R"",15",);
86,El Sufrido (El Gavilán),R,15,,"INSERT INTO `mydb`.`localidades` (`idlocalidades`, `nombre_localidad`, `ambito`, `municipio_idmunicipio`)",VALUES (,"86,""El Sufrido (El Gavilán)"",""R"",15",);
87,Los Sauces,R,15,,"INSERT INTO `mydb`.`localidades` (`idlocalidades`, `nombre_localidad`, `ambito`, `municipio_idmunicipio`)",VALUES (,"87,""Los Sauces"",""R"",15",);
88,El Álamo (Hacienda el Álamo),R,15,,"INSERT INTO `mydb`.`localidades` (`idlocalidades`, `nombre_localidad`, `ambito`, `municipio_idmunicipio`)",VALUES (,"88,""El Álamo (Hacienda el Álamo)"",""R"",15",);
89,Borregos,R,15,,"INSERT INTO `mydb`.`localidades` (`idlocalidades`, `nombre_localidad`, `ambito`, `municipio_idmunicipio`)",VALUES (,"89,""Borregos"",""R"",15",);
92,El Comanche,R,15,,"INSERT INTO `mydb`.`localidades` (`idlocalidades`, `nombre_localidad`, `ambito`, `municipio_idmunicipio`)",VALUES (,"92,""El Comanche"",""R"",15",);
94,El Crucero Juárez,R,15,,"INSERT INTO `mydb`.`localidades` (`idlocalidades`, `nombre_localidad`, `ambito`, `municipio_idmunicipio`)",VALUES (,"94,""El Crucero Juárez"",""R"",15",);
98,Doña Tacha,R,15,,"INSERT INTO `mydb`.`localidades` (`idlocalidades`, `nombre_localidad`, `ambito`, `municipio_idmunicipio`)",VALUES (,"98,""Doña Tacha"",""R"",15",);
99,La Esperanza,R,15,,"INSERT INTO `mydb`.`localidades` (`idlocalidades`, `nombre_localidad`, `ambito`, `municipio_idmunicipio`)",VALUES (,"99,""La Esperanza"",""R"",15",);
101,Las Mujeres,R,15,,"INSERT INTO `mydb`.`localidades` (`idlocalidades`, `nombre_localidad`, `ambito`, `municipio_idmunicipio`)",VALUES (,"101,""Las Mujeres"",""R"",15",);
103,El Potrero,R,15,,"INSERT INTO `mydb`.`localidades` (`idlocalidades`, `nombre_localidad`, `ambito`, `municipio_idmunicipio`)",VALUES (,"103,""El Potrero"",""R"",15",);
104,San Antonio,R,15,,"INSERT INTO `mydb`.`localidades` (`idlocalidades`, `nombre_localidad`, `ambito`, `municipio_idmunicipio`)",VALUES (,"104,""San Antonio"",""R"",15",);
105,San José de Peñitas,R,15,,"INSERT INTO `mydb`.`localidades` (`idlocalidades`, `nombre_localidad`, `ambito`, `municipio_idmunicipio`)",VALUES (,"105,""San José de Peñitas"",""R"",15",);
106,Santa Rita (Eleazar Moreno Quintero),R,15,,"INSERT INTO `mydb`.`localidades` (`idlocalidades`, `nombre_localidad`, `ambito`, `municipio_idmunicipio`)",VALUES (,"106,""Santa Rita (Eleazar Moreno Quintero)"",""R"",15",);
107,Santo Niño,R,15,,"INSERT INTO `mydb`.`localidades` (`idlocalidades`, `nombre_localidad`, `ambito`, `municipio_idmunicipio`)",VALUES (,"107,""Santo Niño"",""R"",15",);
109,La Tinaja,R,15,,"INSERT INTO `mydb`.`localidades` (`idlocalidades`, `nombre_localidad`, `ambito`, `municipio_idmunicipio`)",VALUES (,"109,""La Tinaja"",""R"",15",);
110,Alto Bonito,R,15,,"INSERT INTO `mydb`.`localidades` (`idlocalidades`, `nombre_localidad`, `ambito`, `municipio_idmunicipio`)",VALUES (,"110,""Alto Bonito"",""R"",15",);
111,La Palma (El Cuarenta),R,15,,"INSERT INTO `mydb`.`localidades` (`idlocalidades`, `nombre_localidad`, `ambito`, `municipio_idmunicipio`)",VALUES (,"111,""La Palma (El Cuarenta)"",""R"",15",);
112,El Cuarenta y Cinco,R,15,,"INSERT INTO `mydb`.`localidades` (`idlocalidades`, `nombre_localidad`, `ambito`, `municipio_idmunicipio`)",VALUES (,"112,""El Cuarenta y Cinco"",""R"",15",);
114,Los González (Luz Luna González),R,15,,"INSERT INTO `mydb`.`localidades` (`idlocalidades`, `nombre_localidad`, `ambito`, `municipio_idmunicipio`)",VALUES (,"114,""Los González (Luz Luna González)"",""R"",15",);
116,Palmillas,R,15,,"INSERT INTO `mydb`.`localidades` (`idlocalidades`, `nombre_localidad`, `ambito`, `municipio_idmunicipio`)",VALUES (,"116,""Palmillas"",""R"",15",);
117,La Represa,R,15,,"INSERT INTO `mydb`.`localidades` (`idlocalidades`, `nombre_localidad`, `ambito`, `municipio_idmunicipio`)",VALUES (,"117,""La Represa"",""R"",15",);
118,Palomas,R,15,,"INSERT INTO `mydb`.`localidades` (`idlocalidades`, `nombre_localidad`, `ambito`, `municipio_idmunicipio`)",VALUES (,"118,""Palomas"",""R"",15",);
119,Cinco Hermanos,R,15,,"INSERT INTO `mydb`.`localidades` (`idlocalidades`, `nombre_localidad`, `ambito`, `municipio_idmunicipio`)",VALUES (,"119,""Cinco Hermanos"",""R"",15",);
121,La Rosa,R,15,,"INSERT INTO `mydb`.`localidades` (`idlocalidades`, `nombre_localidad`, `ambito`, `municipio_idmunicipio`)",VALUES (,"121,""La Rosa"",""R"",15",);
123,San Carlos,R,15,,"INSERT INTO `mydb`.`localidades` (`idlocalidades`, `nombre_localidad`, `ambito`, `municipio_idmunicipio`)",VALUES (,"123,""San Carlos"",""R"",15",);
125,Eliseo Osornia,R,15,,"INSERT INTO `mydb`.`localidades` (`idlocalidades`, `nombre_localidad`, `ambito`, `municipio_idmunicipio`)",VALUES (,"125,""Eliseo Osornia"",""R"",15",);
129,Monclova [Club de Caza y Pesca],R,15,,"INSERT INTO `mydb`.`localidades` (`idlocalidades`, `nombre_localidad`, `ambito`, `municipio_idmunicipio`)",VALUES (,"129,""Monclova [Club de Caza y Pesca]"",""R"",15",);
130,Club Azteca,R,15,,"INSERT INTO `mydb`.`localidades` (`idlocalidades`, `nombre_localidad`, `ambito`, `municipio_idmunicipio`)",VALUES (,"130,""Club Azteca"",""R"",15",);
131,El Italiano,R,15,,"INSERT INTO `mydb`.`localidades` (`idlocalidades`, `nombre_localidad`, `ambito`, `municipio_idmunicipio`)",VALUES (,"131,""El Italiano"",""R"",15",);
132,La Amistad,R,15,,"INSERT INTO `mydb`.`localidades` (`idlocalidades`, `nombre_localidad`, `ambito`, `municipio_idmunicipio`)",VALUES (,"132,""La Amistad"",""R"",15",);
133,La Jimenada,R,15,,"INSERT INTO `mydb`.`localidades` (`idlocalidades`, `nombre_localidad`, `ambito`, `municipio_idmunicipio`)",VALUES (,"133,""La Jimenada"",""R"",15",);
134,Campo Vale,R,15,,"INSERT INTO `mydb`.`localidades` (`idlocalidades`, `nombre_localidad`, `ambito`, `municipio_idmunicipio`)",VALUES (,"134,""Campo Vale"",""R"",15",);
138,"Don Martín [Club de Caza, Tiro y Pesca]",R,15,,"INSERT INTO `mydb`.`localidades` (`idlocalidades`, `nombre_localidad`, `ambito`, `municipio_idmunicipio`)",VALUES (,"138,""Don Martín [Club de Caza, Tiro y Pesca]"",""R"",15",);
142,El Fuerte,R,15,,"INSERT INTO `mydb`.`localidades` (`idlocalidades`, `nombre_localidad`, `ambito`, `municipio_idmunicipio`)",VALUES (,"142,""El Fuerte"",""R"",15",);
144,Manuel García Mata,R,15,,"INSERT INTO `mydb`.`localidades` (`idlocalidades`, `nombre_localidad`, `ambito`, `municipio_idmunicipio`)",VALUES (,"144,""Manuel García Mata"",""R"",15",);
146,Las Norias (Toro Prieto),R,15,,"INSERT INTO `mydb`.`localidades` (`idlocalidades`, `nombre_localidad`, `ambito`, `municipio_idmunicipio`)",VALUES (,"146,""Las Norias (Toro Prieto)"",""R"",15",);
147,Santa Micaela,R,15,,"INSERT INTO `mydb`.`localidades` (`idlocalidades`, `nombre_localidad`, `ambito`, `municipio_idmunicipio`)",VALUES (,"147,""Santa Micaela"",""R"",15",);
149,Peñitas (José Contreras García),R,15,,"INSERT INTO `mydb`.`localidades` (`idlocalidades`, `nombre_localidad`, `ambito`, `municipio_idmunicipio`)",VALUES (,"149,""Peñitas (José Contreras García)"",""R"",15",);
150,San Roque Uno,R,15,,"INSERT INTO `mydb`.`localidades` (`idlocalidades`, `nombre_localidad`, `ambito`, `municipio_idmunicipio`)",VALUES (,"150,""San Roque Uno"",""R"",15",);
153,Peñitas,R,15,,"INSERT INTO `mydb`.`localidades` (`idlocalidades`, `nombre_localidad`, `ambito`, `municipio_idmunicipio`)",VALUES (,"153,""Peñitas"",""R"",15",);
154,El Indio (El Chupadero),R,15,,"INSERT INTO `mydb`.`localidades` (`idlocalidades`, `nombre_localidad`, `ambito`, `municipio_idmunicipio`)",VALUES (,"154,""El Indio (El Chupadero)"",""R"",15",);
155,El Espejo,R,15,,"INSERT INTO `mydb`.`localidades` (`idlocalidades`, `nombre_localidad`, `ambito`, `municipio_idmunicipio`)",VALUES (,"155,""El Espejo"",""R"",15",);
156,Coyotillo Dos,R,15,,"INSERT INTO `mydb`.`localidades` (`idlocalidades`, `nombre_localidad`, `ambito`, `municipio_idmunicipio`)",VALUES (,"156,""Coyotillo Dos"",""R"",15",);
157,Roberto García Martínez,R,15,,"INSERT INTO `mydb`.`localidades` (`idlocalidades`, `nombre_localidad`, `ambito`, `municipio_idmunicipio`)",VALUES (,"157,""Roberto García Martínez"",""R"",15",);
158,Los Tájuaros,R,15,,"INSERT INTO `mydb`.`localidades` (`idlocalidades`, `nombre_localidad`, `ambito`, `municipio_idmunicipio`)",VALUES (,"158,""Los Tájuaros"",""R"",15",);
159,El Chapote,R,15,,"INSERT INTO `mydb`.`localidades` (`idlocalidades`, `nombre_localidad`, `ambito`, `municipio_idmunicipio`)",VALUES (,"159,""El Chapote"",""R"",15",);
160,Rancho Nuevo,R,15,,"INSERT INTO `mydb`.`localidades` (`idlocalidades`, `nombre_localidad`, `ambito`, `municipio_idmunicipio`)",VALUES (,"160,""Rancho Nuevo"",""R"",15",);
161,Alcorta,R,15,,"INSERT INTO `mydb`.`localidades` (`idlocalidades`, `nombre_localidad`, `ambito`, `municipio_idmunicipio`)",VALUES (,"161,""Alcorta"",""R"",15",);
162,Rogelio F. Moreno Quintero (Santa Rita),R,15,,"INSERT INTO `mydb`.`localidades` (`idlocalidades`, `nombre_localidad`, `ambito`, `municipio_idmunicipio`)",VALUES (,"162,""Rogelio F. Moreno Quintero (Santa Rita)"",""R"",15",);
164,Chavelito,R,15,,"INSERT INTO `mydb`.`localidades` (`idlocalidades`, `nombre_localidad`, `ambito`, `municipio_idmunicipio`)",VALUES (,"164,""Chavelito"",""R"",15",);
165,Heriberto Domínguez González,R,15,,"INSERT INTO `mydb`.`localidades` (`idlocalidades`, `nombre_localidad`, `ambito`, `municipio_idmunicipio`)",VALUES (,"165,""Heriberto Domínguez González"",""R"",15",);
166,El Tecolote (Ricardo Flores Wong),R,15,,"INSERT INTO `mydb`.`localidades` (`idlocalidades`, `nombre_localidad`, `ambito`, `municipio_idmunicipio`)",VALUES (,"166,""El Tecolote (Ricardo Flores Wong)"",""R"",15",);
168,María Isabel,R,15,,"INSERT INTO `mydb`.`localidades` (`idlocalidades`, `nombre_localidad`, `ambito`, `municipio_idmunicipio`)",VALUES (,"168,""María Isabel"",""R"",15",);
172,San Jorge,R,15,,"INSERT INTO `mydb`.`localidades` (`idlocalidades`, `nombre_localidad`, `ambito`, `municipio_idmunicipio`)",VALUES (,"172,""San Jorge"",""R"",15",);
173,El Tecolote (Ricardo Flores Wong),R,15,,"INSERT INTO `mydb`.`localidades` (`idlocalidades`, `nombre_localidad`, `ambito`, `municipio_idmunicipio`)",VALUES (,"173,""El Tecolote (Ricardo Flores Wong)"",""R"",15",);
174,El Lucero,R,15,,"INSERT INTO `mydb`.`localidades` (`idlocalidades`, `nombre_localidad`, `ambito`, `municipio_idmunicipio`)",VALUES (,"174,""El Lucero"",""R"",15",);
175,El Guayacán,R,15,,"INSERT INTO `mydb`.`localidades` (`idlocalidades`, `nombre_localidad`, `ambito`, `municipio_idmunicipio`)",VALUES (,"175,""El Guayacán"",""R"",15",);
176,La Promesa,R,15,,"INSERT INTO `mydb`.`localidades` (`idlocalidades`, `nombre_localidad`, `ambito`, `municipio_idmunicipio`)",VALUES (,"176,""La Promesa"",""R"",15",);
177,San Ramón,R,15,,"INSERT INTO `mydb`.`localidades` (`idlocalidades`, `nombre_localidad`, `ambito`, `municipio_idmunicipio`)",VALUES (,"177,""San Ramón"",""R"",15",);
178,Ramiro García,R,15,,"INSERT INTO `mydb`.`localidades` (`idlocalidades`, `nombre_localidad`, `ambito`, `municipio_idmunicipio`)",VALUES (,"178,""Ramiro García"",""R"",15",);
179,Chabelito,R,15,,"INSERT INTO `mydb`.`localidades` (`idlocalidades`, `nombre_localidad`, `ambito`, `municipio_idmunicipio`)",VALUES (,"179,""Chabelito"",""R"",15",);
180,José López González,R,15,,"INSERT INTO `mydb`.`localidades` (`idlocalidades`, `nombre_localidad`, `ambito`, `municipio_idmunicipio`)",VALUES (,"180,""José López González"",""R"",15",);
182,San Guillermo,R,15,,"INSERT INTO `mydb`.`localidades` (`idlocalidades`, `nombre_localidad`, `ambito`, `municipio_idmunicipio`)",VALUES (,"182,""San Guillermo"",""R"",15",);
183,El Papalote,R,15,,"INSERT INTO `mydb`.`localidades` (`idlocalidades`, `nombre_localidad`, `ambito`, `municipio_idmunicipio`)",VALUES (,"183,""El Papalote"",""R"",15",);
184,La Palma,R,15,,"INSERT INTO `mydb`.`localidades` (`idlocalidades`, `nombre_localidad`, `ambito`, `municipio_idmunicipio`)",VALUES (,"184,""La Palma"",""R"",15",);
185,Carlos Reyes Rincón,R,15,,"INSERT INTO `mydb`.`localidades` (`idlocalidades`, `nombre_localidad`, `ambito`, `municipio_idmunicipio`)",VALUES (,"185,""Carlos Reyes Rincón"",""R"",15",);
186,El Yunque,R,15,,"INSERT INTO `mydb`.`localidades` (`idlocalidades`, `nombre_localidad`, `ambito`, `municipio_idmunicipio`)",VALUES (,"186,""El Yunque"",""R"",15",);
187,Las Mangas,R,15,,"INSERT INTO `mydb`.`localidades` (`idlocalidades`, `nombre_localidad`, `ambito`, `municipio_idmunicipio`)",VALUES (,"187,""Las Mangas"",""R"",15",);
188,Los Laureles,R,15,,"INSERT INTO `mydb`.`localidades` (`idlocalidades`, `nombre_localidad`, `ambito`, `municipio_idmunicipio`)",VALUES (,"188,""Los Laureles"",""R"",15",);
189,El Barril,R,15,,"INSERT INTO `mydb`.`localidades` (`idlocalidades`, `nombre_localidad`, `ambito`, `municipio_idmunicipio`)",VALUES (,"189,""El Barril"",""R"",15",);
190,El Andador,R,15,,"INSERT INTO `mydb`.`localidades` (`idlocalidades`, `nombre_localidad`, `ambito`, `municipio_idmunicipio`)",VALUES (,"190,""El Andador"",""R"",15",);
191,José Treviño,R,15,,"INSERT INTO `mydb`.`localidades` (`idlocalidades`, `nombre_localidad`, `ambito`, `municipio_idmunicipio`)",VALUES (,"191,""José Treviño"",""R"",15",);
193,José Hernández Coronado,R,15,,"INSERT INTO `mydb`.`localidades` (`idlocalidades`, `nombre_localidad`, `ambito`, `municipio_idmunicipio`)",VALUES (,"193,""José Hernández Coronado"",""R"",15",);
195,Ramón Ramírez Sánchez,R,15,,"INSERT INTO `mydb`.`localidades` (`idlocalidades`, `nombre_localidad`, `ambito`, `municipio_idmunicipio`)",VALUES (,"195,""Ramón Ramírez Sánchez"",""R"",15",);
197,San Antonio,R,15,,"INSERT INTO `mydb`.`localidades` (`idlocalidades`, `nombre_localidad`, `ambito`, `municipio_idmunicipio`)",VALUES (,"197,""San Antonio"",""R"",15",);
198,San Antonio (José Adalberto G.),R,15,,"INSERT INTO `mydb`.`localidades` (`idlocalidades`, `nombre_localidad`, `ambito`, `municipio_idmunicipio`)",VALUES (,"198,""San Antonio (José Adalberto G.)"",""R"",15",);
199,San Rafael,R,15,,"INSERT INTO `mydb`.`localidades` (`idlocalidades`, `nombre_localidad`, `ambito`, `municipio_idmunicipio`)",VALUES (,"199,""San Rafael"",""R"",15",);
200,Buenavista,R,15,,"INSERT INTO `mydb`.`localidades` (`idlocalidades`, `nombre_localidad`, `ambito`, `municipio_idmunicipio`)",VALUES (,"200,""Buenavista"",""R"",15",);
201,El Apache,R,15,,"INSERT INTO `mydb`.`localidades` (`idlocalidades`, `nombre_localidad`, `ambito`, `municipio_idmunicipio`)",VALUES (,"201,""El Apache"",""R"",15",);
202,El Cuervo,R,15,,"INSERT INTO `mydb`.`localidades` (`idlocalidades`, `nombre_localidad`, `ambito`, `municipio_idmunicipio`)",VALUES (,"202,""El Cuervo"",""R"",15",);
203,La Taza,R,15,,"INSERT INTO `mydb`.`localidades` (`idlocalidades`, `nombre_localidad`, `ambito`, `municipio_idmunicipio`)",VALUES (,"203,""La Taza"",""R"",15",);
204,Guadalupe,R,15,,"INSERT INTO `mydb`.`localidades` (`idlocalidades`, `nombre_localidad`, `ambito`, `municipio_idmunicipio`)",VALUES (,"204,""Guadalupe"",""R"",15",);
205,Buenos Aires (Los Fresnos),R,15,,"INSERT INTO `mydb`.`localidades` (`idlocalidades`, `nombre_localidad`, `ambito`, `municipio_idmunicipio`)",VALUES (,"205,""Buenos Aires (Los Fresnos)"",""R"",15",);
206,Los Canadienses,R,15,,"INSERT INTO `mydb`.`localidades` (`idlocalidades`, `nombre_localidad`, `ambito`, `municipio_idmunicipio`)",VALUES (,"206,""Los Canadienses"",""R"",15",);
207,Club las Carpas (Juan Mendoza),R,15,,"INSERT INTO `mydb`.`localidades` (`idlocalidades`, `nombre_localidad`, `ambito`, `municipio_idmunicipio`)",VALUES (,"207,""Club las Carpas (Juan Mendoza)"",""R"",15",);
208,Casi Nada Ranch,R,15,,"INSERT INTO `mydb`.`localidades` (`idlocalidades`, `nombre_localidad`, `ambito`, `municipio_idmunicipio`)",VALUES (,"208,""Casi Nada Ranch"",""R"",15",);
209,Gilberto Martínez Rocha,R,15,,"INSERT INTO `mydb`.`localidades` (`idlocalidades`, `nombre_localidad`, `ambito`, `municipio_idmunicipio`)",VALUES (,"209,""Gilberto Martínez Rocha"",""R"",15",);
210,Miguel Macías Pecina,R,15,,"INSERT INTO `mydb`.`localidades` (`idlocalidades`, `nombre_localidad`, `ambito`, `municipio_idmunicipio`)",VALUES (,"210,""Miguel Macías Pecina"",""R"",15",);
211,La Vaquerita (Homero Martínez Pecina),R,15,,"INSERT INTO `mydb`.`localidades` (`idlocalidades`, `nombre_localidad`, `ambito`, `municipio_idmunicipio`)",VALUES (,"211,""La Vaquerita (Homero Martínez Pecina)"",""R"",15",);
212,Juan Pablo Luna,R,15,,"INSERT INTO `mydb`.`localidades` (`idlocalidades`, `nombre_localidad`, `ambito`, `municipio_idmunicipio`)",VALUES (,"212,""Juan Pablo Luna"",""R"",15",);
213,Joaquín Esparza Escobedo,R,15,,"INSERT INTO `mydb`.`localidades` (`idlocalidades`, `nombre_localidad`, `ambito`, `municipio_idmunicipio`)",VALUES (,"213,""Joaquín Esparza Escobedo"",""R"",15",);
214,Los Dos Caballos,R,15,,"INSERT INTO `mydb`.`localidades` (`idlocalidades`, `nombre_localidad`, `ambito`, `municipio_idmunicipio`)",VALUES (,"214,""Los Dos Caballos"",""R"",15",);
215,Santa Rosa,R,15,,"INSERT INTO `mydb`.`localidades` (`idlocalidades`, `nombre_localidad`, `ambito`, `municipio_idmunicipio`)",VALUES (,"215,""Santa Rosa"",""R"",15",);
216,Ovidio Lira Fuentes,R,15,,"INSERT INTO `mydb`.`localidades` (`idlocalidades`, `nombre_localidad`, `ambito`, `municipio_idmunicipio`)",VALUES (,"216,""Ovidio Lira Fuentes"",""R"",15",);
217,Juan López Oliva,R,15,,"INSERT INTO `mydb`.`localidades` (`idlocalidades`, `nombre_localidad`, `ambito`, `municipio_idmunicipio`)",VALUES (,"217,""Juan López Oliva"",""R"",15",);
218,El Tío Nachito,R,15,,"INSERT INTO `mydb`.`localidades` (`idlocalidades`, `nombre_localidad`, `ambito`, `municipio_idmunicipio`)",VALUES (,"218,""El Tío Nachito"",""R"",15",);
219,El Recodo,R,15,,"INSERT INTO `mydb`.`localidades` (`idlocalidades`, `nombre_localidad`, `ambito`, `municipio_idmunicipio`)",VALUES (,"219,""El Recodo"",""R"",15",);
220,Francisco Flores,R,15,,"INSERT INTO `mydb`.`localidades` (`idlocalidades`, `nombre_localidad`, `ambito`, `municipio_idmunicipio`)",VALUES (,"220,""Francisco Flores"",""R"",15",);
221,Ramón Guajardo,R,15,,"INSERT INTO `mydb`.`localidades` (`idlocalidades`, `nombre_localidad`, `ambito`, `municipio_idmunicipio`)",VALUES (,"221,""Ramón Guajardo"",""R"",15",);
222,Agua Dulce,R,15,,"INSERT INTO `mydb`.`localidades` (`idlocalidades`, `nombre_localidad`, `ambito`, `municipio_idmunicipio`)",VALUES (,"222,""Agua Dulce"",""R"",15",);
223,Las Adjuntas (El Porvenir),R,15,,"INSERT INTO `mydb`.`localidades` (`idlocalidades`, `nombre_localidad`, `ambito`, `municipio_idmunicipio`)",VALUES (,"223,""Las Adjuntas (El Porvenir)"",""R"",15",);
224,Las Cuatas,R,15,,"INSERT INTO `mydb`.`localidades` (`idlocalidades`, `nombre_localidad`, `ambito`, `municipio_idmunicipio`)",VALUES (,"224,""Las Cuatas"",""R"",15",);
225,El Castaño,R,15,,"INSERT INTO `mydb`.`localidades` (`idlocalidades`, `nombre_localidad`, `ambito`, `municipio_idmunicipio`)",VALUES (,"225,""El Castaño"",""R"",15",);
226,Juan Carlos Calderón Orozco,R,15,,"INSERT INTO `mydb`.`localidades` (`idlocalidades`, `nombre_localidad`, `ambito`, `municipio_idmunicipio`)",VALUES (,"226,""Juan Carlos Calderón Orozco"",""R"",15",);
227,El Paso de la Perra,R,15,,"INSERT INTO `mydb`.`localidades` (`idlocalidades`, `nombre_localidad`, `ambito`, `municipio_idmunicipio`)",VALUES (,"227,""El Paso de la Perra"",""R"",15",);
228,Pila Azul,R,15,,"INSERT INTO `mydb`.`localidades` (`idlocalidades`, `nombre_localidad`, `ambito`, `municipio_idmunicipio`)",VALUES (,"228,""Pila Azul"",""R"",15",);
229,El Quiotal,R,15,,"INSERT INTO `mydb`.`localidades` (`idlocalidades`, `nombre_localidad`, `ambito`, `municipio_idmunicipio`)",VALUES (,"229,""El Quiotal"",""R"",15",);
230,Raúl Guajardo,R,15,,"INSERT INTO `mydb`.`localidades` (`idlocalidades`, `nombre_localidad`, `ambito`, `municipio_idmunicipio`)",VALUES (,"230,""Raúl Guajardo"",""R"",15",);
231,Rufino Sánchez Navarro,R,15,,"INSERT INTO `mydb`.`localidades` (`idlocalidades`, `nombre_localidad`, `ambito`, `municipio_idmunicipio`)",VALUES (,"231,""Rufino Sánchez Navarro"",""R"",15",);
232,Santa Margarita,R,15,,"INSERT INTO `mydb`.`localidades` (`idlocalidades`, `nombre_localidad`, `ambito`, `municipio_idmunicipio`)",VALUES (,"232,""Santa Margarita"",""R"",15",);
233,Vicente Sánchez Herrera,R,15,,"INSERT INTO `mydb`.`localidades` (`idlocalidades`, `nombre_localidad`, `ambito`, `municipio_idmunicipio`)",VALUES (,"233,""Vicente Sánchez Herrera"",""R"",15",);
237,Gabino Zamora Lira,R,15,,"INSERT INTO `mydb`.`localidades` (`idlocalidades`, `nombre_localidad`, `ambito`, `municipio_idmunicipio`)",VALUES (,"237,""Gabino Zamora Lira"",""R"",15",);
240,Carlos Calderón,R,15,,"INSERT INTO `mydb`.`localidades` (`idlocalidades`, `nombre_localidad`, `ambito`, `municipio_idmunicipio`)",VALUES (,"240,""Carlos Calderón"",""R"",15",);
242,Valentín Moreno (Los 9 Hermanos),R,15,,"INSERT INTO `mydb`.`localidades` (`idlocalidades`, `nombre_localidad`, `ambito`, `municipio_idmunicipio`)",VALUES (,"242,""Valentín Moreno (Los 9 Hermanos)"",""R"",15",);
244,Rancho Nuevo,R,15,,"INSERT INTO `mydb`.`localidades` (`idlocalidades`, `nombre_localidad`, `ambito`, `municipio_idmunicipio`)",VALUES (,"244,""Rancho Nuevo"",""R"",15",);
245,Héctor Ramos,R,15,,"INSERT INTO `mydb`.`localidades` (`idlocalidades`, `nombre_localidad`, `ambito`, `municipio_idmunicipio`)",VALUES (,"245,""Héctor Ramos"",""R"",15",);
246,Santa Rita,R,15,,"INSERT INTO `mydb`.`localidades` (`idlocalidades`, `nombre_localidad`, `ambito`, `municipio_idmunicipio`)",VALUES (,"246,""Santa Rita"",""R"",15",);
247,El Arenal,R,15,,"INSERT INTO `mydb`.`localidades` (`idlocalidades`, `nombre_localidad`, `ambito`, `municipio_idmunicipio`)",VALUES (,"247,""El Arenal"",""R"",15",);
248,Sanmiguel,R,15,,"INSERT INTO `mydb`.`localidades` (`idlocalidades`, `nombre_localidad`, `ambito`, `municipio_idmunicipio`)",VALUES (,"248,""Sanmiguel"",""R"",15",);
249,El Sufrido Dos,R,15,,"INSERT INTO `mydb`.`localidades` (`idlocalidades`, `nombre_localidad`, `ambito`, `municipio_idmunicipio`)",VALUES (,"249,""El Sufrido Dos"",""R"",15",);
250,Reynaldo García Villaseñor,R,15,,"INSERT INTO `mydb`.`localidades` (`idlocalidades`, `nombre_localidad`, `ambito`, `municipio_idmunicipio`)",VALUES (,"250,""Reynaldo García Villaseñor"",""R"",15",);
251,El Capricho,R,15,,"INSERT INTO `mydb`.`localidades` (`idlocalidades`, `nombre_localidad`, `ambito`, `municipio_idmunicipio`)",VALUES (,"251,""El Capricho"",""R"",15",);
252,El Bayo,R,15,,"INSERT INTO `mydb`.`localidades` (`idlocalidades`, `nombre_localidad`, `ambito`, `municipio_idmunicipio`)",VALUES (,"252,""El Bayo"",""R"",15",);
253,María de Jesús,R,15,,"INSERT INTO `mydb`.`localidades` (`idlocalidades`, `nombre_localidad`, `ambito`, `municipio_idmunicipio`)",VALUES (,"253,""María de Jesús"",""R"",15",);
254,El Progreso,R,15,,"INSERT INTO `mydb`.`localidades` (`idlocalidades`, `nombre_localidad`, `ambito`, `municipio_idmunicipio`)",VALUES (,"254,""El Progreso"",""R"",15",);
255,Los Luna,R,15,,"INSERT INTO `mydb`.`localidades` (`idlocalidades`, `nombre_localidad`, `ambito`, `municipio_idmunicipio`)",VALUES (,"255,""Los Luna"",""R"",15",);
