CVE_LOC,NOM_LOC,AMBITO,CVE_MUN,,,,,
1,Ocampo,U,23,,"INSERT INTO `mydb`.`localidades` (`idlocalidades`, `nombre_localidad`, `ambito`, `municipio_idmunicipio`)",VALUES (,"1,""Ocampo"",""U"",23",);
2,Acebuches,R,23,,"INSERT INTO `mydb`.`localidades` (`idlocalidades`, `nombre_localidad`, `ambito`, `municipio_idmunicipio`)",VALUES (,"2,""Acebuches"",""R"",23",);
3,El Cimarrón,R,23,,"INSERT INTO `mydb`.`localidades` (`idlocalidades`, `nombre_localidad`, `ambito`, `municipio_idmunicipio`)",VALUES (,"3,""El Cimarrón"",""R"",23",);
4,Agua Verde,R,23,,"INSERT INTO `mydb`.`localidades` (`idlocalidades`, `nombre_localidad`, `ambito`, `municipio_idmunicipio`)",VALUES (,"4,""Agua Verde"",""R"",23",);
5,Nuevo Peñalba (El Águila),R,23,,"INSERT INTO `mydb`.`localidades` (`idlocalidades`, `nombre_localidad`, `ambito`, `municipio_idmunicipio`)",VALUES (,"5,""Nuevo Peñalba (El Águila)"",""R"",23",);
8,Álamos de Márquez,R,23,,"INSERT INTO `mydb`.`localidades` (`idlocalidades`, `nombre_localidad`, `ambito`, `municipio_idmunicipio`)",VALUES (,"8,""Álamos de Márquez"",""R"",23",);
10,El Alicante,R,23,,"INSERT INTO `mydb`.`localidades` (`idlocalidades`, `nombre_localidad`, `ambito`, `municipio_idmunicipio`)",VALUES (,"10,""El Alicante"",""R"",23",);
17,Boquillas del Carmen,R,23,,"INSERT INTO `mydb`.`localidades` (`idlocalidades`, `nombre_localidad`, `ambito`, `municipio_idmunicipio`)",VALUES (,"17,""Boquillas del Carmen"",""R"",23",);
20,Buena Vista,R,23,,"INSERT INTO `mydb`.`localidades` (`idlocalidades`, `nombre_localidad`, `ambito`, `municipio_idmunicipio`)",VALUES (,"20,""Buena Vista"",""R"",23",);
25,La Central,R,23,,"INSERT INTO `mydb`.`localidades` (`idlocalidades`, `nombre_localidad`, `ambito`, `municipio_idmunicipio`)",VALUES (,"25,""La Central"",""R"",23",);
26,El Cenzontle (El Chonte),R,23,,"INSERT INTO `mydb`.`localidades` (`idlocalidades`, `nombre_localidad`, `ambito`, `municipio_idmunicipio`)",VALUES (,"26,""El Cenzontle (El Chonte)"",""R"",23",);
27,La Cruz,R,23,,"INSERT INTO `mydb`.`localidades` (`idlocalidades`, `nombre_localidad`, `ambito`, `municipio_idmunicipio`)",VALUES (,"27,""La Cruz"",""R"",23",);
29,Chapala,R,23,,"INSERT INTO `mydb`.`localidades` (`idlocalidades`, `nombre_localidad`, `ambito`, `municipio_idmunicipio`)",VALUES (,"29,""Chapala"",""R"",23",);
30,Charcos de Figueroa (Falcón),R,23,,"INSERT INTO `mydb`.`localidades` (`idlocalidades`, `nombre_localidad`, `ambito`, `municipio_idmunicipio`)",VALUES (,"30,""Charcos de Figueroa (Falcón)"",""R"",23",);
32,Las Eutimias,R,23,,"INSERT INTO `mydb`.`localidades` (`idlocalidades`, `nombre_localidad`, `ambito`, `municipio_idmunicipio`)",VALUES (,"32,""Las Eutimias"",""R"",23",);
33,La Fortuna (Fortuna de Arocha),R,23,,"INSERT INTO `mydb`.`localidades` (`idlocalidades`, `nombre_localidad`, `ambito`, `municipio_idmunicipio`)",VALUES (,"33,""La Fortuna (Fortuna de Arocha)"",""R"",23",);
35,El Garabatal,R,23,,"INSERT INTO `mydb`.`localidades` (`idlocalidades`, `nombre_localidad`, `ambito`, `municipio_idmunicipio`)",VALUES (,"35,""El Garabatal"",""R"",23",);
37,Guadalupe del Rey,R,23,,"INSERT INTO `mydb`.`localidades` (`idlocalidades`, `nombre_localidad`, `ambito`, `municipio_idmunicipio`)",VALUES (,"37,""Guadalupe del Rey"",""R"",23",);
38,El Guaje,R,23,,"INSERT INTO `mydb`.`localidades` (`idlocalidades`, `nombre_localidad`, `ambito`, `municipio_idmunicipio`)",VALUES (,"38,""El Guaje"",""R"",23",);
40,La Harina,R,23,,"INSERT INTO `mydb`.`localidades` (`idlocalidades`, `nombre_localidad`, `ambito`, `municipio_idmunicipio`)",VALUES (,"40,""La Harina"",""R"",23",);
41,Jaboncillos (Jaboncillos Chico),R,23,,"INSERT INTO `mydb`.`localidades` (`idlocalidades`, `nombre_localidad`, `ambito`, `municipio_idmunicipio`)",VALUES (,"41,""Jaboncillos (Jaboncillos Chico)"",""R"",23",);
42,Jaboncillos (Jaboncillos Grande),R,23,,"INSERT INTO `mydb`.`localidades` (`idlocalidades`, `nombre_localidad`, `ambito`, `municipio_idmunicipio`)",VALUES (,"42,""Jaboncillos (Jaboncillos Grande)"",""R"",23",);
44,Los Laureles,R,23,,"INSERT INTO `mydb`.`localidades` (`idlocalidades`, `nombre_localidad`, `ambito`, `municipio_idmunicipio`)",VALUES (,"44,""Los Laureles"",""R"",23",);
45,Los Llanos,R,23,,"INSERT INTO `mydb`.`localidades` (`idlocalidades`, `nombre_localidad`, `ambito`, `municipio_idmunicipio`)",VALUES (,"45,""Los Llanos"",""R"",23",);
46,Las Margaritas,R,23,,"INSERT INTO `mydb`.`localidades` (`idlocalidades`, `nombre_localidad`, `ambito`, `municipio_idmunicipio`)",VALUES (,"46,""Las Margaritas"",""R"",23",);
47,El Melón,R,23,,"INSERT INTO `mydb`.`localidades` (`idlocalidades`, `nombre_localidad`, `ambito`, `municipio_idmunicipio`)",VALUES (,"47,""El Melón"",""R"",23",);
48,La Merced,R,23,,"INSERT INTO `mydb`.`localidades` (`idlocalidades`, `nombre_localidad`, `ambito`, `municipio_idmunicipio`)",VALUES (,"48,""La Merced"",""R"",23",);
49,El Milagro (El Polko),R,23,,"INSERT INTO `mydb`.`localidades` (`idlocalidades`, `nombre_localidad`, `ambito`, `municipio_idmunicipio`)",VALUES (,"49,""El Milagro (El Polko)"",""R"",23",);
51,El Mimbre,R,23,,"INSERT INTO `mydb`.`localidades` (`idlocalidades`, `nombre_localidad`, `ambito`, `municipio_idmunicipio`)",VALUES (,"51,""El Mimbre"",""R"",23",);
57,El Morado,R,23,,"INSERT INTO `mydb`.`localidades` (`idlocalidades`, `nombre_localidad`, `ambito`, `municipio_idmunicipio`)",VALUES (,"57,""El Morado"",""R"",23",);
58,La Mora,R,23,,"INSERT INTO `mydb`.`localidades` (`idlocalidades`, `nombre_localidad`, `ambito`, `municipio_idmunicipio`)",VALUES (,"58,""La Mora"",""R"",23",);
59,Santa Fe del Pino (La Morita),R,23,,"INSERT INTO `mydb`.`localidades` (`idlocalidades`, `nombre_localidad`, `ambito`, `municipio_idmunicipio`)",VALUES (,"59,""Santa Fe del Pino (La Morita)"",""R"",23",);
62,Boquillas del Carmen (Norias),R,23,,"INSERT INTO `mydb`.`localidades` (`idlocalidades`, `nombre_localidad`, `ambito`, `municipio_idmunicipio`)",VALUES (,"62,""Boquillas del Carmen (Norias)"",""R"",23",);
63,Norias del Caballo,R,23,,"INSERT INTO `mydb`.`localidades` (`idlocalidades`, `nombre_localidad`, `ambito`, `municipio_idmunicipio`)",VALUES (,"63,""Norias del Caballo"",""R"",23",);
65,Nuevo Reforma,R,23,,"INSERT INTO `mydb`.`localidades` (`idlocalidades`, `nombre_localidad`, `ambito`, `municipio_idmunicipio`)",VALUES (,"65,""Nuevo Reforma"",""R"",23",);
67,El Oro [Estación],R,23,,"INSERT INTO `mydb`.`localidades` (`idlocalidades`, `nombre_localidad`, `ambito`, `municipio_idmunicipio`)",VALUES (,"67,""El Oro [Estación]"",""R"",23",);
70,El Mirador (El Papalote),R,23,,"INSERT INTO `mydb`.`localidades` (`idlocalidades`, `nombre_localidad`, `ambito`, `municipio_idmunicipio`)",VALUES (,"70,""El Mirador (El Papalote)"",""R"",23",);
72,Pedro Prieto,R,23,,"INSERT INTO `mydb`.`localidades` (`idlocalidades`, `nombre_localidad`, `ambito`, `municipio_idmunicipio`)",VALUES (,"72,""Pedro Prieto"",""R"",23",);
74,Peñalba,R,23,,"INSERT INTO `mydb`.`localidades` (`idlocalidades`, `nombre_localidad`, `ambito`, `municipio_idmunicipio`)",VALUES (,"74,""Peñalba"",""R"",23",);
75,Peña Blanca,R,23,,"INSERT INTO `mydb`.`localidades` (`idlocalidades`, `nombre_localidad`, `ambito`, `municipio_idmunicipio`)",VALUES (,"75,""Peña Blanca"",""R"",23",);
76,Piedritas,R,23,,"INSERT INTO `mydb`.`localidades` (`idlocalidades`, `nombre_localidad`, `ambito`, `municipio_idmunicipio`)",VALUES (,"76,""Piedritas"",""R"",23",);
78,El Pino,R,23,,"INSERT INTO `mydb`.`localidades` (`idlocalidades`, `nombre_localidad`, `ambito`, `municipio_idmunicipio`)",VALUES (,"78,""El Pino"",""R"",23",);
79,El Placer (El Puerto),R,23,,"INSERT INTO `mydb`.`localidades` (`idlocalidades`, `nombre_localidad`, `ambito`, `municipio_idmunicipio`)",VALUES (,"79,""El Placer (El Puerto)"",""R"",23",);
83,La Presita,R,23,,"INSERT INTO `mydb`.`localidades` (`idlocalidades`, `nombre_localidad`, `ambito`, `municipio_idmunicipio`)",VALUES (,"83,""La Presita"",""R"",23",);
84,La Encantada (La Prieta),R,23,,"INSERT INTO `mydb`.`localidades` (`idlocalidades`, `nombre_localidad`, `ambito`, `municipio_idmunicipio`)",VALUES (,"84,""La Encantada (La Prieta)"",""R"",23",);
85,Puertecitos,R,23,,"INSERT INTO `mydb`.`localidades` (`idlocalidades`, `nombre_localidad`, `ambito`, `municipio_idmunicipio`)",VALUES (,"85,""Puertecitos"",""R"",23",);
86,Puerto Arturo (El Caballo),R,23,,"INSERT INTO `mydb`.`localidades` (`idlocalidades`, `nombre_localidad`, `ambito`, `municipio_idmunicipio`)",VALUES (,"86,""Puerto Arturo (El Caballo)"",""R"",23",);
88,El Rayo,R,23,,"INSERT INTO `mydb`.`localidades` (`idlocalidades`, `nombre_localidad`, `ambito`, `municipio_idmunicipio`)",VALUES (,"88,""El Rayo"",""R"",23",);
89,La Reforma Vieja,R,23,,"INSERT INTO `mydb`.`localidades` (`idlocalidades`, `nombre_localidad`, `ambito`, `municipio_idmunicipio`)",VALUES (,"89,""La Reforma Vieja"",""R"",23",);
92,Nueva Italia (La Reyna),R,23,,"INSERT INTO `mydb`.`localidades` (`idlocalidades`, `nombre_localidad`, `ambito`, `municipio_idmunicipio`)",VALUES (,"92,""Nueva Italia (La Reyna)"",""R"",23",);
94,La Rosita,R,23,,"INSERT INTO `mydb`.`localidades` (`idlocalidades`, `nombre_localidad`, `ambito`, `municipio_idmunicipio`)",VALUES (,"94,""La Rosita"",""R"",23",);
95,La Rueda,R,23,,"INSERT INTO `mydb`.`localidades` (`idlocalidades`, `nombre_localidad`, `ambito`, `municipio_idmunicipio`)",VALUES (,"95,""La Rueda"",""R"",23",);
96,La Salada (La Salada Grande),R,23,,"INSERT INTO `mydb`.`localidades` (`idlocalidades`, `nombre_localidad`, `ambito`, `municipio_idmunicipio`)",VALUES (,"96,""La Salada (La Salada Grande)"",""R"",23",);
97,Salinas del Rey Norte (Salinas del Rey),R,23,,"INSERT INTO `mydb`.`localidades` (`idlocalidades`, `nombre_localidad`, `ambito`, `municipio_idmunicipio`)",VALUES (,"97,""Salinas del Rey Norte (Salinas del Rey)"",""R"",23",);
99,La Trinidad,R,23,,"INSERT INTO `mydb`.`localidades` (`idlocalidades`, `nombre_localidad`, `ambito`, `municipio_idmunicipio`)",VALUES (,"99,""La Trinidad"",""R"",23",);
100,San Guillermo Uno,R,23,,"INSERT INTO `mydb`.`localidades` (`idlocalidades`, `nombre_localidad`, `ambito`, `municipio_idmunicipio`)",VALUES (,"100,""San Guillermo Uno"",""R"",23",);
101,San Ildefonso (El Caballo),R,23,,"INSERT INTO `mydb`.`localidades` (`idlocalidades`, `nombre_localidad`, `ambito`, `municipio_idmunicipio`)",VALUES (,"101,""San Ildefonso (El Caballo)"",""R"",23",);
102,San Isidro,R,23,,"INSERT INTO `mydb`.`localidades` (`idlocalidades`, `nombre_localidad`, `ambito`, `municipio_idmunicipio`)",VALUES (,"102,""San Isidro"",""R"",23",);
103,San José de las Piedras,R,23,,"INSERT INTO `mydb`.`localidades` (`idlocalidades`, `nombre_localidad`, `ambito`, `municipio_idmunicipio`)",VALUES (,"103,""San José de las Piedras"",""R"",23",);
104,San Miguel,R,23,,"INSERT INTO `mydb`.`localidades` (`idlocalidades`, `nombre_localidad`, `ambito`, `municipio_idmunicipio`)",VALUES (,"104,""San Miguel"",""R"",23",);
106,San Pedro,R,23,,"INSERT INTO `mydb`.`localidades` (`idlocalidades`, `nombre_localidad`, `ambito`, `municipio_idmunicipio`)",VALUES (,"106,""San Pedro"",""R"",23",);
107,Santa Elena Uno (Santa Elena),R,23,,"INSERT INTO `mydb`.`localidades` (`idlocalidades`, `nombre_localidad`, `ambito`, `municipio_idmunicipio`)",VALUES (,"107,""Santa Elena Uno (Santa Elena)"",""R"",23",);
108,Santa Elena Dos (San Josecito),R,23,,"INSERT INTO `mydb`.`localidades` (`idlocalidades`, `nombre_localidad`, `ambito`, `municipio_idmunicipio`)",VALUES (,"108,""Santa Elena Dos (San Josecito)"",""R"",23",);
109,El Granizo (Santa María de los Ángeles),R,23,,"INSERT INTO `mydb`.`localidades` (`idlocalidades`, `nombre_localidad`, `ambito`, `municipio_idmunicipio`)",VALUES (,"109,""El Granizo (Santa María de los Ángeles)"",""R"",23",);
111,Santa Rosa,R,23,,"INSERT INTO `mydb`.`localidades` (`idlocalidades`, `nombre_localidad`, `ambito`, `municipio_idmunicipio`)",VALUES (,"111,""Santa Rosa"",""R"",23",);
112,Santo Niño,R,23,,"INSERT INTO `mydb`.`localidades` (`idlocalidades`, `nombre_localidad`, `ambito`, `municipio_idmunicipio`)",VALUES (,"112,""Santo Niño"",""R"",23",);
113,San Vicente y Zacatonal,R,23,,"INSERT INTO `mydb`.`localidades` (`idlocalidades`, `nombre_localidad`, `ambito`, `municipio_idmunicipio`)",VALUES (,"113,""San Vicente y Zacatonal"",""R"",23",);
114,El Socorro,R,23,,"INSERT INTO `mydb`.`localidades` (`idlocalidades`, `nombre_localidad`, `ambito`, `municipio_idmunicipio`)",VALUES (,"114,""El Socorro"",""R"",23",);
119,San Lorenzo (El Revés),R,23,,"INSERT INTO `mydb`.`localidades` (`idlocalidades`, `nombre_localidad`, `ambito`, `municipio_idmunicipio`)",VALUES (,"119,""San Lorenzo (El Revés)"",""R"",23",);
120,Taraíses,R,23,,"INSERT INTO `mydb`.`localidades` (`idlocalidades`, `nombre_localidad`, `ambito`, `municipio_idmunicipio`)",VALUES (,"120,""Taraíses"",""R"",23",);
124,La Unión y el Olán,R,23,,"INSERT INTO `mydb`.`localidades` (`idlocalidades`, `nombre_localidad`, `ambito`, `municipio_idmunicipio`)",VALUES (,"124,""La Unión y el Olán"",""R"",23",);
129,Tenochtitlán (Los Ascacio),R,23,,"INSERT INTO `mydb`.`localidades` (`idlocalidades`, `nombre_localidad`, `ambito`, `municipio_idmunicipio`)",VALUES (,"129,""Tenochtitlán (Los Ascacio)"",""R"",23",);
130,Las Flores,R,23,,"INSERT INTO `mydb`.`localidades` (`idlocalidades`, `nombre_localidad`, `ambito`, `municipio_idmunicipio`)",VALUES (,"130,""Las Flores"",""R"",23",);
133,General Gregorio A. García (El Socorro),R,23,,"INSERT INTO `mydb`.`localidades` (`idlocalidades`, `nombre_localidad`, `ambito`, `municipio_idmunicipio`)",VALUES (,"133,""General Gregorio A. García (El Socorro)"",""R"",23",);
135,El Alegre,R,23,,"INSERT INTO `mydb`.`localidades` (`idlocalidades`, `nombre_localidad`, `ambito`, `municipio_idmunicipio`)",VALUES (,"135,""El Alegre"",""R"",23",);
136,Media Luna,R,23,,"INSERT INTO `mydb`.`localidades` (`idlocalidades`, `nombre_localidad`, `ambito`, `municipio_idmunicipio`)",VALUES (,"136,""Media Luna"",""R"",23",);
137,Vicente Guerrero,R,23,,"INSERT INTO `mydb`.`localidades` (`idlocalidades`, `nombre_localidad`, `ambito`, `municipio_idmunicipio`)",VALUES (,"137,""Vicente Guerrero"",""R"",23",);
138,Las Ánimas,R,23,,"INSERT INTO `mydb`.`localidades` (`idlocalidades`, `nombre_localidad`, `ambito`, `municipio_idmunicipio`)",VALUES (,"138,""Las Ánimas"",""R"",23",);
142,Palitos Blancos (La Mena),R,23,,"INSERT INTO `mydb`.`localidades` (`idlocalidades`, `nombre_localidad`, `ambito`, `municipio_idmunicipio`)",VALUES (,"142,""Palitos Blancos (La Mena)"",""R"",23",);
143,El Bandido,R,23,,"INSERT INTO `mydb`.`localidades` (`idlocalidades`, `nombre_localidad`, `ambito`, `municipio_idmunicipio`)",VALUES (,"143,""El Bandido"",""R"",23",);
144,Vicente Suárez (Jericó),R,23,,"INSERT INTO `mydb`.`localidades` (`idlocalidades`, `nombre_localidad`, `ambito`, `municipio_idmunicipio`)",VALUES (,"144,""Vicente Suárez (Jericó)"",""R"",23",);
145,Las Gallinas,R,23,,"INSERT INTO `mydb`.`localidades` (`idlocalidades`, `nombre_localidad`, `ambito`, `municipio_idmunicipio`)",VALUES (,"145,""Las Gallinas"",""R"",23",);
147,El Fuste,R,23,,"INSERT INTO `mydb`.`localidades` (`idlocalidades`, `nombre_localidad`, `ambito`, `municipio_idmunicipio`)",VALUES (,"147,""El Fuste"",""R"",23",);
148,Noche Buena,R,23,,"INSERT INTO `mydb`.`localidades` (`idlocalidades`, `nombre_localidad`, `ambito`, `municipio_idmunicipio`)",VALUES (,"148,""Noche Buena"",""R"",23",);
149,Cuesta de Roque,R,23,,"INSERT INTO `mydb`.`localidades` (`idlocalidades`, `nombre_localidad`, `ambito`, `municipio_idmunicipio`)",VALUES (,"149,""Cuesta de Roque"",""R"",23",);
150,El Veinte,R,23,,"INSERT INTO `mydb`.`localidades` (`idlocalidades`, `nombre_localidad`, `ambito`, `municipio_idmunicipio`)",VALUES (,"150,""El Veinte"",""R"",23",);
151,El Milagro (El Polko),R,23,,"INSERT INTO `mydb`.`localidades` (`idlocalidades`, `nombre_localidad`, `ambito`, `municipio_idmunicipio`)",VALUES (,"151,""El Milagro (El Polko)"",""R"",23",);
152,El Rubio,R,23,,"INSERT INTO `mydb`.`localidades` (`idlocalidades`, `nombre_localidad`, `ambito`, `municipio_idmunicipio`)",VALUES (,"152,""El Rubio"",""R"",23",);
153,El Rescalco (Las Cuatas),R,23,,"INSERT INTO `mydb`.`localidades` (`idlocalidades`, `nombre_localidad`, `ambito`, `municipio_idmunicipio`)",VALUES (,"153,""El Rescalco (Las Cuatas)"",""R"",23",);
154,Ojo Caliente,R,23,,"INSERT INTO `mydb`.`localidades` (`idlocalidades`, `nombre_localidad`, `ambito`, `municipio_idmunicipio`)",VALUES (,"154,""Ojo Caliente"",""R"",23",);
155,La Luz,R,23,,"INSERT INTO `mydb`.`localidades` (`idlocalidades`, `nombre_localidad`, `ambito`, `municipio_idmunicipio`)",VALUES (,"155,""La Luz"",""R"",23",);
157,Palmira,R,23,,"INSERT INTO `mydb`.`localidades` (`idlocalidades`, `nombre_localidad`, `ambito`, `municipio_idmunicipio`)",VALUES (,"157,""Palmira"",""R"",23",);
160,Adán,R,23,,"INSERT INTO `mydb`.`localidades` (`idlocalidades`, `nombre_localidad`, `ambito`, `municipio_idmunicipio`)",VALUES (,"160,""Adán"",""R"",23",);
161,Agua Chica,R,23,,"INSERT INTO `mydb`.`localidades` (`idlocalidades`, `nombre_localidad`, `ambito`, `municipio_idmunicipio`)",VALUES (,"161,""Agua Chica"",""R"",23",);
163,Los Álamos,R,23,,"INSERT INTO `mydb`.`localidades` (`idlocalidades`, `nombre_localidad`, `ambito`, `municipio_idmunicipio`)",VALUES (,"163,""Los Álamos"",""R"",23",);
164,Altamar,R,23,,"INSERT INTO `mydb`.`localidades` (`idlocalidades`, `nombre_localidad`, `ambito`, `municipio_idmunicipio`)",VALUES (,"164,""Altamar"",""R"",23",);
165,Altamira,R,23,,"INSERT INTO `mydb`.`localidades` (`idlocalidades`, `nombre_localidad`, `ambito`, `municipio_idmunicipio`)",VALUES (,"165,""Altamira"",""R"",23",);
166,Los Americanos,R,23,,"INSERT INTO `mydb`.`localidades` (`idlocalidades`, `nombre_localidad`, `ambito`, `municipio_idmunicipio`)",VALUES (,"166,""Los Americanos"",""R"",23",);
168,Argentina (Los Mezquites),R,23,,"INSERT INTO `mydb`.`localidades` (`idlocalidades`, `nombre_localidad`, `ambito`, `municipio_idmunicipio`)",VALUES (,"168,""Argentina (Los Mezquites)"",""R"",23",);
169,La Azufrosa,R,23,,"INSERT INTO `mydb`.`localidades` (`idlocalidades`, `nombre_localidad`, `ambito`, `municipio_idmunicipio`)",VALUES (,"169,""La Azufrosa"",""R"",23",);
170,El Bajío,R,23,,"INSERT INTO `mydb`.`localidades` (`idlocalidades`, `nombre_localidad`, `ambito`, `municipio_idmunicipio`)",VALUES (,"170,""El Bajío"",""R"",23",);
171,Barranquitas,R,23,,"INSERT INTO `mydb`.`localidades` (`idlocalidades`, `nombre_localidad`, `ambito`, `municipio_idmunicipio`)",VALUES (,"171,""Barranquitas"",""R"",23",);
173,Blanca (Moncada),R,23,,"INSERT INTO `mydb`.`localidades` (`idlocalidades`, `nombre_localidad`, `ambito`, `municipio_idmunicipio`)",VALUES (,"173,""Blanca (Moncada)"",""R"",23",);
174,El Boster (Estación M. Boster),R,23,,"INSERT INTO `mydb`.`localidades` (`idlocalidades`, `nombre_localidad`, `ambito`, `municipio_idmunicipio`)",VALUES (,"174,""El Boster (Estación M. Boster)"",""R"",23",);
175,Buenavista,R,23,,"INSERT INTO `mydb`.`localidades` (`idlocalidades`, `nombre_localidad`, `ambito`, `municipio_idmunicipio`)",VALUES (,"175,""Buenavista"",""R"",23",);
177,La Boquilla (El Cascajo),R,23,,"INSERT INTO `mydb`.`localidades` (`idlocalidades`, `nombre_localidad`, `ambito`, `municipio_idmunicipio`)",VALUES (,"177,""La Boquilla (El Cascajo)"",""R"",23",);
178,Cerritos,R,23,,"INSERT INTO `mydb`.`localidades` (`idlocalidades`, `nombre_localidad`, `ambito`, `municipio_idmunicipio`)",VALUES (,"178,""Cerritos"",""R"",23",);
180,Cerro Colorado,R,23,,"INSERT INTO `mydb`.`localidades` (`idlocalidades`, `nombre_localidad`, `ambito`, `municipio_idmunicipio`)",VALUES (,"180,""Cerro Colorado"",""R"",23",);
182,Charcos de Figueroa,R,23,,"INSERT INTO `mydb`.`localidades` (`idlocalidades`, `nombre_localidad`, `ambito`, `municipio_idmunicipio`)",VALUES (,"182,""Charcos de Figueroa"",""R"",23",);
185,El Divisadero,R,23,,"INSERT INTO `mydb`.`localidades` (`idlocalidades`, `nombre_localidad`, `ambito`, `municipio_idmunicipio`)",VALUES (,"185,""El Divisadero"",""R"",23",);
190,Filipinas,R,23,,"INSERT INTO `mydb`.`localidades` (`idlocalidades`, `nombre_localidad`, `ambito`, `municipio_idmunicipio`)",VALUES (,"190,""Filipinas"",""R"",23",);
191,El Florido,R,23,,"INSERT INTO `mydb`.`localidades` (`idlocalidades`, `nombre_localidad`, `ambito`, `municipio_idmunicipio`)",VALUES (,"191,""El Florido"",""R"",23",);
193,Cielo Norteño,R,23,,"INSERT INTO `mydb`.`localidades` (`idlocalidades`, `nombre_localidad`, `ambito`, `municipio_idmunicipio`)",VALUES (,"193,""Cielo Norteño"",""R"",23",);
194,Guadalupe,R,23,,"INSERT INTO `mydb`.`localidades` (`idlocalidades`, `nombre_localidad`, `ambito`, `municipio_idmunicipio`)",VALUES (,"194,""Guadalupe"",""R"",23",);
195,El Jardín,R,23,,"INSERT INTO `mydb`.`localidades` (`idlocalidades`, `nombre_localidad`, `ambito`, `municipio_idmunicipio`)",VALUES (,"195,""El Jardín"",""R"",23",);
197,Juan de la Cruz Borrego,R,23,,"INSERT INTO `mydb`.`localidades` (`idlocalidades`, `nombre_localidad`, `ambito`, `municipio_idmunicipio`)",VALUES (,"197,""Juan de la Cruz Borrego"",""R"",23",);
198,Lagunetas,R,23,,"INSERT INTO `mydb`.`localidades` (`idlocalidades`, `nombre_localidad`, `ambito`, `municipio_idmunicipio`)",VALUES (,"198,""Lagunetas"",""R"",23",);
199,Santa María,R,23,,"INSERT INTO `mydb`.`localidades` (`idlocalidades`, `nombre_localidad`, `ambito`, `municipio_idmunicipio`)",VALUES (,"199,""Santa María"",""R"",23",);
200,Las Marías,R,23,,"INSERT INTO `mydb`.`localidades` (`idlocalidades`, `nombre_localidad`, `ambito`, `municipio_idmunicipio`)",VALUES (,"200,""Las Marías"",""R"",23",);
204,El Milagro,R,23,,"INSERT INTO `mydb`.`localidades` (`idlocalidades`, `nombre_localidad`, `ambito`, `municipio_idmunicipio`)",VALUES (,"204,""El Milagro"",""R"",23",);
207,Corral de Piedra,R,23,,"INSERT INTO `mydb`.`localidades` (`idlocalidades`, `nombre_localidad`, `ambito`, `municipio_idmunicipio`)",VALUES (,"207,""Corral de Piedra"",""R"",23",);
209,Nuevo Gabino Vázquez,R,23,,"INSERT INTO `mydb`.`localidades` (`idlocalidades`, `nombre_localidad`, `ambito`, `municipio_idmunicipio`)",VALUES (,"209,""Nuevo Gabino Vázquez"",""R"",23",);
211,Las Pacas,R,23,,"INSERT INTO `mydb`.`localidades` (`idlocalidades`, `nombre_localidad`, `ambito`, `municipio_idmunicipio`)",VALUES (,"211,""Las Pacas"",""R"",23",);
213,La Palma,R,23,,"INSERT INTO `mydb`.`localidades` (`idlocalidades`, `nombre_localidad`, `ambito`, `municipio_idmunicipio`)",VALUES (,"213,""La Palma"",""R"",23",);
214,Santa Rita (Palos Blancos),R,23,,"INSERT INTO `mydb`.`localidades` (`idlocalidades`, `nombre_localidad`, `ambito`, `municipio_idmunicipio`)",VALUES (,"214,""Santa Rita (Palos Blancos)"",""R"",23",);
215,Palos Blancos (Palitos Blancos),R,23,,"INSERT INTO `mydb`.`localidades` (`idlocalidades`, `nombre_localidad`, `ambito`, `municipio_idmunicipio`)",VALUES (,"215,""Palos Blancos (Palitos Blancos)"",""R"",23",);
216,Palos Blancos (La Pasta),R,23,,"INSERT INTO `mydb`.`localidades` (`idlocalidades`, `nombre_localidad`, `ambito`, `municipio_idmunicipio`)",VALUES (,"216,""Palos Blancos (La Pasta)"",""R"",23",);
219,La Pista,R,23,,"INSERT INTO `mydb`.`localidades` (`idlocalidades`, `nombre_localidad`, `ambito`, `municipio_idmunicipio`)",VALUES (,"219,""La Pista"",""R"",23",);
220,San Miguel (El Papalote),R,23,,"INSERT INTO `mydb`.`localidades` (`idlocalidades`, `nombre_localidad`, `ambito`, `municipio_idmunicipio`)",VALUES (,"220,""San Miguel (El Papalote)"",""R"",23",);
221,La Parcela,R,23,,"INSERT INTO `mydb`.`localidades` (`idlocalidades`, `nombre_localidad`, `ambito`, `municipio_idmunicipio`)",VALUES (,"221,""La Parcela"",""R"",23",);
222,El Pelotazo,R,23,,"INSERT INTO `mydb`.`localidades` (`idlocalidades`, `nombre_localidad`, `ambito`, `municipio_idmunicipio`)",VALUES (,"222,""El Pelotazo"",""R"",23",);
224,El Porvenir (El Cuatro),R,23,,"INSERT INTO `mydb`.`localidades` (`idlocalidades`, `nombre_localidad`, `ambito`, `municipio_idmunicipio`)",VALUES (,"224,""El Porvenir (El Cuatro)"",""R"",23",);
225,Las Pozas,R,23,,"INSERT INTO `mydb`.`localidades` (`idlocalidades`, `nombre_localidad`, `ambito`, `municipio_idmunicipio`)",VALUES (,"225,""Las Pozas"",""R"",23",);
226,La Presa de María Rebeca,R,23,,"INSERT INTO `mydb`.`localidades` (`idlocalidades`, `nombre_localidad`, `ambito`, `municipio_idmunicipio`)",VALUES (,"226,""La Presa de María Rebeca"",""R"",23",);
227,Los Puertos (San José),R,23,,"INSERT INTO `mydb`.`localidades` (`idlocalidades`, `nombre_localidad`, `ambito`, `municipio_idmunicipio`)",VALUES (,"227,""Los Puertos (San José)"",""R"",23",);
228,Punta de la Sierra,R,23,,"INSERT INTO `mydb`.`localidades` (`idlocalidades`, `nombre_localidad`, `ambito`, `municipio_idmunicipio`)",VALUES (,"228,""Punta de la Sierra"",""R"",23",);
229,El Ranchito,R,23,,"INSERT INTO `mydb`.`localidades` (`idlocalidades`, `nombre_localidad`, `ambito`, `municipio_idmunicipio`)",VALUES (,"229,""El Ranchito"",""R"",23",);
231,La Remuda,R,23,,"INSERT INTO `mydb`.`localidades` (`idlocalidades`, `nombre_localidad`, `ambito`, `municipio_idmunicipio`)",VALUES (,"231,""La Remuda"",""R"",23",);
232,El Rey [Estación],R,23,,"INSERT INTO `mydb`.`localidades` (`idlocalidades`, `nombre_localidad`, `ambito`, `municipio_idmunicipio`)",VALUES (,"232,""El Rey [Estación]"",""R"",23",);
234,El Rodeo,R,23,,"INSERT INTO `mydb`.`localidades` (`idlocalidades`, `nombre_localidad`, `ambito`, `municipio_idmunicipio`)",VALUES (,"234,""El Rodeo"",""R"",23",);
235,Cañón de Rosenda,R,23,,"INSERT INTO `mydb`.`localidades` (`idlocalidades`, `nombre_localidad`, `ambito`, `municipio_idmunicipio`)",VALUES (,"235,""Cañón de Rosenda"",""R"",23",);
238,San Antonio de la Tinaja,R,23,,"INSERT INTO `mydb`.`localidades` (`idlocalidades`, `nombre_localidad`, `ambito`, `municipio_idmunicipio`)",VALUES (,"238,""San Antonio de la Tinaja"",""R"",23",);
239,La Estrella,R,23,,"INSERT INTO `mydb`.`localidades` (`idlocalidades`, `nombre_localidad`, `ambito`, `municipio_idmunicipio`)",VALUES (,"239,""La Estrella"",""R"",23",);
240,San Enrique (El Kelly),R,23,,"INSERT INTO `mydb`.`localidades` (`idlocalidades`, `nombre_localidad`, `ambito`, `municipio_idmunicipio`)",VALUES (,"240,""San Enrique (El Kelly)"",""R"",23",);
241,San Enrique (El Papalote),R,23,,"INSERT INTO `mydb`.`localidades` (`idlocalidades`, `nombre_localidad`, `ambito`, `municipio_idmunicipio`)",VALUES (,"241,""San Enrique (El Papalote)"",""R"",23",);
244,San Pedro,R,23,,"INSERT INTO `mydb`.`localidades` (`idlocalidades`, `nombre_localidad`, `ambito`, `municipio_idmunicipio`)",VALUES (,"244,""San Pedro"",""R"",23",);
246,Santa Rosa,R,23,,"INSERT INTO `mydb`.`localidades` (`idlocalidades`, `nombre_localidad`, `ambito`, `municipio_idmunicipio`)",VALUES (,"246,""Santa Rosa"",""R"",23",);
251,La Tinaja,R,23,,"INSERT INTO `mydb`.`localidades` (`idlocalidades`, `nombre_localidad`, `ambito`, `municipio_idmunicipio`)",VALUES (,"251,""La Tinaja"",""R"",23",);
252,La Tinaja,R,23,,"INSERT INTO `mydb`.`localidades` (`idlocalidades`, `nombre_localidad`, `ambito`, `municipio_idmunicipio`)",VALUES (,"252,""La Tinaja"",""R"",23",);
253,El Tordillo,R,23,,"INSERT INTO `mydb`.`localidades` (`idlocalidades`, `nombre_localidad`, `ambito`, `municipio_idmunicipio`)",VALUES (,"253,""El Tordillo"",""R"",23",);
254,El Trozado,R,23,,"INSERT INTO `mydb`.`localidades` (`idlocalidades`, `nombre_localidad`, `ambito`, `municipio_idmunicipio`)",VALUES (,"254,""El Trozado"",""R"",23",);
255,Valle de las Flores,R,23,,"INSERT INTO `mydb`.`localidades` (`idlocalidades`, `nombre_localidad`, `ambito`, `municipio_idmunicipio`)",VALUES (,"255,""Valle de las Flores"",""R"",23",);
257,Villanueva (Macheros),R,23,,"INSERT INTO `mydb`.`localidades` (`idlocalidades`, `nombre_localidad`, `ambito`, `municipio_idmunicipio`)",VALUES (,"257,""Villanueva (Macheros)"",""R"",23",);
259,Minitas,R,23,,"INSERT INTO `mydb`.`localidades` (`idlocalidades`, `nombre_localidad`, `ambito`, `municipio_idmunicipio`)",VALUES (,"259,""Minitas"",""R"",23",);
260,El Jardín,R,23,,"INSERT INTO `mydb`.`localidades` (`idlocalidades`, `nombre_localidad`, `ambito`, `municipio_idmunicipio`)",VALUES (,"260,""El Jardín"",""R"",23",);
261,El Chupadero Blanco,R,23,,"INSERT INTO `mydb`.`localidades` (`idlocalidades`, `nombre_localidad`, `ambito`, `municipio_idmunicipio`)",VALUES (,"261,""El Chupadero Blanco"",""R"",23",);
262,Las Pulgas,R,23,,"INSERT INTO `mydb`.`localidades` (`idlocalidades`, `nombre_localidad`, `ambito`, `municipio_idmunicipio`)",VALUES (,"262,""Las Pulgas"",""R"",23",);
263,La Peña,R,23,,"INSERT INTO `mydb`.`localidades` (`idlocalidades`, `nombre_localidad`, `ambito`, `municipio_idmunicipio`)",VALUES (,"263,""La Peña"",""R"",23",);
264,El Granizo,R,23,,"INSERT INTO `mydb`.`localidades` (`idlocalidades`, `nombre_localidad`, `ambito`, `municipio_idmunicipio`)",VALUES (,"264,""El Granizo"",""R"",23",);
265,Santa Teresa,R,23,,"INSERT INTO `mydb`.`localidades` (`idlocalidades`, `nombre_localidad`, `ambito`, `municipio_idmunicipio`)",VALUES (,"265,""Santa Teresa"",""R"",23",);
267,Alfredo Tavares Olivas,R,23,,"INSERT INTO `mydb`.`localidades` (`idlocalidades`, `nombre_localidad`, `ambito`, `municipio_idmunicipio`)",VALUES (,"267,""Alfredo Tavares Olivas"",""R"",23",);
272,Casa Blanca (El Gato),R,23,,"INSERT INTO `mydb`.`localidades` (`idlocalidades`, `nombre_localidad`, `ambito`, `municipio_idmunicipio`)",VALUES (,"272,""Casa Blanca (El Gato)"",""R"",23",);
273,La Puerta,R,23,,"INSERT INTO `mydb`.`localidades` (`idlocalidades`, `nombre_localidad`, `ambito`, `municipio_idmunicipio`)",VALUES (,"273,""La Puerta"",""R"",23",);
275,Las Pilas,R,23,,"INSERT INTO `mydb`.`localidades` (`idlocalidades`, `nombre_localidad`, `ambito`, `municipio_idmunicipio`)",VALUES (,"275,""Las Pilas"",""R"",23",);
277,El Polko,R,23,,"INSERT INTO `mydb`.`localidades` (`idlocalidades`, `nombre_localidad`, `ambito`, `municipio_idmunicipio`)",VALUES (,"277,""El Polko"",""R"",23",);
278,La Vasca,R,23,,"INSERT INTO `mydb`.`localidades` (`idlocalidades`, `nombre_localidad`, `ambito`, `municipio_idmunicipio`)",VALUES (,"278,""La Vasca"",""R"",23",);
279,La Esmeralda,R,23,,"INSERT INTO `mydb`.`localidades` (`idlocalidades`, `nombre_localidad`, `ambito`, `municipio_idmunicipio`)",VALUES (,"279,""La Esmeralda"",""R"",23",);
280,La Palma,R,23,,"INSERT INTO `mydb`.`localidades` (`idlocalidades`, `nombre_localidad`, `ambito`, `municipio_idmunicipio`)",VALUES (,"280,""La Palma"",""R"",23",);
281,Santa Anita,R,23,,"INSERT INTO `mydb`.`localidades` (`idlocalidades`, `nombre_localidad`, `ambito`, `municipio_idmunicipio`)",VALUES (,"281,""Santa Anita"",""R"",23",);
282,El Centenario (Buenavista),R,23,,"INSERT INTO `mydb`.`localidades` (`idlocalidades`, `nombre_localidad`, `ambito`, `municipio_idmunicipio`)",VALUES (,"282,""El Centenario (Buenavista)"",""R"",23",);
283,Ventanas,R,23,,"INSERT INTO `mydb`.`localidades` (`idlocalidades`, `nombre_localidad`, `ambito`, `municipio_idmunicipio`)",VALUES (,"283,""Ventanas"",""R"",23",);
284,Los Álamos,R,23,,"INSERT INTO `mydb`.`localidades` (`idlocalidades`, `nombre_localidad`, `ambito`, `municipio_idmunicipio`)",VALUES (,"284,""Los Álamos"",""R"",23",);
285,El Fortín,R,23,,"INSERT INTO `mydb`.`localidades` (`idlocalidades`, `nombre_localidad`, `ambito`, `municipio_idmunicipio`)",VALUES (,"285,""El Fortín"",""R"",23",);
286,San Francisco (El Dos),R,23,,"INSERT INTO `mydb`.`localidades` (`idlocalidades`, `nombre_localidad`, `ambito`, `municipio_idmunicipio`)",VALUES (,"286,""San Francisco (El Dos)"",""R"",23",);
288,La Marsella,R,23,,"INSERT INTO `mydb`.`localidades` (`idlocalidades`, `nombre_localidad`, `ambito`, `municipio_idmunicipio`)",VALUES (,"288,""La Marsella"",""R"",23",);
290,Tanque Nuevo,R,23,,"INSERT INTO `mydb`.`localidades` (`idlocalidades`, `nombre_localidad`, `ambito`, `municipio_idmunicipio`)",VALUES (,"290,""Tanque Nuevo"",""R"",23",);
291,El Licenciado,R,23,,"INSERT INTO `mydb`.`localidades` (`idlocalidades`, `nombre_localidad`, `ambito`, `municipio_idmunicipio`)",VALUES (,"291,""El Licenciado"",""R"",23",);
292,Los Caballos,R,23,,"INSERT INTO `mydb`.`localidades` (`idlocalidades`, `nombre_localidad`, `ambito`, `municipio_idmunicipio`)",VALUES (,"292,""Los Caballos"",""R"",23",);
294,El Establo,R,23,,"INSERT INTO `mydb`.`localidades` (`idlocalidades`, `nombre_localidad`, `ambito`, `municipio_idmunicipio`)",VALUES (,"294,""El Establo"",""R"",23",);
295,Nogales (Bomba los Nogales),R,23,,"INSERT INTO `mydb`.`localidades` (`idlocalidades`, `nombre_localidad`, `ambito`, `municipio_idmunicipio`)",VALUES (,"295,""Nogales (Bomba los Nogales)"",""R"",23",);
296,El Porvenir,R,23,,"INSERT INTO `mydb`.`localidades` (`idlocalidades`, `nombre_localidad`, `ambito`, `municipio_idmunicipio`)",VALUES (,"296,""El Porvenir"",""R"",23",);
297,Los Ojitos,R,23,,"INSERT INTO `mydb`.`localidades` (`idlocalidades`, `nombre_localidad`, `ambito`, `municipio_idmunicipio`)",VALUES (,"297,""Los Ojitos"",""R"",23",);
298,La Morita,R,23,,"INSERT INTO `mydb`.`localidades` (`idlocalidades`, `nombre_localidad`, `ambito`, `municipio_idmunicipio`)",VALUES (,"298,""La Morita"",""R"",23",);
299,El Barrón,R,23,,"INSERT INTO `mydb`.`localidades` (`idlocalidades`, `nombre_localidad`, `ambito`, `municipio_idmunicipio`)",VALUES (,"299,""El Barrón"",""R"",23",);
301,Margaritas,R,23,,"INSERT INTO `mydb`.`localidades` (`idlocalidades`, `nombre_localidad`, `ambito`, `municipio_idmunicipio`)",VALUES (,"301,""Margaritas"",""R"",23",);
302,El Rocío,R,23,,"INSERT INTO `mydb`.`localidades` (`idlocalidades`, `nombre_localidad`, `ambito`, `municipio_idmunicipio`)",VALUES (,"302,""El Rocío"",""R"",23",);
305,Las Morenas,R,23,,"INSERT INTO `mydb`.`localidades` (`idlocalidades`, `nombre_localidad`, `ambito`, `municipio_idmunicipio`)",VALUES (,"305,""Las Morenas"",""R"",23",);
307,El Garceño,R,23,,"INSERT INTO `mydb`.`localidades` (`idlocalidades`, `nombre_localidad`, `ambito`, `municipio_idmunicipio`)",VALUES (,"307,""El Garceño"",""R"",23",);
308,Cedros,R,23,,"INSERT INTO `mydb`.`localidades` (`idlocalidades`, `nombre_localidad`, `ambito`, `municipio_idmunicipio`)",VALUES (,"308,""Cedros"",""R"",23",);
309,Corazones,R,23,,"INSERT INTO `mydb`.`localidades` (`idlocalidades`, `nombre_localidad`, `ambito`, `municipio_idmunicipio`)",VALUES (,"309,""Corazones"",""R"",23",);
310,Las Pintas,R,23,,"INSERT INTO `mydb`.`localidades` (`idlocalidades`, `nombre_localidad`, `ambito`, `municipio_idmunicipio`)",VALUES (,"310,""Las Pintas"",""R"",23",);
311,El Jobero,R,23,,"INSERT INTO `mydb`.`localidades` (`idlocalidades`, `nombre_localidad`, `ambito`, `municipio_idmunicipio`)",VALUES (,"311,""El Jobero"",""R"",23",);
312,El Cacahuate,R,23,,"INSERT INTO `mydb`.`localidades` (`idlocalidades`, `nombre_localidad`, `ambito`, `municipio_idmunicipio`)",VALUES (,"312,""El Cacahuate"",""R"",23",);
313,La Leona,R,23,,"INSERT INTO `mydb`.`localidades` (`idlocalidades`, `nombre_localidad`, `ambito`, `municipio_idmunicipio`)",VALUES (,"313,""La Leona"",""R"",23",);
314,El Mimbre,R,23,,"INSERT INTO `mydb`.`localidades` (`idlocalidades`, `nombre_localidad`, `ambito`, `municipio_idmunicipio`)",VALUES (,"314,""El Mimbre"",""R"",23",);
316,Laguna de la Leche (La Pompa),R,23,,"INSERT INTO `mydb`.`localidades` (`idlocalidades`, `nombre_localidad`, `ambito`, `municipio_idmunicipio`)",VALUES (,"316,""Laguna de la Leche (La Pompa)"",""R"",23",);
317,Las Tinajas,R,23,,"INSERT INTO `mydb`.`localidades` (`idlocalidades`, `nombre_localidad`, `ambito`, `municipio_idmunicipio`)",VALUES (,"317,""Las Tinajas"",""R"",23",);
318,La Pasión [Mina],R,23,,"INSERT INTO `mydb`.`localidades` (`idlocalidades`, `nombre_localidad`, `ambito`, `municipio_idmunicipio`)",VALUES (,"318,""La Pasión [Mina]"",""R"",23",);
319,El Búfalo,R,23,,"INSERT INTO `mydb`.`localidades` (`idlocalidades`, `nombre_localidad`, `ambito`, `municipio_idmunicipio`)",VALUES (,"319,""El Búfalo"",""R"",23",);
320,La Sabina,R,23,,"INSERT INTO `mydb`.`localidades` (`idlocalidades`, `nombre_localidad`, `ambito`, `municipio_idmunicipio`)",VALUES (,"320,""La Sabina"",""R"",23",);
322,El Aparejo,R,23,,"INSERT INTO `mydb`.`localidades` (`idlocalidades`, `nombre_localidad`, `ambito`, `municipio_idmunicipio`)",VALUES (,"322,""El Aparejo"",""R"",23",);
324,El Rey,R,23,,"INSERT INTO `mydb`.`localidades` (`idlocalidades`, `nombre_localidad`, `ambito`, `municipio_idmunicipio`)",VALUES (,"324,""El Rey"",""R"",23",);
326,La Sabaneta,R,23,,"INSERT INTO `mydb`.`localidades` (`idlocalidades`, `nombre_localidad`, `ambito`, `municipio_idmunicipio`)",VALUES (,"326,""La Sabaneta"",""R"",23",);
327,El Tercero (El Tres),R,23,,"INSERT INTO `mydb`.`localidades` (`idlocalidades`, `nombre_localidad`, `ambito`, `municipio_idmunicipio`)",VALUES (,"327,""El Tercero (El Tres)"",""R"",23",);
328,Agua Verde,R,23,,"INSERT INTO `mydb`.`localidades` (`idlocalidades`, `nombre_localidad`, `ambito`, `municipio_idmunicipio`)",VALUES (,"328,""Agua Verde"",""R"",23",);
329,Marcelino Mendoza,R,23,,"INSERT INTO `mydb`.`localidades` (`idlocalidades`, `nombre_localidad`, `ambito`, `municipio_idmunicipio`)",VALUES (,"329,""Marcelino Mendoza"",""R"",23",);
330,Casa de Coplamar,R,23,,"INSERT INTO `mydb`.`localidades` (`idlocalidades`, `nombre_localidad`, `ambito`, `municipio_idmunicipio`)",VALUES (,"330,""Casa de Coplamar"",""R"",23",);
331,Corrientes,R,23,,"INSERT INTO `mydb`.`localidades` (`idlocalidades`, `nombre_localidad`, `ambito`, `municipio_idmunicipio`)",VALUES (,"331,""Corrientes"",""R"",23",);
333,El Ranchito,R,23,,"INSERT INTO `mydb`.`localidades` (`idlocalidades`, `nombre_localidad`, `ambito`, `municipio_idmunicipio`)",VALUES (,"333,""El Ranchito"",""R"",23",);
334,Ventanas de Charcos,R,23,,"INSERT INTO `mydb`.`localidades` (`idlocalidades`, `nombre_localidad`, `ambito`, `municipio_idmunicipio`)",VALUES (,"334,""Ventanas de Charcos"",""R"",23",);
335,El Alto de la Esperanza,R,23,,"INSERT INTO `mydb`.`localidades` (`idlocalidades`, `nombre_localidad`, `ambito`, `municipio_idmunicipio`)",VALUES (,"335,""El Alto de la Esperanza"",""R"",23",);
336,San Antonio,R,23,,"INSERT INTO `mydb`.`localidades` (`idlocalidades`, `nombre_localidad`, `ambito`, `municipio_idmunicipio`)",VALUES (,"336,""San Antonio"",""R"",23",);
339,Los Corrales,R,23,,"INSERT INTO `mydb`.`localidades` (`idlocalidades`, `nombre_localidad`, `ambito`, `municipio_idmunicipio`)",VALUES (,"339,""Los Corrales"",""R"",23",);
343,El Durazno,R,23,,"INSERT INTO `mydb`.`localidades` (`idlocalidades`, `nombre_localidad`, `ambito`, `municipio_idmunicipio`)",VALUES (,"343,""El Durazno"",""R"",23",);
344,La Bayoneta,R,23,,"INSERT INTO `mydb`.`localidades` (`idlocalidades`, `nombre_localidad`, `ambito`, `municipio_idmunicipio`)",VALUES (,"344,""La Bayoneta"",""R"",23",);
345,El Macho,R,23,,"INSERT INTO `mydb`.`localidades` (`idlocalidades`, `nombre_localidad`, `ambito`, `municipio_idmunicipio`)",VALUES (,"345,""El Macho"",""R"",23",);
346,El Albur,R,23,,"INSERT INTO `mydb`.`localidades` (`idlocalidades`, `nombre_localidad`, `ambito`, `municipio_idmunicipio`)",VALUES (,"346,""El Albur"",""R"",23",);
347,El Espejo,R,23,,"INSERT INTO `mydb`.`localidades` (`idlocalidades`, `nombre_localidad`, `ambito`, `municipio_idmunicipio`)",VALUES (,"347,""El Espejo"",""R"",23",);
348,El Mirador,R,23,,"INSERT INTO `mydb`.`localidades` (`idlocalidades`, `nombre_localidad`, `ambito`, `municipio_idmunicipio`)",VALUES (,"348,""El Mirador"",""R"",23",);
349,Santa Catarina,R,23,,"INSERT INTO `mydb`.`localidades` (`idlocalidades`, `nombre_localidad`, `ambito`, `municipio_idmunicipio`)",VALUES (,"349,""Santa Catarina"",""R"",23",);
350,El Revés (Puerto del Aire),R,23,,"INSERT INTO `mydb`.`localidades` (`idlocalidades`, `nombre_localidad`, `ambito`, `municipio_idmunicipio`)",VALUES (,"350,""El Revés (Puerto del Aire)"",""R"",23",);
351,Majada de Juárez,R,23,,"INSERT INTO `mydb`.`localidades` (`idlocalidades`, `nombre_localidad`, `ambito`, `municipio_idmunicipio`)",VALUES (,"351,""Majada de Juárez"",""R"",23",);
352,El Chilicote,R,23,,"INSERT INTO `mydb`.`localidades` (`idlocalidades`, `nombre_localidad`, `ambito`, `municipio_idmunicipio`)",VALUES (,"352,""El Chilicote"",""R"",23",);
353,Soledad,R,23,,"INSERT INTO `mydb`.`localidades` (`idlocalidades`, `nombre_localidad`, `ambito`, `municipio_idmunicipio`)",VALUES (,"353,""Soledad"",""R"",23",);
354,Rancho Nuevo,R,23,,"INSERT INTO `mydb`.`localidades` (`idlocalidades`, `nombre_localidad`, `ambito`, `municipio_idmunicipio`)",VALUES (,"354,""Rancho Nuevo"",""R"",23",);
355,San Isidro,R,23,,"INSERT INTO `mydb`.`localidades` (`idlocalidades`, `nombre_localidad`, `ambito`, `municipio_idmunicipio`)",VALUES (,"355,""San Isidro"",""R"",23",);
356,Norias de Pénjamo,R,23,,"INSERT INTO `mydb`.`localidades` (`idlocalidades`, `nombre_localidad`, `ambito`, `municipio_idmunicipio`)",VALUES (,"356,""Norias de Pénjamo"",""R"",23",);
357,El Nueve,R,23,,"INSERT INTO `mydb`.`localidades` (`idlocalidades`, `nombre_localidad`, `ambito`, `municipio_idmunicipio`)",VALUES (,"357,""El Nueve"",""R"",23",);
359,Fátima,R,23,,"INSERT INTO `mydb`.`localidades` (`idlocalidades`, `nombre_localidad`, `ambito`, `municipio_idmunicipio`)",VALUES (,"359,""Fátima"",""R"",23",);
360,Aries,R,23,,"INSERT INTO `mydb`.`localidades` (`idlocalidades`, `nombre_localidad`, `ambito`, `municipio_idmunicipio`)",VALUES (,"360,""Aries"",""R"",23",);
361,El Borrao,R,23,,"INSERT INTO `mydb`.`localidades` (`idlocalidades`, `nombre_localidad`, `ambito`, `municipio_idmunicipio`)",VALUES (,"361,""El Borrao"",""R"",23",);
362,El Rincón,R,23,,"INSERT INTO `mydb`.`localidades` (`idlocalidades`, `nombre_localidad`, `ambito`, `municipio_idmunicipio`)",VALUES (,"362,""El Rincón"",""R"",23",);
363,Corrientes,R,23,,"INSERT INTO `mydb`.`localidades` (`idlocalidades`, `nombre_localidad`, `ambito`, `municipio_idmunicipio`)",VALUES (,"363,""Corrientes"",""R"",23",);
364,El Seco,R,23,,"INSERT INTO `mydb`.`localidades` (`idlocalidades`, `nombre_localidad`, `ambito`, `municipio_idmunicipio`)",VALUES (,"364,""El Seco"",""R"",23",);
365,Entronque San Vicente,R,23,,"INSERT INTO `mydb`.`localidades` (`idlocalidades`, `nombre_localidad`, `ambito`, `municipio_idmunicipio`)",VALUES (,"365,""Entronque San Vicente"",""R"",23",);
366,Pénjamo,R,23,,"INSERT INTO `mydb`.`localidades` (`idlocalidades`, `nombre_localidad`, `ambito`, `municipio_idmunicipio`)",VALUES (,"366,""Pénjamo"",""R"",23",);
367,El Ranchito,R,23,,"INSERT INTO `mydb`.`localidades` (`idlocalidades`, `nombre_localidad`, `ambito`, `municipio_idmunicipio`)",VALUES (,"367,""El Ranchito"",""R"",23",);
368,La Fe,R,23,,"INSERT INTO `mydb`.`localidades` (`idlocalidades`, `nombre_localidad`, `ambito`, `municipio_idmunicipio`)",VALUES (,"368,""La Fe"",""R"",23",);
369,Tanque de las Termopilas,R,23,,"INSERT INTO `mydb`.`localidades` (`idlocalidades`, `nombre_localidad`, `ambito`, `municipio_idmunicipio`)",VALUES (,"369,""Tanque de las Termopilas"",""R"",23",);
371,Ortegón,R,23,,"INSERT INTO `mydb`.`localidades` (`idlocalidades`, `nombre_localidad`, `ambito`, `municipio_idmunicipio`)",VALUES (,"371,""Ortegón"",""R"",23",);
372,El Chapote (Miguel Flores),R,23,,"INSERT INTO `mydb`.`localidades` (`idlocalidades`, `nombre_localidad`, `ambito`, `municipio_idmunicipio`)",VALUES (,"372,""El Chapote (Miguel Flores)"",""R"",23",);
373,El Caballo (Antonio Tapia González),R,23,,"INSERT INTO `mydb`.`localidades` (`idlocalidades`, `nombre_localidad`, `ambito`, `municipio_idmunicipio`)",VALUES (,"373,""El Caballo (Antonio Tapia González)"",""R"",23",);
374,Las Norias,R,23,,"INSERT INTO `mydb`.`localidades` (`idlocalidades`, `nombre_localidad`, `ambito`, `municipio_idmunicipio`)",VALUES (,"374,""Las Norias"",""R"",23",);
376,El Subirán,R,23,,"INSERT INTO `mydb`.`localidades` (`idlocalidades`, `nombre_localidad`, `ambito`, `municipio_idmunicipio`)",VALUES (,"376,""El Subirán"",""R"",23",);
377,El Alazán,R,23,,"INSERT INTO `mydb`.`localidades` (`idlocalidades`, `nombre_localidad`, `ambito`, `municipio_idmunicipio`)",VALUES (,"377,""El Alazán"",""R"",23",);
378,La Nueva Esperanza (La Pantera),R,23,,"INSERT INTO `mydb`.`localidades` (`idlocalidades`, `nombre_localidad`, `ambito`, `municipio_idmunicipio`)",VALUES (,"378,""La Nueva Esperanza (La Pantera)"",""R"",23",);
379,San Andrés,R,23,,"INSERT INTO `mydb`.`localidades` (`idlocalidades`, `nombre_localidad`, `ambito`, `municipio_idmunicipio`)",VALUES (,"379,""San Andrés"",""R"",23",);
380,El Revolcadero,R,23,,"INSERT INTO `mydb`.`localidades` (`idlocalidades`, `nombre_localidad`, `ambito`, `municipio_idmunicipio`)",VALUES (,"380,""El Revolcadero"",""R"",23",);
381,El Ranchito,R,23,,"INSERT INTO `mydb`.`localidades` (`idlocalidades`, `nombre_localidad`, `ambito`, `municipio_idmunicipio`)",VALUES (,"381,""El Ranchito"",""R"",23",);
382,Miguel Magallanes,R,23,,"INSERT INTO `mydb`.`localidades` (`idlocalidades`, `nombre_localidad`, `ambito`, `municipio_idmunicipio`)",VALUES (,"382,""Miguel Magallanes"",""R"",23",);
383,La Boquillita (Los Hinojo),R,23,,"INSERT INTO `mydb`.`localidades` (`idlocalidades`, `nombre_localidad`, `ambito`, `municipio_idmunicipio`)",VALUES (,"383,""La Boquillita (Los Hinojo)"",""R"",23",);
384,La Gloria,R,23,,"INSERT INTO `mydb`.`localidades` (`idlocalidades`, `nombre_localidad`, `ambito`, `municipio_idmunicipio`)",VALUES (,"384,""La Gloria"",""R"",23",);
385,El Divisadero,R,23,,"INSERT INTO `mydb`.`localidades` (`idlocalidades`, `nombre_localidad`, `ambito`, `municipio_idmunicipio`)",VALUES (,"385,""El Divisadero"",""R"",23",);
386,Tres Hermanos,R,23,,"INSERT INTO `mydb`.`localidades` (`idlocalidades`, `nombre_localidad`, `ambito`, `municipio_idmunicipio`)",VALUES (,"386,""Tres Hermanos"",""R"",23",);
387,La Fortuna,R,23,,"INSERT INTO `mydb`.`localidades` (`idlocalidades`, `nombre_localidad`, `ambito`, `municipio_idmunicipio`)",VALUES (,"387,""La Fortuna"",""R"",23",);
388,El Sauz,R,23,,"INSERT INTO `mydb`.`localidades` (`idlocalidades`, `nombre_localidad`, `ambito`, `municipio_idmunicipio`)",VALUES (,"388,""El Sauz"",""R"",23",);
389,El Girasol,R,23,,"INSERT INTO `mydb`.`localidades` (`idlocalidades`, `nombre_localidad`, `ambito`, `municipio_idmunicipio`)",VALUES (,"389,""El Girasol"",""R"",23",);
390,El Mensajero,R,23,,"INSERT INTO `mydb`.`localidades` (`idlocalidades`, `nombre_localidad`, `ambito`, `municipio_idmunicipio`)",VALUES (,"390,""El Mensajero"",""R"",23",);
391,El Cañón,R,23,,"INSERT INTO `mydb`.`localidades` (`idlocalidades`, `nombre_localidad`, `ambito`, `municipio_idmunicipio`)",VALUES (,"391,""El Cañón"",""R"",23",);
392,El Jardín Viejo,R,23,,"INSERT INTO `mydb`.`localidades` (`idlocalidades`, `nombre_localidad`, `ambito`, `municipio_idmunicipio`)",VALUES (,"392,""El Jardín Viejo"",""R"",23",);
393,Los Barandales (El Crédito),R,23,,"INSERT INTO `mydb`.`localidades` (`idlocalidades`, `nombre_localidad`, `ambito`, `municipio_idmunicipio`)",VALUES (,"393,""Los Barandales (El Crédito)"",""R"",23",);
394,Las Lupes,R,23,,"INSERT INTO `mydb`.`localidades` (`idlocalidades`, `nombre_localidad`, `ambito`, `municipio_idmunicipio`)",VALUES (,"394,""Las Lupes"",""R"",23",);
395,Agua de los Indios,R,23,,"INSERT INTO `mydb`.`localidades` (`idlocalidades`, `nombre_localidad`, `ambito`, `municipio_idmunicipio`)",VALUES (,"395,""Agua de los Indios"",""R"",23",);
396,La Media Luna,R,23,,"INSERT INTO `mydb`.`localidades` (`idlocalidades`, `nombre_localidad`, `ambito`, `municipio_idmunicipio`)",VALUES (,"396,""La Media Luna"",""R"",23",);
397,El Caballo de Maka,R,23,,"INSERT INTO `mydb`.`localidades` (`idlocalidades`, `nombre_localidad`, `ambito`, `municipio_idmunicipio`)",VALUES (,"397,""El Caballo de Maka"",""R"",23",);
398,Agua del Caballo (La Pila),R,23,,"INSERT INTO `mydb`.`localidades` (`idlocalidades`, `nombre_localidad`, `ambito`, `municipio_idmunicipio`)",VALUES (,"398,""Agua del Caballo (La Pila)"",""R"",23",);
399,El Club,R,23,,"INSERT INTO `mydb`.`localidades` (`idlocalidades`, `nombre_localidad`, `ambito`, `municipio_idmunicipio`)",VALUES (,"399,""El Club"",""R"",23",);
400,Morteros,R,23,,"INSERT INTO `mydb`.`localidades` (`idlocalidades`, `nombre_localidad`, `ambito`, `municipio_idmunicipio`)",VALUES (,"400,""Morteros"",""R"",23",);
401,San Isidro,R,23,,"INSERT INTO `mydb`.`localidades` (`idlocalidades`, `nombre_localidad`, `ambito`, `municipio_idmunicipio`)",VALUES (,"401,""San Isidro"",""R"",23",);
402,Santa Salomé,R,23,,"INSERT INTO `mydb`.`localidades` (`idlocalidades`, `nombre_localidad`, `ambito`, `municipio_idmunicipio`)",VALUES (,"402,""Santa Salomé"",""R"",23",);
403,Agua de los Frijoles,R,23,,"INSERT INTO `mydb`.`localidades` (`idlocalidades`, `nombre_localidad`, `ambito`, `municipio_idmunicipio`)",VALUES (,"403,""Agua de los Frijoles"",""R"",23",);
405,El Mozón,R,23,,"INSERT INTO `mydb`.`localidades` (`idlocalidades`, `nombre_localidad`, `ambito`, `municipio_idmunicipio`)",VALUES (,"405,""El Mozón"",""R"",23",);
406,Pilares,R,23,,"INSERT INTO `mydb`.`localidades` (`idlocalidades`, `nombre_localidad`, `ambito`, `municipio_idmunicipio`)",VALUES (,"406,""Pilares"",""R"",23",);
407,Tecoscana,R,23,,"INSERT INTO `mydb`.`localidades` (`idlocalidades`, `nombre_localidad`, `ambito`, `municipio_idmunicipio`)",VALUES (,"407,""Tecoscana"",""R"",23",);
408,El Cielo,R,23,,"INSERT INTO `mydb`.`localidades` (`idlocalidades`, `nombre_localidad`, `ambito`, `municipio_idmunicipio`)",VALUES (,"408,""El Cielo"",""R"",23",);
409,La Piedra,R,23,,"INSERT INTO `mydb`.`localidades` (`idlocalidades`, `nombre_localidad`, `ambito`, `municipio_idmunicipio`)",VALUES (,"409,""La Piedra"",""R"",23",);
410,Chula Vista,R,23,,"INSERT INTO `mydb`.`localidades` (`idlocalidades`, `nombre_localidad`, `ambito`, `municipio_idmunicipio`)",VALUES (,"410,""Chula Vista"",""R"",23",);
411,Preson la Borrega,R,23,,"INSERT INTO `mydb`.`localidades` (`idlocalidades`, `nombre_localidad`, `ambito`, `municipio_idmunicipio`)",VALUES (,"411,""Preson la Borrega"",""R"",23",);
413,Chupaderos,R,23,,"INSERT INTO `mydb`.`localidades` (`idlocalidades`, `nombre_localidad`, `ambito`, `municipio_idmunicipio`)",VALUES (,"413,""Chupaderos"",""R"",23",);
414,El Espejo,R,23,,"INSERT INTO `mydb`.`localidades` (`idlocalidades`, `nombre_localidad`, `ambito`, `municipio_idmunicipio`)",VALUES (,"414,""El Espejo"",""R"",23",);
415,Fernando Llamas,R,23,,"INSERT INTO `mydb`.`localidades` (`idlocalidades`, `nombre_localidad`, `ambito`, `municipio_idmunicipio`)",VALUES (,"415,""Fernando Llamas"",""R"",23",);
416,Charretera,R,23,,"INSERT INTO `mydb`.`localidades` (`idlocalidades`, `nombre_localidad`, `ambito`, `municipio_idmunicipio`)",VALUES (,"416,""Charretera"",""R"",23",);
417,Cerro de la Madera,R,23,,"INSERT INTO `mydb`.`localidades` (`idlocalidades`, `nombre_localidad`, `ambito`, `municipio_idmunicipio`)",VALUES (,"417,""Cerro de la Madera"",""R"",23",);
418,El Mirador,R,23,,"INSERT INTO `mydb`.`localidades` (`idlocalidades`, `nombre_localidad`, `ambito`, `municipio_idmunicipio`)",VALUES (,"418,""El Mirador"",""R"",23",);
420,Juárez,R,23,,"INSERT INTO `mydb`.`localidades` (`idlocalidades`, `nombre_localidad`, `ambito`, `municipio_idmunicipio`)",VALUES (,"420,""Juárez"",""R"",23",);
421,Vista Hermosa,R,23,,"INSERT INTO `mydb`.`localidades` (`idlocalidades`, `nombre_localidad`, `ambito`, `municipio_idmunicipio`)",VALUES (,"421,""Vista Hermosa"",""R"",23",);
423,El Rosarito,R,23,,"INSERT INTO `mydb`.`localidades` (`idlocalidades`, `nombre_localidad`, `ambito`, `municipio_idmunicipio`)",VALUES (,"423,""El Rosarito"",""R"",23",);
424,La Gloria,R,23,,"INSERT INTO `mydb`.`localidades` (`idlocalidades`, `nombre_localidad`, `ambito`, `municipio_idmunicipio`)",VALUES (,"424,""La Gloria"",""R"",23",);
425,Casas Blancas,R,23,,"INSERT INTO `mydb`.`localidades` (`idlocalidades`, `nombre_localidad`, `ambito`, `municipio_idmunicipio`)",VALUES (,"425,""Casas Blancas"",""R"",23",);
426,Magueyal,R,23,,"INSERT INTO `mydb`.`localidades` (`idlocalidades`, `nombre_localidad`, `ambito`, `municipio_idmunicipio`)",VALUES (,"426,""Magueyal"",""R"",23",);
427,Magueyal,R,23,,"INSERT INTO `mydb`.`localidades` (`idlocalidades`, `nombre_localidad`, `ambito`, `municipio_idmunicipio`)",VALUES (,"427,""Magueyal"",""R"",23",);
428,La Paloma,R,23,,"INSERT INTO `mydb`.`localidades` (`idlocalidades`, `nombre_localidad`, `ambito`, `municipio_idmunicipio`)",VALUES (,"428,""La Paloma"",""R"",23",);
429,La Curva,R,23,,"INSERT INTO `mydb`.`localidades` (`idlocalidades`, `nombre_localidad`, `ambito`, `municipio_idmunicipio`)",VALUES (,"429,""La Curva"",""R"",23",);
430,La Víbora,R,23,,"INSERT INTO `mydb`.`localidades` (`idlocalidades`, `nombre_localidad`, `ambito`, `municipio_idmunicipio`)",VALUES (,"430,""La Víbora"",""R"",23",);
431,El Berrinche,R,23,,"INSERT INTO `mydb`.`localidades` (`idlocalidades`, `nombre_localidad`, `ambito`, `municipio_idmunicipio`)",VALUES (,"431,""El Berrinche"",""R"",23",);
432,Las Cuatas,R,23,,"INSERT INTO `mydb`.`localidades` (`idlocalidades`, `nombre_localidad`, `ambito`, `municipio_idmunicipio`)",VALUES (,"432,""Las Cuatas"",""R"",23",);
433,El Rayón,R,23,,"INSERT INTO `mydb`.`localidades` (`idlocalidades`, `nombre_localidad`, `ambito`, `municipio_idmunicipio`)",VALUES (,"433,""El Rayón"",""R"",23",);
434,Matrimonio,R,23,,"INSERT INTO `mydb`.`localidades` (`idlocalidades`, `nombre_localidad`, `ambito`, `municipio_idmunicipio`)",VALUES (,"434,""Matrimonio"",""R"",23",);
436,Galo,R,23,,"INSERT INTO `mydb`.`localidades` (`idlocalidades`, `nombre_localidad`, `ambito`, `municipio_idmunicipio`)",VALUES (,"436,""Galo"",""R"",23",);
437,La Mota (Los Nogales),R,23,,"INSERT INTO `mydb`.`localidades` (`idlocalidades`, `nombre_localidad`, `ambito`, `municipio_idmunicipio`)",VALUES (,"437,""La Mota (Los Nogales)"",""R"",23",);
438,Las Burras,R,23,,"INSERT INTO `mydb`.`localidades` (`idlocalidades`, `nombre_localidad`, `ambito`, `municipio_idmunicipio`)",VALUES (,"438,""Las Burras"",""R"",23",);
439,Buenavista,R,23,,"INSERT INTO `mydb`.`localidades` (`idlocalidades`, `nombre_localidad`, `ambito`, `municipio_idmunicipio`)",VALUES (,"439,""Buenavista"",""R"",23",);
440,El Papalote,R,23,,"INSERT INTO `mydb`.`localidades` (`idlocalidades`, `nombre_localidad`, `ambito`, `municipio_idmunicipio`)",VALUES (,"440,""El Papalote"",""R"",23",);
442,Los Portales,R,23,,"INSERT INTO `mydb`.`localidades` (`idlocalidades`, `nombre_localidad`, `ambito`, `municipio_idmunicipio`)",VALUES (,"442,""Los Portales"",""R"",23",);
443,La Salada,R,23,,"INSERT INTO `mydb`.`localidades` (`idlocalidades`, `nombre_localidad`, `ambito`, `municipio_idmunicipio`)",VALUES (,"443,""La Salada"",""R"",23",);
444,El Arriero,R,23,,"INSERT INTO `mydb`.`localidades` (`idlocalidades`, `nombre_localidad`, `ambito`, `municipio_idmunicipio`)",VALUES (,"444,""El Arriero"",""R"",23",);
445,Domingo Hernández,R,23,,"INSERT INTO `mydb`.`localidades` (`idlocalidades`, `nombre_localidad`, `ambito`, `municipio_idmunicipio`)",VALUES (,"445,""Domingo Hernández"",""R"",23",);
446,Laguna el Triguillo (Los Garay),R,23,,"INSERT INTO `mydb`.`localidades` (`idlocalidades`, `nombre_localidad`, `ambito`, `municipio_idmunicipio`)",VALUES (,"446,""Laguna el Triguillo (Los Garay)"",""R"",23",);
447,Claveinas,R,23,,"INSERT INTO `mydb`.`localidades` (`idlocalidades`, `nombre_localidad`, `ambito`, `municipio_idmunicipio`)",VALUES (,"447,""Claveinas"",""R"",23",);
448,Santa Rosa,R,23,,"INSERT INTO `mydb`.`localidades` (`idlocalidades`, `nombre_localidad`, `ambito`, `municipio_idmunicipio`)",VALUES (,"448,""Santa Rosa"",""R"",23",);
451,Tanque los Cuates,R,23,,"INSERT INTO `mydb`.`localidades` (`idlocalidades`, `nombre_localidad`, `ambito`, `municipio_idmunicipio`)",VALUES (,"451,""Tanque los Cuates"",""R"",23",);
452,La Noria,R,23,,"INSERT INTO `mydb`.`localidades` (`idlocalidades`, `nombre_localidad`, `ambito`, `municipio_idmunicipio`)",VALUES (,"452,""La Noria"",""R"",23",);
453,Laguna del Rey (Químicas del Rey),U,23,,"INSERT INTO `mydb`.`localidades` (`idlocalidades`, `nombre_localidad`, `ambito`, `municipio_idmunicipio`)",VALUES (,"453,""Laguna del Rey (Químicas del Rey)"",""U"",23",);
454,Santa Fe,R,23,,"INSERT INTO `mydb`.`localidades` (`idlocalidades`, `nombre_localidad`, `ambito`, `municipio_idmunicipio`)",VALUES (,"454,""Santa Fe"",""R"",23",);
455,San Pedro (La Pistola),R,23,,"INSERT INTO `mydb`.`localidades` (`idlocalidades`, `nombre_localidad`, `ambito`, `municipio_idmunicipio`)",VALUES (,"455,""San Pedro (La Pistola)"",""R"",23",);
456,León Cerda (La Rinconada),R,23,,"INSERT INTO `mydb`.`localidades` (`idlocalidades`, `nombre_localidad`, `ambito`, `municipio_idmunicipio`)",VALUES (,"456,""León Cerda (La Rinconada)"",""R"",23",);
457,San Antonio de los Álamos,R,23,,"INSERT INTO `mydb`.`localidades` (`idlocalidades`, `nombre_localidad`, `ambito`, `municipio_idmunicipio`)",VALUES (,"457,""San Antonio de los Álamos"",""R"",23",);
458,El Tecolote,R,23,,"INSERT INTO `mydb`.`localidades` (`idlocalidades`, `nombre_localidad`, `ambito`, `municipio_idmunicipio`)",VALUES (,"458,""El Tecolote"",""R"",23",);
459,El Mimbre,R,23,,"INSERT INTO `mydb`.`localidades` (`idlocalidades`, `nombre_localidad`, `ambito`, `municipio_idmunicipio`)",VALUES (,"459,""El Mimbre"",""R"",23",);
460,La Rubelola,R,23,,"INSERT INTO `mydb`.`localidades` (`idlocalidades`, `nombre_localidad`, `ambito`, `municipio_idmunicipio`)",VALUES (,"460,""La Rubelola"",""R"",23",);
461,La Vinata,R,23,,"INSERT INTO `mydb`.`localidades` (`idlocalidades`, `nombre_localidad`, `ambito`, `municipio_idmunicipio`)",VALUES (,"461,""La Vinata"",""R"",23",);
462,Nuevo Americanos,R,23,,"INSERT INTO `mydb`.`localidades` (`idlocalidades`, `nombre_localidad`, `ambito`, `municipio_idmunicipio`)",VALUES (,"462,""Nuevo Americanos"",""R"",23",);
463,El Sesteo de las Aves,R,23,,"INSERT INTO `mydb`.`localidades` (`idlocalidades`, `nombre_localidad`, `ambito`, `municipio_idmunicipio`)",VALUES (,"463,""El Sesteo de las Aves"",""R"",23",);
466,El Bienvenido,R,23,,"INSERT INTO `mydb`.`localidades` (`idlocalidades`, `nombre_localidad`, `ambito`, `municipio_idmunicipio`)",VALUES (,"466,""El Bienvenido"",""R"",23",);
467,La Agüita,R,23,,"INSERT INTO `mydb`.`localidades` (`idlocalidades`, `nombre_localidad`, `ambito`, `municipio_idmunicipio`)",VALUES (,"467,""La Agüita"",""R"",23",);
468,Ampliación el Oro,R,23,,"INSERT INTO `mydb`.`localidades` (`idlocalidades`, `nombre_localidad`, `ambito`, `municipio_idmunicipio`)",VALUES (,"468,""Ampliación el Oro"",""R"",23",);
469,La Bolsa,R,23,,"INSERT INTO `mydb`.`localidades` (`idlocalidades`, `nombre_localidad`, `ambito`, `municipio_idmunicipio`)",VALUES (,"469,""La Bolsa"",""R"",23",);
471,Los Dos Potrillos,R,23,,"INSERT INTO `mydb`.`localidades` (`idlocalidades`, `nombre_localidad`, `ambito`, `municipio_idmunicipio`)",VALUES (,"471,""Los Dos Potrillos"",""R"",23",);
472,El Escondido,R,23,,"INSERT INTO `mydb`.`localidades` (`idlocalidades`, `nombre_localidad`, `ambito`, `municipio_idmunicipio`)",VALUES (,"472,""El Escondido"",""R"",23",);
473,El Sabandoque,R,23,,"INSERT INTO `mydb`.`localidades` (`idlocalidades`, `nombre_localidad`, `ambito`, `municipio_idmunicipio`)",VALUES (,"473,""El Sabandoque"",""R"",23",);
474,Las Playas,R,23,,"INSERT INTO `mydb`.`localidades` (`idlocalidades`, `nombre_localidad`, `ambito`, `municipio_idmunicipio`)",VALUES (,"474,""Las Playas"",""R"",23",);
475,Ninguno [La Plaza de Toros],R,23,,"INSERT INTO `mydb`.`localidades` (`idlocalidades`, `nombre_localidad`, `ambito`, `municipio_idmunicipio`)",VALUES (,"475,""Ninguno [La Plaza de Toros]"",""R"",23",);
476,El Pozo (Jesús Rodríguez González),R,23,,"INSERT INTO `mydb`.`localidades` (`idlocalidades`, `nombre_localidad`, `ambito`, `municipio_idmunicipio`)",VALUES (,"476,""El Pozo (Jesús Rodríguez González)"",""R"",23",);
477,El Yuma,R,23,,"INSERT INTO `mydb`.`localidades` (`idlocalidades`, `nombre_localidad`, `ambito`, `municipio_idmunicipio`)",VALUES (,"477,""El Yuma"",""R"",23",);
478,Las Vacas,R,23,,"INSERT INTO `mydb`.`localidades` (`idlocalidades`, `nombre_localidad`, `ambito`, `municipio_idmunicipio`)",VALUES (,"478,""Las Vacas"",""R"",23",);
479,Carrasco,R,23,,"INSERT INTO `mydb`.`localidades` (`idlocalidades`, `nombre_localidad`, `ambito`, `municipio_idmunicipio`)",VALUES (,"479,""Carrasco"",""R"",23",);
480,Las Garzas,R,23,,"INSERT INTO `mydb`.`localidades` (`idlocalidades`, `nombre_localidad`, `ambito`, `municipio_idmunicipio`)",VALUES (,"480,""Las Garzas"",""R"",23",);
481,El Salado,R,23,,"INSERT INTO `mydb`.`localidades` (`idlocalidades`, `nombre_localidad`, `ambito`, `municipio_idmunicipio`)",VALUES (,"481,""El Salado"",""R"",23",);
482,Maderas del Carmen [Aserradero],R,23,,"INSERT INTO `mydb`.`localidades` (`idlocalidades`, `nombre_localidad`, `ambito`, `municipio_idmunicipio`)",VALUES (,"482,""Maderas del Carmen [Aserradero]"",""R"",23",);
483,El Cisne,R,23,,"INSERT INTO `mydb`.`localidades` (`idlocalidades`, `nombre_localidad`, `ambito`, `municipio_idmunicipio`)",VALUES (,"483,""El Cisne"",""R"",23",);
484,El Pozo 2,R,23,,"INSERT INTO `mydb`.`localidades` (`idlocalidades`, `nombre_localidad`, `ambito`, `municipio_idmunicipio`)",VALUES (,"484,""El Pozo 2"",""R"",23",);
485,El Pozo 4,R,23,,"INSERT INTO `mydb`.`localidades` (`idlocalidades`, `nombre_localidad`, `ambito`, `municipio_idmunicipio`)",VALUES (,"485,""El Pozo 4"",""R"",23",);
486,Urbano Castellanos,R,23,,"INSERT INTO `mydb`.`localidades` (`idlocalidades`, `nombre_localidad`, `ambito`, `municipio_idmunicipio`)",VALUES (,"486,""Urbano Castellanos"",""R"",23",);
487,El Desmonte (Pascual Cervantes),R,23,,"INSERT INTO `mydb`.`localidades` (`idlocalidades`, `nombre_localidad`, `ambito`, `municipio_idmunicipio`)",VALUES (,"487,""El Desmonte (Pascual Cervantes)"",""R"",23",);
488,Raúl Castellanos,R,23,,"INSERT INTO `mydb`.`localidades` (`idlocalidades`, `nombre_localidad`, `ambito`, `municipio_idmunicipio`)",VALUES (,"488,""Raúl Castellanos"",""R"",23",);
489,Las Bombas (Héctor Garza Flores),R,23,,"INSERT INTO `mydb`.`localidades` (`idlocalidades`, `nombre_localidad`, `ambito`, `municipio_idmunicipio`)",VALUES (,"489,""Las Bombas (Héctor Garza Flores)"",""R"",23",);
490,San José,R,23,,"INSERT INTO `mydb`.`localidades` (`idlocalidades`, `nombre_localidad`, `ambito`, `municipio_idmunicipio`)",VALUES (,"490,""San José"",""R"",23",);
494,Boquillas del Carmen Viejo (Fortino Sánchez),R,23,,"INSERT INTO `mydb`.`localidades` (`idlocalidades`, `nombre_localidad`, `ambito`, `municipio_idmunicipio`)",VALUES (,"494,""Boquillas del Carmen Viejo (Fortino Sánchez)"",""R"",23",);
495,Cannán,R,23,,"INSERT INTO `mydb`.`localidades` (`idlocalidades`, `nombre_localidad`, `ambito`, `municipio_idmunicipio`)",VALUES (,"495,""Cannán"",""R"",23",);
497,Juan Flores,R,23,,"INSERT INTO `mydb`.`localidades` (`idlocalidades`, `nombre_localidad`, `ambito`, `municipio_idmunicipio`)",VALUES (,"497,""Juan Flores"",""R"",23",);
498,La Esfera,R,23,,"INSERT INTO `mydb`.`localidades` (`idlocalidades`, `nombre_localidad`, `ambito`, `municipio_idmunicipio`)",VALUES (,"498,""La Esfera"",""R"",23",);
499,Las Maravillas,R,23,,"INSERT INTO `mydb`.`localidades` (`idlocalidades`, `nombre_localidad`, `ambito`, `municipio_idmunicipio`)",VALUES (,"499,""Las Maravillas"",""R"",23",);
500,Los Pósitos,R,23,,"INSERT INTO `mydb`.`localidades` (`idlocalidades`, `nombre_localidad`, `ambito`, `municipio_idmunicipio`)",VALUES (,"500,""Los Pósitos"",""R"",23",);
501,Rancho Nuevo,R,23,,"INSERT INTO `mydb`.`localidades` (`idlocalidades`, `nombre_localidad`, `ambito`, `municipio_idmunicipio`)",VALUES (,"501,""Rancho Nuevo"",""R"",23",);
502,El Confidente,R,23,,"INSERT INTO `mydb`.`localidades` (`idlocalidades`, `nombre_localidad`, `ambito`, `municipio_idmunicipio`)",VALUES (,"502,""El Confidente"",""R"",23",);
503,Diez Hermanos,R,23,,"INSERT INTO `mydb`.`localidades` (`idlocalidades`, `nombre_localidad`, `ambito`, `municipio_idmunicipio`)",VALUES (,"503,""Diez Hermanos"",""R"",23",);
504,El Silencio,R,23,,"INSERT INTO `mydb`.`localidades` (`idlocalidades`, `nombre_localidad`, `ambito`, `municipio_idmunicipio`)",VALUES (,"504,""El Silencio"",""R"",23",);
505,El Sinaí,R,23,,"INSERT INTO `mydb`.`localidades` (`idlocalidades`, `nombre_localidad`, `ambito`, `municipio_idmunicipio`)",VALUES (,"505,""El Sinaí"",""R"",23",);
506,La Rata,R,23,,"INSERT INTO `mydb`.`localidades` (`idlocalidades`, `nombre_localidad`, `ambito`, `municipio_idmunicipio`)",VALUES (,"506,""La Rata"",""R"",23",);
507,El Rey Dos (Piedra Blanca),R,23,,"INSERT INTO `mydb`.`localidades` (`idlocalidades`, `nombre_localidad`, `ambito`, `municipio_idmunicipio`)",VALUES (,"507,""El Rey Dos (Piedra Blanca)"",""R"",23",);
508,El Ortegón,R,23,,"INSERT INTO `mydb`.`localidades` (`idlocalidades`, `nombre_localidad`, `ambito`, `municipio_idmunicipio`)",VALUES (,"508,""El Ortegón"",""R"",23",);
509,El Gigante (Ramiro Magallanes),R,23,,"INSERT INTO `mydb`.`localidades` (`idlocalidades`, `nombre_localidad`, `ambito`, `municipio_idmunicipio`)",VALUES (,"509,""El Gigante (Ramiro Magallanes)"",""R"",23",);
510,El Lobo (Efraín Magallanes),R,23,,"INSERT INTO `mydb`.`localidades` (`idlocalidades`, `nombre_localidad`, `ambito`, `municipio_idmunicipio`)",VALUES (,"510,""El Lobo (Efraín Magallanes)"",""R"",23",);
511,María de Jesús,R,23,,"INSERT INTO `mydb`.`localidades` (`idlocalidades`, `nombre_localidad`, `ambito`, `municipio_idmunicipio`)",VALUES (,"511,""María de Jesús"",""R"",23",);
512,José Luis González Melchor,R,23,,"INSERT INTO `mydb`.`localidades` (`idlocalidades`, `nombre_localidad`, `ambito`, `municipio_idmunicipio`)",VALUES (,"512,""José Luis González Melchor"",""R"",23",);
513,Guillermo Fuentes,R,23,,"INSERT INTO `mydb`.`localidades` (`idlocalidades`, `nombre_localidad`, `ambito`, `municipio_idmunicipio`)",VALUES (,"513,""Guillermo Fuentes"",""R"",23",);
515,Ramiro Zamorano,R,23,,"INSERT INTO `mydb`.`localidades` (`idlocalidades`, `nombre_localidad`, `ambito`, `municipio_idmunicipio`)",VALUES (,"515,""Ramiro Zamorano"",""R"",23",);
516,Gustavo Rodríguez Rodríguez,R,23,,"INSERT INTO `mydb`.`localidades` (`idlocalidades`, `nombre_localidad`, `ambito`, `municipio_idmunicipio`)",VALUES (,"516,""Gustavo Rodríguez Rodríguez"",""R"",23",);
519,Blanca Banda,R,23,,"INSERT INTO `mydb`.`localidades` (`idlocalidades`, `nombre_localidad`, `ambito`, `municipio_idmunicipio`)",VALUES (,"519,""Blanca Banda"",""R"",23",);
520,El Hormiguero,R,23,,"INSERT INTO `mydb`.`localidades` (`idlocalidades`, `nombre_localidad`, `ambito`, `municipio_idmunicipio`)",VALUES (,"520,""El Hormiguero"",""R"",23",);
521,El Calvario,R,23,,"INSERT INTO `mydb`.`localidades` (`idlocalidades`, `nombre_localidad`, `ambito`, `municipio_idmunicipio`)",VALUES (,"521,""El Calvario"",""R"",23",);
522,El Juncal,R,23,,"INSERT INTO `mydb`.`localidades` (`idlocalidades`, `nombre_localidad`, `ambito`, `municipio_idmunicipio`)",VALUES (,"522,""El Juncal"",""R"",23",);
523,El Canelo,R,23,,"INSERT INTO `mydb`.`localidades` (`idlocalidades`, `nombre_localidad`, `ambito`, `municipio_idmunicipio`)",VALUES (,"523,""El Canelo"",""R"",23",);
524,El Rey Dos,R,23,,"INSERT INTO `mydb`.`localidades` (`idlocalidades`, `nombre_localidad`, `ambito`, `municipio_idmunicipio`)",VALUES (,"524,""El Rey Dos"",""R"",23",);
525,Rancho Viejo,R,23,,"INSERT INTO `mydb`.`localidades` (`idlocalidades`, `nombre_localidad`, `ambito`, `municipio_idmunicipio`)",VALUES (,"525,""Rancho Viejo"",""R"",23",);
526,El Girasolito,R,23,,"INSERT INTO `mydb`.`localidades` (`idlocalidades`, `nombre_localidad`, `ambito`, `municipio_idmunicipio`)",VALUES (,"526,""El Girasolito"",""R"",23",);
527,La Jimena,R,23,,"INSERT INTO `mydb`.`localidades` (`idlocalidades`, `nombre_localidad`, `ambito`, `municipio_idmunicipio`)",VALUES (,"527,""La Jimena"",""R"",23",);
528,Guadalupe (El Pozo),R,23,,"INSERT INTO `mydb`.`localidades` (`idlocalidades`, `nombre_localidad`, `ambito`, `municipio_idmunicipio`)",VALUES (,"528,""Guadalupe (El Pozo)"",""R"",23",);
529,La Máquina,R,23,,"INSERT INTO `mydb`.`localidades` (`idlocalidades`, `nombre_localidad`, `ambito`, `municipio_idmunicipio`)",VALUES (,"529,""La Máquina"",""R"",23",);
530,La Paloma,R,23,,"INSERT INTO `mydb`.`localidades` (`idlocalidades`, `nombre_localidad`, `ambito`, `municipio_idmunicipio`)",VALUES (,"530,""La Paloma"",""R"",23",);
531,San Isidro,R,23,,"INSERT INTO `mydb`.`localidades` (`idlocalidades`, `nombre_localidad`, `ambito`, `municipio_idmunicipio`)",VALUES (,"531,""San Isidro"",""R"",23",);
532,El Chencho,R,23,,"INSERT INTO `mydb`.`localidades` (`idlocalidades`, `nombre_localidad`, `ambito`, `municipio_idmunicipio`)",VALUES (,"532,""El Chencho"",""R"",23",);
533,El Divisadero,R,23,,"INSERT INTO `mydb`.`localidades` (`idlocalidades`, `nombre_localidad`, `ambito`, `municipio_idmunicipio`)",VALUES (,"533,""El Divisadero"",""R"",23",);
534,Mapa Transporte,R,23,,"INSERT INTO `mydb`.`localidades` (`idlocalidades`, `nombre_localidad`, `ambito`, `municipio_idmunicipio`)",VALUES (,"534,""Mapa Transporte"",""R"",23",);
536,El Palmar,R,23,,"INSERT INTO `mydb`.`localidades` (`idlocalidades`, `nombre_localidad`, `ambito`, `municipio_idmunicipio`)",VALUES (,"536,""El Palmar"",""R"",23",);
537,Agua Clara (Celia Palomares),R,23,,"INSERT INTO `mydb`.`localidades` (`idlocalidades`, `nombre_localidad`, `ambito`, `municipio_idmunicipio`)",VALUES (,"537,""Agua Clara (Celia Palomares)"",""R"",23",);
538,La Huerfanita,R,23,,"INSERT INTO `mydb`.`localidades` (`idlocalidades`, `nombre_localidad`, `ambito`, `municipio_idmunicipio`)",VALUES (,"538,""La Huerfanita"",""R"",23",);
539,Sagrado Corazón,R,23,,"INSERT INTO `mydb`.`localidades` (`idlocalidades`, `nombre_localidad`, `ambito`, `municipio_idmunicipio`)",VALUES (,"539,""Sagrado Corazón"",""R"",23",);
540,Cimarrón (Jesús Sandoval),R,23,,"INSERT INTO `mydb`.`localidades` (`idlocalidades`, `nombre_localidad`, `ambito`, `municipio_idmunicipio`)",VALUES (,"540,""Cimarrón (Jesús Sandoval)"",""R"",23",);
541,El Pozo,R,23,,"INSERT INTO `mydb`.`localidades` (`idlocalidades`, `nombre_localidad`, `ambito`, `municipio_idmunicipio`)",VALUES (,"541,""El Pozo"",""R"",23",);
542,Beto Guajardo,R,23,,"INSERT INTO `mydb`.`localidades` (`idlocalidades`, `nombre_localidad`, `ambito`, `municipio_idmunicipio`)",VALUES (,"542,""Beto Guajardo"",""R"",23",);
543,La Copa,R,23,,"INSERT INTO `mydb`.`localidades` (`idlocalidades`, `nombre_localidad`, `ambito`, `municipio_idmunicipio`)",VALUES (,"543,""La Copa"",""R"",23",);
545,Los Manantiales,R,23,,"INSERT INTO `mydb`.`localidades` (`idlocalidades`, `nombre_localidad`, `ambito`, `municipio_idmunicipio`)",VALUES (,"545,""Los Manantiales"",""R"",23",);
546,La Presa,R,23,,"INSERT INTO `mydb`.`localidades` (`idlocalidades`, `nombre_localidad`, `ambito`, `municipio_idmunicipio`)",VALUES (,"546,""La Presa"",""R"",23",);
547,La Huerfanita,R,23,,"INSERT INTO `mydb`.`localidades` (`idlocalidades`, `nombre_localidad`, `ambito`, `municipio_idmunicipio`)",VALUES (,"547,""La Huerfanita"",""R"",23",);
548,La Encantada [Mina],R,23,,"INSERT INTO `mydb`.`localidades` (`idlocalidades`, `nombre_localidad`, `ambito`, `municipio_idmunicipio`)",VALUES (,"548,""La Encantada [Mina]"",""R"",23",);
549,El Ocotillo,R,23,,"INSERT INTO `mydb`.`localidades` (`idlocalidades`, `nombre_localidad`, `ambito`, `municipio_idmunicipio`)",VALUES (,"549,""El Ocotillo"",""R"",23",);
550,Roberto González,R,23,,"INSERT INTO `mydb`.`localidades` (`idlocalidades`, `nombre_localidad`, `ambito`, `municipio_idmunicipio`)",VALUES (,"550,""Roberto González"",""R"",23",);
551,Los Peregrinos,R,23,,"INSERT INTO `mydb`.`localidades` (`idlocalidades`, `nombre_localidad`, `ambito`, `municipio_idmunicipio`)",VALUES (,"551,""Los Peregrinos"",""R"",23",);
552,Luis García Peña,R,23,,"INSERT INTO `mydb`.`localidades` (`idlocalidades`, `nombre_localidad`, `ambito`, `municipio_idmunicipio`)",VALUES (,"552,""Luis García Peña"",""R"",23",);
553,Puerto Rico,R,23,,"INSERT INTO `mydb`.`localidades` (`idlocalidades`, `nombre_localidad`, `ambito`, `municipio_idmunicipio`)",VALUES (,"553,""Puerto Rico"",""R"",23",);
554,Jalisco,R,23,,"INSERT INTO `mydb`.`localidades` (`idlocalidades`, `nombre_localidad`, `ambito`, `municipio_idmunicipio`)",VALUES (,"554,""Jalisco"",""R"",23",);
555,Porfirio García,R,23,,"INSERT INTO `mydb`.`localidades` (`idlocalidades`, `nombre_localidad`, `ambito`, `municipio_idmunicipio`)",VALUES (,"555,""Porfirio García"",""R"",23",);
556,Eleuterio Regino Gallegos,R,23,,"INSERT INTO `mydb`.`localidades` (`idlocalidades`, `nombre_localidad`, `ambito`, `municipio_idmunicipio`)",VALUES (,"556,""Eleuterio Regino Gallegos"",""R"",23",);
557,Luis Regino,R,23,,"INSERT INTO `mydb`.`localidades` (`idlocalidades`, `nombre_localidad`, `ambito`, `municipio_idmunicipio`)",VALUES (,"557,""Luis Regino"",""R"",23",);
558,El Sauz (Eugenio Gloria de Santiago),R,23,,"INSERT INTO `mydb`.`localidades` (`idlocalidades`, `nombre_localidad`, `ambito`, `municipio_idmunicipio`)",VALUES (,"558,""El Sauz (Eugenio Gloria de Santiago)"",""R"",23",);
