CVE_LOC,NOM_LOC,AMBITO,CVE_MUN,,,,,
1,Parras de la Fuente,U,24,,"INSERT INTO `mydb`.`localidades` (`idlocalidades`, `nombre_localidad`, `ambito`, `municipio_idmunicipio`)",VALUES (,"1,""Parras de la Fuente"",""U"",24",);
2,Las Abras,R,24,,"INSERT INTO `mydb`.`localidades` (`idlocalidades`, `nombre_localidad`, `ambito`, `municipio_idmunicipio`)",VALUES (,"2,""Las Abras"",""R"",24",);
3,Abrevadero,R,24,,"INSERT INTO `mydb`.`localidades` (`idlocalidades`, `nombre_localidad`, `ambito`, `municipio_idmunicipio`)",VALUES (,"3,""Abrevadero"",""R"",24",);
4,Viñedos del Álamo (La Pila),R,24,,"INSERT INTO `mydb`.`localidades` (`idlocalidades`, `nombre_localidad`, `ambito`, `municipio_idmunicipio`)",VALUES (,"4,""Viñedos del Álamo (La Pila)"",""R"",24",);
5,El Amparo (La Peña),R,24,,"INSERT INTO `mydb`.`localidades` (`idlocalidades`, `nombre_localidad`, `ambito`, `municipio_idmunicipio`)",VALUES (,"5,""El Amparo (La Peña)"",""R"",24",);
6,Las Ánimas,R,24,,"INSERT INTO `mydb`.`localidades` (`idlocalidades`, `nombre_localidad`, `ambito`, `municipio_idmunicipio`)",VALUES (,"6,""Las Ánimas"",""R"",24",);
7,Las Artemisas,R,24,,"INSERT INTO `mydb`.`localidades` (`idlocalidades`, `nombre_localidad`, `ambito`, `municipio_idmunicipio`)",VALUES (,"7,""Las Artemisas"",""R"",24",);
8,Balbuena,R,24,,"INSERT INTO `mydb`.`localidades` (`idlocalidades`, `nombre_localidad`, `ambito`, `municipio_idmunicipio`)",VALUES (,"8,""Balbuena"",""R"",24",);
9,Boquillas del Refugio,R,24,,"INSERT INTO `mydb`.`localidades` (`idlocalidades`, `nombre_localidad`, `ambito`, `municipio_idmunicipio`)",VALUES (,"9,""Boquillas del Refugio"",""R"",24",);
11,Cadillal,R,24,,"INSERT INTO `mydb`.`localidades` (`idlocalidades`, `nombre_localidad`, `ambito`, `municipio_idmunicipio`)",VALUES (,"11,""Cadillal"",""R"",24",);
13,Bajío del Calabacillal,R,24,,"INSERT INTO `mydb`.`localidades` (`idlocalidades`, `nombre_localidad`, `ambito`, `municipio_idmunicipio`)",VALUES (,"13,""Bajío del Calabacillal"",""R"",24",);
14,La Candelaria,R,24,,"INSERT INTO `mydb`.`localidades` (`idlocalidades`, `nombre_localidad`, `ambito`, `municipio_idmunicipio`)",VALUES (,"14,""La Candelaria"",""R"",24",);
15,La Candelaria de los Yeguales,R,24,,"INSERT INTO `mydb`.`localidades` (`idlocalidades`, `nombre_localidad`, `ambito`, `municipio_idmunicipio`)",VALUES (,"15,""La Candelaria de los Yeguales"",""R"",24",);
16,El Capulín,R,24,,"INSERT INTO `mydb`.`localidades` (`idlocalidades`, `nombre_localidad`, `ambito`, `municipio_idmunicipio`)",VALUES (,"16,""El Capulín"",""R"",24",);
17,El Carmen,R,24,,"INSERT INTO `mydb`.`localidades` (`idlocalidades`, `nombre_localidad`, `ambito`, `municipio_idmunicipio`)",VALUES (,"17,""El Carmen"",""R"",24",);
18,Santa Cecilia (La Cecilia),R,24,,"INSERT INTO `mydb`.`localidades` (`idlocalidades`, `nombre_localidad`, `ambito`, `municipio_idmunicipio`)",VALUES (,"18,""Santa Cecilia (La Cecilia)"",""R"",24",);
20,Cerritos,R,24,,"INSERT INTO `mydb`.`localidades` (`idlocalidades`, `nombre_localidad`, `ambito`, `municipio_idmunicipio`)",VALUES (,"20,""Cerritos"",""R"",24",);
21,Cerro Bola,R,24,,"INSERT INTO `mydb`.`localidades` (`idlocalidades`, `nombre_localidad`, `ambito`, `municipio_idmunicipio`)",VALUES (,"21,""Cerro Bola"",""R"",24",);
22,Cerro Colorado,R,24,,"INSERT INTO `mydb`.`localidades` (`idlocalidades`, `nombre_localidad`, `ambito`, `municipio_idmunicipio`)",VALUES (,"22,""Cerro Colorado"",""R"",24",);
23,Ciénega del Carmen,R,24,,"INSERT INTO `mydb`.`localidades` (`idlocalidades`, `nombre_localidad`, `ambito`, `municipio_idmunicipio`)",VALUES (,"23,""Ciénega del Carmen"",""R"",24",);
24,El Cinco (Cinco de Mayo),R,24,,"INSERT INTO `mydb`.`localidades` (`idlocalidades`, `nombre_localidad`, `ambito`, `municipio_idmunicipio`)",VALUES (,"24,""El Cinco (Cinco de Mayo)"",""R"",24",);
27,La Constancia,R,24,,"INSERT INTO `mydb`.`localidades` (`idlocalidades`, `nombre_localidad`, `ambito`, `municipio_idmunicipio`)",VALUES (,"27,""La Constancia"",""R"",24",);
28,Las Coquenas,R,24,,"INSERT INTO `mydb`.`localidades` (`idlocalidades`, `nombre_localidad`, `ambito`, `municipio_idmunicipio`)",VALUES (,"28,""Las Coquenas"",""R"",24",);
29,Cruz Verde,R,24,,"INSERT INTO `mydb`.`localidades` (`idlocalidades`, `nombre_localidad`, `ambito`, `municipio_idmunicipio`)",VALUES (,"29,""Cruz Verde"",""R"",24",);
30,Cuatro de Marzo,R,24,,"INSERT INTO `mydb`.`localidades` (`idlocalidades`, `nombre_localidad`, `ambito`, `municipio_idmunicipio`)",VALUES (,"30,""Cuatro de Marzo"",""R"",24",);
31,El Durazno,R,24,,"INSERT INTO `mydb`.`localidades` (`idlocalidades`, `nombre_localidad`, `ambito`, `municipio_idmunicipio`)",VALUES (,"31,""El Durazno"",""R"",24",);
32,La Encantada,R,24,,"INSERT INTO `mydb`.`localidades` (`idlocalidades`, `nombre_localidad`, `ambito`, `municipio_idmunicipio`)",VALUES (,"32,""La Encantada"",""R"",24",);
33,Ganivete,R,24,,"INSERT INTO `mydb`.`localidades` (`idlocalidades`, `nombre_localidad`, `ambito`, `municipio_idmunicipio`)",VALUES (,"33,""Ganivete"",""R"",24",);
34,Garambullo,R,24,,"INSERT INTO `mydb`.`localidades` (`idlocalidades`, `nombre_localidad`, `ambito`, `municipio_idmunicipio`)",VALUES (,"34,""Garambullo"",""R"",24",);
35,Guadalupe,R,24,,"INSERT INTO `mydb`.`localidades` (`idlocalidades`, `nombre_localidad`, `ambito`, `municipio_idmunicipio`)",VALUES (,"35,""Guadalupe"",""R"",24",);
36,La Guadiana,R,24,,"INSERT INTO `mydb`.`localidades` (`idlocalidades`, `nombre_localidad`, `ambito`, `municipio_idmunicipio`)",VALUES (,"36,""La Guadiana"",""R"",24",);
37,Los Hoyos (El Potrero),R,24,,"INSERT INTO `mydb`.`localidades` (`idlocalidades`, `nombre_localidad`, `ambito`, `municipio_idmunicipio`)",VALUES (,"37,""Los Hoyos (El Potrero)"",""R"",24",);
38,Huariche,R,24,,"INSERT INTO `mydb`.`localidades` (`idlocalidades`, `nombre_localidad`, `ambito`, `municipio_idmunicipio`)",VALUES (,"38,""Huariche"",""R"",24",);
39,Jalapa,R,24,,"INSERT INTO `mydb`.`localidades` (`idlocalidades`, `nombre_localidad`, `ambito`, `municipio_idmunicipio`)",VALUES (,"39,""Jalapa"",""R"",24",);
40,Jazminal,R,24,,"INSERT INTO `mydb`.`localidades` (`idlocalidades`, `nombre_localidad`, `ambito`, `municipio_idmunicipio`)",VALUES (,"40,""Jazminal"",""R"",24",);
42,Loma Bonita (La Vega),R,24,,"INSERT INTO `mydb`.`localidades` (`idlocalidades`, `nombre_localidad`, `ambito`, `municipio_idmunicipio`)",VALUES (,"42,""Loma Bonita (La Vega)"",""R"",24",);
43,La Luz,R,24,,"INSERT INTO `mydb`.`localidades` (`idlocalidades`, `nombre_localidad`, `ambito`, `municipio_idmunicipio`)",VALUES (,"43,""La Luz"",""R"",24",);
44,Las Palmas Segundo Sector (La Macarena),R,24,,"INSERT INTO `mydb`.`localidades` (`idlocalidades`, `nombre_localidad`, `ambito`, `municipio_idmunicipio`)",VALUES (,"44,""Las Palmas Segundo Sector (La Macarena)"",""R"",24",);
45,Madero [Estación],R,24,,"INSERT INTO `mydb`.`localidades` (`idlocalidades`, `nombre_localidad`, `ambito`, `municipio_idmunicipio`)",VALUES (,"45,""Madero [Estación]"",""R"",24",);
46,Las Magdalenas,R,24,,"INSERT INTO `mydb`.`localidades` (`idlocalidades`, `nombre_localidad`, `ambito`, `municipio_idmunicipio`)",VALUES (,"46,""Las Magdalenas"",""R"",24",);
47,Las Maravillas (Providencia),R,24,,"INSERT INTO `mydb`.`localidades` (`idlocalidades`, `nombre_localidad`, `ambito`, `municipio_idmunicipio`)",VALUES (,"47,""Las Maravillas (Providencia)"",""R"",24",);
49,Menchaca (Tanque de Menchaca),R,24,,"INSERT INTO `mydb`.`localidades` (`idlocalidades`, `nombre_localidad`, `ambito`, `municipio_idmunicipio`)",VALUES (,"49,""Menchaca (Tanque de Menchaca)"",""R"",24",);
50,El Mesteño,R,24,,"INSERT INTO `mydb`.`localidades` (`idlocalidades`, `nombre_localidad`, `ambito`, `municipio_idmunicipio`)",VALUES (,"50,""El Mesteño"",""R"",24",);
51,El Mimbre,R,24,,"INSERT INTO `mydb`.`localidades` (`idlocalidades`, `nombre_localidad`, `ambito`, `municipio_idmunicipio`)",VALUES (,"51,""El Mimbre"",""R"",24",);
52,El Mimbre Antiguo (El Mimbre Viejo),R,24,,"INSERT INTO `mydb`.`localidades` (`idlocalidades`, `nombre_localidad`, `ambito`, `municipio_idmunicipio`)",VALUES (,"52,""El Mimbre Antiguo (El Mimbre Viejo)"",""R"",24",);
54,El Mogote,R,24,,"INSERT INTO `mydb`.`localidades` (`idlocalidades`, `nombre_localidad`, `ambito`, `municipio_idmunicipio`)",VALUES (,"54,""El Mogote"",""R"",24",);
55,Molino Viejo (San Lorenzo),R,24,,"INSERT INTO `mydb`.`localidades` (`idlocalidades`, `nombre_localidad`, `ambito`, `municipio_idmunicipio`)",VALUES (,"55,""Molino Viejo (San Lorenzo)"",""R"",24",);
56,Las Nieves,R,24,,"INSERT INTO `mydb`.`localidades` (`idlocalidades`, `nombre_localidad`, `ambito`, `municipio_idmunicipio`)",VALUES (,"56,""Las Nieves"",""R"",24",);
58,Notillas,R,24,,"INSERT INTO `mydb`.`localidades` (`idlocalidades`, `nombre_localidad`, `ambito`, `municipio_idmunicipio`)",VALUES (,"58,""Notillas"",""R"",24",);
59,La Paila,R,24,,"INSERT INTO `mydb`.`localidades` (`idlocalidades`, `nombre_localidad`, `ambito`, `municipio_idmunicipio`)",VALUES (,"59,""La Paila"",""R"",24",);
60,Paila,R,24,,"INSERT INTO `mydb`.`localidades` (`idlocalidades`, `nombre_localidad`, `ambito`, `municipio_idmunicipio`)",VALUES (,"60,""Paila"",""R"",24",);
61,Las Palmas,R,24,,"INSERT INTO `mydb`.`localidades` (`idlocalidades`, `nombre_localidad`, `ambito`, `municipio_idmunicipio`)",VALUES (,"61,""Las Palmas"",""R"",24",);
63,Palo Alto (El Carrizal),R,24,,"INSERT INTO `mydb`.`localidades` (`idlocalidades`, `nombre_localidad`, `ambito`, `municipio_idmunicipio`)",VALUES (,"63,""Palo Alto (El Carrizal)"",""R"",24",);
66,Piedra Blanca,R,24,,"INSERT INTO `mydb`.`localidades` (`idlocalidades`, `nombre_localidad`, `ambito`, `municipio_idmunicipio`)",VALUES (,"66,""Piedra Blanca"",""R"",24",);
67,Pomona II,R,24,,"INSERT INTO `mydb`.`localidades` (`idlocalidades`, `nombre_localidad`, `ambito`, `municipio_idmunicipio`)",VALUES (,"67,""Pomona II"",""R"",24",);
69,El Porvenir de Abajo,R,24,,"INSERT INTO `mydb`.`localidades` (`idlocalidades`, `nombre_localidad`, `ambito`, `municipio_idmunicipio`)",VALUES (,"69,""El Porvenir de Abajo"",""R"",24",);
70,Presa de San Antonio,R,24,,"INSERT INTO `mydb`.`localidades` (`idlocalidades`, `nombre_localidad`, `ambito`, `municipio_idmunicipio`)",VALUES (,"70,""Presa de San Antonio"",""R"",24",);
71,La Presa,R,24,,"INSERT INTO `mydb`.`localidades` (`idlocalidades`, `nombre_localidad`, `ambito`, `municipio_idmunicipio`)",VALUES (,"71,""La Presa"",""R"",24",);
73,El Refugio (La Quiroga),R,24,,"INSERT INTO `mydb`.`localidades` (`idlocalidades`, `nombre_localidad`, `ambito`, `municipio_idmunicipio`)",VALUES (,"73,""El Refugio (La Quiroga)"",""R"",24",);
76,La Requena (La Requena de Fátima),R,24,,"INSERT INTO `mydb`.`localidades` (`idlocalidades`, `nombre_localidad`, `ambito`, `municipio_idmunicipio`)",VALUES (,"76,""La Requena (La Requena de Fátima)"",""R"",24",);
78,El Rosario,R,24,,"INSERT INTO `mydb`.`localidades` (`idlocalidades`, `nombre_localidad`, `ambito`, `municipio_idmunicipio`)",VALUES (,"78,""El Rosario"",""R"",24",);
79,Nuevo Sabanilla (Sabanilla),R,24,,"INSERT INTO `mydb`.`localidades` (`idlocalidades`, `nombre_localidad`, `ambito`, `municipio_idmunicipio`)",VALUES (,"79,""Nuevo Sabanilla (Sabanilla)"",""R"",24",);
81,San Carlos,R,24,,"INSERT INTO `mydb`.`localidades` (`idlocalidades`, `nombre_localidad`, `ambito`, `municipio_idmunicipio`)",VALUES (,"81,""San Carlos"",""R"",24",);
82,Veinte de Noviembre (Veinte de Noviembre Nuevo),R,24,,"INSERT INTO `mydb`.`localidades` (`idlocalidades`, `nombre_localidad`, `ambito`, `municipio_idmunicipio`)",VALUES (,"82,""Veinte de Noviembre (Veinte de Noviembre Nuevo)"",""R"",24",);
83,San Francisco del Progreso,R,24,,"INSERT INTO `mydb`.`localidades` (`idlocalidades`, `nombre_localidad`, `ambito`, `municipio_idmunicipio`)",VALUES (,"83,""San Francisco del Progreso"",""R"",24",);
84,San Francisco del Barrial,R,24,,"INSERT INTO `mydb`.`localidades` (`idlocalidades`, `nombre_localidad`, `ambito`, `municipio_idmunicipio`)",VALUES (,"84,""San Francisco del Barrial"",""R"",24",);
85,San Isidro,R,24,,"INSERT INTO `mydb`.`localidades` (`idlocalidades`, `nombre_localidad`, `ambito`, `municipio_idmunicipio`)",VALUES (,"85,""San Isidro"",""R"",24",);
86,El Progreso (San Isidro del Progreso),R,24,,"INSERT INTO `mydb`.`localidades` (`idlocalidades`, `nombre_localidad`, `ambito`, `municipio_idmunicipio`)",VALUES (,"86,""El Progreso (San Isidro del Progreso)"",""R"",24",);
87,San Jerónimo,R,24,,"INSERT INTO `mydb`.`localidades` (`idlocalidades`, `nombre_localidad`, `ambito`, `municipio_idmunicipio`)",VALUES (,"87,""San Jerónimo"",""R"",24",);
89,San José de la Unión,R,24,,"INSERT INTO `mydb`.`localidades` (`idlocalidades`, `nombre_localidad`, `ambito`, `municipio_idmunicipio`)",VALUES (,"89,""San José de la Unión"",""R"",24",);
90,San José de Mahoma,R,24,,"INSERT INTO `mydb`.`localidades` (`idlocalidades`, `nombre_localidad`, `ambito`, `municipio_idmunicipio`)",VALUES (,"90,""San José de Mahoma"",""R"",24",);
91,San José de Patagalana,R,24,,"INSERT INTO `mydb`.`localidades` (`idlocalidades`, `nombre_localidad`, `ambito`, `municipio_idmunicipio`)",VALUES (,"91,""San José de Patagalana"",""R"",24",);
92,San Juan,R,24,,"INSERT INTO `mydb`.`localidades` (`idlocalidades`, `nombre_localidad`, `ambito`, `municipio_idmunicipio`)",VALUES (,"92,""San Juan"",""R"",24",);
94,Hacienda San Lorenzo (Casa Madero),R,24,,"INSERT INTO `mydb`.`localidades` (`idlocalidades`, `nombre_localidad`, `ambito`, `municipio_idmunicipio`)",VALUES (,"94,""Hacienda San Lorenzo (Casa Madero)"",""R"",24",);
95,San Luis,R,24,,"INSERT INTO `mydb`.`localidades` (`idlocalidades`, `nombre_localidad`, `ambito`, `municipio_idmunicipio`)",VALUES (,"95,""San Luis"",""R"",24",);
96,San Miguel,R,24,,"INSERT INTO `mydb`.`localidades` (`idlocalidades`, `nombre_localidad`, `ambito`, `municipio_idmunicipio`)",VALUES (,"96,""San Miguel"",""R"",24",);
98,San Rafael de la Hedionda,R,24,,"INSERT INTO `mydb`.`localidades` (`idlocalidades`, `nombre_localidad`, `ambito`, `municipio_idmunicipio`)",VALUES (,"98,""San Rafael de la Hedionda"",""R"",24",);
99,San Rafael de los Milagros,R,24,,"INSERT INTO `mydb`.`localidades` (`idlocalidades`, `nombre_localidad`, `ambito`, `municipio_idmunicipio`)",VALUES (,"99,""San Rafael de los Milagros"",""R"",24",);
100,San Rafael de los Yeguales,R,24,,"INSERT INTO `mydb`.`localidades` (`idlocalidades`, `nombre_localidad`, `ambito`, `municipio_idmunicipio`)",VALUES (,"100,""San Rafael de los Yeguales"",""R"",24",);
101,Santa Inés,R,24,,"INSERT INTO `mydb`.`localidades` (`idlocalidades`, `nombre_localidad`, `ambito`, `municipio_idmunicipio`)",VALUES (,"101,""Santa Inés"",""R"",24",);
102,Santa Isabel y Santa Rita,R,24,,"INSERT INTO `mydb`.`localidades` (`idlocalidades`, `nombre_localidad`, `ambito`, `municipio_idmunicipio`)",VALUES (,"102,""Santa Isabel y Santa Rita"",""R"",24",);
103,Santa María (Santa María Número Tres),R,24,,"INSERT INTO `mydb`.`localidades` (`idlocalidades`, `nombre_localidad`, `ambito`, `municipio_idmunicipio`)",VALUES (,"103,""Santa María (Santa María Número Tres)"",""R"",24",);
106,Seguín,R,24,,"INSERT INTO `mydb`.`localidades` (`idlocalidades`, `nombre_localidad`, `ambito`, `municipio_idmunicipio`)",VALUES (,"106,""Seguín"",""R"",24",);
108,Seis de Enero,R,24,,"INSERT INTO `mydb`.`localidades` (`idlocalidades`, `nombre_localidad`, `ambito`, `municipio_idmunicipio`)",VALUES (,"108,""Seis de Enero"",""R"",24",);
109,El Siete de Enero (El Mezquite),R,24,,"INSERT INTO `mydb`.`localidades` (`idlocalidades`, `nombre_localidad`, `ambito`, `municipio_idmunicipio`)",VALUES (,"109,""El Siete de Enero (El Mezquite)"",""R"",24",);
111,El Sol,R,24,,"INSERT INTO `mydb`.`localidades` (`idlocalidades`, `nombre_localidad`, `ambito`, `municipio_idmunicipio`)",VALUES (,"111,""El Sol"",""R"",24",);
112,Sombreretillo,R,24,,"INSERT INTO `mydb`.`localidades` (`idlocalidades`, `nombre_localidad`, `ambito`, `municipio_idmunicipio`)",VALUES (,"112,""Sombreretillo"",""R"",24",);
113,Talía,R,24,,"INSERT INTO `mydb`.`localidades` (`idlocalidades`, `nombre_localidad`, `ambito`, `municipio_idmunicipio`)",VALUES (,"113,""Talía"",""R"",24",);
115,Tanque Nuevo,R,24,,"INSERT INTO `mydb`.`localidades` (`idlocalidades`, `nombre_localidad`, `ambito`, `municipio_idmunicipio`)",VALUES (,"115,""Tanque Nuevo"",""R"",24",);
116,Tizoc,R,24,,"INSERT INTO `mydb`.`localidades` (`idlocalidades`, `nombre_localidad`, `ambito`, `municipio_idmunicipio`)",VALUES (,"116,""Tizoc"",""R"",24",);
117,Trincheras,R,24,,"INSERT INTO `mydb`.`localidades` (`idlocalidades`, `nombre_localidad`, `ambito`, `municipio_idmunicipio`)",VALUES (,"117,""Trincheras"",""R"",24",);
119,Veinte de Noviembre (Veinte de Noviembre Viejo),R,24,,"INSERT INTO `mydb`.`localidades` (`idlocalidades`, `nombre_localidad`, `ambito`, `municipio_idmunicipio`)",VALUES (,"119,""Veinte de Noviembre (Veinte de Noviembre Viejo)"",""R"",24",);
120,Veintiocho de Agosto,R,24,,"INSERT INTO `mydb`.`localidades` (`idlocalidades`, `nombre_localidad`, `ambito`, `municipio_idmunicipio`)",VALUES (,"120,""Veintiocho de Agosto"",""R"",24",);
122,La Virgen,R,24,,"INSERT INTO `mydb`.`localidades` (`idlocalidades`, `nombre_localidad`, `ambito`, `municipio_idmunicipio`)",VALUES (,"122,""La Virgen"",""R"",24",);
125,El Ángel,R,24,,"INSERT INTO `mydb`.`localidades` (`idlocalidades`, `nombre_localidad`, `ambito`, `municipio_idmunicipio`)",VALUES (,"125,""El Ángel"",""R"",24",);
127,Los Ángeles,R,24,,"INSERT INTO `mydb`.`localidades` (`idlocalidades`, `nombre_localidad`, `ambito`, `municipio_idmunicipio`)",VALUES (,"127,""Los Ángeles"",""R"",24",);
129,La Casita de la Cuesta,R,24,,"INSERT INTO `mydb`.`localidades` (`idlocalidades`, `nombre_localidad`, `ambito`, `municipio_idmunicipio`)",VALUES (,"129,""La Casita de la Cuesta"",""R"",24",);
130,El Catorce,R,24,,"INSERT INTO `mydb`.`localidades` (`idlocalidades`, `nombre_localidad`, `ambito`, `municipio_idmunicipio`)",VALUES (,"130,""El Catorce"",""R"",24",);
133,El Corralero,R,24,,"INSERT INTO `mydb`.`localidades` (`idlocalidades`, `nombre_localidad`, `ambito`, `municipio_idmunicipio`)",VALUES (,"133,""El Corralero"",""R"",24",);
134,La Cueva Ahumada,R,24,,"INSERT INTO `mydb`.`localidades` (`idlocalidades`, `nombre_localidad`, `ambito`, `municipio_idmunicipio`)",VALUES (,"134,""La Cueva Ahumada"",""R"",24",);
138,La Encantada,R,24,,"INSERT INTO `mydb`.`localidades` (`idlocalidades`, `nombre_localidad`, `ambito`, `municipio_idmunicipio`)",VALUES (,"138,""La Encantada"",""R"",24",);
139,Encinillas,R,24,,"INSERT INTO `mydb`.`localidades` (`idlocalidades`, `nombre_localidad`, `ambito`, `municipio_idmunicipio`)",VALUES (,"139,""Encinillas"",""R"",24",);
143,Héroes de la Revolución,R,24,,"INSERT INTO `mydb`.`localidades` (`idlocalidades`, `nombre_localidad`, `ambito`, `municipio_idmunicipio`)",VALUES (,"143,""Héroes de la Revolución"",""R"",24",);
146,Lagunilla,R,24,,"INSERT INTO `mydb`.`localidades` (`idlocalidades`, `nombre_localidad`, `ambito`, `municipio_idmunicipio`)",VALUES (,"146,""Lagunilla"",""R"",24",);
147,Las Liebres,R,24,,"INSERT INTO `mydb`.`localidades` (`idlocalidades`, `nombre_localidad`, `ambito`, `municipio_idmunicipio`)",VALUES (,"147,""Las Liebres"",""R"",24",);
152,El Milagro (San Francisco),R,24,,"INSERT INTO `mydb`.`localidades` (`idlocalidades`, `nombre_localidad`, `ambito`, `municipio_idmunicipio`)",VALUES (,"152,""El Milagro (San Francisco)"",""R"",24",);
154,Navidad,R,24,,"INSERT INTO `mydb`.`localidades` (`idlocalidades`, `nombre_localidad`, `ambito`, `municipio_idmunicipio`)",VALUES (,"154,""Navidad"",""R"",24",);
155,Los Tajos,R,24,,"INSERT INTO `mydb`.`localidades` (`idlocalidades`, `nombre_localidad`, `ambito`, `municipio_idmunicipio`)",VALUES (,"155,""Los Tajos"",""R"",24",);
159,La Pila (La Encantada),R,24,,"INSERT INTO `mydb`.`localidades` (`idlocalidades`, `nombre_localidad`, `ambito`, `municipio_idmunicipio`)",VALUES (,"159,""La Pila (La Encantada)"",""R"",24",);
161,Providencia (Maravillas Uno),R,24,,"INSERT INTO `mydb`.`localidades` (`idlocalidades`, `nombre_localidad`, `ambito`, `municipio_idmunicipio`)",VALUES (,"161,""Providencia (Maravillas Uno)"",""R"",24",);
165,El Retiro,R,24,,"INSERT INTO `mydb`.`localidades` (`idlocalidades`, `nombre_localidad`, `ambito`, `municipio_idmunicipio`)",VALUES (,"165,""El Retiro"",""R"",24",);
168,El Romeral,R,24,,"INSERT INTO `mydb`.`localidades` (`idlocalidades`, `nombre_localidad`, `ambito`, `municipio_idmunicipio`)",VALUES (,"168,""El Romeral"",""R"",24",);
169,El Sacramento (Sacramento de la Jarosa),R,24,,"INSERT INTO `mydb`.`localidades` (`idlocalidades`, `nombre_localidad`, `ambito`, `municipio_idmunicipio`)",VALUES (,"169,""El Sacramento (Sacramento de la Jarosa)"",""R"",24",);
170,La Salada,R,24,,"INSERT INTO `mydb`.`localidades` (`idlocalidades`, `nombre_localidad`, `ambito`, `municipio_idmunicipio`)",VALUES (,"170,""La Salada"",""R"",24",);
172,San Benito (San Roberto),R,24,,"INSERT INTO `mydb`.`localidades` (`idlocalidades`, `nombre_localidad`, `ambito`, `municipio_idmunicipio`)",VALUES (,"172,""San Benito (San Roberto)"",""R"",24",);
173,Ciénega del Carmen,R,24,,"INSERT INTO `mydb`.`localidades` (`idlocalidades`, `nombre_localidad`, `ambito`, `municipio_idmunicipio`)",VALUES (,"173,""Ciénega del Carmen"",""R"",24",);
174,San Ignacio,R,24,,"INSERT INTO `mydb`.`localidades` (`idlocalidades`, `nombre_localidad`, `ambito`, `municipio_idmunicipio`)",VALUES (,"174,""San Ignacio"",""R"",24",);
175,El Oasis,R,24,,"INSERT INTO `mydb`.`localidades` (`idlocalidades`, `nombre_localidad`, `ambito`, `municipio_idmunicipio`)",VALUES (,"175,""El Oasis"",""R"",24",);
176,San Lorenzo,R,24,,"INSERT INTO `mydb`.`localidades` (`idlocalidades`, `nombre_localidad`, `ambito`, `municipio_idmunicipio`)",VALUES (,"176,""San Lorenzo"",""R"",24",);
177,Santa Paulina,R,24,,"INSERT INTO `mydb`.`localidades` (`idlocalidades`, `nombre_localidad`, `ambito`, `municipio_idmunicipio`)",VALUES (,"177,""Santa Paulina"",""R"",24",);
179,Pomona II (San Miguel),R,24,,"INSERT INTO `mydb`.`localidades` (`idlocalidades`, `nombre_localidad`, `ambito`, `municipio_idmunicipio`)",VALUES (,"179,""Pomona II (San Miguel)"",""R"",24",);
180,San Rafael de los Taráis,R,24,,"INSERT INTO `mydb`.`localidades` (`idlocalidades`, `nombre_localidad`, `ambito`, `municipio_idmunicipio`)",VALUES (,"180,""San Rafael de los Taráis"",""R"",24",);
181,Santa Edwviges (Los González),R,24,,"INSERT INTO `mydb`.`localidades` (`idlocalidades`, `nombre_localidad`, `ambito`, `municipio_idmunicipio`)",VALUES (,"181,""Santa Edwviges (Los González)"",""R"",24",);
182,Santa María del Carmen,R,24,,"INSERT INTO `mydb`.`localidades` (`idlocalidades`, `nombre_localidad`, `ambito`, `municipio_idmunicipio`)",VALUES (,"182,""Santa María del Carmen"",""R"",24",);
183,Santa Rosa (La Paila),R,24,,"INSERT INTO `mydb`.`localidades` (`idlocalidades`, `nombre_localidad`, `ambito`, `municipio_idmunicipio`)",VALUES (,"183,""Santa Rosa (La Paila)"",""R"",24",);
190,El Toboso,R,24,,"INSERT INTO `mydb`.`localidades` (`idlocalidades`, `nombre_localidad`, `ambito`, `municipio_idmunicipio`)",VALUES (,"190,""El Toboso"",""R"",24",);
196,El Venado,R,24,,"INSERT INTO `mydb`.`localidades` (`idlocalidades`, `nombre_localidad`, `ambito`, `municipio_idmunicipio`)",VALUES (,"196,""El Venado"",""R"",24",);
199,El Zorrillo,R,24,,"INSERT INTO `mydb`.`localidades` (`idlocalidades`, `nombre_localidad`, `ambito`, `municipio_idmunicipio`)",VALUES (,"199,""El Zorrillo"",""R"",24",);
203,Sabanilla Dos (Sabanilla del Tapón),R,24,,"INSERT INTO `mydb`.`localidades` (`idlocalidades`, `nombre_localidad`, `ambito`, `municipio_idmunicipio`)",VALUES (,"203,""Sabanilla Dos (Sabanilla del Tapón)"",""R"",24",);
205,El Saucillo,R,24,,"INSERT INTO `mydb`.`localidades` (`idlocalidades`, `nombre_localidad`, `ambito`, `municipio_idmunicipio`)",VALUES (,"205,""El Saucillo"",""R"",24",);
206,El Molino,R,24,,"INSERT INTO `mydb`.`localidades` (`idlocalidades`, `nombre_localidad`, `ambito`, `municipio_idmunicipio`)",VALUES (,"206,""El Molino"",""R"",24",);
208,San Vicente (Doña Pila),R,24,,"INSERT INTO `mydb`.`localidades` (`idlocalidades`, `nombre_localidad`, `ambito`, `municipio_idmunicipio`)",VALUES (,"208,""San Vicente (Doña Pila)"",""R"",24",);
209,El Nogal,R,24,,"INSERT INTO `mydb`.`localidades` (`idlocalidades`, `nombre_localidad`, `ambito`, `municipio_idmunicipio`)",VALUES (,"209,""El Nogal"",""R"",24",);
212,Santa María de las Esperanzas,R,24,,"INSERT INTO `mydb`.`localidades` (`idlocalidades`, `nombre_localidad`, `ambito`, `municipio_idmunicipio`)",VALUES (,"212,""Santa María de las Esperanzas"",""R"",24",);
214,Palo Verde,R,24,,"INSERT INTO `mydb`.`localidades` (`idlocalidades`, `nombre_localidad`, `ambito`, `municipio_idmunicipio`)",VALUES (,"214,""Palo Verde"",""R"",24",);
217,El Corral de Elvira,R,24,,"INSERT INTO `mydb`.`localidades` (`idlocalidades`, `nombre_localidad`, `ambito`, `municipio_idmunicipio`)",VALUES (,"217,""El Corral de Elvira"",""R"",24",);
220,Tanque de Manchuria,R,24,,"INSERT INTO `mydb`.`localidades` (`idlocalidades`, `nombre_localidad`, `ambito`, `municipio_idmunicipio`)",VALUES (,"220,""Tanque de Manchuria"",""R"",24",);
223,General Cruz Maltos,R,24,,"INSERT INTO `mydb`.`localidades` (`idlocalidades`, `nombre_localidad`, `ambito`, `municipio_idmunicipio`)",VALUES (,"223,""General Cruz Maltos"",""R"",24",);
225,La Vega,R,24,,"INSERT INTO `mydb`.`localidades` (`idlocalidades`, `nombre_localidad`, `ambito`, `municipio_idmunicipio`)",VALUES (,"225,""La Vega"",""R"",24",);
227,El Alazán,R,24,,"INSERT INTO `mydb`.`localidades` (`idlocalidades`, `nombre_localidad`, `ambito`, `municipio_idmunicipio`)",VALUES (,"227,""El Alazán"",""R"",24",);
230,El Barreal,R,24,,"INSERT INTO `mydb`.`localidades` (`idlocalidades`, `nombre_localidad`, `ambito`, `municipio_idmunicipio`)",VALUES (,"230,""El Barreal"",""R"",24",);
238,El Gran Chaparral,R,24,,"INSERT INTO `mydb`.`localidades` (`idlocalidades`, `nombre_localidad`, `ambito`, `municipio_idmunicipio`)",VALUES (,"238,""El Gran Chaparral"",""R"",24",);
243,Las Esperanzas,R,24,,"INSERT INTO `mydb`.`localidades` (`idlocalidades`, `nombre_localidad`, `ambito`, `municipio_idmunicipio`)",VALUES (,"243,""Las Esperanzas"",""R"",24",);
247,Las Garzas,R,24,,"INSERT INTO `mydb`.`localidades` (`idlocalidades`, `nombre_localidad`, `ambito`, `municipio_idmunicipio`)",VALUES (,"247,""Las Garzas"",""R"",24",);
248,Las Gordas (Las Conchas),R,24,,"INSERT INTO `mydb`.`localidades` (`idlocalidades`, `nombre_localidad`, `ambito`, `municipio_idmunicipio`)",VALUES (,"248,""Las Gordas (Las Conchas)"",""R"",24",);
249,Pequeña Coss,R,24,,"INSERT INTO `mydb`.`localidades` (`idlocalidades`, `nombre_localidad`, `ambito`, `municipio_idmunicipio`)",VALUES (,"249,""Pequeña Coss"",""R"",24",);
255,Palos Altos,R,24,,"INSERT INTO `mydb`.`localidades` (`idlocalidades`, `nombre_localidad`, `ambito`, `municipio_idmunicipio`)",VALUES (,"255,""Palos Altos"",""R"",24",);
256,Parras el Alto (La Hacienda),R,24,,"INSERT INTO `mydb`.`localidades` (`idlocalidades`, `nombre_localidad`, `ambito`, `municipio_idmunicipio`)",VALUES (,"256,""Parras el Alto (La Hacienda)"",""R"",24",);
264,San Francisco (Las Conchas),R,24,,"INSERT INTO `mydb`.`localidades` (`idlocalidades`, `nombre_localidad`, `ambito`, `municipio_idmunicipio`)",VALUES (,"264,""San Francisco (Las Conchas)"",""R"",24",);
267,El Triunfo (Shangay),R,24,,"INSERT INTO `mydb`.`localidades` (`idlocalidades`, `nombre_localidad`, `ambito`, `municipio_idmunicipio`)",VALUES (,"267,""El Triunfo (Shangay)"",""R"",24",);
268,La Soledad,R,24,,"INSERT INTO `mydb`.`localidades` (`idlocalidades`, `nombre_localidad`, `ambito`, `municipio_idmunicipio`)",VALUES (,"268,""La Soledad"",""R"",24",);
273,El Vado,R,24,,"INSERT INTO `mydb`.`localidades` (`idlocalidades`, `nombre_localidad`, `ambito`, `municipio_idmunicipio`)",VALUES (,"273,""El Vado"",""R"",24",);
274,La Herradura,R,24,,"INSERT INTO `mydb`.`localidades` (`idlocalidades`, `nombre_localidad`, `ambito`, `municipio_idmunicipio`)",VALUES (,"274,""La Herradura"",""R"",24",);
275,Santa Isabel y Santa Rita Dos,R,24,,"INSERT INTO `mydb`.`localidades` (`idlocalidades`, `nombre_localidad`, `ambito`, `municipio_idmunicipio`)",VALUES (,"275,""Santa Isabel y Santa Rita Dos"",""R"",24",);
276,Los Arrepentidos,R,24,,"INSERT INTO `mydb`.`localidades` (`idlocalidades`, `nombre_localidad`, `ambito`, `municipio_idmunicipio`)",VALUES (,"276,""Los Arrepentidos"",""R"",24",);
278,Santa Librada,R,24,,"INSERT INTO `mydb`.`localidades` (`idlocalidades`, `nombre_localidad`, `ambito`, `municipio_idmunicipio`)",VALUES (,"278,""Santa Librada"",""R"",24",);
279,El No que No,R,24,,"INSERT INTO `mydb`.`localidades` (`idlocalidades`, `nombre_localidad`, `ambito`, `municipio_idmunicipio`)",VALUES (,"279,""El No que No"",""R"",24",);
280,La Trinidad (El Valle),R,24,,"INSERT INTO `mydb`.`localidades` (`idlocalidades`, `nombre_localidad`, `ambito`, `municipio_idmunicipio`)",VALUES (,"280,""La Trinidad (El Valle)"",""R"",24",);
282,Los Castro,R,24,,"INSERT INTO `mydb`.`localidades` (`idlocalidades`, `nombre_localidad`, `ambito`, `municipio_idmunicipio`)",VALUES (,"282,""Los Castro"",""R"",24",);
284,Los Pirineos,R,24,,"INSERT INTO `mydb`.`localidades` (`idlocalidades`, `nombre_localidad`, `ambito`, `municipio_idmunicipio`)",VALUES (,"284,""Los Pirineos"",""R"",24",);
289,Los Refugios,R,24,,"INSERT INTO `mydb`.`localidades` (`idlocalidades`, `nombre_localidad`, `ambito`, `municipio_idmunicipio`)",VALUES (,"289,""Los Refugios"",""R"",24",);
299,El Cuervo,R,24,,"INSERT INTO `mydb`.`localidades` (`idlocalidades`, `nombre_localidad`, `ambito`, `municipio_idmunicipio`)",VALUES (,"299,""El Cuervo"",""R"",24",);
300,La Pepeñita,R,24,,"INSERT INTO `mydb`.`localidades` (`idlocalidades`, `nombre_localidad`, `ambito`, `municipio_idmunicipio`)",VALUES (,"300,""La Pepeñita"",""R"",24",);
303,Quinta Palmira,R,24,,"INSERT INTO `mydb`.`localidades` (`idlocalidades`, `nombre_localidad`, `ambito`, `municipio_idmunicipio`)",VALUES (,"303,""Quinta Palmira"",""R"",24",);
305,Loma Bonita (Felipe Reyna),R,24,,"INSERT INTO `mydb`.`localidades` (`idlocalidades`, `nombre_localidad`, `ambito`, `municipio_idmunicipio`)",VALUES (,"305,""Loma Bonita (Felipe Reyna)"",""R"",24",);
306,Sombreretillo,R,24,,"INSERT INTO `mydb`.`localidades` (`idlocalidades`, `nombre_localidad`, `ambito`, `municipio_idmunicipio`)",VALUES (,"306,""Sombreretillo"",""R"",24",);
307,Loma Bonita,R,24,,"INSERT INTO `mydb`.`localidades` (`idlocalidades`, `nombre_localidad`, `ambito`, `municipio_idmunicipio`)",VALUES (,"307,""Loma Bonita"",""R"",24",);
308,La Majada de la Ternera,R,24,,"INSERT INTO `mydb`.`localidades` (`idlocalidades`, `nombre_localidad`, `ambito`, `municipio_idmunicipio`)",VALUES (,"308,""La Majada de la Ternera"",""R"",24",);
309,Cerros Güeros,R,24,,"INSERT INTO `mydb`.`localidades` (`idlocalidades`, `nombre_localidad`, `ambito`, `municipio_idmunicipio`)",VALUES (,"309,""Cerros Güeros"",""R"",24",);
310,La Majada de Margarito,R,24,,"INSERT INTO `mydb`.`localidades` (`idlocalidades`, `nombre_localidad`, `ambito`, `municipio_idmunicipio`)",VALUES (,"310,""La Majada de Margarito"",""R"",24",);
311,Los Desmontes,R,24,,"INSERT INTO `mydb`.`localidades` (`idlocalidades`, `nombre_localidad`, `ambito`, `municipio_idmunicipio`)",VALUES (,"311,""Los Desmontes"",""R"",24",);
312,Las Playas,R,24,,"INSERT INTO `mydb`.`localidades` (`idlocalidades`, `nombre_localidad`, `ambito`, `municipio_idmunicipio`)",VALUES (,"312,""Las Playas"",""R"",24",);
313,Desmonte el Venado,R,24,,"INSERT INTO `mydb`.`localidades` (`idlocalidades`, `nombre_localidad`, `ambito`, `municipio_idmunicipio`)",VALUES (,"313,""Desmonte el Venado"",""R"",24",);
314,Valle de la Gracia (Juan Berlanga),R,24,,"INSERT INTO `mydb`.`localidades` (`idlocalidades`, `nombre_localidad`, `ambito`, `municipio_idmunicipio`)",VALUES (,"314,""Valle de la Gracia (Juan Berlanga)"",""R"",24",);
315,Vicente García,R,24,,"INSERT INTO `mydb`.`localidades` (`idlocalidades`, `nombre_localidad`, `ambito`, `municipio_idmunicipio`)",VALUES (,"315,""Vicente García"",""R"",24",);
316,La Barranca,R,24,,"INSERT INTO `mydb`.`localidades` (`idlocalidades`, `nombre_localidad`, `ambito`, `municipio_idmunicipio`)",VALUES (,"316,""La Barranca"",""R"",24",);
317,Las Parcelas,R,24,,"INSERT INTO `mydb`.`localidades` (`idlocalidades`, `nombre_localidad`, `ambito`, `municipio_idmunicipio`)",VALUES (,"317,""Las Parcelas"",""R"",24",);
319,La Difunta,R,24,,"INSERT INTO `mydb`.`localidades` (`idlocalidades`, `nombre_localidad`, `ambito`, `municipio_idmunicipio`)",VALUES (,"319,""La Difunta"",""R"",24",);
320,La Panocha,R,24,,"INSERT INTO `mydb`.`localidades` (`idlocalidades`, `nombre_localidad`, `ambito`, `municipio_idmunicipio`)",VALUES (,"320,""La Panocha"",""R"",24",);
321,Piloncillos,R,24,,"INSERT INTO `mydb`.`localidades` (`idlocalidades`, `nombre_localidad`, `ambito`, `municipio_idmunicipio`)",VALUES (,"321,""Piloncillos"",""R"",24",);
323,Ascensión Ramírez,R,24,,"INSERT INTO `mydb`.`localidades` (`idlocalidades`, `nombre_localidad`, `ambito`, `municipio_idmunicipio`)",VALUES (,"323,""Ascensión Ramírez"",""R"",24",);
325,San Antonio,R,24,,"INSERT INTO `mydb`.`localidades` (`idlocalidades`, `nombre_localidad`, `ambito`, `municipio_idmunicipio`)",VALUES (,"325,""San Antonio"",""R"",24",);
326,El Tunal,R,24,,"INSERT INTO `mydb`.`localidades` (`idlocalidades`, `nombre_localidad`, `ambito`, `municipio_idmunicipio`)",VALUES (,"326,""El Tunal"",""R"",24",);
327,Pedro Delgado Muñoz,R,24,,"INSERT INTO `mydb`.`localidades` (`idlocalidades`, `nombre_localidad`, `ambito`, `municipio_idmunicipio`)",VALUES (,"327,""Pedro Delgado Muñoz"",""R"",24",);
328,El Potrero,R,24,,"INSERT INTO `mydb`.`localidades` (`idlocalidades`, `nombre_localidad`, `ambito`, `municipio_idmunicipio`)",VALUES (,"328,""El Potrero"",""R"",24",);
329,La Norita,R,24,,"INSERT INTO `mydb`.`localidades` (`idlocalidades`, `nombre_localidad`, `ambito`, `municipio_idmunicipio`)",VALUES (,"329,""La Norita"",""R"",24",);
330,Los Gatica,R,24,,"INSERT INTO `mydb`.`localidades` (`idlocalidades`, `nombre_localidad`, `ambito`, `municipio_idmunicipio`)",VALUES (,"330,""Los Gatica"",""R"",24",);
332,Casa Blanca,R,24,,"INSERT INTO `mydb`.`localidades` (`idlocalidades`, `nombre_localidad`, `ambito`, `municipio_idmunicipio`)",VALUES (,"332,""Casa Blanca"",""R"",24",);
335,La Carrera,R,24,,"INSERT INTO `mydb`.`localidades` (`idlocalidades`, `nombre_localidad`, `ambito`, `municipio_idmunicipio`)",VALUES (,"335,""La Carrera"",""R"",24",);
336,El Porvenir,R,24,,"INSERT INTO `mydb`.`localidades` (`idlocalidades`, `nombre_localidad`, `ambito`, `municipio_idmunicipio`)",VALUES (,"336,""El Porvenir"",""R"",24",);
337,Ninguno [Operadora de Recursos Administrativos del Norte],R,24,,"INSERT INTO `mydb`.`localidades` (`idlocalidades`, `nombre_localidad`, `ambito`, `municipio_idmunicipio`)",VALUES (,"337,""Ninguno [Operadora de Recursos Administrativos del Norte]"",""R"",24",);
338,Ojuelos,R,24,,"INSERT INTO `mydb`.`localidades` (`idlocalidades`, `nombre_localidad`, `ambito`, `municipio_idmunicipio`)",VALUES (,"338,""Ojuelos"",""R"",24",);
341,La Huerta,R,24,,"INSERT INTO `mydb`.`localidades` (`idlocalidades`, `nombre_localidad`, `ambito`, `municipio_idmunicipio`)",VALUES (,"341,""La Huerta"",""R"",24",);
342,Cerro Alto del Jazminal,R,24,,"INSERT INTO `mydb`.`localidades` (`idlocalidades`, `nombre_localidad`, `ambito`, `municipio_idmunicipio`)",VALUES (,"342,""Cerro Alto del Jazminal"",""R"",24",);
344,San Antonio,R,24,,"INSERT INTO `mydb`.`localidades` (`idlocalidades`, `nombre_localidad`, `ambito`, `municipio_idmunicipio`)",VALUES (,"344,""San Antonio"",""R"",24",);
345,Sofía,R,24,,"INSERT INTO `mydb`.`localidades` (`idlocalidades`, `nombre_localidad`, `ambito`, `municipio_idmunicipio`)",VALUES (,"345,""Sofía"",""R"",24",);
346,El Corazón,R,24,,"INSERT INTO `mydb`.`localidades` (`idlocalidades`, `nombre_localidad`, `ambito`, `municipio_idmunicipio`)",VALUES (,"346,""El Corazón"",""R"",24",);
347,La Majada,R,24,,"INSERT INTO `mydb`.`localidades` (`idlocalidades`, `nombre_localidad`, `ambito`, `municipio_idmunicipio`)",VALUES (,"347,""La Majada"",""R"",24",);
348,La Lima,R,24,,"INSERT INTO `mydb`.`localidades` (`idlocalidades`, `nombre_localidad`, `ambito`, `municipio_idmunicipio`)",VALUES (,"348,""La Lima"",""R"",24",);
350,El Barbecho Grande,R,24,,"INSERT INTO `mydb`.`localidades` (`idlocalidades`, `nombre_localidad`, `ambito`, `municipio_idmunicipio`)",VALUES (,"350,""El Barbecho Grande"",""R"",24",);
351,San Antonio de los Ramos,R,24,,"INSERT INTO `mydb`.`localidades` (`idlocalidades`, `nombre_localidad`, `ambito`, `municipio_idmunicipio`)",VALUES (,"351,""San Antonio de los Ramos"",""R"",24",);
354,El Pozo,R,24,,"INSERT INTO `mydb`.`localidades` (`idlocalidades`, `nombre_localidad`, `ambito`, `municipio_idmunicipio`)",VALUES (,"354,""El Pozo"",""R"",24",);
355,La Herradura (La Victoria),R,24,,"INSERT INTO `mydb`.`localidades` (`idlocalidades`, `nombre_localidad`, `ambito`, `municipio_idmunicipio`)",VALUES (,"355,""La Herradura (La Victoria)"",""R"",24",);
358,Las Norias de San Rafael,R,24,,"INSERT INTO `mydb`.`localidades` (`idlocalidades`, `nombre_localidad`, `ambito`, `municipio_idmunicipio`)",VALUES (,"358,""Las Norias de San Rafael"",""R"",24",);
363,La Vaquilla (Prudencio Cerda),R,24,,"INSERT INTO `mydb`.`localidades` (`idlocalidades`, `nombre_localidad`, `ambito`, `municipio_idmunicipio`)",VALUES (,"363,""La Vaquilla (Prudencio Cerda)"",""R"",24",);
364,Fidel Cázares,R,24,,"INSERT INTO `mydb`.`localidades` (`idlocalidades`, `nombre_localidad`, `ambito`, `municipio_idmunicipio`)",VALUES (,"364,""Fidel Cázares"",""R"",24",);
365,Manuel Guerrero,R,24,,"INSERT INTO `mydb`.`localidades` (`idlocalidades`, `nombre_localidad`, `ambito`, `municipio_idmunicipio`)",VALUES (,"365,""Manuel Guerrero"",""R"",24",);
367,San Esaú (Isaac Gallardo),R,24,,"INSERT INTO `mydb`.`localidades` (`idlocalidades`, `nombre_localidad`, `ambito`, `municipio_idmunicipio`)",VALUES (,"367,""San Esaú (Isaac Gallardo)"",""R"",24",);
370,La Tintorera,R,24,,"INSERT INTO `mydb`.`localidades` (`idlocalidades`, `nombre_localidad`, `ambito`, `municipio_idmunicipio`)",VALUES (,"370,""La Tintorera"",""R"",24",);
371,José Mata,R,24,,"INSERT INTO `mydb`.`localidades` (`idlocalidades`, `nombre_localidad`, `ambito`, `municipio_idmunicipio`)",VALUES (,"371,""José Mata"",""R"",24",);
372,Dos Águilas,R,24,,"INSERT INTO `mydb`.`localidades` (`idlocalidades`, `nombre_localidad`, `ambito`, `municipio_idmunicipio`)",VALUES (,"372,""Dos Águilas"",""R"",24",);
373,El Manar,R,24,,"INSERT INTO `mydb`.`localidades` (`idlocalidades`, `nombre_localidad`, `ambito`, `municipio_idmunicipio`)",VALUES (,"373,""El Manar"",""R"",24",);
374,El Romeral (Antonio Pérez Medina),R,24,,"INSERT INTO `mydb`.`localidades` (`idlocalidades`, `nombre_localidad`, `ambito`, `municipio_idmunicipio`)",VALUES (,"374,""El Romeral (Antonio Pérez Medina)"",""R"",24",);
375,Santa Irene (San Judas),R,24,,"INSERT INTO `mydb`.`localidades` (`idlocalidades`, `nombre_localidad`, `ambito`, `municipio_idmunicipio`)",VALUES (,"375,""Santa Irene (San Judas)"",""R"",24",);
376,San José de la Jaroza,R,24,,"INSERT INTO `mydb`.`localidades` (`idlocalidades`, `nombre_localidad`, `ambito`, `municipio_idmunicipio`)",VALUES (,"376,""San José de la Jaroza"",""R"",24",);
377,El General (La Jococa),R,24,,"INSERT INTO `mydb`.`localidades` (`idlocalidades`, `nombre_localidad`, `ambito`, `municipio_idmunicipio`)",VALUES (,"377,""El General (La Jococa)"",""R"",24",);
378,Juan Guardiola (Chile Verde),R,24,,"INSERT INTO `mydb`.`localidades` (`idlocalidades`, `nombre_localidad`, `ambito`, `municipio_idmunicipio`)",VALUES (,"378,""Juan Guardiola (Chile Verde)"",""R"",24",);
379,Javier Molina (Tanque Nuevo),R,24,,"INSERT INTO `mydb`.`localidades` (`idlocalidades`, `nombre_localidad`, `ambito`, `municipio_idmunicipio`)",VALUES (,"379,""Javier Molina (Tanque Nuevo)"",""R"",24",);
380,San Juan,R,24,,"INSERT INTO `mydb`.`localidades` (`idlocalidades`, `nombre_localidad`, `ambito`, `municipio_idmunicipio`)",VALUES (,"380,""San Juan"",""R"",24",);
382,Las Bombas (Cristóbal Chávez),R,24,,"INSERT INTO `mydb`.`localidades` (`idlocalidades`, `nombre_localidad`, `ambito`, `municipio_idmunicipio`)",VALUES (,"382,""Las Bombas (Cristóbal Chávez)"",""R"",24",);
384,Barrio Lomas de San Isidro,R,24,,"INSERT INTO `mydb`.`localidades` (`idlocalidades`, `nombre_localidad`, `ambito`, `municipio_idmunicipio`)",VALUES (,"384,""Barrio Lomas de San Isidro"",""R"",24",);
386,Loma Espinosa,R,24,,"INSERT INTO `mydb`.`localidades` (`idlocalidades`, `nombre_localidad`, `ambito`, `municipio_idmunicipio`)",VALUES (,"386,""Loma Espinosa"",""R"",24",);
387,El Delfín,R,24,,"INSERT INTO `mydb`.`localidades` (`idlocalidades`, `nombre_localidad`, `ambito`, `municipio_idmunicipio`)",VALUES (,"387,""El Delfín"",""R"",24",);
388,Francisco Fuantos,R,24,,"INSERT INTO `mydb`.`localidades` (`idlocalidades`, `nombre_localidad`, `ambito`, `municipio_idmunicipio`)",VALUES (,"388,""Francisco Fuantos"",""R"",24",);
389,Campirano,R,24,,"INSERT INTO `mydb`.`localidades` (`idlocalidades`, `nombre_localidad`, `ambito`, `municipio_idmunicipio`)",VALUES (,"389,""Campirano"",""R"",24",);
390,Silvino Morales,R,24,,"INSERT INTO `mydb`.`localidades` (`idlocalidades`, `nombre_localidad`, `ambito`, `municipio_idmunicipio`)",VALUES (,"390,""Silvino Morales"",""R"",24",);
391,Rosalío García García,R,24,,"INSERT INTO `mydb`.`localidades` (`idlocalidades`, `nombre_localidad`, `ambito`, `municipio_idmunicipio`)",VALUES (,"391,""Rosalío García García"",""R"",24",);
392,El Mitote,R,24,,"INSERT INTO `mydb`.`localidades` (`idlocalidades`, `nombre_localidad`, `ambito`, `municipio_idmunicipio`)",VALUES (,"392,""El Mitote"",""R"",24",);
394,Salvador Rodríguez López (Santa Fe),R,24,,"INSERT INTO `mydb`.`localidades` (`idlocalidades`, `nombre_localidad`, `ambito`, `municipio_idmunicipio`)",VALUES (,"394,""Salvador Rodríguez López (Santa Fe)"",""R"",24",);
395,Pozo 2 [Caseta Simas],R,24,,"INSERT INTO `mydb`.`localidades` (`idlocalidades`, `nombre_localidad`, `ambito`, `municipio_idmunicipio`)",VALUES (,"395,""Pozo 2 [Caseta Simas]"",""R"",24",);
396,Barrial del Ojo de Agua,R,24,,"INSERT INTO `mydb`.`localidades` (`idlocalidades`, `nombre_localidad`, `ambito`, `municipio_idmunicipio`)",VALUES (,"396,""Barrial del Ojo de Agua"",""R"",24",);
397,Fernando Orozco,R,24,,"INSERT INTO `mydb`.`localidades` (`idlocalidades`, `nombre_localidad`, `ambito`, `municipio_idmunicipio`)",VALUES (,"397,""Fernando Orozco"",""R"",24",);
398,Versalles (Faustino Mendoza),R,24,,"INSERT INTO `mydb`.`localidades` (`idlocalidades`, `nombre_localidad`, `ambito`, `municipio_idmunicipio`)",VALUES (,"398,""Versalles (Faustino Mendoza)"",""R"",24",);
399,Mauricio,R,24,,"INSERT INTO `mydb`.`localidades` (`idlocalidades`, `nombre_localidad`, `ambito`, `municipio_idmunicipio`)",VALUES (,"399,""Mauricio"",""R"",24",);
400,La Encantada,R,24,,"INSERT INTO `mydb`.`localidades` (`idlocalidades`, `nombre_localidad`, `ambito`, `municipio_idmunicipio`)",VALUES (,"400,""La Encantada"",""R"",24",);
401,El Tanque Rojo,R,24,,"INSERT INTO `mydb`.`localidades` (`idlocalidades`, `nombre_localidad`, `ambito`, `municipio_idmunicipio`)",VALUES (,"401,""El Tanque Rojo"",""R"",24",);
402,El Brinquito,R,24,,"INSERT INTO `mydb`.`localidades` (`idlocalidades`, `nombre_localidad`, `ambito`, `municipio_idmunicipio`)",VALUES (,"402,""El Brinquito"",""R"",24",);
406,Cuatro Hermanos (El Sol),R,24,,"INSERT INTO `mydb`.`localidades` (`idlocalidades`, `nombre_localidad`, `ambito`, `municipio_idmunicipio`)",VALUES (,"406,""Cuatro Hermanos (El Sol)"",""R"",24",);
407,El Jaguar,R,24,,"INSERT INTO `mydb`.`localidades` (`idlocalidades`, `nombre_localidad`, `ambito`, `municipio_idmunicipio`)",VALUES (,"407,""El Jaguar"",""R"",24",);
408,San Miguel el Alto,R,24,,"INSERT INTO `mydb`.`localidades` (`idlocalidades`, `nombre_localidad`, `ambito`, `municipio_idmunicipio`)",VALUES (,"408,""San Miguel el Alto"",""R"",24",);
411,La Paloma,R,24,,"INSERT INTO `mydb`.`localidades` (`idlocalidades`, `nombre_localidad`, `ambito`, `municipio_idmunicipio`)",VALUES (,"411,""La Paloma"",""R"",24",);
412,El Caprichito (Juan Ojeda),R,24,,"INSERT INTO `mydb`.`localidades` (`idlocalidades`, `nombre_localidad`, `ambito`, `municipio_idmunicipio`)",VALUES (,"412,""El Caprichito (Juan Ojeda)"",""R"",24",);
413,La Hacienda,R,24,,"INSERT INTO `mydb`.`localidades` (`idlocalidades`, `nombre_localidad`, `ambito`, `municipio_idmunicipio`)",VALUES (,"413,""La Hacienda"",""R"",24",);
415,Los Gavilanes,R,24,,"INSERT INTO `mydb`.`localidades` (`idlocalidades`, `nombre_localidad`, `ambito`, `municipio_idmunicipio`)",VALUES (,"415,""Los Gavilanes"",""R"",24",);
416,Los Rodríguez,R,24,,"INSERT INTO `mydb`.`localidades` (`idlocalidades`, `nombre_localidad`, `ambito`, `municipio_idmunicipio`)",VALUES (,"416,""Los Rodríguez"",""R"",24",);
417,Las Norias (Cristóbal González Alvarado),R,24,,"INSERT INTO `mydb`.`localidades` (`idlocalidades`, `nombre_localidad`, `ambito`, `municipio_idmunicipio`)",VALUES (,"417,""Las Norias (Cristóbal González Alvarado)"",""R"",24",);
418,El Kilo (La Cunetilla),R,24,,"INSERT INTO `mydb`.`localidades` (`idlocalidades`, `nombre_localidad`, `ambito`, `municipio_idmunicipio`)",VALUES (,"418,""El Kilo (La Cunetilla)"",""R"",24",);
419,El Jazminal,R,24,,"INSERT INTO `mydb`.`localidades` (`idlocalidades`, `nombre_localidad`, `ambito`, `municipio_idmunicipio`)",VALUES (,"419,""El Jazminal"",""R"",24",);
421,La Casita,R,24,,"INSERT INTO `mydb`.`localidades` (`idlocalidades`, `nombre_localidad`, `ambito`, `municipio_idmunicipio`)",VALUES (,"421,""La Casita"",""R"",24",);
422,La Noria,R,24,,"INSERT INTO `mydb`.`localidades` (`idlocalidades`, `nombre_localidad`, `ambito`, `municipio_idmunicipio`)",VALUES (,"422,""La Noria"",""R"",24",);
423,El Patolillo,R,24,,"INSERT INTO `mydb`.`localidades` (`idlocalidades`, `nombre_localidad`, `ambito`, `municipio_idmunicipio`)",VALUES (,"423,""El Patolillo"",""R"",24",);
424,Elsa,R,24,,"INSERT INTO `mydb`.`localidades` (`idlocalidades`, `nombre_localidad`, `ambito`, `municipio_idmunicipio`)",VALUES (,"424,""Elsa"",""R"",24",);
425,Santa María (Las Esperanzas),R,24,,"INSERT INTO `mydb`.`localidades` (`idlocalidades`, `nombre_localidad`, `ambito`, `municipio_idmunicipio`)",VALUES (,"425,""Santa María (Las Esperanzas)"",""R"",24",);
426,Valle de San José,R,24,,"INSERT INTO `mydb`.`localidades` (`idlocalidades`, `nombre_localidad`, `ambito`, `municipio_idmunicipio`)",VALUES (,"426,""Valle de San José"",""R"",24",);
427,El Cuarto de Don Benjamín,R,24,,"INSERT INTO `mydb`.`localidades` (`idlocalidades`, `nombre_localidad`, `ambito`, `municipio_idmunicipio`)",VALUES (,"427,""El Cuarto de Don Benjamín"",""R"",24",);
428,José Juan Rodríguez Moreno,R,24,,"INSERT INTO `mydb`.`localidades` (`idlocalidades`, `nombre_localidad`, `ambito`, `municipio_idmunicipio`)",VALUES (,"428,""José Juan Rodríguez Moreno"",""R"",24",);
433,Pichichoelas,R,24,,"INSERT INTO `mydb`.`localidades` (`idlocalidades`, `nombre_localidad`, `ambito`, `municipio_idmunicipio`)",VALUES (,"433,""Pichichoelas"",""R"",24",);
434,El Área,R,24,,"INSERT INTO `mydb`.`localidades` (`idlocalidades`, `nombre_localidad`, `ambito`, `municipio_idmunicipio`)",VALUES (,"434,""El Área"",""R"",24",);
435,San Alejo (La Paila),R,24,,"INSERT INTO `mydb`.`localidades` (`idlocalidades`, `nombre_localidad`, `ambito`, `municipio_idmunicipio`)",VALUES (,"435,""San Alejo (La Paila)"",""R"",24",);
437,San Luis,R,24,,"INSERT INTO `mydb`.`localidades` (`idlocalidades`, `nombre_localidad`, `ambito`, `municipio_idmunicipio`)",VALUES (,"437,""San Luis"",""R"",24",);
438,Tres de Marzo,R,24,,"INSERT INTO `mydb`.`localidades` (`idlocalidades`, `nombre_localidad`, `ambito`, `municipio_idmunicipio`)",VALUES (,"438,""Tres de Marzo"",""R"",24",);
439,Cuatro Caminos,R,24,,"INSERT INTO `mydb`.`localidades` (`idlocalidades`, `nombre_localidad`, `ambito`, `municipio_idmunicipio`)",VALUES (,"439,""Cuatro Caminos"",""R"",24",);
440,Rancho Ganadero Hans,R,24,,"INSERT INTO `mydb`.`localidades` (`idlocalidades`, `nombre_localidad`, `ambito`, `municipio_idmunicipio`)",VALUES (,"440,""Rancho Ganadero Hans"",""R"",24",);
441,El Porvenir,R,24,,"INSERT INTO `mydb`.`localidades` (`idlocalidades`, `nombre_localidad`, `ambito`, `municipio_idmunicipio`)",VALUES (,"441,""El Porvenir"",""R"",24",);
442,Rancho Grande,R,24,,"INSERT INTO `mydb`.`localidades` (`idlocalidades`, `nombre_localidad`, `ambito`, `municipio_idmunicipio`)",VALUES (,"442,""Rancho Grande"",""R"",24",);
443,San Patricio,R,24,,"INSERT INTO `mydb`.`localidades` (`idlocalidades`, `nombre_localidad`, `ambito`, `municipio_idmunicipio`)",VALUES (,"443,""San Patricio"",""R"",24",);
444,Santa Elena,R,24,,"INSERT INTO `mydb`.`localidades` (`idlocalidades`, `nombre_localidad`, `ambito`, `municipio_idmunicipio`)",VALUES (,"444,""Santa Elena"",""R"",24",);
445,El Tepehuaje,R,24,,"INSERT INTO `mydb`.`localidades` (`idlocalidades`, `nombre_localidad`, `ambito`, `municipio_idmunicipio`)",VALUES (,"445,""El Tepehuaje"",""R"",24",);
446,La Bodega,R,24,,"INSERT INTO `mydb`.`localidades` (`idlocalidades`, `nombre_localidad`, `ambito`, `municipio_idmunicipio`)",VALUES (,"446,""La Bodega"",""R"",24",);
447,La Granja [Sociedad Productora de Leche y Cabrito],R,24,,"INSERT INTO `mydb`.`localidades` (`idlocalidades`, `nombre_localidad`, `ambito`, `municipio_idmunicipio`)",VALUES (,"447,""La Granja [Sociedad Productora de Leche y Cabrito]"",""R"",24",);
448,El Pitayo,R,24,,"INSERT INTO `mydb`.`localidades` (`idlocalidades`, `nombre_localidad`, `ambito`, `municipio_idmunicipio`)",VALUES (,"448,""El Pitayo"",""R"",24",);
449,Rancho Ganadero Hans,R,24,,"INSERT INTO `mydb`.`localidades` (`idlocalidades`, `nombre_localidad`, `ambito`, `municipio_idmunicipio`)",VALUES (,"449,""Rancho Ganadero Hans"",""R"",24",);
451,San José,R,24,,"INSERT INTO `mydb`.`localidades` (`idlocalidades`, `nombre_localidad`, `ambito`, `municipio_idmunicipio`)",VALUES (,"451,""San José"",""R"",24",);
452,Nazario Luna,R,24,,"INSERT INTO `mydb`.`localidades` (`idlocalidades`, `nombre_localidad`, `ambito`, `municipio_idmunicipio`)",VALUES (,"452,""Nazario Luna"",""R"",24",);
453,Los Arenales,R,24,,"INSERT INTO `mydb`.`localidades` (`idlocalidades`, `nombre_localidad`, `ambito`, `municipio_idmunicipio`)",VALUES (,"453,""Los Arenales"",""R"",24",);
454,Barrio del Refugio,R,24,,"INSERT INTO `mydb`.`localidades` (`idlocalidades`, `nombre_localidad`, `ambito`, `municipio_idmunicipio`)",VALUES (,"454,""Barrio del Refugio"",""R"",24",);
455,El Carmen,R,24,,"INSERT INTO `mydb`.`localidades` (`idlocalidades`, `nombre_localidad`, `ambito`, `municipio_idmunicipio`)",VALUES (,"455,""El Carmen"",""R"",24",);
456,Las Cruces,R,24,,"INSERT INTO `mydb`.`localidades` (`idlocalidades`, `nombre_localidad`, `ambito`, `municipio_idmunicipio`)",VALUES (,"456,""Las Cruces"",""R"",24",);
457,Dos Hermanos,R,24,,"INSERT INTO `mydb`.`localidades` (`idlocalidades`, `nombre_localidad`, `ambito`, `municipio_idmunicipio`)",VALUES (,"457,""Dos Hermanos"",""R"",24",);
458,La Gloria Escondida,R,24,,"INSERT INTO `mydb`.`localidades` (`idlocalidades`, `nombre_localidad`, `ambito`, `municipio_idmunicipio`)",VALUES (,"458,""La Gloria Escondida"",""R"",24",);
459,La Joya,R,24,,"INSERT INTO `mydb`.`localidades` (`idlocalidades`, `nombre_localidad`, `ambito`, `municipio_idmunicipio`)",VALUES (,"459,""La Joya"",""R"",24",);
460,El Polvorín,R,24,,"INSERT INTO `mydb`.`localidades` (`idlocalidades`, `nombre_localidad`, `ambito`, `municipio_idmunicipio`)",VALUES (,"460,""El Polvorín"",""R"",24",);
461,El Saucito,R,24,,"INSERT INTO `mydb`.`localidades` (`idlocalidades`, `nombre_localidad`, `ambito`, `municipio_idmunicipio`)",VALUES (,"461,""El Saucito"",""R"",24",);
462,Buena Fe,R,24,,"INSERT INTO `mydb`.`localidades` (`idlocalidades`, `nombre_localidad`, `ambito`, `municipio_idmunicipio`)",VALUES (,"462,""Buena Fe"",""R"",24",);
463,Antonio González Ramos,R,24,,"INSERT INTO `mydb`.`localidades` (`idlocalidades`, `nombre_localidad`, `ambito`, `municipio_idmunicipio`)",VALUES (,"463,""Antonio González Ramos"",""R"",24",);
464,Tano Reina,R,24,,"INSERT INTO `mydb`.`localidades` (`idlocalidades`, `nombre_localidad`, `ambito`, `municipio_idmunicipio`)",VALUES (,"464,""Tano Reina"",""R"",24",);
465,Gustavo Arriaga,R,24,,"INSERT INTO `mydb`.`localidades` (`idlocalidades`, `nombre_localidad`, `ambito`, `municipio_idmunicipio`)",VALUES (,"465,""Gustavo Arriaga"",""R"",24",);
466,Humberto Luna,R,24,,"INSERT INTO `mydb`.`localidades` (`idlocalidades`, `nombre_localidad`, `ambito`, `municipio_idmunicipio`)",VALUES (,"466,""Humberto Luna"",""R"",24",);
467,El Álamo (Juan Alonso),R,24,,"INSERT INTO `mydb`.`localidades` (`idlocalidades`, `nombre_localidad`, `ambito`, `municipio_idmunicipio`)",VALUES (,"467,""El Álamo (Juan Alonso)"",""R"",24",);
468,El Álamo (Silvestre Contreras),R,24,,"INSERT INTO `mydb`.`localidades` (`idlocalidades`, `nombre_localidad`, `ambito`, `municipio_idmunicipio`)",VALUES (,"468,""El Álamo (Silvestre Contreras)"",""R"",24",);
469,La Cascajera (Lote 36 San Vicente),R,24,,"INSERT INTO `mydb`.`localidades` (`idlocalidades`, `nombre_localidad`, `ambito`, `municipio_idmunicipio`)",VALUES (,"469,""La Cascajera (Lote 36 San Vicente)"",""R"",24",);
470,El Cerro (El Mogote),R,24,,"INSERT INTO `mydb`.`localidades` (`idlocalidades`, `nombre_localidad`, `ambito`, `municipio_idmunicipio`)",VALUES (,"470,""El Cerro (El Mogote)"",""R"",24",);
471,Guerrero,R,24,,"INSERT INTO `mydb`.`localidades` (`idlocalidades`, `nombre_localidad`, `ambito`, `municipio_idmunicipio`)",VALUES (,"471,""Guerrero"",""R"",24",);
472,La Joya,R,24,,"INSERT INTO `mydb`.`localidades` (`idlocalidades`, `nombre_localidad`, `ambito`, `municipio_idmunicipio`)",VALUES (,"472,""La Joya"",""R"",24",);
474,Los Cuarteles,R,24,,"INSERT INTO `mydb`.`localidades` (`idlocalidades`, `nombre_localidad`, `ambito`, `municipio_idmunicipio`)",VALUES (,"474,""Los Cuarteles"",""R"",24",);
475,Ernesto Medrano Gutiérrez,R,24,,"INSERT INTO `mydb`.`localidades` (`idlocalidades`, `nombre_localidad`, `ambito`, `municipio_idmunicipio`)",VALUES (,"475,""Ernesto Medrano Gutiérrez"",""R"",24",);
477,Luis Macías,R,24,,"INSERT INTO `mydb`.`localidades` (`idlocalidades`, `nombre_localidad`, `ambito`, `municipio_idmunicipio`)",VALUES (,"477,""Luis Macías"",""R"",24",);
478,Mario Segura,R,24,,"INSERT INTO `mydb`.`localidades` (`idlocalidades`, `nombre_localidad`, `ambito`, `municipio_idmunicipio`)",VALUES (,"478,""Mario Segura"",""R"",24",);
479,José Viera Cerda,R,24,,"INSERT INTO `mydb`.`localidades` (`idlocalidades`, `nombre_localidad`, `ambito`, `municipio_idmunicipio`)",VALUES (,"479,""José Viera Cerda"",""R"",24",);
483,Patagalana,R,24,,"INSERT INTO `mydb`.`localidades` (`idlocalidades`, `nombre_localidad`, `ambito`, `municipio_idmunicipio`)",VALUES (,"483,""Patagalana"",""R"",24",);
484,Hermilo Villalobos,R,24,,"INSERT INTO `mydb`.`localidades` (`idlocalidades`, `nombre_localidad`, `ambito`, `municipio_idmunicipio`)",VALUES (,"484,""Hermilo Villalobos"",""R"",24",);
485,Rancho Ganadero Hans,R,24,,"INSERT INTO `mydb`.`localidades` (`idlocalidades`, `nombre_localidad`, `ambito`, `municipio_idmunicipio`)",VALUES (,"485,""Rancho Ganadero Hans"",""R"",24",);
486,La Cebada,R,24,,"INSERT INTO `mydb`.`localidades` (`idlocalidades`, `nombre_localidad`, `ambito`, `municipio_idmunicipio`)",VALUES (,"486,""La Cebada"",""R"",24",);
487,Cerritos Blancos,R,24,,"INSERT INTO `mydb`.`localidades` (`idlocalidades`, `nombre_localidad`, `ambito`, `municipio_idmunicipio`)",VALUES (,"487,""Cerritos Blancos"",""R"",24",);
488,El Diablo,R,24,,"INSERT INTO `mydb`.`localidades` (`idlocalidades`, `nombre_localidad`, `ambito`, `municipio_idmunicipio`)",VALUES (,"488,""El Diablo"",""R"",24",);
489,La Morita,R,24,,"INSERT INTO `mydb`.`localidades` (`idlocalidades`, `nombre_localidad`, `ambito`, `municipio_idmunicipio`)",VALUES (,"489,""La Morita"",""R"",24",);
490,La Boquilla,R,24,,"INSERT INTO `mydb`.`localidades` (`idlocalidades`, `nombre_localidad`, `ambito`, `municipio_idmunicipio`)",VALUES (,"490,""La Boquilla"",""R"",24",);
491,San Valentín,R,24,,"INSERT INTO `mydb`.`localidades` (`idlocalidades`, `nombre_localidad`, `ambito`, `municipio_idmunicipio`)",VALUES (,"491,""San Valentín"",""R"",24",);
492,Catarino Olivares Magayán,R,24,,"INSERT INTO `mydb`.`localidades` (`idlocalidades`, `nombre_localidad`, `ambito`, `municipio_idmunicipio`)",VALUES (,"492,""Catarino Olivares Magayán"",""R"",24",);
493,Heriberto de la Rosa Arroyo,R,24,,"INSERT INTO `mydb`.`localidades` (`idlocalidades`, `nombre_localidad`, `ambito`, `municipio_idmunicipio`)",VALUES (,"493,""Heriberto de la Rosa Arroyo"",""R"",24",);
494,La Majada (José de Jesús Venegas Fuantos),R,24,,"INSERT INTO `mydb`.`localidades` (`idlocalidades`, `nombre_localidad`, `ambito`, `municipio_idmunicipio`)",VALUES (,"494,""La Majada (José de Jesús Venegas Fuantos)"",""R"",24",);
495,La Tomatera,R,24,,"INSERT INTO `mydb`.`localidades` (`idlocalidades`, `nombre_localidad`, `ambito`, `municipio_idmunicipio`)",VALUES (,"495,""La Tomatera"",""R"",24",);
496,Ninguno [Especies y Condimentos del Semidesierto],R,24,,"INSERT INTO `mydb`.`localidades` (`idlocalidades`, `nombre_localidad`, `ambito`, `municipio_idmunicipio`)",VALUES (,"496,""Ninguno [Especies y Condimentos del Semidesierto]"",""R"",24",);
497,San Jorge,R,24,,"INSERT INTO `mydb`.`localidades` (`idlocalidades`, `nombre_localidad`, `ambito`, `municipio_idmunicipio`)",VALUES (,"497,""San Jorge"",""R"",24",);
498,El Manantial,R,24,,"INSERT INTO `mydb`.`localidades` (`idlocalidades`, `nombre_localidad`, `ambito`, `municipio_idmunicipio`)",VALUES (,"498,""El Manantial"",""R"",24",);
499,4 Ángeles,R,24,,"INSERT INTO `mydb`.`localidades` (`idlocalidades`, `nombre_localidad`, `ambito`, `municipio_idmunicipio`)",VALUES (,"499,""4 Ángeles"",""R"",24",);
500,Gerardo González Elicerio,R,24,,"INSERT INTO `mydb`.`localidades` (`idlocalidades`, `nombre_localidad`, `ambito`, `municipio_idmunicipio`)",VALUES (,"500,""Gerardo González Elicerio"",""R"",24",);
501,Parras Valley Tomatoes,R,24,,"INSERT INTO `mydb`.`localidades` (`idlocalidades`, `nombre_localidad`, `ambito`, `municipio_idmunicipio`)",VALUES (,"501,""Parras Valley Tomatoes"",""R"",24",);
502,Loma Linda [Sociedad Penial Agro],R,24,,"INSERT INTO `mydb`.`localidades` (`idlocalidades`, `nombre_localidad`, `ambito`, `municipio_idmunicipio`)",VALUES (,"502,""Loma Linda [Sociedad Penial Agro]"",""R"",24",);
503,Santa Lucia,R,24,,"INSERT INTO `mydb`.`localidades` (`idlocalidades`, `nombre_localidad`, `ambito`, `municipio_idmunicipio`)",VALUES (,"503,""Santa Lucia"",""R"",24",);
504,El Arco,R,24,,"INSERT INTO `mydb`.`localidades` (`idlocalidades`, `nombre_localidad`, `ambito`, `municipio_idmunicipio`)",VALUES (,"504,""El Arco"",""R"",24",);
505,El Profe,R,24,,"INSERT INTO `mydb`.`localidades` (`idlocalidades`, `nombre_localidad`, `ambito`, `municipio_idmunicipio`)",VALUES (,"505,""El Profe"",""R"",24",);
506,Monsivais,R,24,,"INSERT INTO `mydb`.`localidades` (`idlocalidades`, `nombre_localidad`, `ambito`, `municipio_idmunicipio`)",VALUES (,"506,""Monsivais"",""R"",24",);
507,El Bosque,R,24,,"INSERT INTO `mydb`.`localidades` (`idlocalidades`, `nombre_localidad`, `ambito`, `municipio_idmunicipio`)",VALUES (,"507,""El Bosque"",""R"",24",);
508,Heriberto de la Rosa Córdova,R,24,,"INSERT INTO `mydb`.`localidades` (`idlocalidades`, `nombre_localidad`, `ambito`, `municipio_idmunicipio`)",VALUES (,"508,""Heriberto de la Rosa Córdova"",""R"",24",);
509,El Bosque,R,24,,"INSERT INTO `mydb`.`localidades` (`idlocalidades`, `nombre_localidad`, `ambito`, `municipio_idmunicipio`)",VALUES (,"509,""El Bosque"",""R"",24",);
510,Alfredo Tello Ibarra,R,24,,"INSERT INTO `mydb`.`localidades` (`idlocalidades`, `nombre_localidad`, `ambito`, `municipio_idmunicipio`)",VALUES (,"510,""Alfredo Tello Ibarra"",""R"",24",);
511,El Papalote (Raymundo Beltrán Esquivel),R,24,,"INSERT INTO `mydb`.`localidades` (`idlocalidades`, `nombre_localidad`, `ambito`, `municipio_idmunicipio`)",VALUES (,"511,""El Papalote (Raymundo Beltrán Esquivel)"",""R"",24",);
512,Señor Puente,R,24,,"INSERT INTO `mydb`.`localidades` (`idlocalidades`, `nombre_localidad`, `ambito`, `municipio_idmunicipio`)",VALUES (,"512,""Señor Puente"",""R"",24",);
513,Parras Cuatro,R,24,,"INSERT INTO `mydb`.`localidades` (`idlocalidades`, `nombre_localidad`, `ambito`, `municipio_idmunicipio`)",VALUES (,"513,""Parras Cuatro"",""R"",24",);
514,Casa Blanca,R,24,,"INSERT INTO `mydb`.`localidades` (`idlocalidades`, `nombre_localidad`, `ambito`, `municipio_idmunicipio`)",VALUES (,"514,""Casa Blanca"",""R"",24",);
515,Quinta los Arenales,R,24,,"INSERT INTO `mydb`.`localidades` (`idlocalidades`, `nombre_localidad`, `ambito`, `municipio_idmunicipio`)",VALUES (,"515,""Quinta los Arenales"",""R"",24",);
516,José Magdaleno Rendón Sustaite,R,24,,"INSERT INTO `mydb`.`localidades` (`idlocalidades`, `nombre_localidad`, `ambito`, `municipio_idmunicipio`)",VALUES (,"516,""José Magdaleno Rendón Sustaite"",""R"",24",);
517,Lorenzo Oviedo,R,24,,"INSERT INTO `mydb`.`localidades` (`idlocalidades`, `nombre_localidad`, `ambito`, `municipio_idmunicipio`)",VALUES (,"517,""Lorenzo Oviedo"",""R"",24",);
518,La Pila,R,24,,"INSERT INTO `mydb`.`localidades` (`idlocalidades`, `nombre_localidad`, `ambito`, `municipio_idmunicipio`)",VALUES (,"518,""La Pila"",""R"",24",);
519,Iván de Jesús López Moreno,R,24,,"INSERT INTO `mydb`.`localidades` (`idlocalidades`, `nombre_localidad`, `ambito`, `municipio_idmunicipio`)",VALUES (,"519,""Iván de Jesús López Moreno"",""R"",24",);
520,Los Arenales,R,24,,"INSERT INTO `mydb`.`localidades` (`idlocalidades`, `nombre_localidad`, `ambito`, `municipio_idmunicipio`)",VALUES (,"520,""Los Arenales"",""R"",24",);
521,Durazno Sur,R,24,,"INSERT INTO `mydb`.`localidades` (`idlocalidades`, `nombre_localidad`, `ambito`, `municipio_idmunicipio`)",VALUES (,"521,""Durazno Sur"",""R"",24",);
522,Martín Velázquez Puente,R,24,,"INSERT INTO `mydb`.`localidades` (`idlocalidades`, `nombre_localidad`, `ambito`, `municipio_idmunicipio`)",VALUES (,"522,""Martín Velázquez Puente"",""R"",24",);
523,San Juditas,R,24,,"INSERT INTO `mydb`.`localidades` (`idlocalidades`, `nombre_localidad`, `ambito`, `municipio_idmunicipio`)",VALUES (,"523,""San Juditas"",""R"",24",);
524,Candelario Osoria,R,24,,"INSERT INTO `mydb`.`localidades` (`idlocalidades`, `nombre_localidad`, `ambito`, `municipio_idmunicipio`)",VALUES (,"524,""Candelario Osoria"",""R"",24",);
525,Bosque Encinos,R,24,,"INSERT INTO `mydb`.`localidades` (`idlocalidades`, `nombre_localidad`, `ambito`, `municipio_idmunicipio`)",VALUES (,"525,""Bosque Encinos"",""R"",24",);
526,El Centenario,R,24,,"INSERT INTO `mydb`.`localidades` (`idlocalidades`, `nombre_localidad`, `ambito`, `municipio_idmunicipio`)",VALUES (,"526,""El Centenario"",""R"",24",);
528,El Cielo (Rodrigo Torres Ramírez),R,24,,"INSERT INTO `mydb`.`localidades` (`idlocalidades`, `nombre_localidad`, `ambito`, `municipio_idmunicipio`)",VALUES (,"528,""El Cielo (Rodrigo Torres Ramírez)"",""R"",24",);
529,Salvador Chávez,R,24,,"INSERT INTO `mydb`.`localidades` (`idlocalidades`, `nombre_localidad`, `ambito`, `municipio_idmunicipio`)",VALUES (,"529,""Salvador Chávez"",""R"",24",);
530,Gerardo Fuantos,R,24,,"INSERT INTO `mydb`.`localidades` (`idlocalidades`, `nombre_localidad`, `ambito`, `municipio_idmunicipio`)",VALUES (,"530,""Gerardo Fuantos"",""R"",24",);
531,El Murillo,R,24,,"INSERT INTO `mydb`.`localidades` (`idlocalidades`, `nombre_localidad`, `ambito`, `municipio_idmunicipio`)",VALUES (,"531,""El Murillo"",""R"",24",);
532,Paulino González,R,24,,"INSERT INTO `mydb`.`localidades` (`idlocalidades`, `nombre_localidad`, `ambito`, `municipio_idmunicipio`)",VALUES (,"532,""Paulino González"",""R"",24",);
533,San Charbel,R,24,,"INSERT INTO `mydb`.`localidades` (`idlocalidades`, `nombre_localidad`, `ambito`, `municipio_idmunicipio`)",VALUES (,"533,""San Charbel"",""R"",24",);
534,La Sotolera,R,24,,"INSERT INTO `mydb`.`localidades` (`idlocalidades`, `nombre_localidad`, `ambito`, `municipio_idmunicipio`)",VALUES (,"534,""La Sotolera"",""R"",24",);
535,El Arco (Marcelo Infante),R,24,,"INSERT INTO `mydb`.`localidades` (`idlocalidades`, `nombre_localidad`, `ambito`, `municipio_idmunicipio`)",VALUES (,"535,""El Arco (Marcelo Infante)"",""R"",24",);
536,Manuel Cerda,R,24,,"INSERT INTO `mydb`.`localidades` (`idlocalidades`, `nombre_localidad`, `ambito`, `municipio_idmunicipio`)",VALUES (,"536,""Manuel Cerda"",""R"",24",);
537,Cipriano Ortiz López,R,24,,"INSERT INTO `mydb`.`localidades` (`idlocalidades`, `nombre_localidad`, `ambito`, `municipio_idmunicipio`)",VALUES (,"537,""Cipriano Ortiz López"",""R"",24",);
538,Jesús Zúñiga,R,24,,"INSERT INTO `mydb`.`localidades` (`idlocalidades`, `nombre_localidad`, `ambito`, `municipio_idmunicipio`)",VALUES (,"538,""Jesús Zúñiga"",""R"",24",);
539,José Luis Torres,R,24,,"INSERT INTO `mydb`.`localidades` (`idlocalidades`, `nombre_localidad`, `ambito`, `municipio_idmunicipio`)",VALUES (,"539,""José Luis Torres"",""R"",24",);
540,Don Nico,R,24,,"INSERT INTO `mydb`.`localidades` (`idlocalidades`, `nombre_localidad`, `ambito`, `municipio_idmunicipio`)",VALUES (,"540,""Don Nico"",""R"",24",);
541,Enrique Martínez,R,24,,"INSERT INTO `mydb`.`localidades` (`idlocalidades`, `nombre_localidad`, `ambito`, `municipio_idmunicipio`)",VALUES (,"541,""Enrique Martínez"",""R"",24",);
542,Rubén Chávez Santana,R,24,,"INSERT INTO `mydb`.`localidades` (`idlocalidades`, `nombre_localidad`, `ambito`, `municipio_idmunicipio`)",VALUES (,"542,""Rubén Chávez Santana"",""R"",24",);
543,La Alcantarilla,R,24,,"INSERT INTO `mydb`.`localidades` (`idlocalidades`, `nombre_localidad`, `ambito`, `municipio_idmunicipio`)",VALUES (,"543,""La Alcantarilla"",""R"",24",);
544,El Arco,R,24,,"INSERT INTO `mydb`.`localidades` (`idlocalidades`, `nombre_localidad`, `ambito`, `municipio_idmunicipio`)",VALUES (,"544,""El Arco"",""R"",24",);
545,Jesús de la Garza,R,24,,"INSERT INTO `mydb`.`localidades` (`idlocalidades`, `nombre_localidad`, `ambito`, `municipio_idmunicipio`)",VALUES (,"545,""Jesús de la Garza"",""R"",24",);
546,Santo Madero,R,24,,"INSERT INTO `mydb`.`localidades` (`idlocalidades`, `nombre_localidad`, `ambito`, `municipio_idmunicipio`)",VALUES (,"546,""Santo Madero"",""R"",24",);
547,La Fiera (San Gerardo),R,24,,"INSERT INTO `mydb`.`localidades` (`idlocalidades`, `nombre_localidad`, `ambito`, `municipio_idmunicipio`)",VALUES (,"547,""La Fiera (San Gerardo)"",""R"",24",);
548,Las Albardas,R,24,,"INSERT INTO `mydb`.`localidades` (`idlocalidades`, `nombre_localidad`, `ambito`, `municipio_idmunicipio`)",VALUES (,"548,""Las Albardas"",""R"",24",);
549,Manuel Medrano,R,24,,"INSERT INTO `mydb`.`localidades` (`idlocalidades`, `nombre_localidad`, `ambito`, `municipio_idmunicipio`)",VALUES (,"549,""Manuel Medrano"",""R"",24",);
550,Antonio García Eliserio,R,24,,"INSERT INTO `mydb`.`localidades` (`idlocalidades`, `nombre_localidad`, `ambito`, `municipio_idmunicipio`)",VALUES (,"550,""Antonio García Eliserio"",""R"",24",);
551,Marco Antonio,R,24,,"INSERT INTO `mydb`.`localidades` (`idlocalidades`, `nombre_localidad`, `ambito`, `municipio_idmunicipio`)",VALUES (,"551,""Marco Antonio"",""R"",24",);
552,El Durazno Segundo,R,24,,"INSERT INTO `mydb`.`localidades` (`idlocalidades`, `nombre_localidad`, `ambito`, `municipio_idmunicipio`)",VALUES (,"552,""El Durazno Segundo"",""R"",24",);
554,Rogelio de León,R,24,,"INSERT INTO `mydb`.`localidades` (`idlocalidades`, `nombre_localidad`, `ambito`, `municipio_idmunicipio`)",VALUES (,"554,""Rogelio de León"",""R"",24",);
555,José Verástegui,R,24,,"INSERT INTO `mydb`.`localidades` (`idlocalidades`, `nombre_localidad`, `ambito`, `municipio_idmunicipio`)",VALUES (,"555,""José Verástegui"",""R"",24",);
556,Francisco Javier Salazar Solís,R,24,,"INSERT INTO `mydb`.`localidades` (`idlocalidades`, `nombre_localidad`, `ambito`, `municipio_idmunicipio`)",VALUES (,"556,""Francisco Javier Salazar Solís"",""R"",24",);
557,José Ascención Contreras,R,24,,"INSERT INTO `mydb`.`localidades` (`idlocalidades`, `nombre_localidad`, `ambito`, `municipio_idmunicipio`)",VALUES (,"557,""José Ascención Contreras"",""R"",24",);
558,El Establo (Yolanda Sánchez Elías),R,24,,"INSERT INTO `mydb`.`localidades` (`idlocalidades`, `nombre_localidad`, `ambito`, `municipio_idmunicipio`)",VALUES (,"558,""El Establo (Yolanda Sánchez Elías)"",""R"",24",);
559,El Paraíso,R,24,,"INSERT INTO `mydb`.`localidades` (`idlocalidades`, `nombre_localidad`, `ambito`, `municipio_idmunicipio`)",VALUES (,"559,""El Paraíso"",""R"",24",);
560,Global de México,R,24,,"INSERT INTO `mydb`.`localidades` (`idlocalidades`, `nombre_localidad`, `ambito`, `municipio_idmunicipio`)",VALUES (,"560,""Global de México"",""R"",24",);
561,Porfirio Vázquez García,R,24,,"INSERT INTO `mydb`.`localidades` (`idlocalidades`, `nombre_localidad`, `ambito`, `municipio_idmunicipio`)",VALUES (,"561,""Porfirio Vázquez García"",""R"",24",);
562,Barreal del Ojo de Agua [Pequeñas Propiedades],R,24,,"INSERT INTO `mydb`.`localidades` (`idlocalidades`, `nombre_localidad`, `ambito`, `municipio_idmunicipio`)",VALUES (,"562,""Barreal del Ojo de Agua [Pequeñas Propiedades]"",""R"",24",);
563,Solís,R,24,,"INSERT INTO `mydb`.`localidades` (`idlocalidades`, `nombre_localidad`, `ambito`, `municipio_idmunicipio`)",VALUES (,"563,""Solís"",""R"",24",);
564,La Pedrera,R,24,,"INSERT INTO `mydb`.`localidades` (`idlocalidades`, `nombre_localidad`, `ambito`, `municipio_idmunicipio`)",VALUES (,"564,""La Pedrera"",""R"",24",);
565,El Abuelo,R,24,,"INSERT INTO `mydb`.`localidades` (`idlocalidades`, `nombre_localidad`, `ambito`, `municipio_idmunicipio`)",VALUES (,"565,""El Abuelo"",""R"",24",);
566,Jorge Banda,R,24,,"INSERT INTO `mydb`.`localidades` (`idlocalidades`, `nombre_localidad`, `ambito`, `municipio_idmunicipio`)",VALUES (,"566,""Jorge Banda"",""R"",24",);
567,Valentín Quiroz,R,24,,"INSERT INTO `mydb`.`localidades` (`idlocalidades`, `nombre_localidad`, `ambito`, `municipio_idmunicipio`)",VALUES (,"567,""Valentín Quiroz"",""R"",24",);
568,Juan Leza,R,24,,"INSERT INTO `mydb`.`localidades` (`idlocalidades`, `nombre_localidad`, `ambito`, `municipio_idmunicipio`)",VALUES (,"568,""Juan Leza"",""R"",24",);
569,Juan Sifuentes Vielma,R,24,,"INSERT INTO `mydb`.`localidades` (`idlocalidades`, `nombre_localidad`, `ambito`, `municipio_idmunicipio`)",VALUES (,"569,""Juan Sifuentes Vielma"",""R"",24",);
570,Alejandro Gil Juárez,R,24,,"INSERT INTO `mydb`.`localidades` (`idlocalidades`, `nombre_localidad`, `ambito`, `municipio_idmunicipio`)",VALUES (,"570,""Alejandro Gil Juárez"",""R"",24",);
571,Rosendo Rendón Rivera,R,24,,"INSERT INTO `mydb`.`localidades` (`idlocalidades`, `nombre_localidad`, `ambito`, `municipio_idmunicipio`)",VALUES (,"571,""Rosendo Rendón Rivera"",""R"",24",);
572,Armando Veloz Torres,R,24,,"INSERT INTO `mydb`.`localidades` (`idlocalidades`, `nombre_localidad`, `ambito`, `municipio_idmunicipio`)",VALUES (,"572,""Armando Veloz Torres"",""R"",24",);
573,José Lomas,R,24,,"INSERT INTO `mydb`.`localidades` (`idlocalidades`, `nombre_localidad`, `ambito`, `municipio_idmunicipio`)",VALUES (,"573,""José Lomas"",""R"",24",);
574,Juan Gallegos Hernández,R,24,,"INSERT INTO `mydb`.`localidades` (`idlocalidades`, `nombre_localidad`, `ambito`, `municipio_idmunicipio`)",VALUES (,"574,""Juan Gallegos Hernández"",""R"",24",);
575,Jorge Corrales Arriaga,R,24,,"INSERT INTO `mydb`.`localidades` (`idlocalidades`, `nombre_localidad`, `ambito`, `municipio_idmunicipio`)",VALUES (,"575,""Jorge Corrales Arriaga"",""R"",24",);
576,Julia Juárez González,R,24,,"INSERT INTO `mydb`.`localidades` (`idlocalidades`, `nombre_localidad`, `ambito`, `municipio_idmunicipio`)",VALUES (,"576,""Julia Juárez González"",""R"",24",);
577,Benjamín Pachicano,R,24,,"INSERT INTO `mydb`.`localidades` (`idlocalidades`, `nombre_localidad`, `ambito`, `municipio_idmunicipio`)",VALUES (,"577,""Benjamín Pachicano"",""R"",24",);
578,Gabino Martínez Eliserio,R,24,,"INSERT INTO `mydb`.`localidades` (`idlocalidades`, `nombre_localidad`, `ambito`, `municipio_idmunicipio`)",VALUES (,"578,""Gabino Martínez Eliserio"",""R"",24",);
579,El Fuerte de Santa Rosa,R,24,,"INSERT INTO `mydb`.`localidades` (`idlocalidades`, `nombre_localidad`, `ambito`, `municipio_idmunicipio`)",VALUES (,"579,""El Fuerte de Santa Rosa"",""R"",24",);
580,Ángel,R,24,,"INSERT INTO `mydb`.`localidades` (`idlocalidades`, `nombre_localidad`, `ambito`, `municipio_idmunicipio`)",VALUES (,"580,""Ángel"",""R"",24",);
581,El Papalote,R,24,,"INSERT INTO `mydb`.`localidades` (`idlocalidades`, `nombre_localidad`, `ambito`, `municipio_idmunicipio`)",VALUES (,"581,""El Papalote"",""R"",24",);
582,Teresa Reina Reyes,R,24,,"INSERT INTO `mydb`.`localidades` (`idlocalidades`, `nombre_localidad`, `ambito`, `municipio_idmunicipio`)",VALUES (,"582,""Teresa Reina Reyes"",""R"",24",);
583,Luis Gerardo Pachicano Rodríguez,R,24,,"INSERT INTO `mydb`.`localidades` (`idlocalidades`, `nombre_localidad`, `ambito`, `municipio_idmunicipio`)",VALUES (,"583,""Luis Gerardo Pachicano Rodríguez"",""R"",24",);
