CVE_LOC,NOM_LOC,AMBITO,CVE_MUN,,,,,
1,Frontera,U,10,,"INSERT INTO `mydb`.`localidades` (`idlocalidades`, `nombre_localidad`, `ambito`, `municipio_idmunicipio`)",VALUES (,"1,""Frontera"",""U"",10",);
2,La Cruz,R,10,,"INSERT INTO `mydb`.`localidades` (`idlocalidades`, `nombre_localidad`, `ambito`, `municipio_idmunicipio`)",VALUES (,"2,""La Cruz"",""R"",10",);
3,Nuevo Poblado de Fresnillo (Fresnillo),R,10,,"INSERT INTO `mydb`.`localidades` (`idlocalidades`, `nombre_localidad`, `ambito`, `municipio_idmunicipio`)",VALUES (,"3,""Nuevo Poblado de Fresnillo (Fresnillo)"",""R"",10",);
5,Ocho de Enero,U,10,,"INSERT INTO `mydb`.`localidades` (`idlocalidades`, `nombre_localidad`, `ambito`, `municipio_idmunicipio`)",VALUES (,"5,""Ocho de Enero"",""U"",10",);
6,Pozuelos de Abajo,R,10,,"INSERT INTO `mydb`.`localidades` (`idlocalidades`, `nombre_localidad`, `ambito`, `municipio_idmunicipio`)",VALUES (,"6,""Pozuelos de Abajo"",""R"",10",);
7,Pozuelos de Arriba,R,10,,"INSERT INTO `mydb`.`localidades` (`idlocalidades`, `nombre_localidad`, `ambito`, `municipio_idmunicipio`)",VALUES (,"7,""Pozuelos de Arriba"",""R"",10",);
9,Colón,R,10,,"INSERT INTO `mydb`.`localidades` (`idlocalidades`, `nombre_localidad`, `ambito`, `municipio_idmunicipio`)",VALUES (,"9,""Colón"",""R"",10",);
10,San Isidro (El Alemán),R,10,,"INSERT INTO `mydb`.`localidades` (`idlocalidades`, `nombre_localidad`, `ambito`, `municipio_idmunicipio`)",VALUES (,"10,""San Isidro (El Alemán)"",""R"",10",);
12,Las Flores,R,10,,"INSERT INTO `mydb`.`localidades` (`idlocalidades`, `nombre_localidad`, `ambito`, `municipio_idmunicipio`)",VALUES (,"12,""Las Flores"",""R"",10",);
15,La Molienda,R,10,,"INSERT INTO `mydb`.`localidades` (`idlocalidades`, `nombre_localidad`, `ambito`, `municipio_idmunicipio`)",VALUES (,"15,""La Molienda"",""R"",10",);
18,La Pila,R,10,,"INSERT INTO `mydb`.`localidades` (`idlocalidades`, `nombre_localidad`, `ambito`, `municipio_idmunicipio`)",VALUES (,"18,""La Pila"",""R"",10",);
19,El Papalote,R,10,,"INSERT INTO `mydb`.`localidades` (`idlocalidades`, `nombre_localidad`, `ambito`, `municipio_idmunicipio`)",VALUES (,"19,""El Papalote"",""R"",10",);
21,Fraccionamiento San Antonio,R,10,,"INSERT INTO `mydb`.`localidades` (`idlocalidades`, `nombre_localidad`, `ambito`, `municipio_idmunicipio`)",VALUES (,"21,""Fraccionamiento San Antonio"",""R"",10",);
22,La Polka 1,R,10,,"INSERT INTO `mydb`.`localidades` (`idlocalidades`, `nombre_localidad`, `ambito`, `municipio_idmunicipio`)",VALUES (,"22,""La Polka 1"",""R"",10",);
23,La Polka 1 (Las Carmelitas),R,10,,"INSERT INTO `mydb`.`localidades` (`idlocalidades`, `nombre_localidad`, `ambito`, `municipio_idmunicipio`)",VALUES (,"23,""La Polka 1 (Las Carmelitas)"",""R"",10",);
30,San Juan,R,10,,"INSERT INTO `mydb`.`localidades` (`idlocalidades`, `nombre_localidad`, `ambito`, `municipio_idmunicipio`)",VALUES (,"30,""San Juan"",""R"",10",);
31,La Mota,R,10,,"INSERT INTO `mydb`.`localidades` (`idlocalidades`, `nombre_localidad`, `ambito`, `municipio_idmunicipio`)",VALUES (,"31,""La Mota"",""R"",10",);
32,El Encino,R,10,,"INSERT INTO `mydb`.`localidades` (`idlocalidades`, `nombre_localidad`, `ambito`, `municipio_idmunicipio`)",VALUES (,"32,""El Encino"",""R"",10",);
36,La Escondida,R,10,,"INSERT INTO `mydb`.`localidades` (`idlocalidades`, `nombre_localidad`, `ambito`, `municipio_idmunicipio`)",VALUES (,"36,""La Escondida"",""R"",10",);
37,Fresnillo (AHMSA),R,10,,"INSERT INTO `mydb`.`localidades` (`idlocalidades`, `nombre_localidad`, `ambito`, `municipio_idmunicipio`)",VALUES (,"37,""Fresnillo (AHMSA)"",""R"",10",);
40,La Polka 1 (Mario Villalobos),R,10,,"INSERT INTO `mydb`.`localidades` (`idlocalidades`, `nombre_localidad`, `ambito`, `municipio_idmunicipio`)",VALUES (,"40,""La Polka 1 (Mario Villalobos)"",""R"",10",);
43,La Polka 1 (Luis Gutiérrez),R,10,,"INSERT INTO `mydb`.`localidades` (`idlocalidades`, `nombre_localidad`, `ambito`, `municipio_idmunicipio`)",VALUES (,"43,""La Polka 1 (Luis Gutiérrez)"",""R"",10",);
44,San Pedro (La Polka 1),R,10,,"INSERT INTO `mydb`.`localidades` (`idlocalidades`, `nombre_localidad`, `ambito`, `municipio_idmunicipio`)",VALUES (,"44,""San Pedro (La Polka 1)"",""R"",10",);
46,Ninguno [Ciudad Sanitaria],R,10,,"INSERT INTO `mydb`.`localidades` (`idlocalidades`, `nombre_localidad`, `ambito`, `municipio_idmunicipio`)",VALUES (,"46,""Ninguno [Ciudad Sanitaria]"",""R"",10",);
55,Las Moras,R,10,,"INSERT INTO `mydb`.`localidades` (`idlocalidades`, `nombre_localidad`, `ambito`, `municipio_idmunicipio`)",VALUES (,"55,""Las Moras"",""R"",10",);
56,Roberto Rivera,R,10,,"INSERT INTO `mydb`.`localidades` (`idlocalidades`, `nombre_localidad`, `ambito`, `municipio_idmunicipio`)",VALUES (,"56,""Roberto Rivera"",""R"",10",);
58,Gustavo García,R,10,,"INSERT INTO `mydb`.`localidades` (`idlocalidades`, `nombre_localidad`, `ambito`, `municipio_idmunicipio`)",VALUES (,"58,""Gustavo García"",""R"",10",);
60,Rancho del Consuelo (Los Mona),R,10,,"INSERT INTO `mydb`.`localidades` (`idlocalidades`, `nombre_localidad`, `ambito`, `municipio_idmunicipio`)",VALUES (,"60,""Rancho del Consuelo (Los Mona)"",""R"",10",);
64,Los Cárdenas (Marcial Cárdenas Villastrigo),R,10,,"INSERT INTO `mydb`.`localidades` (`idlocalidades`, `nombre_localidad`, `ambito`, `municipio_idmunicipio`)",VALUES (,"64,""Los Cárdenas (Marcial Cárdenas Villastrigo)"",""R"",10",);
69,Los Álamos,R,10,,"INSERT INTO `mydb`.`localidades` (`idlocalidades`, `nombre_localidad`, `ambito`, `municipio_idmunicipio`)",VALUES (,"69,""Los Álamos"",""R"",10",);
71,Quinta José (Alejandro Arroyo Gómez),R,10,,"INSERT INTO `mydb`.`localidades` (`idlocalidades`, `nombre_localidad`, `ambito`, `municipio_idmunicipio`)",VALUES (,"71,""Quinta José (Alejandro Arroyo Gómez)"",""R"",10",);
74,Guillermo Gutiérrez Fraustro (La Aurora),R,10,,"INSERT INTO `mydb`.`localidades` (`idlocalidades`, `nombre_localidad`, `ambito`, `municipio_idmunicipio`)",VALUES (,"74,""Guillermo Gutiérrez Fraustro (La Aurora)"",""R"",10",);
76,Juan Rodríguez,R,10,,"INSERT INTO `mydb`.`localidades` (`idlocalidades`, `nombre_localidad`, `ambito`, `municipio_idmunicipio`)",VALUES (,"76,""Juan Rodríguez"",""R"",10",);
80,Santa Alicia (Reynold Peña Cruz),R,10,,"INSERT INTO `mydb`.`localidades` (`idlocalidades`, `nombre_localidad`, `ambito`, `municipio_idmunicipio`)",VALUES (,"80,""Santa Alicia (Reynold Peña Cruz)"",""R"",10",);
81,La Polka 1 (Roberto Ortegón),R,10,,"INSERT INTO `mydb`.`localidades` (`idlocalidades`, `nombre_localidad`, `ambito`, `municipio_idmunicipio`)",VALUES (,"81,""La Polka 1 (Roberto Ortegón)"",""R"",10",);
84,Fidencio Mendoza Castillo [Sector de Producción Número 1],R,10,,"INSERT INTO `mydb`.`localidades` (`idlocalidades`, `nombre_localidad`, `ambito`, `municipio_idmunicipio`)",VALUES (,"84,""Fidencio Mendoza Castillo [Sector de Producción Número 1]"",""R"",10",);
88,Miguel Mona,R,10,,"INSERT INTO `mydb`.`localidades` (`idlocalidades`, `nombre_localidad`, `ambito`, `municipio_idmunicipio`)",VALUES (,"88,""Miguel Mona"",""R"",10",);
90,Acatlán [Comunidad Agropecuaria],R,10,,"INSERT INTO `mydb`.`localidades` (`idlocalidades`, `nombre_localidad`, `ambito`, `municipio_idmunicipio`)",VALUES (,"90,""Acatlán [Comunidad Agropecuaria]"",""R"",10",);
91,Hermosa Provincia,R,10,,"INSERT INTO `mydb`.`localidades` (`idlocalidades`, `nombre_localidad`, `ambito`, `municipio_idmunicipio`)",VALUES (,"91,""Hermosa Provincia"",""R"",10",);
93,Los Auces,R,10,,"INSERT INTO `mydb`.`localidades` (`idlocalidades`, `nombre_localidad`, `ambito`, `municipio_idmunicipio`)",VALUES (,"93,""Los Auces"",""R"",10",);
94,José Isidro Silva,R,10,,"INSERT INTO `mydb`.`localidades` (`idlocalidades`, `nombre_localidad`, `ambito`, `municipio_idmunicipio`)",VALUES (,"94,""José Isidro Silva"",""R"",10",);
101,Popa Mona,R,10,,"INSERT INTO `mydb`.`localidades` (`idlocalidades`, `nombre_localidad`, `ambito`, `municipio_idmunicipio`)",VALUES (,"101,""Popa Mona"",""R"",10",);
102,Mona,R,10,,"INSERT INTO `mydb`.`localidades` (`idlocalidades`, `nombre_localidad`, `ambito`, `municipio_idmunicipio`)",VALUES (,"102,""Mona"",""R"",10",);
104,José Arturo Barrera,R,10,,"INSERT INTO `mydb`.`localidades` (`idlocalidades`, `nombre_localidad`, `ambito`, `municipio_idmunicipio`)",VALUES (,"104,""José Arturo Barrera"",""R"",10",);
105,José Ignacio Dávila,R,10,,"INSERT INTO `mydb`.`localidades` (`idlocalidades`, `nombre_localidad`, `ambito`, `municipio_idmunicipio`)",VALUES (,"105,""José Ignacio Dávila"",""R"",10",);
106,Jorge de los Santos,R,10,,"INSERT INTO `mydb`.`localidades` (`idlocalidades`, `nombre_localidad`, `ambito`, `municipio_idmunicipio`)",VALUES (,"106,""Jorge de los Santos"",""R"",10",);
107,Los Temporales (Mario Salazar Garza),R,10,,"INSERT INTO `mydb`.`localidades` (`idlocalidades`, `nombre_localidad`, `ambito`, `municipio_idmunicipio`)",VALUES (,"107,""Los Temporales (Mario Salazar Garza)"",""R"",10",);
108,Colonia Doctor Esteban Martínez,R,10,,"INSERT INTO `mydb`.`localidades` (`idlocalidades`, `nombre_localidad`, `ambito`, `municipio_idmunicipio`)",VALUES (,"108,""Colonia Doctor Esteban Martínez"",""R"",10",);
110,Estancias de San Juan Bautista,R,10,,"INSERT INTO `mydb`.`localidades` (`idlocalidades`, `nombre_localidad`, `ambito`, `municipio_idmunicipio`)",VALUES (,"110,""Estancias de San Juan Bautista"",""R"",10",);
111,Gerardo Galindo Moreno,R,10,,"INSERT INTO `mydb`.`localidades` (`idlocalidades`, `nombre_localidad`, `ambito`, `municipio_idmunicipio`)",VALUES (,"111,""Gerardo Galindo Moreno"",""R"",10",);
112,La Polka 1 (La Piedad),R,10,,"INSERT INTO `mydb`.`localidades` (`idlocalidades`, `nombre_localidad`, `ambito`, `municipio_idmunicipio`)",VALUES (,"112,""La Polka 1 (La Piedad)"",""R"",10",);
113,Quinta la Polka,R,10,,"INSERT INTO `mydb`.`localidades` (`idlocalidades`, `nombre_localidad`, `ambito`, `municipio_idmunicipio`)",VALUES (,"113,""Quinta la Polka"",""R"",10",);
114,La Polka 1 (Abel Salazar Santos),R,10,,"INSERT INTO `mydb`.`localidades` (`idlocalidades`, `nombre_localidad`, `ambito`, `municipio_idmunicipio`)",VALUES (,"114,""La Polka 1 (Abel Salazar Santos)"",""R"",10",);
118,El Milagro (Dennis Coffey),R,10,,"INSERT INTO `mydb`.`localidades` (`idlocalidades`, `nombre_localidad`, `ambito`, `municipio_idmunicipio`)",VALUES (,"118,""El Milagro (Dennis Coffey)"",""R"",10",);
119,El Alto de Estancias (Francisco de Alba),R,10,,"INSERT INTO `mydb`.`localidades` (`idlocalidades`, `nombre_localidad`, `ambito`, `municipio_idmunicipio`)",VALUES (,"119,""El Alto de Estancias (Francisco de Alba)"",""R"",10",);
120,Casa Blanca (El Alto),R,10,,"INSERT INTO `mydb`.`localidades` (`idlocalidades`, `nombre_localidad`, `ambito`, `municipio_idmunicipio`)",VALUES (,"120,""Casa Blanca (El Alto)"",""R"",10",);
121,Santos Peña,R,10,,"INSERT INTO `mydb`.`localidades` (`idlocalidades`, `nombre_localidad`, `ambito`, `municipio_idmunicipio`)",VALUES (,"121,""Santos Peña"",""R"",10",);
124,Alfredo Paredes,R,10,,"INSERT INTO `mydb`.`localidades` (`idlocalidades`, `nombre_localidad`, `ambito`, `municipio_idmunicipio`)",VALUES (,"124,""Alfredo Paredes"",""R"",10",);
125,Fidencio Rodríguez,R,10,,"INSERT INTO `mydb`.`localidades` (`idlocalidades`, `nombre_localidad`, `ambito`, `municipio_idmunicipio`)",VALUES (,"125,""Fidencio Rodríguez"",""R"",10",);
128,Lupita,R,10,,"INSERT INTO `mydb`.`localidades` (`idlocalidades`, `nombre_localidad`, `ambito`, `municipio_idmunicipio`)",VALUES (,"128,""Lupita"",""R"",10",);
130,Enrique Castillo,R,10,,"INSERT INTO `mydb`.`localidades` (`idlocalidades`, `nombre_localidad`, `ambito`, `municipio_idmunicipio`)",VALUES (,"130,""Enrique Castillo"",""R"",10",);
133,Las Flores,R,10,,"INSERT INTO `mydb`.`localidades` (`idlocalidades`, `nombre_localidad`, `ambito`, `municipio_idmunicipio`)",VALUES (,"133,""Las Flores"",""R"",10",);
134,La Polka Dos,R,10,,"INSERT INTO `mydb`.`localidades` (`idlocalidades`, `nombre_localidad`, `ambito`, `municipio_idmunicipio`)",VALUES (,"134,""La Polka Dos"",""R"",10",);
137,Fidencio Peña Peña e Hijos,R,10,,"INSERT INTO `mydb`.`localidades` (`idlocalidades`, `nombre_localidad`, `ambito`, `municipio_idmunicipio`)",VALUES (,"137,""Fidencio Peña Peña e Hijos"",""R"",10",);
138,El Coyote (Rogelio Córdoba),R,10,,"INSERT INTO `mydb`.`localidades` (`idlocalidades`, `nombre_localidad`, `ambito`, `municipio_idmunicipio`)",VALUES (,"138,""El Coyote (Rogelio Córdoba)"",""R"",10",);
139,El Refugio (Juan Hermilo Arauza),R,10,,"INSERT INTO `mydb`.`localidades` (`idlocalidades`, `nombre_localidad`, `ambito`, `municipio_idmunicipio`)",VALUES (,"139,""El Refugio (Juan Hermilo Arauza)"",""R"",10",);
142,La Lupita,R,10,,"INSERT INTO `mydb`.`localidades` (`idlocalidades`, `nombre_localidad`, `ambito`, `municipio_idmunicipio`)",VALUES (,"142,""La Lupita"",""R"",10",);
143,La Esperanza (Jaime Mario Castellanos Córdova),R,10,,"INSERT INTO `mydb`.`localidades` (`idlocalidades`, `nombre_localidad`, `ambito`, `municipio_idmunicipio`)",VALUES (,"143,""La Esperanza (Jaime Mario Castellanos Córdova)"",""R"",10",);
144,El Tesoro (Antonio de la Cruz Rodríguez),R,10,,"INSERT INTO `mydb`.`localidades` (`idlocalidades`, `nombre_localidad`, `ambito`, `municipio_idmunicipio`)",VALUES (,"144,""El Tesoro (Antonio de la Cruz Rodríguez)"",""R"",10",);
146,La Puerta,R,10,,"INSERT INTO `mydb`.`localidades` (`idlocalidades`, `nombre_localidad`, `ambito`, `municipio_idmunicipio`)",VALUES (,"146,""La Puerta"",""R"",10",);
147,San Pedro,R,10,,"INSERT INTO `mydb`.`localidades` (`idlocalidades`, `nombre_localidad`, `ambito`, `municipio_idmunicipio`)",VALUES (,"147,""San Pedro"",""R"",10",);
148,Santa Anita,R,10,,"INSERT INTO `mydb`.`localidades` (`idlocalidades`, `nombre_localidad`, `ambito`, `municipio_idmunicipio`)",VALUES (,"148,""Santa Anita"",""R"",10",);
149,La Granjita (Hortencia Barajas),R,10,,"INSERT INTO `mydb`.`localidades` (`idlocalidades`, `nombre_localidad`, `ambito`, `municipio_idmunicipio`)",VALUES (,"149,""La Granjita (Hortencia Barajas)"",""R"",10",);
150,La Puerta,R,10,,"INSERT INTO `mydb`.`localidades` (`idlocalidades`, `nombre_localidad`, `ambito`, `municipio_idmunicipio`)",VALUES (,"150,""La Puerta"",""R"",10",);
152,Santa Inés,R,10,,"INSERT INTO `mydb`.`localidades` (`idlocalidades`, `nombre_localidad`, `ambito`, `municipio_idmunicipio`)",VALUES (,"152,""Santa Inés"",""R"",10",);
153,Santa Inés (De la Herradura),R,10,,"INSERT INTO `mydb`.`localidades` (`idlocalidades`, `nombre_localidad`, `ambito`, `municipio_idmunicipio`)",VALUES (,"153,""Santa Inés (De la Herradura)"",""R"",10",);
154,Orica,R,10,,"INSERT INTO `mydb`.`localidades` (`idlocalidades`, `nombre_localidad`, `ambito`, `municipio_idmunicipio`)",VALUES (,"154,""Orica"",""R"",10",);
155,Santa Inés (Salvador Martínez),R,10,,"INSERT INTO `mydb`.`localidades` (`idlocalidades`, `nombre_localidad`, `ambito`, `municipio_idmunicipio`)",VALUES (,"155,""Santa Inés (Salvador Martínez)"",""R"",10",);
157,Ignacio Dávila Guillén,R,10,,"INSERT INTO `mydb`.`localidades` (`idlocalidades`, `nombre_localidad`, `ambito`, `municipio_idmunicipio`)",VALUES (,"157,""Ignacio Dávila Guillén"",""R"",10",);
158,La Polka 1 (Beto Garibay Asís),R,10,,"INSERT INTO `mydb`.`localidades` (`idlocalidades`, `nombre_localidad`, `ambito`, `municipio_idmunicipio`)",VALUES (,"158,""La Polka 1 (Beto Garibay Asís)"",""R"",10",);
159,Los Pinabetes (Carlos Huerta Moreno),R,10,,"INSERT INTO `mydb`.`localidades` (`idlocalidades`, `nombre_localidad`, `ambito`, `municipio_idmunicipio`)",VALUES (,"159,""Los Pinabetes (Carlos Huerta Moreno)"",""R"",10",);
160,Chayín (Eliseo Briones Alcocer),R,10,,"INSERT INTO `mydb`.`localidades` (`idlocalidades`, `nombre_localidad`, `ambito`, `municipio_idmunicipio`)",VALUES (,"160,""Chayín (Eliseo Briones Alcocer)"",""R"",10",);
161,Artemio Serna Zamur,R,10,,"INSERT INTO `mydb`.`localidades` (`idlocalidades`, `nombre_localidad`, `ambito`, `municipio_idmunicipio`)",VALUES (,"161,""Artemio Serna Zamur"",""R"",10",);
164,La Polka 1 (Manuel Flores Guzmán),R,10,,"INSERT INTO `mydb`.`localidades` (`idlocalidades`, `nombre_localidad`, `ambito`, `municipio_idmunicipio`)",VALUES (,"164,""La Polka 1 (Manuel Flores Guzmán)"",""R"",10",);
165,El Venado (Francisco Raúl Ballesteros Peña),R,10,,"INSERT INTO `mydb`.`localidades` (`idlocalidades`, `nombre_localidad`, `ambito`, `municipio_idmunicipio`)",VALUES (,"165,""El Venado (Francisco Raúl Ballesteros Peña)"",""R"",10",);
166,María Luisa Domínguez García,R,10,,"INSERT INTO `mydb`.`localidades` (`idlocalidades`, `nombre_localidad`, `ambito`, `municipio_idmunicipio`)",VALUES (,"166,""María Luisa Domínguez García"",""R"",10",);
167,Osvaldo Suárez Salazar,R,10,,"INSERT INTO `mydb`.`localidades` (`idlocalidades`, `nombre_localidad`, `ambito`, `municipio_idmunicipio`)",VALUES (,"167,""Osvaldo Suárez Salazar"",""R"",10",);
169,Eduardo Alvarado Morones,R,10,,"INSERT INTO `mydb`.`localidades` (`idlocalidades`, `nombre_localidad`, `ambito`, `municipio_idmunicipio`)",VALUES (,"169,""Eduardo Alvarado Morones"",""R"",10",);
170,Ninguno [Club To Ton],R,10,,"INSERT INTO `mydb`.`localidades` (`idlocalidades`, `nombre_localidad`, `ambito`, `municipio_idmunicipio`)",VALUES (,"170,""Ninguno [Club To Ton]"",""R"",10",);
171,Juan García Venegas,R,10,,"INSERT INTO `mydb`.`localidades` (`idlocalidades`, `nombre_localidad`, `ambito`, `municipio_idmunicipio`)",VALUES (,"171,""Juan García Venegas"",""R"",10",);
172,Beatriz del Río,R,10,,"INSERT INTO `mydb`.`localidades` (`idlocalidades`, `nombre_localidad`, `ambito`, `municipio_idmunicipio`)",VALUES (,"172,""Beatriz del Río"",""R"",10",);
173,Francisco Rosciano,R,10,,"INSERT INTO `mydb`.`localidades` (`idlocalidades`, `nombre_localidad`, `ambito`, `municipio_idmunicipio`)",VALUES (,"173,""Francisco Rosciano"",""R"",10",);
175,Jaime Quirino,R,10,,"INSERT INTO `mydb`.`localidades` (`idlocalidades`, `nombre_localidad`, `ambito`, `municipio_idmunicipio`)",VALUES (,"175,""Jaime Quirino"",""R"",10",);
176,Colonia Diana Laura Riojas de Colosio,R,10,,"INSERT INTO `mydb`.`localidades` (`idlocalidades`, `nombre_localidad`, `ambito`, `municipio_idmunicipio`)",VALUES (,"176,""Colonia Diana Laura Riojas de Colosio"",""R"",10",);
177,El Junco,R,10,,"INSERT INTO `mydb`.`localidades` (`idlocalidades`, `nombre_localidad`, `ambito`, `municipio_idmunicipio`)",VALUES (,"177,""El Junco"",""R"",10",);
178,Los Panchos,R,10,,"INSERT INTO `mydb`.`localidades` (`idlocalidades`, `nombre_localidad`, `ambito`, `municipio_idmunicipio`)",VALUES (,"178,""Los Panchos"",""R"",10",);
180,San José,R,10,,"INSERT INTO `mydb`.`localidades` (`idlocalidades`, `nombre_localidad`, `ambito`, `municipio_idmunicipio`)",VALUES (,"180,""San José"",""R"",10",);
182,Antonio Ramos,R,10,,"INSERT INTO `mydb`.`localidades` (`idlocalidades`, `nombre_localidad`, `ambito`, `municipio_idmunicipio`)",VALUES (,"182,""Antonio Ramos"",""R"",10",);
183,Tomás Escobedo,R,10,,"INSERT INTO `mydb`.`localidades` (`idlocalidades`, `nombre_localidad`, `ambito`, `municipio_idmunicipio`)",VALUES (,"183,""Tomás Escobedo"",""R"",10",);
184,El Borrego (Pueblo Nuevo),R,10,,"INSERT INTO `mydb`.`localidades` (`idlocalidades`, `nombre_localidad`, `ambito`, `municipio_idmunicipio`)",VALUES (,"184,""El Borrego (Pueblo Nuevo)"",""R"",10",);
185,La Cabaña,R,10,,"INSERT INTO `mydb`.`localidades` (`idlocalidades`, `nombre_localidad`, `ambito`, `municipio_idmunicipio`)",VALUES (,"185,""La Cabaña"",""R"",10",);
187,Corralitos,R,10,,"INSERT INTO `mydb`.`localidades` (`idlocalidades`, `nombre_localidad`, `ambito`, `municipio_idmunicipio`)",VALUES (,"187,""Corralitos"",""R"",10",);
188,Enrique Martínez y Martínez,R,10,,"INSERT INTO `mydb`.`localidades` (`idlocalidades`, `nombre_localidad`, `ambito`, `municipio_idmunicipio`)",VALUES (,"188,""Enrique Martínez y Martínez"",""R"",10",);
189,San Isidro [Confinamiento Industrial],R,10,,"INSERT INTO `mydb`.`localidades` (`idlocalidades`, `nombre_localidad`, `ambito`, `municipio_idmunicipio`)",VALUES (,"189,""San Isidro [Confinamiento Industrial]"",""R"",10",);
191,Cuatro Caminos (La Hermosa),R,10,,"INSERT INTO `mydb`.`localidades` (`idlocalidades`, `nombre_localidad`, `ambito`, `municipio_idmunicipio`)",VALUES (,"191,""Cuatro Caminos (La Hermosa)"",""R"",10",);
192,Dámaso González Sánchez,R,10,,"INSERT INTO `mydb`.`localidades` (`idlocalidades`, `nombre_localidad`, `ambito`, `municipio_idmunicipio`)",VALUES (,"192,""Dámaso González Sánchez"",""R"",10",);
193,David Ramírez,R,10,,"INSERT INTO `mydb`.`localidades` (`idlocalidades`, `nombre_localidad`, `ambito`, `municipio_idmunicipio`)",VALUES (,"193,""David Ramírez"",""R"",10",);
194,Efraín Asís,R,10,,"INSERT INTO `mydb`.`localidades` (`idlocalidades`, `nombre_localidad`, `ambito`, `municipio_idmunicipio`)",VALUES (,"194,""Efraín Asís"",""R"",10",);
196,Erika Rocío Rendón Lara,R,10,,"INSERT INTO `mydb`.`localidades` (`idlocalidades`, `nombre_localidad`, `ambito`, `municipio_idmunicipio`)",VALUES (,"196,""Erika Rocío Rendón Lara"",""R"",10",);
197,Fidencio Martínez,R,10,,"INSERT INTO `mydb`.`localidades` (`idlocalidades`, `nombre_localidad`, `ambito`, `municipio_idmunicipio`)",VALUES (,"197,""Fidencio Martínez"",""R"",10",);
198,Fracción Ejidal Pozuelos de Abajo,R,10,,"INSERT INTO `mydb`.`localidades` (`idlocalidades`, `nombre_localidad`, `ambito`, `municipio_idmunicipio`)",VALUES (,"198,""Fracción Ejidal Pozuelos de Abajo"",""R"",10",);
199,Gonzalo Castillo Alvarado,R,10,,"INSERT INTO `mydb`.`localidades` (`idlocalidades`, `nombre_localidad`, `ambito`, `municipio_idmunicipio`)",VALUES (,"199,""Gonzalo Castillo Alvarado"",""R"",10",);
200,Guadalupe,R,10,,"INSERT INTO `mydb`.`localidades` (`idlocalidades`, `nombre_localidad`, `ambito`, `municipio_idmunicipio`)",VALUES (,"200,""Guadalupe"",""R"",10",);
201,Hermilo Ramos,R,10,,"INSERT INTO `mydb`.`localidades` (`idlocalidades`, `nombre_localidad`, `ambito`, `municipio_idmunicipio`)",VALUES (,"201,""Hermilo Ramos"",""R"",10",);
202,Candelario Jesús Martínez Pacheco,R,10,,"INSERT INTO `mydb`.`localidades` (`idlocalidades`, `nombre_localidad`, `ambito`, `municipio_idmunicipio`)",VALUES (,"202,""Candelario Jesús Martínez Pacheco"",""R"",10",);
203,Valle Verde (Álvarez Hernández),R,10,,"INSERT INTO `mydb`.`localidades` (`idlocalidades`, `nombre_localidad`, `ambito`, `municipio_idmunicipio`)",VALUES (,"203,""Valle Verde (Álvarez Hernández)"",""R"",10",);
204,Manuel Escobedo Arévalo,R,10,,"INSERT INTO `mydb`.`localidades` (`idlocalidades`, `nombre_localidad`, `ambito`, `municipio_idmunicipio`)",VALUES (,"204,""Manuel Escobedo Arévalo"",""R"",10",);
205,Arturo Reyes,R,10,,"INSERT INTO `mydb`.`localidades` (`idlocalidades`, `nombre_localidad`, `ambito`, `municipio_idmunicipio`)",VALUES (,"205,""Arturo Reyes"",""R"",10",);
206,La Mota (Nazario Escobedo),R,10,,"INSERT INTO `mydb`.`localidades` (`idlocalidades`, `nombre_localidad`, `ambito`, `municipio_idmunicipio`)",VALUES (,"206,""La Mota (Nazario Escobedo)"",""R"",10",);
209,Pedro Requena,R,10,,"INSERT INTO `mydb`.`localidades` (`idlocalidades`, `nombre_localidad`, `ambito`, `municipio_idmunicipio`)",VALUES (,"209,""Pedro Requena"",""R"",10",);
210,La Acerera [Planta de Transmisión de Radio],R,10,,"INSERT INTO `mydb`.`localidades` (`idlocalidades`, `nombre_localidad`, `ambito`, `municipio_idmunicipio`)",VALUES (,"210,""La Acerera [Planta de Transmisión de Radio]"",""R"",10",);
211,Quinta Nora Patricia,R,10,,"INSERT INTO `mydb`.`localidades` (`idlocalidades`, `nombre_localidad`, `ambito`, `municipio_idmunicipio`)",VALUES (,"211,""Quinta Nora Patricia"",""R"",10",);
212,Ramiro Castillo Guía,R,10,,"INSERT INTO `mydb`.`localidades` (`idlocalidades`, `nombre_localidad`, `ambito`, `municipio_idmunicipio`)",VALUES (,"212,""Ramiro Castillo Guía"",""R"",10",);
213,René Rivas Urbina,R,10,,"INSERT INTO `mydb`.`localidades` (`idlocalidades`, `nombre_localidad`, `ambito`, `municipio_idmunicipio`)",VALUES (,"213,""René Rivas Urbina"",""R"",10",);
214,El Retiro,R,10,,"INSERT INTO `mydb`.`localidades` (`idlocalidades`, `nombre_localidad`, `ambito`, `municipio_idmunicipio`)",VALUES (,"214,""El Retiro"",""R"",10",);
215,Los Rodríguez [Fraccionamiento Campestre],R,10,,"INSERT INTO `mydb`.`localidades` (`idlocalidades`, `nombre_localidad`, `ambito`, `municipio_idmunicipio`)",VALUES (,"215,""Los Rodríguez [Fraccionamiento Campestre]"",""R"",10",);
216,Santa Leticia,R,10,,"INSERT INTO `mydb`.`localidades` (`idlocalidades`, `nombre_localidad`, `ambito`, `municipio_idmunicipio`)",VALUES (,"216,""Santa Leticia"",""R"",10",);
218,Carlos Rodríguez,R,10,,"INSERT INTO `mydb`.`localidades` (`idlocalidades`, `nombre_localidad`, `ambito`, `municipio_idmunicipio`)",VALUES (,"218,""Carlos Rodríguez"",""R"",10",);
219,Los Juanes,R,10,,"INSERT INTO `mydb`.`localidades` (`idlocalidades`, `nombre_localidad`, `ambito`, `municipio_idmunicipio`)",VALUES (,"219,""Los Juanes"",""R"",10",);
221,Los Dávila,R,10,,"INSERT INTO `mydb`.`localidades` (`idlocalidades`, `nombre_localidad`, `ambito`, `municipio_idmunicipio`)",VALUES (,"221,""Los Dávila"",""R"",10",);
222,Ampliación la Cruz Tercer Sector,R,10,,"INSERT INTO `mydb`.`localidades` (`idlocalidades`, `nombre_localidad`, `ambito`, `municipio_idmunicipio`)",VALUES (,"222,""Ampliación la Cruz Tercer Sector"",""R"",10",);
223,Juana María Suarez Riojas,R,10,,"INSERT INTO `mydb`.`localidades` (`idlocalidades`, `nombre_localidad`, `ambito`, `municipio_idmunicipio`)",VALUES (,"223,""Juana María Suarez Riojas"",""R"",10",);
224,La Villita,R,10,,"INSERT INTO `mydb`.`localidades` (`idlocalidades`, `nombre_localidad`, `ambito`, `municipio_idmunicipio`)",VALUES (,"224,""La Villita"",""R"",10",);
226,Luis Gerardo Arocha González,R,10,,"INSERT INTO `mydb`.`localidades` (`idlocalidades`, `nombre_localidad`, `ambito`, `municipio_idmunicipio`)",VALUES (,"226,""Luis Gerardo Arocha González"",""R"",10",);
227,José Luis Garza del Toro,R,10,,"INSERT INTO `mydb`.`localidades` (`idlocalidades`, `nombre_localidad`, `ambito`, `municipio_idmunicipio`)",VALUES (,"227,""José Luis Garza del Toro"",""R"",10",);
228,El Paraíso (Ricardo Medrano),R,10,,"INSERT INTO `mydb`.`localidades` (`idlocalidades`, `nombre_localidad`, `ambito`, `municipio_idmunicipio`)",VALUES (,"228,""El Paraíso (Ricardo Medrano)"",""R"",10",);
229,El Vivero,R,10,,"INSERT INTO `mydb`.`localidades` (`idlocalidades`, `nombre_localidad`, `ambito`, `municipio_idmunicipio`)",VALUES (,"229,""El Vivero"",""R"",10",);
230,Jesús Mendoza,R,10,,"INSERT INTO `mydb`.`localidades` (`idlocalidades`, `nombre_localidad`, `ambito`, `municipio_idmunicipio`)",VALUES (,"230,""Jesús Mendoza"",""R"",10",);
231,Quinta Ángeles,R,10,,"INSERT INTO `mydb`.`localidades` (`idlocalidades`, `nombre_localidad`, `ambito`, `municipio_idmunicipio`)",VALUES (,"231,""Quinta Ángeles"",""R"",10",);
232,Rancho de la Pina (Raúl Montemayor Valdés),R,10,,"INSERT INTO `mydb`.`localidades` (`idlocalidades`, `nombre_localidad`, `ambito`, `municipio_idmunicipio`)",VALUES (,"232,""Rancho de la Pina (Raúl Montemayor Valdés)"",""R"",10",);
233,Escobar,R,10,,"INSERT INTO `mydb`.`localidades` (`idlocalidades`, `nombre_localidad`, `ambito`, `municipio_idmunicipio`)",VALUES (,"233,""Escobar"",""R"",10",);
234,Rancho 3 R,R,10,,"INSERT INTO `mydb`.`localidades` (`idlocalidades`, `nombre_localidad`, `ambito`, `municipio_idmunicipio`)",VALUES (,"234,""Rancho 3 R"",""R"",10",);
235,El Pequeño (Jesús Candelario Martínez Pacheco),R,10,,"INSERT INTO `mydb`.`localidades` (`idlocalidades`, `nombre_localidad`, `ambito`, `municipio_idmunicipio`)",VALUES (,"235,""El Pequeño (Jesús Candelario Martínez Pacheco)"",""R"",10",);
236,El Topo,R,10,,"INSERT INTO `mydb`.`localidades` (`idlocalidades`, `nombre_localidad`, `ambito`, `municipio_idmunicipio`)",VALUES (,"236,""El Topo"",""R"",10",);
237,Francisco Moncada,R,10,,"INSERT INTO `mydb`.`localidades` (`idlocalidades`, `nombre_localidad`, `ambito`, `municipio_idmunicipio`)",VALUES (,"237,""Francisco Moncada"",""R"",10",);
238,El Encanto (La Bandera),R,10,,"INSERT INTO `mydb`.`localidades` (`idlocalidades`, `nombre_localidad`, `ambito`, `municipio_idmunicipio`)",VALUES (,"238,""El Encanto (La Bandera)"",""R"",10",);
239,José Luis Rodríguez Vázquez,R,10,,"INSERT INTO `mydb`.`localidades` (`idlocalidades`, `nombre_localidad`, `ambito`, `municipio_idmunicipio`)",VALUES (,"239,""José Luis Rodríguez Vázquez"",""R"",10",);
240,El Trébol,R,10,,"INSERT INTO `mydb`.`localidades` (`idlocalidades`, `nombre_localidad`, `ambito`, `municipio_idmunicipio`)",VALUES (,"240,""El Trébol"",""R"",10",);
241,Monclova [Centro Ecuestre],R,10,,"INSERT INTO `mydb`.`localidades` (`idlocalidades`, `nombre_localidad`, `ambito`, `municipio_idmunicipio`)",VALUES (,"241,""Monclova [Centro Ecuestre]"",""R"",10",);
242,El Chupadero (Salvador Gutiérrez Flores),R,10,,"INSERT INTO `mydb`.`localidades` (`idlocalidades`, `nombre_localidad`, `ambito`, `municipio_idmunicipio`)",VALUES (,"242,""El Chupadero (Salvador Gutiérrez Flores)"",""R"",10",);
243,José Alberto Asís Calderón,R,10,,"INSERT INTO `mydb`.`localidades` (`idlocalidades`, `nombre_localidad`, `ambito`, `municipio_idmunicipio`)",VALUES (,"243,""José Alberto Asís Calderón"",""R"",10",);
244,Juan Sifuentes Rodríguez,R,10,,"INSERT INTO `mydb`.`localidades` (`idlocalidades`, `nombre_localidad`, `ambito`, `municipio_idmunicipio`)",VALUES (,"244,""Juan Sifuentes Rodríguez"",""R"",10",);
245,Juan Morín Duarte,R,10,,"INSERT INTO `mydb`.`localidades` (`idlocalidades`, `nombre_localidad`, `ambito`, `municipio_idmunicipio`)",VALUES (,"245,""Juan Morín Duarte"",""R"",10",);
246,Obdulia Dávila Gloria,R,10,,"INSERT INTO `mydb`.`localidades` (`idlocalidades`, `nombre_localidad`, `ambito`, `municipio_idmunicipio`)",VALUES (,"246,""Obdulia Dávila Gloria"",""R"",10",);
247,Elvia Martínez Guajardo,R,10,,"INSERT INTO `mydb`.`localidades` (`idlocalidades`, `nombre_localidad`, `ambito`, `municipio_idmunicipio`)",VALUES (,"247,""Elvia Martínez Guajardo"",""R"",10",);
248,Ramos Ranch (Carlos Ramos Reyes),R,10,,"INSERT INTO `mydb`.`localidades` (`idlocalidades`, `nombre_localidad`, `ambito`, `municipio_idmunicipio`)",VALUES (,"248,""Ramos Ranch (Carlos Ramos Reyes)"",""R"",10",);
249,El Paraíso (Héctor Ramón Samaniego Casarez),R,10,,"INSERT INTO `mydb`.`localidades` (`idlocalidades`, `nombre_localidad`, `ambito`, `municipio_idmunicipio`)",VALUES (,"249,""El Paraíso (Héctor Ramón Samaniego Casarez)"",""R"",10",);
250,Tres Potrillos,R,10,,"INSERT INTO `mydb`.`localidades` (`idlocalidades`, `nombre_localidad`, `ambito`, `municipio_idmunicipio`)",VALUES (,"250,""Tres Potrillos"",""R"",10",);
251,Santa Rosa,R,10,,"INSERT INTO `mydb`.`localidades` (`idlocalidades`, `nombre_localidad`, `ambito`, `municipio_idmunicipio`)",VALUES (,"251,""Santa Rosa"",""R"",10",);
252,Las Alazanas,R,10,,"INSERT INTO `mydb`.`localidades` (`idlocalidades`, `nombre_localidad`, `ambito`, `municipio_idmunicipio`)",VALUES (,"252,""Las Alazanas"",""R"",10",);
253,8 de Enero [Fraccionamiento Campestre],R,10,,"INSERT INTO `mydb`.`localidades` (`idlocalidades`, `nombre_localidad`, `ambito`, `municipio_idmunicipio`)",VALUES (,"253,""8 de Enero [Fraccionamiento Campestre]"",""R"",10",);
254,Santa Clara,R,10,,"INSERT INTO `mydb`.`localidades` (`idlocalidades`, `nombre_localidad`, `ambito`, `municipio_idmunicipio`)",VALUES (,"254,""Santa Clara"",""R"",10",);
255,Julia Elena Ortega García,R,10,,"INSERT INTO `mydb`.`localidades` (`idlocalidades`, `nombre_localidad`, `ambito`, `municipio_idmunicipio`)",VALUES (,"255,""Julia Elena Ortega García"",""R"",10",);
256,Cuatro Milpas,R,10,,"INSERT INTO `mydb`.`localidades` (`idlocalidades`, `nombre_localidad`, `ambito`, `municipio_idmunicipio`)",VALUES (,"256,""Cuatro Milpas"",""R"",10",);
257,Los Williamsón,R,10,,"INSERT INTO `mydb`.`localidades` (`idlocalidades`, `nombre_localidad`, `ambito`, `municipio_idmunicipio`)",VALUES (,"257,""Los Williamsón"",""R"",10",);
258,El Borrego,R,10,,"INSERT INTO `mydb`.`localidades` (`idlocalidades`, `nombre_localidad`, `ambito`, `municipio_idmunicipio`)",VALUES (,"258,""El Borrego"",""R"",10",);
259,La Morita,R,10,,"INSERT INTO `mydb`.`localidades` (`idlocalidades`, `nombre_localidad`, `ambito`, `municipio_idmunicipio`)",VALUES (,"259,""La Morita"",""R"",10",);
260,Elba Méndez de León,R,10,,"INSERT INTO `mydb`.`localidades` (`idlocalidades`, `nombre_localidad`, `ambito`, `municipio_idmunicipio`)",VALUES (,"260,""Elba Méndez de León"",""R"",10",);
261,Barajas,R,10,,"INSERT INTO `mydb`.`localidades` (`idlocalidades`, `nombre_localidad`, `ambito`, `municipio_idmunicipio`)",VALUES (,"261,""Barajas"",""R"",10",);
262,Sandra Luz Méndez González,R,10,,"INSERT INTO `mydb`.`localidades` (`idlocalidades`, `nombre_localidad`, `ambito`, `municipio_idmunicipio`)",VALUES (,"262,""Sandra Luz Méndez González"",""R"",10",);
263,Enrique Martel Sifuentes,R,10,,"INSERT INTO `mydb`.`localidades` (`idlocalidades`, `nombre_localidad`, `ambito`, `municipio_idmunicipio`)",VALUES (,"263,""Enrique Martel Sifuentes"",""R"",10",);
264,Eulalio Méndez González,R,10,,"INSERT INTO `mydb`.`localidades` (`idlocalidades`, `nombre_localidad`, `ambito`, `municipio_idmunicipio`)",VALUES (,"264,""Eulalio Méndez González"",""R"",10",);
265,Rodolfo González Méndez,R,10,,"INSERT INTO `mydb`.`localidades` (`idlocalidades`, `nombre_localidad`, `ambito`, `municipio_idmunicipio`)",VALUES (,"265,""Rodolfo González Méndez"",""R"",10",);
266,Juan Pablo Mata Estrada,R,10,,"INSERT INTO `mydb`.`localidades` (`idlocalidades`, `nombre_localidad`, `ambito`, `municipio_idmunicipio`)",VALUES (,"266,""Juan Pablo Mata Estrada"",""R"",10",);
267,Sagrado Corazón de Jesús,R,10,,"INSERT INTO `mydb`.`localidades` (`idlocalidades`, `nombre_localidad`, `ambito`, `municipio_idmunicipio`)",VALUES (,"267,""Sagrado Corazón de Jesús"",""R"",10",);
268,Petra Gaytán Orozco,R,10,,"INSERT INTO `mydb`.`localidades` (`idlocalidades`, `nombre_localidad`, `ambito`, `municipio_idmunicipio`)",VALUES (,"268,""Petra Gaytán Orozco"",""R"",10",);
269,Eduardo Gutiérrez Sánchez,R,10,,"INSERT INTO `mydb`.`localidades` (`idlocalidades`, `nombre_localidad`, `ambito`, `municipio_idmunicipio`)",VALUES (,"269,""Eduardo Gutiérrez Sánchez"",""R"",10",);
270,La Isla (Graciela Rodríguez Moreno),R,10,,"INSERT INTO `mydb`.`localidades` (`idlocalidades`, `nombre_localidad`, `ambito`, `municipio_idmunicipio`)",VALUES (,"270,""La Isla (Graciela Rodríguez Moreno)"",""R"",10",);
271,El Rosario,R,10,,"INSERT INTO `mydb`.`localidades` (`idlocalidades`, `nombre_localidad`, `ambito`, `municipio_idmunicipio`)",VALUES (,"271,""El Rosario"",""R"",10",);
272,Magdalena,R,10,,"INSERT INTO `mydb`.`localidades` (`idlocalidades`, `nombre_localidad`, `ambito`, `municipio_idmunicipio`)",VALUES (,"272,""Magdalena"",""R"",10",);
273,Vanesa Guerrero,R,10,,"INSERT INTO `mydb`.`localidades` (`idlocalidades`, `nombre_localidad`, `ambito`, `municipio_idmunicipio`)",VALUES (,"273,""Vanesa Guerrero"",""R"",10",);
274,Villas del Desierto,R,10,,"INSERT INTO `mydb`.`localidades` (`idlocalidades`, `nombre_localidad`, `ambito`, `municipio_idmunicipio`)",VALUES (,"274,""Villas del Desierto"",""R"",10",);
275,Los González,R,10,,"INSERT INTO `mydb`.`localidades` (`idlocalidades`, `nombre_localidad`, `ambito`, `municipio_idmunicipio`)",VALUES (,"275,""Los González"",""R"",10",);
276,Nacional de Acero,R,10,,"INSERT INTO `mydb`.`localidades` (`idlocalidades`, `nombre_localidad`, `ambito`, `municipio_idmunicipio`)",VALUES (,"276,""Nacional de Acero"",""R"",10",);
277,Camino a Pozuelos de Abajo,R,10,,"INSERT INTO `mydb`.`localidades` (`idlocalidades`, `nombre_localidad`, `ambito`, `municipio_idmunicipio`)",VALUES (,"277,""Camino a Pozuelos de Abajo"",""R"",10",);
278,Juan Manuel Escobedo Arévalo,R,10,,"INSERT INTO `mydb`.`localidades` (`idlocalidades`, `nombre_localidad`, `ambito`, `municipio_idmunicipio`)",VALUES (,"278,""Juan Manuel Escobedo Arévalo"",""R"",10",);
279,Jesús Mario Pérez Herrera,R,10,,"INSERT INTO `mydb`.`localidades` (`idlocalidades`, `nombre_localidad`, `ambito`, `municipio_idmunicipio`)",VALUES (,"279,""Jesús Mario Pérez Herrera"",""R"",10",);
280,El Jicote,R,10,,"INSERT INTO `mydb`.`localidades` (`idlocalidades`, `nombre_localidad`, `ambito`, `municipio_idmunicipio`)",VALUES (,"280,""El Jicote"",""R"",10",);
281,Martín Reyes,R,10,,"INSERT INTO `mydb`.`localidades` (`idlocalidades`, `nombre_localidad`, `ambito`, `municipio_idmunicipio`)",VALUES (,"281,""Martín Reyes"",""R"",10",);
282,Villasana Montemayor,R,10,,"INSERT INTO `mydb`.`localidades` (`idlocalidades`, `nombre_localidad`, `ambito`, `municipio_idmunicipio`)",VALUES (,"282,""Villasana Montemayor"",""R"",10",);
283,Gerardo Barajas Rodríguez,R,10,,"INSERT INTO `mydb`.`localidades` (`idlocalidades`, `nombre_localidad`, `ambito`, `municipio_idmunicipio`)",VALUES (,"283,""Gerardo Barajas Rodríguez"",""R"",10",);
284,Coahuiltecos [Fraccionamiento Campestre],R,10,,"INSERT INTO `mydb`.`localidades` (`idlocalidades`, `nombre_localidad`, `ambito`, `municipio_idmunicipio`)",VALUES (,"284,""Coahuiltecos [Fraccionamiento Campestre]"",""R"",10",);
285,Sandra Márquez,R,10,,"INSERT INTO `mydb`.`localidades` (`idlocalidades`, `nombre_localidad`, `ambito`, `municipio_idmunicipio`)",VALUES (,"285,""Sandra Márquez"",""R"",10",);
286,La Quinta,R,10,,"INSERT INTO `mydb`.`localidades` (`idlocalidades`, `nombre_localidad`, `ambito`, `municipio_idmunicipio`)",VALUES (,"286,""La Quinta"",""R"",10",);
287,Las Cruces [Fraccionamiento Campestre],R,10,,"INSERT INTO `mydb`.`localidades` (`idlocalidades`, `nombre_localidad`, `ambito`, `municipio_idmunicipio`)",VALUES (,"287,""Las Cruces [Fraccionamiento Campestre]"",""R"",10",);
288,José Ernesto González,R,10,,"INSERT INTO `mydb`.`localidades` (`idlocalidades`, `nombre_localidad`, `ambito`, `municipio_idmunicipio`)",VALUES (,"288,""José Ernesto González"",""R"",10",);
289,Victoria [Granja],R,10,,"INSERT INTO `mydb`.`localidades` (`idlocalidades`, `nombre_localidad`, `ambito`, `municipio_idmunicipio`)",VALUES (,"289,""Victoria [Granja]"",""R"",10",);
