CVE_LOC,NOM_LOC,AMBITO,CVE_MUN,,,,,
1,Nadadores,U,21,,"INSERT INTO `mydb`.`localidades` (`idlocalidades`, `nombre_localidad`, `ambito`, `municipio_idmunicipio`)",VALUES (,"1,""Nadadores"",""U"",21",);
2,Villa de Bucareli (La Villita),R,21,,"INSERT INTO `mydb`.`localidades` (`idlocalidades`, `nombre_localidad`, `ambito`, `municipio_idmunicipio`)",VALUES (,"2,""Villa de Bucareli (La Villita)"",""R"",21",);
3,Las Flores (Estación Celemania),R,21,,"INSERT INTO `mydb`.`localidades` (`idlocalidades`, `nombre_localidad`, `ambito`, `municipio_idmunicipio`)",VALUES (,"3,""Las Flores (Estación Celemania)"",""R"",21",);
4,El Gato,R,21,,"INSERT INTO `mydb`.`localidades` (`idlocalidades`, `nombre_localidad`, `ambito`, `municipio_idmunicipio`)",VALUES (,"4,""El Gato"",""R"",21",);
6,San Isidro (El Coyote),R,21,,"INSERT INTO `mydb`.`localidades` (`idlocalidades`, `nombre_localidad`, `ambito`, `municipio_idmunicipio`)",VALUES (,"6,""San Isidro (El Coyote)"",""R"",21",);
7,San José del Águila,R,21,,"INSERT INTO `mydb`.`localidades` (`idlocalidades`, `nombre_localidad`, `ambito`, `municipio_idmunicipio`)",VALUES (,"7,""San José del Águila"",""R"",21",);
9,Nuevo Poblado de Sardinas,R,21,,"INSERT INTO `mydb`.`localidades` (`idlocalidades`, `nombre_localidad`, `ambito`, `municipio_idmunicipio`)",VALUES (,"9,""Nuevo Poblado de Sardinas"",""R"",21",);
10,Trincheras,R,21,,"INSERT INTO `mydb`.`localidades` (`idlocalidades`, `nombre_localidad`, `ambito`, `municipio_idmunicipio`)",VALUES (,"10,""Trincheras"",""R"",21",);
11,Villa de Nadadores,R,21,,"INSERT INTO `mydb`.`localidades` (`idlocalidades`, `nombre_localidad`, `ambito`, `municipio_idmunicipio`)",VALUES (,"11,""Villa de Nadadores"",""R"",21",);
12,Santiago y Paso de la Morita,R,21,,"INSERT INTO `mydb`.`localidades` (`idlocalidades`, `nombre_localidad`, `ambito`, `municipio_idmunicipio`)",VALUES (,"12,""Santiago y Paso de la Morita"",""R"",21",);
14,Nuevo Poblado de Nadadores (El Huizachal),R,21,,"INSERT INTO `mydb`.`localidades` (`idlocalidades`, `nombre_localidad`, `ambito`, `municipio_idmunicipio`)",VALUES (,"14,""Nuevo Poblado de Nadadores (El Huizachal)"",""R"",21",);
18,Doble J.J,R,21,,"INSERT INTO `mydb`.`localidades` (`idlocalidades`, `nombre_localidad`, `ambito`, `municipio_idmunicipio`)",VALUES (,"18,""Doble J.J"",""R"",21",);
19,Alfredo V. Bonfil,R,21,,"INSERT INTO `mydb`.`localidades` (`idlocalidades`, `nombre_localidad`, `ambito`, `municipio_idmunicipio`)",VALUES (,"19,""Alfredo V. Bonfil"",""R"",21",);
20,El Cristal,R,21,,"INSERT INTO `mydb`.`localidades` (`idlocalidades`, `nombre_localidad`, `ambito`, `municipio_idmunicipio`)",VALUES (,"20,""El Cristal"",""R"",21",);
24,San Jorge,R,21,,"INSERT INTO `mydb`.`localidades` (`idlocalidades`, `nombre_localidad`, `ambito`, `municipio_idmunicipio`)",VALUES (,"24,""San Jorge"",""R"",21",);
25,La Mariposa,R,21,,"INSERT INTO `mydb`.`localidades` (`idlocalidades`, `nombre_localidad`, `ambito`, `municipio_idmunicipio`)",VALUES (,"25,""La Mariposa"",""R"",21",);
26,El Divisadero,R,21,,"INSERT INTO `mydb`.`localidades` (`idlocalidades`, `nombre_localidad`, `ambito`, `municipio_idmunicipio`)",VALUES (,"26,""El Divisadero"",""R"",21",);
27,El Pilote de los Ébanos,R,21,,"INSERT INTO `mydb`.`localidades` (`idlocalidades`, `nombre_localidad`, `ambito`, `municipio_idmunicipio`)",VALUES (,"27,""El Pilote de los Ébanos"",""R"",21",);
28,Guadalupe de la Fuente,R,21,,"INSERT INTO `mydb`.`localidades` (`idlocalidades`, `nombre_localidad`, `ambito`, `municipio_idmunicipio`)",VALUES (,"28,""Guadalupe de la Fuente"",""R"",21",);
30,Los Agraristas,R,21,,"INSERT INTO `mydb`.`localidades` (`idlocalidades`, `nombre_localidad`, `ambito`, `municipio_idmunicipio`)",VALUES (,"30,""Los Agraristas"",""R"",21",);
31,La Miseria,R,21,,"INSERT INTO `mydb`.`localidades` (`idlocalidades`, `nombre_localidad`, `ambito`, `municipio_idmunicipio`)",VALUES (,"31,""La Miseria"",""R"",21",);
33,Los Peña,R,21,,"INSERT INTO `mydb`.`localidades` (`idlocalidades`, `nombre_localidad`, `ambito`, `municipio_idmunicipio`)",VALUES (,"33,""Los Peña"",""R"",21",);
35,Antonio Rivera,R,21,,"INSERT INTO `mydb`.`localidades` (`idlocalidades`, `nombre_localidad`, `ambito`, `municipio_idmunicipio`)",VALUES (,"35,""Antonio Rivera"",""R"",21",);
36,La Estación (Jesús Armando Verduzco González),R,21,,"INSERT INTO `mydb`.`localidades` (`idlocalidades`, `nombre_localidad`, `ambito`, `municipio_idmunicipio`)",VALUES (,"36,""La Estación (Jesús Armando Verduzco González)"",""R"",21",);
38,El Cubiate,R,21,,"INSERT INTO `mydb`.`localidades` (`idlocalidades`, `nombre_localidad`, `ambito`, `municipio_idmunicipio`)",VALUES (,"38,""El Cubiate"",""R"",21",);
40,Miguel A. Hernández S. (El Gringo),R,21,,"INSERT INTO `mydb`.`localidades` (`idlocalidades`, `nombre_localidad`, `ambito`, `municipio_idmunicipio`)",VALUES (,"40,""Miguel A. Hernández S. (El Gringo)"",""R"",21",);
42,La Reyna,R,21,,"INSERT INTO `mydb`.`localidades` (`idlocalidades`, `nombre_localidad`, `ambito`, `municipio_idmunicipio`)",VALUES (,"42,""La Reyna"",""R"",21",);
43,El Yonque,R,21,,"INSERT INTO `mydb`.`localidades` (`idlocalidades`, `nombre_localidad`, `ambito`, `municipio_idmunicipio`)",VALUES (,"43,""El Yonque"",""R"",21",);
52,Ulises Guevara,R,21,,"INSERT INTO `mydb`.`localidades` (`idlocalidades`, `nombre_localidad`, `ambito`, `municipio_idmunicipio`)",VALUES (,"52,""Ulises Guevara"",""R"",21",);
54,Los Verduzco,R,21,,"INSERT INTO `mydb`.`localidades` (`idlocalidades`, `nombre_localidad`, `ambito`, `municipio_idmunicipio`)",VALUES (,"54,""Los Verduzco"",""R"",21",);
55,Oscar González Prieto,R,21,,"INSERT INTO `mydb`.`localidades` (`idlocalidades`, `nombre_localidad`, `ambito`, `municipio_idmunicipio`)",VALUES (,"55,""Oscar González Prieto"",""R"",21",);
56,David García (La Compra),R,21,,"INSERT INTO `mydb`.`localidades` (`idlocalidades`, `nombre_localidad`, `ambito`, `municipio_idmunicipio`)",VALUES (,"56,""David García (La Compra)"",""R"",21",);
57,Antonio Chavarría Ramírez,R,21,,"INSERT INTO `mydb`.`localidades` (`idlocalidades`, `nombre_localidad`, `ambito`, `municipio_idmunicipio`)",VALUES (,"57,""Antonio Chavarría Ramírez"",""R"",21",);
58,Juan Francisco González,R,21,,"INSERT INTO `mydb`.`localidades` (`idlocalidades`, `nombre_localidad`, `ambito`, `municipio_idmunicipio`)",VALUES (,"58,""Juan Francisco González"",""R"",21",);
59,Gustavo Salazar Tijerina (El Gato),R,21,,"INSERT INTO `mydb`.`localidades` (`idlocalidades`, `nombre_localidad`, `ambito`, `municipio_idmunicipio`)",VALUES (,"59,""Gustavo Salazar Tijerina (El Gato)"",""R"",21",);
61,Doctor Daniel,R,21,,"INSERT INTO `mydb`.`localidades` (`idlocalidades`, `nombre_localidad`, `ambito`, `municipio_idmunicipio`)",VALUES (,"61,""Doctor Daniel"",""R"",21",);
62,Jesús Rodríguez,R,21,,"INSERT INTO `mydb`.`localidades` (`idlocalidades`, `nombre_localidad`, `ambito`, `municipio_idmunicipio`)",VALUES (,"62,""Jesús Rodríguez"",""R"",21",);
65,Armando Peralta Salazar,R,21,,"INSERT INTO `mydb`.`localidades` (`idlocalidades`, `nombre_localidad`, `ambito`, `municipio_idmunicipio`)",VALUES (,"65,""Armando Peralta Salazar"",""R"",21",);
66,Humberto Figueroa Padrón (Galindo),R,21,,"INSERT INTO `mydb`.`localidades` (`idlocalidades`, `nombre_localidad`, `ambito`, `municipio_idmunicipio`)",VALUES (,"66,""Humberto Figueroa Padrón (Galindo)"",""R"",21",);
67,Manuel Loyola de los Santos,R,21,,"INSERT INTO `mydb`.`localidades` (`idlocalidades`, `nombre_localidad`, `ambito`, `municipio_idmunicipio`)",VALUES (,"67,""Manuel Loyola de los Santos"",""R"",21",);
69,Alfredo Puentes,R,21,,"INSERT INTO `mydb`.`localidades` (`idlocalidades`, `nombre_localidad`, `ambito`, `municipio_idmunicipio`)",VALUES (,"69,""Alfredo Puentes"",""R"",21",);
71,Fidencio Trinidad Rodríguez,R,21,,"INSERT INTO `mydb`.`localidades` (`idlocalidades`, `nombre_localidad`, `ambito`, `municipio_idmunicipio`)",VALUES (,"71,""Fidencio Trinidad Rodríguez"",""R"",21",);
72,San Fernando,R,21,,"INSERT INTO `mydb`.`localidades` (`idlocalidades`, `nombre_localidad`, `ambito`, `municipio_idmunicipio`)",VALUES (,"72,""San Fernando"",""R"",21",);
73,El León (Miguel Falcón Villarreal),R,21,,"INSERT INTO `mydb`.`localidades` (`idlocalidades`, `nombre_localidad`, `ambito`, `municipio_idmunicipio`)",VALUES (,"73,""El León (Miguel Falcón Villarreal)"",""R"",21",);
74,Las Monas,R,21,,"INSERT INTO `mydb`.`localidades` (`idlocalidades`, `nombre_localidad`, `ambito`, `municipio_idmunicipio`)",VALUES (,"74,""Las Monas"",""R"",21",);
76,El Cautivo,R,21,,"INSERT INTO `mydb`.`localidades` (`idlocalidades`, `nombre_localidad`, `ambito`, `municipio_idmunicipio`)",VALUES (,"76,""El Cautivo"",""R"",21",);
77,La Puerta (La Puerta de Terreros),R,21,,"INSERT INTO `mydb`.`localidades` (`idlocalidades`, `nombre_localidad`, `ambito`, `municipio_idmunicipio`)",VALUES (,"77,""La Puerta (La Puerta de Terreros)"",""R"",21",);
79,El Pino,R,21,,"INSERT INTO `mydb`.`localidades` (`idlocalidades`, `nombre_localidad`, `ambito`, `municipio_idmunicipio`)",VALUES (,"79,""El Pino"",""R"",21",);
80,San Matías (Sal si Puedes),R,21,,"INSERT INTO `mydb`.`localidades` (`idlocalidades`, `nombre_localidad`, `ambito`, `municipio_idmunicipio`)",VALUES (,"80,""San Matías (Sal si Puedes)"",""R"",21",);
81,Terreros,R,21,,"INSERT INTO `mydb`.`localidades` (`idlocalidades`, `nombre_localidad`, `ambito`, `municipio_idmunicipio`)",VALUES (,"81,""Terreros"",""R"",21",);
82,Cañón de los Cedros,R,21,,"INSERT INTO `mydb`.`localidades` (`idlocalidades`, `nombre_localidad`, `ambito`, `municipio_idmunicipio`)",VALUES (,"82,""Cañón de los Cedros"",""R"",21",);
83,Francisco Rodríguez,R,21,,"INSERT INTO `mydb`.`localidades` (`idlocalidades`, `nombre_localidad`, `ambito`, `municipio_idmunicipio`)",VALUES (,"83,""Francisco Rodríguez"",""R"",21",);
84,San Fernando,R,21,,"INSERT INTO `mydb`.`localidades` (`idlocalidades`, `nombre_localidad`, `ambito`, `municipio_idmunicipio`)",VALUES (,"84,""San Fernando"",""R"",21",);
87,Las Dos Cruces,R,21,,"INSERT INTO `mydb`.`localidades` (`idlocalidades`, `nombre_localidad`, `ambito`, `municipio_idmunicipio`)",VALUES (,"87,""Las Dos Cruces"",""R"",21",);
89,Colonia California,R,21,,"INSERT INTO `mydb`.`localidades` (`idlocalidades`, `nombre_localidad`, `ambito`, `municipio_idmunicipio`)",VALUES (,"89,""Colonia California"",""R"",21",);
90,El Cedral,R,21,,"INSERT INTO `mydb`.`localidades` (`idlocalidades`, `nombre_localidad`, `ambito`, `municipio_idmunicipio`)",VALUES (,"90,""El Cedral"",""R"",21",);
91,El Cedral,R,21,,"INSERT INTO `mydb`.`localidades` (`idlocalidades`, `nombre_localidad`, `ambito`, `municipio_idmunicipio`)",VALUES (,"91,""El Cedral"",""R"",21",);
93,Zenzontle,R,21,,"INSERT INTO `mydb`.`localidades` (`idlocalidades`, `nombre_localidad`, `ambito`, `municipio_idmunicipio`)",VALUES (,"93,""Zenzontle"",""R"",21",);
96,El Vampiro,R,21,,"INSERT INTO `mydb`.`localidades` (`idlocalidades`, `nombre_localidad`, `ambito`, `municipio_idmunicipio`)",VALUES (,"96,""El Vampiro"",""R"",21",);
101,El Recreo,R,21,,"INSERT INTO `mydb`.`localidades` (`idlocalidades`, `nombre_localidad`, `ambito`, `municipio_idmunicipio`)",VALUES (,"101,""El Recreo"",""R"",21",);
102,Víctor Olegario de Hoyos,R,21,,"INSERT INTO `mydb`.`localidades` (`idlocalidades`, `nombre_localidad`, `ambito`, `municipio_idmunicipio`)",VALUES (,"102,""Víctor Olegario de Hoyos"",""R"",21",);
108,José Guadalupe Gutiérrez,R,21,,"INSERT INTO `mydb`.`localidades` (`idlocalidades`, `nombre_localidad`, `ambito`, `municipio_idmunicipio`)",VALUES (,"108,""José Guadalupe Gutiérrez"",""R"",21",);
109,Telémaco Zertuche,R,21,,"INSERT INTO `mydb`.`localidades` (`idlocalidades`, `nombre_localidad`, `ambito`, `municipio_idmunicipio`)",VALUES (,"109,""Telémaco Zertuche"",""R"",21",);
110,Don Severo [Fraccionamiento Campestre],R,21,,"INSERT INTO `mydb`.`localidades` (`idlocalidades`, `nombre_localidad`, `ambito`, `municipio_idmunicipio`)",VALUES (,"110,""Don Severo [Fraccionamiento Campestre]"",""R"",21",);
111,Rosendo Franco,R,21,,"INSERT INTO `mydb`.`localidades` (`idlocalidades`, `nombre_localidad`, `ambito`, `municipio_idmunicipio`)",VALUES (,"111,""Rosendo Franco"",""R"",21",);
112,Los Laureles,R,21,,"INSERT INTO `mydb`.`localidades` (`idlocalidades`, `nombre_localidad`, `ambito`, `municipio_idmunicipio`)",VALUES (,"112,""Los Laureles"",""R"",21",);
113,El Corralejo,R,21,,"INSERT INTO `mydb`.`localidades` (`idlocalidades`, `nombre_localidad`, `ambito`, `municipio_idmunicipio`)",VALUES (,"113,""El Corralejo"",""R"",21",);
114,Guadalupe Villarreal,R,21,,"INSERT INTO `mydb`.`localidades` (`idlocalidades`, `nombre_localidad`, `ambito`, `municipio_idmunicipio`)",VALUES (,"114,""Guadalupe Villarreal"",""R"",21",);
115,Los Cobas,R,21,,"INSERT INTO `mydb`.`localidades` (`idlocalidades`, `nombre_localidad`, `ambito`, `municipio_idmunicipio`)",VALUES (,"115,""Los Cobas"",""R"",21",);
116,El Indio,R,21,,"INSERT INTO `mydb`.`localidades` (`idlocalidades`, `nombre_localidad`, `ambito`, `municipio_idmunicipio`)",VALUES (,"116,""El Indio"",""R"",21",);
117,León,R,21,,"INSERT INTO `mydb`.`localidades` (`idlocalidades`, `nombre_localidad`, `ambito`, `municipio_idmunicipio`)",VALUES (,"117,""León"",""R"",21",);
118,Las Dos Cabras,R,21,,"INSERT INTO `mydb`.`localidades` (`idlocalidades`, `nombre_localidad`, `ambito`, `municipio_idmunicipio`)",VALUES (,"118,""Las Dos Cabras"",""R"",21",);
119,Las Camposano (Juan Manuel Camposano),R,21,,"INSERT INTO `mydb`.`localidades` (`idlocalidades`, `nombre_localidad`, `ambito`, `municipio_idmunicipio`)",VALUES (,"119,""Las Camposano (Juan Manuel Camposano)"",""R"",21",);
120,Marcelino Adame,R,21,,"INSERT INTO `mydb`.`localidades` (`idlocalidades`, `nombre_localidad`, `ambito`, `municipio_idmunicipio`)",VALUES (,"120,""Marcelino Adame"",""R"",21",);
121,El Terreno,R,21,,"INSERT INTO `mydb`.`localidades` (`idlocalidades`, `nombre_localidad`, `ambito`, `municipio_idmunicipio`)",VALUES (,"121,""El Terreno"",""R"",21",);
122,Cuauhtémoc Rivera,R,21,,"INSERT INTO `mydb`.`localidades` (`idlocalidades`, `nombre_localidad`, `ambito`, `municipio_idmunicipio`)",VALUES (,"122,""Cuauhtémoc Rivera"",""R"",21",);
124,El Cedral lll (Domingo Peña Martínez),R,21,,"INSERT INTO `mydb`.`localidades` (`idlocalidades`, `nombre_localidad`, `ambito`, `municipio_idmunicipio`)",VALUES (,"124,""El Cedral lll (Domingo Peña Martínez)"",""R"",21",);
125,El Establo,R,21,,"INSERT INTO `mydb`.`localidades` (`idlocalidades`, `nombre_localidad`, `ambito`, `municipio_idmunicipio`)",VALUES (,"125,""El Establo"",""R"",21",);
128,Mario Reyes,R,21,,"INSERT INTO `mydb`.`localidades` (`idlocalidades`, `nombre_localidad`, `ambito`, `municipio_idmunicipio`)",VALUES (,"128,""Mario Reyes"",""R"",21",);
129,Gustavo Tobías,R,21,,"INSERT INTO `mydb`.`localidades` (`idlocalidades`, `nombre_localidad`, `ambito`, `municipio_idmunicipio`)",VALUES (,"129,""Gustavo Tobías"",""R"",21",);
131,Israel,R,21,,"INSERT INTO `mydb`.`localidades` (`idlocalidades`, `nombre_localidad`, `ambito`, `municipio_idmunicipio`)",VALUES (,"131,""Israel"",""R"",21",);
132,Los Cibrián,R,21,,"INSERT INTO `mydb`.`localidades` (`idlocalidades`, `nombre_localidad`, `ambito`, `municipio_idmunicipio`)",VALUES (,"132,""Los Cibrián"",""R"",21",);
133,San José,R,21,,"INSERT INTO `mydb`.`localidades` (`idlocalidades`, `nombre_localidad`, `ambito`, `municipio_idmunicipio`)",VALUES (,"133,""San José"",""R"",21",);
134,La Gloria (Ariel Falcón González),R,21,,"INSERT INTO `mydb`.`localidades` (`idlocalidades`, `nombre_localidad`, `ambito`, `municipio_idmunicipio`)",VALUES (,"134,""La Gloria (Ariel Falcón González)"",""R"",21",);
135,Colonia Reforma,R,21,,"INSERT INTO `mydb`.`localidades` (`idlocalidades`, `nombre_localidad`, `ambito`, `municipio_idmunicipio`)",VALUES (,"135,""Colonia Reforma"",""R"",21",);
136,El Zertuche [Fraccionamiento Campestre],R,21,,"INSERT INTO `mydb`.`localidades` (`idlocalidades`, `nombre_localidad`, `ambito`, `municipio_idmunicipio`)",VALUES (,"136,""El Zertuche [Fraccionamiento Campestre]"",""R"",21",);
137,Valle de San Juan,R,21,,"INSERT INTO `mydb`.`localidades` (`idlocalidades`, `nombre_localidad`, `ambito`, `municipio_idmunicipio`)",VALUES (,"137,""Valle de San Juan"",""R"",21",);
138,El Tejón,R,21,,"INSERT INTO `mydb`.`localidades` (`idlocalidades`, `nombre_localidad`, `ambito`, `municipio_idmunicipio`)",VALUES (,"138,""El Tejón"",""R"",21",);
139,El Girasol,R,21,,"INSERT INTO `mydb`.`localidades` (`idlocalidades`, `nombre_localidad`, `ambito`, `municipio_idmunicipio`)",VALUES (,"139,""El Girasol"",""R"",21",);
140,Lorino (José Luis Escalante Izaguirre),R,21,,"INSERT INTO `mydb`.`localidades` (`idlocalidades`, `nombre_localidad`, `ambito`, `municipio_idmunicipio`)",VALUES (,"140,""Lorino (José Luis Escalante Izaguirre)"",""R"",21",);
141,Los Ontiveros,R,21,,"INSERT INTO `mydb`.`localidades` (`idlocalidades`, `nombre_localidad`, `ambito`, `municipio_idmunicipio`)",VALUES (,"141,""Los Ontiveros"",""R"",21",);
142,Pakán,R,21,,"INSERT INTO `mydb`.`localidades` (`idlocalidades`, `nombre_localidad`, `ambito`, `municipio_idmunicipio`)",VALUES (,"142,""Pakán"",""R"",21",);
143,Guadalupe,R,21,,"INSERT INTO `mydb`.`localidades` (`idlocalidades`, `nombre_localidad`, `ambito`, `municipio_idmunicipio`)",VALUES (,"143,""Guadalupe"",""R"",21",);
144,El Vergel,R,21,,"INSERT INTO `mydb`.`localidades` (`idlocalidades`, `nombre_localidad`, `ambito`, `municipio_idmunicipio`)",VALUES (,"144,""El Vergel"",""R"",21",);
145,Ariel Falcón González,R,21,,"INSERT INTO `mydb`.`localidades` (`idlocalidades`, `nombre_localidad`, `ambito`, `municipio_idmunicipio`)",VALUES (,"145,""Ariel Falcón González"",""R"",21",);
146,Abelardo Villarreal Garza,R,21,,"INSERT INTO `mydb`.`localidades` (`idlocalidades`, `nombre_localidad`, `ambito`, `municipio_idmunicipio`)",VALUES (,"146,""Abelardo Villarreal Garza"",""R"",21",);
147,Indalecio Garza,R,21,,"INSERT INTO `mydb`.`localidades` (`idlocalidades`, `nombre_localidad`, `ambito`, `municipio_idmunicipio`)",VALUES (,"147,""Indalecio Garza"",""R"",21",);
148,Marco Antonio Rodríguez,R,21,,"INSERT INTO `mydb`.`localidades` (`idlocalidades`, `nombre_localidad`, `ambito`, `municipio_idmunicipio`)",VALUES (,"148,""Marco Antonio Rodríguez"",""R"",21",);
149,Antonio Ballesteros Verduzco,R,21,,"INSERT INTO `mydb`.`localidades` (`idlocalidades`, `nombre_localidad`, `ambito`, `municipio_idmunicipio`)",VALUES (,"149,""Antonio Ballesteros Verduzco"",""R"",21",);
150,Cruz y Colón,R,21,,"INSERT INTO `mydb`.`localidades` (`idlocalidades`, `nombre_localidad`, `ambito`, `municipio_idmunicipio`)",VALUES (,"150,""Cruz y Colón"",""R"",21",);
151,Los Ayaguiles,R,21,,"INSERT INTO `mydb`.`localidades` (`idlocalidades`, `nombre_localidad`, `ambito`, `municipio_idmunicipio`)",VALUES (,"151,""Los Ayaguiles"",""R"",21",);
152,Los Caramboles,R,21,,"INSERT INTO `mydb`.`localidades` (`idlocalidades`, `nombre_localidad`, `ambito`, `municipio_idmunicipio`)",VALUES (,"152,""Los Caramboles"",""R"",21",);
153,Las Hadas,R,21,,"INSERT INTO `mydb`.`localidades` (`idlocalidades`, `nombre_localidad`, `ambito`, `municipio_idmunicipio`)",VALUES (,"153,""Las Hadas"",""R"",21",);
154,Los Iruegas,R,21,,"INSERT INTO `mydb`.`localidades` (`idlocalidades`, `nombre_localidad`, `ambito`, `municipio_idmunicipio`)",VALUES (,"154,""Los Iruegas"",""R"",21",);
155,Rubén de León,R,21,,"INSERT INTO `mydb`.`localidades` (`idlocalidades`, `nombre_localidad`, `ambito`, `municipio_idmunicipio`)",VALUES (,"155,""Rubén de León"",""R"",21",);
156,Los Alamillos,R,21,,"INSERT INTO `mydb`.`localidades` (`idlocalidades`, `nombre_localidad`, `ambito`, `municipio_idmunicipio`)",VALUES (,"156,""Los Alamillos"",""R"",21",);
157,Minerva Peña,R,21,,"INSERT INTO `mydb`.`localidades` (`idlocalidades`, `nombre_localidad`, `ambito`, `municipio_idmunicipio`)",VALUES (,"157,""Minerva Peña"",""R"",21",);
158,Progreso,R,21,,"INSERT INTO `mydb`.`localidades` (`idlocalidades`, `nombre_localidad`, `ambito`, `municipio_idmunicipio`)",VALUES (,"158,""Progreso"",""R"",21",);
159,Raúl González,R,21,,"INSERT INTO `mydb`.`localidades` (`idlocalidades`, `nombre_localidad`, `ambito`, `municipio_idmunicipio`)",VALUES (,"159,""Raúl González"",""R"",21",);
160,El Cedral,R,21,,"INSERT INTO `mydb`.`localidades` (`idlocalidades`, `nombre_localidad`, `ambito`, `municipio_idmunicipio`)",VALUES (,"160,""El Cedral"",""R"",21",);
161,Ernesto Cerracino Zertuche,R,21,,"INSERT INTO `mydb`.`localidades` (`idlocalidades`, `nombre_localidad`, `ambito`, `municipio_idmunicipio`)",VALUES (,"161,""Ernesto Cerracino Zertuche"",""R"",21",);
162,Las Cinco Reinas,R,21,,"INSERT INTO `mydb`.`localidades` (`idlocalidades`, `nombre_localidad`, `ambito`, `municipio_idmunicipio`)",VALUES (,"162,""Las Cinco Reinas"",""R"",21",);
163,San José del Águila,R,21,,"INSERT INTO `mydb`.`localidades` (`idlocalidades`, `nombre_localidad`, `ambito`, `municipio_idmunicipio`)",VALUES (,"163,""San José del Águila"",""R"",21",);
164,Las Ilusiones,R,21,,"INSERT INTO `mydb`.`localidades` (`idlocalidades`, `nombre_localidad`, `ambito`, `municipio_idmunicipio`)",VALUES (,"164,""Las Ilusiones"",""R"",21",);
165,Doña Mary,R,21,,"INSERT INTO `mydb`.`localidades` (`idlocalidades`, `nombre_localidad`, `ambito`, `municipio_idmunicipio`)",VALUES (,"165,""Doña Mary"",""R"",21",);
166,Antonio Pérez Torres,R,21,,"INSERT INTO `mydb`.`localidades` (`idlocalidades`, `nombre_localidad`, `ambito`, `municipio_idmunicipio`)",VALUES (,"166,""Antonio Pérez Torres"",""R"",21",);
167,Carlos Sánchez,R,21,,"INSERT INTO `mydb`.`localidades` (`idlocalidades`, `nombre_localidad`, `ambito`, `municipio_idmunicipio`)",VALUES (,"167,""Carlos Sánchez"",""R"",21",);
168,Osvaldo Castro Hernández,R,21,,"INSERT INTO `mydb`.`localidades` (`idlocalidades`, `nombre_localidad`, `ambito`, `municipio_idmunicipio`)",VALUES (,"168,""Osvaldo Castro Hernández"",""R"",21",);
169,El Doctor,R,21,,"INSERT INTO `mydb`.`localidades` (`idlocalidades`, `nombre_localidad`, `ambito`, `municipio_idmunicipio`)",VALUES (,"169,""El Doctor"",""R"",21",);
170,Enrique Ayala Quintanilla,R,21,,"INSERT INTO `mydb`.`localidades` (`idlocalidades`, `nombre_localidad`, `ambito`, `municipio_idmunicipio`)",VALUES (,"170,""Enrique Ayala Quintanilla"",""R"",21",);
