CVE_LOC,NOM_LOC,AMBITO,CVE_MUN,,,,,
1,Piedras Negras,U,25,,"INSERT INTO `mydb`.`localidades` (`idlocalidades`, `nombre_localidad`, `ambito`, `municipio_idmunicipio`)",VALUES (,"1,""Piedras Negras"",""U"",25",);
2,El Centinela,R,25,,"INSERT INTO `mydb`.`localidades` (`idlocalidades`, `nombre_localidad`, `ambito`, `municipio_idmunicipio`)",VALUES (,"2,""El Centinela"",""R"",25",);
5,Fortunato de Hoyos,R,25,,"INSERT INTO `mydb`.`localidades` (`idlocalidades`, `nombre_localidad`, `ambito`, `municipio_idmunicipio`)",VALUES (,"5,""Fortunato de Hoyos"",""R"",25",);
9,El Seis,R,25,,"INSERT INTO `mydb`.`localidades` (`idlocalidades`, `nombre_localidad`, `ambito`, `municipio_idmunicipio`)",VALUES (,"9,""El Seis"",""R"",25",);
12,Ricardo González (La Lobera),R,25,,"INSERT INTO `mydb`.`localidades` (`idlocalidades`, `nombre_localidad`, `ambito`, `municipio_idmunicipio`)",VALUES (,"12,""Ricardo González (La Lobera)"",""R"",25",);
15,El Moral,R,25,,"INSERT INTO `mydb`.`localidades` (`idlocalidades`, `nombre_localidad`, `ambito`, `municipio_idmunicipio`)",VALUES (,"15,""El Moral"",""R"",25",);
18,La Navaja,R,25,,"INSERT INTO `mydb`.`localidades` (`idlocalidades`, `nombre_localidad`, `ambito`, `municipio_idmunicipio`)",VALUES (,"18,""La Navaja"",""R"",25",);
19,La Muralla,R,25,,"INSERT INTO `mydb`.`localidades` (`idlocalidades`, `nombre_localidad`, `ambito`, `municipio_idmunicipio`)",VALUES (,"19,""La Muralla"",""R"",25",);
20,Garambullo (Gustavo Carranza),R,25,,"INSERT INTO `mydb`.`localidades` (`idlocalidades`, `nombre_localidad`, `ambito`, `municipio_idmunicipio`)",VALUES (,"20,""Garambullo (Gustavo Carranza)"",""R"",25",);
23,El Refugio,R,25,,"INSERT INTO `mydb`.`localidades` (`idlocalidades`, `nombre_localidad`, `ambito`, `municipio_idmunicipio`)",VALUES (,"23,""El Refugio"",""R"",25",);
24,Las Tres Erres,R,25,,"INSERT INTO `mydb`.`localidades` (`idlocalidades`, `nombre_localidad`, `ambito`, `municipio_idmunicipio`)",VALUES (,"24,""Las Tres Erres"",""R"",25",);
25,San Francisco,R,25,,"INSERT INTO `mydb`.`localidades` (`idlocalidades`, `nombre_localidad`, `ambito`, `municipio_idmunicipio`)",VALUES (,"25,""San Francisco"",""R"",25",);
26,San Isidro,R,25,,"INSERT INTO `mydb`.`localidades` (`idlocalidades`, `nombre_localidad`, `ambito`, `municipio_idmunicipio`)",VALUES (,"26,""San Isidro"",""R"",25",);
28,Santo Cristo (La Viuda),R,25,,"INSERT INTO `mydb`.`localidades` (`idlocalidades`, `nombre_localidad`, `ambito`, `municipio_idmunicipio`)",VALUES (,"28,""Santo Cristo (La Viuda)"",""R"",25",);
32,Casa Roja,R,25,,"INSERT INTO `mydb`.`localidades` (`idlocalidades`, `nombre_localidad`, `ambito`, `municipio_idmunicipio`)",VALUES (,"32,""Casa Roja"",""R"",25",);
36,Chapultepec,R,25,,"INSERT INTO `mydb`.`localidades` (`idlocalidades`, `nombre_localidad`, `ambito`, `municipio_idmunicipio`)",VALUES (,"36,""Chapultepec"",""R"",25",);
38,Rodolfo Martínez (El Melado),R,25,,"INSERT INTO `mydb`.`localidades` (`idlocalidades`, `nombre_localidad`, `ambito`, `municipio_idmunicipio`)",VALUES (,"38,""Rodolfo Martínez (El Melado)"",""R"",25",);
40,Lorenzo Castilleja,R,25,,"INSERT INTO `mydb`.`localidades` (`idlocalidades`, `nombre_localidad`, `ambito`, `municipio_idmunicipio`)",VALUES (,"40,""Lorenzo Castilleja"",""R"",25",);
41,Rincón de San Nicolás,R,25,,"INSERT INTO `mydb`.`localidades` (`idlocalidades`, `nombre_localidad`, `ambito`, `municipio_idmunicipio`)",VALUES (,"41,""Rincón de San Nicolás"",""R"",25",);
45,La Conquista,R,25,,"INSERT INTO `mydb`.`localidades` (`idlocalidades`, `nombre_localidad`, `ambito`, `municipio_idmunicipio`)",VALUES (,"45,""La Conquista"",""R"",25",);
51,Jaime Martínez (Las Vegas del Centinela),R,25,,"INSERT INTO `mydb`.`localidades` (`idlocalidades`, `nombre_localidad`, `ambito`, `municipio_idmunicipio`)",VALUES (,"51,""Jaime Martínez (Las Vegas del Centinela)"",""R"",25",);
54,Las Tinajas,R,25,,"INSERT INTO `mydb`.`localidades` (`idlocalidades`, `nombre_localidad`, `ambito`, `municipio_idmunicipio`)",VALUES (,"54,""Las Tinajas"",""R"",25",);
64,El Pony,R,25,,"INSERT INTO `mydb`.`localidades` (`idlocalidades`, `nombre_localidad`, `ambito`, `municipio_idmunicipio`)",VALUES (,"64,""El Pony"",""R"",25",);
69,Don Pillon,R,25,,"INSERT INTO `mydb`.`localidades` (`idlocalidades`, `nombre_localidad`, `ambito`, `municipio_idmunicipio`)",VALUES (,"69,""Don Pillon"",""R"",25",);
70,La Navaja (La Loma),R,25,,"INSERT INTO `mydb`.`localidades` (`idlocalidades`, `nombre_localidad`, `ambito`, `municipio_idmunicipio`)",VALUES (,"70,""La Navaja (La Loma)"",""R"",25",);
71,El Nogal,R,25,,"INSERT INTO `mydb`.`localidades` (`idlocalidades`, `nombre_localidad`, `ambito`, `municipio_idmunicipio`)",VALUES (,"71,""El Nogal"",""R"",25",);
73,Alfredo Bass (Zambrano),R,25,,"INSERT INTO `mydb`.`localidades` (`idlocalidades`, `nombre_localidad`, `ambito`, `municipio_idmunicipio`)",VALUES (,"73,""Alfredo Bass (Zambrano)"",""R"",25",);
75,Labasa,R,25,,"INSERT INTO `mydb`.`localidades` (`idlocalidades`, `nombre_localidad`, `ambito`, `municipio_idmunicipio`)",VALUES (,"75,""Labasa"",""R"",25",);
79,El Colibrí,R,25,,"INSERT INTO `mydb`.`localidades` (`idlocalidades`, `nombre_localidad`, `ambito`, `municipio_idmunicipio`)",VALUES (,"79,""El Colibrí"",""R"",25",);
88,Héctor Galindo,R,25,,"INSERT INTO `mydb`.`localidades` (`idlocalidades`, `nombre_localidad`, `ambito`, `municipio_idmunicipio`)",VALUES (,"88,""Héctor Galindo"",""R"",25",);
90,La Herradura,R,25,,"INSERT INTO `mydb`.`localidades` (`idlocalidades`, `nombre_localidad`, `ambito`, `municipio_idmunicipio`)",VALUES (,"90,""La Herradura"",""R"",25",);
91,Paloblancal (Jesús Manuel Galindo),R,25,,"INSERT INTO `mydb`.`localidades` (`idlocalidades`, `nombre_localidad`, `ambito`, `municipio_idmunicipio`)",VALUES (,"91,""Paloblancal (Jesús Manuel Galindo)"",""R"",25",);
92,Mario Gómez,R,25,,"INSERT INTO `mydb`.`localidades` (`idlocalidades`, `nombre_localidad`, `ambito`, `municipio_idmunicipio`)",VALUES (,"92,""Mario Gómez"",""R"",25",);
98,Centro de Readaptación Social Piedras Negras,R,25,,"INSERT INTO `mydb`.`localidades` (`idlocalidades`, `nombre_localidad`, `ambito`, `municipio_idmunicipio`)",VALUES (,"98,""Centro de Readaptación Social Piedras Negras"",""R"",25",);
99,La Retama (Rafael Reyna),R,25,,"INSERT INTO `mydb`.`localidades` (`idlocalidades`, `nombre_localidad`, `ambito`, `municipio_idmunicipio`)",VALUES (,"99,""La Retama (Rafael Reyna)"",""R"",25",);
101,Arroyo Blanco,R,25,,"INSERT INTO `mydb`.`localidades` (`idlocalidades`, `nombre_localidad`, `ambito`, `municipio_idmunicipio`)",VALUES (,"101,""Arroyo Blanco"",""R"",25",);
103,Valle Verde,R,25,,"INSERT INTO `mydb`.`localidades` (`idlocalidades`, `nombre_localidad`, `ambito`, `municipio_idmunicipio`)",VALUES (,"103,""Valle Verde"",""R"",25",);
112,Rodolfo Terán Quintero,R,25,,"INSERT INTO `mydb`.`localidades` (`idlocalidades`, `nombre_localidad`, `ambito`, `municipio_idmunicipio`)",VALUES (,"112,""Rodolfo Terán Quintero"",""R"",25",);
114,El Pavo,R,25,,"INSERT INTO `mydb`.`localidades` (`idlocalidades`, `nombre_localidad`, `ambito`, `municipio_idmunicipio`)",VALUES (,"114,""El Pavo"",""R"",25",);
125,Los Dávila,R,25,,"INSERT INTO `mydb`.`localidades` (`idlocalidades`, `nombre_localidad`, `ambito`, `municipio_idmunicipio`)",VALUES (,"125,""Los Dávila"",""R"",25",);
127,Manuel Villanueva,R,25,,"INSERT INTO `mydb`.`localidades` (`idlocalidades`, `nombre_localidad`, `ambito`, `municipio_idmunicipio`)",VALUES (,"127,""Manuel Villanueva"",""R"",25",);
133,Los Temporales (Oscar Pope),R,25,,"INSERT INTO `mydb`.`localidades` (`idlocalidades`, `nombre_localidad`, `ambito`, `municipio_idmunicipio`)",VALUES (,"133,""Los Temporales (Oscar Pope)"",""R"",25",);
135,La Pitaya,R,25,,"INSERT INTO `mydb`.`localidades` (`idlocalidades`, `nombre_localidad`, `ambito`, `municipio_idmunicipio`)",VALUES (,"135,""La Pitaya"",""R"",25",);
139,El Melado,R,25,,"INSERT INTO `mydb`.`localidades` (`idlocalidades`, `nombre_localidad`, `ambito`, `municipio_idmunicipio`)",VALUES (,"139,""El Melado"",""R"",25",);
141,Rancho de Lara,R,25,,"INSERT INTO `mydb`.`localidades` (`idlocalidades`, `nombre_localidad`, `ambito`, `municipio_idmunicipio`)",VALUES (,"141,""Rancho de Lara"",""R"",25",);
143,Los Ojitos,R,25,,"INSERT INTO `mydb`.`localidades` (`idlocalidades`, `nombre_localidad`, `ambito`, `municipio_idmunicipio`)",VALUES (,"143,""Los Ojitos"",""R"",25",);
145,Las Vegas del Moral,R,25,,"INSERT INTO `mydb`.`localidades` (`idlocalidades`, `nombre_localidad`, `ambito`, `municipio_idmunicipio`)",VALUES (,"145,""Las Vegas del Moral"",""R"",25",);
147,El Umbral (Esteban González Villarreal),R,25,,"INSERT INTO `mydb`.`localidades` (`idlocalidades`, `nombre_localidad`, `ambito`, `municipio_idmunicipio`)",VALUES (,"147,""El Umbral (Esteban González Villarreal)"",""R"",25",);
149,Josefinas (Rodolfo Cruz),R,25,,"INSERT INTO `mydb`.`localidades` (`idlocalidades`, `nombre_localidad`, `ambito`, `municipio_idmunicipio`)",VALUES (,"149,""Josefinas (Rodolfo Cruz)"",""R"",25",);
151,El Quijote,R,25,,"INSERT INTO `mydb`.`localidades` (`idlocalidades`, `nombre_localidad`, `ambito`, `municipio_idmunicipio`)",VALUES (,"151,""El Quijote"",""R"",25",);
156,San Cipriano,R,25,,"INSERT INTO `mydb`.`localidades` (`idlocalidades`, `nombre_localidad`, `ambito`, `municipio_idmunicipio`)",VALUES (,"156,""San Cipriano"",""R"",25",);
164,Alberto Sandoval (Rancho Nuevo),R,25,,"INSERT INTO `mydb`.`localidades` (`idlocalidades`, `nombre_localidad`, `ambito`, `municipio_idmunicipio`)",VALUES (,"164,""Alberto Sandoval (Rancho Nuevo)"",""R"",25",);
165,Demetrio Rodríguez,R,25,,"INSERT INTO `mydb`.`localidades` (`idlocalidades`, `nombre_localidad`, `ambito`, `municipio_idmunicipio`)",VALUES (,"165,""Demetrio Rodríguez"",""R"",25",);
168,Alberto Esquivel,R,25,,"INSERT INTO `mydb`.`localidades` (`idlocalidades`, `nombre_localidad`, `ambito`, `municipio_idmunicipio`)",VALUES (,"168,""Alberto Esquivel"",""R"",25",);
170,Mario Favela,R,25,,"INSERT INTO `mydb`.`localidades` (`idlocalidades`, `nombre_localidad`, `ambito`, `municipio_idmunicipio`)",VALUES (,"170,""Mario Favela"",""R"",25",);
171,Máximo Ramírez,R,25,,"INSERT INTO `mydb`.`localidades` (`idlocalidades`, `nombre_localidad`, `ambito`, `municipio_idmunicipio`)",VALUES (,"171,""Máximo Ramírez"",""R"",25",);
173,Obdulio Garza,R,25,,"INSERT INTO `mydb`.`localidades` (`idlocalidades`, `nombre_localidad`, `ambito`, `municipio_idmunicipio`)",VALUES (,"173,""Obdulio Garza"",""R"",25",);
174,José Ríos Rodríguez,R,25,,"INSERT INTO `mydb`.`localidades` (`idlocalidades`, `nombre_localidad`, `ambito`, `municipio_idmunicipio`)",VALUES (,"174,""José Ríos Rodríguez"",""R"",25",);
177,Santa María,R,25,,"INSERT INTO `mydb`.`localidades` (`idlocalidades`, `nombre_localidad`, `ambito`, `municipio_idmunicipio`)",VALUES (,"177,""Santa María"",""R"",25",);
179,Las Tres Glorias,R,25,,"INSERT INTO `mydb`.`localidades` (`idlocalidades`, `nombre_localidad`, `ambito`, `municipio_idmunicipio`)",VALUES (,"179,""Las Tres Glorias"",""R"",25",);
180,Miguel Campos,R,25,,"INSERT INTO `mydb`.`localidades` (`idlocalidades`, `nombre_localidad`, `ambito`, `municipio_idmunicipio`)",VALUES (,"180,""Miguel Campos"",""R"",25",);
181,Emilio Fuentes,R,25,,"INSERT INTO `mydb`.`localidades` (`idlocalidades`, `nombre_localidad`, `ambito`, `municipio_idmunicipio`)",VALUES (,"181,""Emilio Fuentes"",""R"",25",);
182,La Palma,R,25,,"INSERT INTO `mydb`.`localidades` (`idlocalidades`, `nombre_localidad`, `ambito`, `municipio_idmunicipio`)",VALUES (,"182,""La Palma"",""R"",25",);
183,Los González,R,25,,"INSERT INTO `mydb`.`localidades` (`idlocalidades`, `nombre_localidad`, `ambito`, `municipio_idmunicipio`)",VALUES (,"183,""Los González"",""R"",25",);
185,Fidel Contreras,R,25,,"INSERT INTO `mydb`.`localidades` (`idlocalidades`, `nombre_localidad`, `ambito`, `municipio_idmunicipio`)",VALUES (,"185,""Fidel Contreras"",""R"",25",);
186,Gonzalo Gómez,R,25,,"INSERT INTO `mydb`.`localidades` (`idlocalidades`, `nombre_localidad`, `ambito`, `municipio_idmunicipio`)",VALUES (,"186,""Gonzalo Gómez"",""R"",25",);
187,Vicente Fuentes,R,25,,"INSERT INTO `mydb`.`localidades` (`idlocalidades`, `nombre_localidad`, `ambito`, `municipio_idmunicipio`)",VALUES (,"187,""Vicente Fuentes"",""R"",25",);
188,Abelino Fuentes,R,25,,"INSERT INTO `mydb`.`localidades` (`idlocalidades`, `nombre_localidad`, `ambito`, `municipio_idmunicipio`)",VALUES (,"188,""Abelino Fuentes"",""R"",25",);
189,Juan Fuentes,R,25,,"INSERT INTO `mydb`.`localidades` (`idlocalidades`, `nombre_localidad`, `ambito`, `municipio_idmunicipio`)",VALUES (,"189,""Juan Fuentes"",""R"",25",);
190,Eusebio Fuentes,R,25,,"INSERT INTO `mydb`.`localidades` (`idlocalidades`, `nombre_localidad`, `ambito`, `municipio_idmunicipio`)",VALUES (,"190,""Eusebio Fuentes"",""R"",25",);
191,Mercedes Moreno,R,25,,"INSERT INTO `mydb`.`localidades` (`idlocalidades`, `nombre_localidad`, `ambito`, `municipio_idmunicipio`)",VALUES (,"191,""Mercedes Moreno"",""R"",25",);
192,Leonel Sánchez,R,25,,"INSERT INTO `mydb`.`localidades` (`idlocalidades`, `nombre_localidad`, `ambito`, `municipio_idmunicipio`)",VALUES (,"192,""Leonel Sánchez"",""R"",25",);
193,Pablo de Luna,R,25,,"INSERT INTO `mydb`.`localidades` (`idlocalidades`, `nombre_localidad`, `ambito`, `municipio_idmunicipio`)",VALUES (,"193,""Pablo de Luna"",""R"",25",);
194,Adolfo Moreno,R,25,,"INSERT INTO `mydb`.`localidades` (`idlocalidades`, `nombre_localidad`, `ambito`, `municipio_idmunicipio`)",VALUES (,"194,""Adolfo Moreno"",""R"",25",);
195,El Centinela (La Loma),R,25,,"INSERT INTO `mydb`.`localidades` (`idlocalidades`, `nombre_localidad`, `ambito`, `municipio_idmunicipio`)",VALUES (,"195,""El Centinela (La Loma)"",""R"",25",);
196,Eulalio Bravo,R,25,,"INSERT INTO `mydb`.`localidades` (`idlocalidades`, `nombre_localidad`, `ambito`, `municipio_idmunicipio`)",VALUES (,"196,""Eulalio Bravo"",""R"",25",);
197,Francisco Campuzano,R,25,,"INSERT INTO `mydb`.`localidades` (`idlocalidades`, `nombre_localidad`, `ambito`, `municipio_idmunicipio`)",VALUES (,"197,""Francisco Campuzano"",""R"",25",);
198,Rogelio de León,R,25,,"INSERT INTO `mydb`.`localidades` (`idlocalidades`, `nombre_localidad`, `ambito`, `municipio_idmunicipio`)",VALUES (,"198,""Rogelio de León"",""R"",25",);
200,La Fiera (José Hernández),R,25,,"INSERT INTO `mydb`.`localidades` (`idlocalidades`, `nombre_localidad`, `ambito`, `municipio_idmunicipio`)",VALUES (,"200,""La Fiera (José Hernández)"",""R"",25",);
202,El Indio,R,25,,"INSERT INTO `mydb`.`localidades` (`idlocalidades`, `nombre_localidad`, `ambito`, `municipio_idmunicipio`)",VALUES (,"202,""El Indio"",""R"",25",);
203,Darío Rodríguez,R,25,,"INSERT INTO `mydb`.`localidades` (`idlocalidades`, `nombre_localidad`, `ambito`, `municipio_idmunicipio`)",VALUES (,"203,""Darío Rodríguez"",""R"",25",);
204,Antonio Castillo,R,25,,"INSERT INTO `mydb`.`localidades` (`idlocalidades`, `nombre_localidad`, `ambito`, `municipio_idmunicipio`)",VALUES (,"204,""Antonio Castillo"",""R"",25",);
206,Pablo Soto (La Casita),R,25,,"INSERT INTO `mydb`.`localidades` (`idlocalidades`, `nombre_localidad`, `ambito`, `municipio_idmunicipio`)",VALUES (,"206,""Pablo Soto (La Casita)"",""R"",25",);
208,Eliud Cárdenas,R,25,,"INSERT INTO `mydb`.`localidades` (`idlocalidades`, `nombre_localidad`, `ambito`, `municipio_idmunicipio`)",VALUES (,"208,""Eliud Cárdenas"",""R"",25",);
209,Margarita Montoya,R,25,,"INSERT INTO `mydb`.`localidades` (`idlocalidades`, `nombre_localidad`, `ambito`, `municipio_idmunicipio`)",VALUES (,"209,""Margarita Montoya"",""R"",25",);
210,Juan Santos Castorena,R,25,,"INSERT INTO `mydb`.`localidades` (`idlocalidades`, `nombre_localidad`, `ambito`, `municipio_idmunicipio`)",VALUES (,"210,""Juan Santos Castorena"",""R"",25",);
211,Wenceslao Chacón Rodríguez,R,25,,"INSERT INTO `mydb`.`localidades` (`idlocalidades`, `nombre_localidad`, `ambito`, `municipio_idmunicipio`)",VALUES (,"211,""Wenceslao Chacón Rodríguez"",""R"",25",);
212,Andrés Villarreal,R,25,,"INSERT INTO `mydb`.`localidades` (`idlocalidades`, `nombre_localidad`, `ambito`, `municipio_idmunicipio`)",VALUES (,"212,""Andrés Villarreal"",""R"",25",);
213,Rodrigo Fuentes,R,25,,"INSERT INTO `mydb`.`localidades` (`idlocalidades`, `nombre_localidad`, `ambito`, `municipio_idmunicipio`)",VALUES (,"213,""Rodrigo Fuentes"",""R"",25",);
215,Las Playas,R,25,,"INSERT INTO `mydb`.`localidades` (`idlocalidades`, `nombre_localidad`, `ambito`, `municipio_idmunicipio`)",VALUES (,"215,""Las Playas"",""R"",25",);
216,Molino San Rodrigo,R,25,,"INSERT INTO `mydb`.`localidades` (`idlocalidades`, `nombre_localidad`, `ambito`, `municipio_idmunicipio`)",VALUES (,"216,""Molino San Rodrigo"",""R"",25",);
217,Rincón de San Nicolás,R,25,,"INSERT INTO `mydb`.`localidades` (`idlocalidades`, `nombre_localidad`, `ambito`, `municipio_idmunicipio`)",VALUES (,"217,""Rincón de San Nicolás"",""R"",25",);
219,Elías David García (Halcón),R,25,,"INSERT INTO `mydb`.`localidades` (`idlocalidades`, `nombre_localidad`, `ambito`, `municipio_idmunicipio`)",VALUES (,"219,""Elías David García (Halcón)"",""R"",25",);
220,La Esperanza (Federico Maldonado),R,25,,"INSERT INTO `mydb`.`localidades` (`idlocalidades`, `nombre_localidad`, `ambito`, `municipio_idmunicipio`)",VALUES (,"220,""La Esperanza (Federico Maldonado)"",""R"",25",);
221,Guillermo Salinas (Rancho R.M.),R,25,,"INSERT INTO `mydb`.`localidades` (`idlocalidades`, `nombre_localidad`, `ambito`, `municipio_idmunicipio`)",VALUES (,"221,""Guillermo Salinas (Rancho R.M.)"",""R"",25",);
223,Miguel Saucedo,R,25,,"INSERT INTO `mydb`.`localidades` (`idlocalidades`, `nombre_localidad`, `ambito`, `municipio_idmunicipio`)",VALUES (,"223,""Miguel Saucedo"",""R"",25",);
225,Los Bravo,R,25,,"INSERT INTO `mydb`.`localidades` (`idlocalidades`, `nombre_localidad`, `ambito`, `municipio_idmunicipio`)",VALUES (,"225,""Los Bravo"",""R"",25",);
227,Emilio Vázquez,R,25,,"INSERT INTO `mydb`.`localidades` (`idlocalidades`, `nombre_localidad`, `ambito`, `municipio_idmunicipio`)",VALUES (,"227,""Emilio Vázquez"",""R"",25",);
228,Haciendita,R,25,,"INSERT INTO `mydb`.`localidades` (`idlocalidades`, `nombre_localidad`, `ambito`, `municipio_idmunicipio`)",VALUES (,"228,""Haciendita"",""R"",25",);
230,Homero Niño (Delagualegre),R,25,,"INSERT INTO `mydb`.`localidades` (`idlocalidades`, `nombre_localidad`, `ambito`, `municipio_idmunicipio`)",VALUES (,"230,""Homero Niño (Delagualegre)"",""R"",25",);
231,La Presa,R,25,,"INSERT INTO `mydb`.`localidades` (`idlocalidades`, `nombre_localidad`, `ambito`, `municipio_idmunicipio`)",VALUES (,"231,""La Presa"",""R"",25",);
236,Santa Elisa,R,25,,"INSERT INTO `mydb`.`localidades` (`idlocalidades`, `nombre_localidad`, `ambito`, `municipio_idmunicipio`)",VALUES (,"236,""Santa Elisa"",""R"",25",);
237,Salvador Chavarría,R,25,,"INSERT INTO `mydb`.`localidades` (`idlocalidades`, `nombre_localidad`, `ambito`, `municipio_idmunicipio`)",VALUES (,"237,""Salvador Chavarría"",""R"",25",);
239,Rancho de las 2 Cruces (Mario Martínez de la Cruz),R,25,,"INSERT INTO `mydb`.`localidades` (`idlocalidades`, `nombre_localidad`, `ambito`, `municipio_idmunicipio`)",VALUES (,"239,""Rancho de las 2 Cruces (Mario Martínez de la Cruz)"",""R"",25",);
241,Abraham Ramírez (La Lobera),R,25,,"INSERT INTO `mydb`.`localidades` (`idlocalidades`, `nombre_localidad`, `ambito`, `municipio_idmunicipio`)",VALUES (,"241,""Abraham Ramírez (La Lobera)"",""R"",25",);
243,Dos Ojitos (Jesús Hurtado Cantú),R,25,,"INSERT INTO `mydb`.`localidades` (`idlocalidades`, `nombre_localidad`, `ambito`, `municipio_idmunicipio`)",VALUES (,"243,""Dos Ojitos (Jesús Hurtado Cantú)"",""R"",25",);
244,Jacke,R,25,,"INSERT INTO `mydb`.`localidades` (`idlocalidades`, `nombre_localidad`, `ambito`, `municipio_idmunicipio`)",VALUES (,"244,""Jacke"",""R"",25",);
246,Modesto Garza,R,25,,"INSERT INTO `mydb`.`localidades` (`idlocalidades`, `nombre_localidad`, `ambito`, `municipio_idmunicipio`)",VALUES (,"246,""Modesto Garza"",""R"",25",);
247,Felipe Garza,R,25,,"INSERT INTO `mydb`.`localidades` (`idlocalidades`, `nombre_localidad`, `ambito`, `municipio_idmunicipio`)",VALUES (,"247,""Felipe Garza"",""R"",25",);
248,Modesto Garza Soto (El More),R,25,,"INSERT INTO `mydb`.`localidades` (`idlocalidades`, `nombre_localidad`, `ambito`, `municipio_idmunicipio`)",VALUES (,"248,""Modesto Garza Soto (El More)"",""R"",25",);
251,Raúl Martínez,R,25,,"INSERT INTO `mydb`.`localidades` (`idlocalidades`, `nombre_localidad`, `ambito`, `municipio_idmunicipio`)",VALUES (,"251,""Raúl Martínez"",""R"",25",);
252,El Consuelo (Lybson),R,25,,"INSERT INTO `mydb`.`localidades` (`idlocalidades`, `nombre_localidad`, `ambito`, `municipio_idmunicipio`)",VALUES (,"252,""El Consuelo (Lybson)"",""R"",25",);
253,Javier Ortiz,R,25,,"INSERT INTO `mydb`.`localidades` (`idlocalidades`, `nombre_localidad`, `ambito`, `municipio_idmunicipio`)",VALUES (,"253,""Javier Ortiz"",""R"",25",);
254,Francisco Juaristi Septién,R,25,,"INSERT INTO `mydb`.`localidades` (`idlocalidades`, `nombre_localidad`, `ambito`, `municipio_idmunicipio`)",VALUES (,"254,""Francisco Juaristi Septién"",""R"",25",);
255,El Refugio,R,25,,"INSERT INTO `mydb`.`localidades` (`idlocalidades`, `nombre_localidad`, `ambito`, `municipio_idmunicipio`)",VALUES (,"255,""El Refugio"",""R"",25",);
256,Los Fernández,R,25,,"INSERT INTO `mydb`.`localidades` (`idlocalidades`, `nombre_localidad`, `ambito`, `municipio_idmunicipio`)",VALUES (,"256,""Los Fernández"",""R"",25",);
257,Rancho MF,R,25,,"INSERT INTO `mydb`.`localidades` (`idlocalidades`, `nombre_localidad`, `ambito`, `municipio_idmunicipio`)",VALUES (,"257,""Rancho MF"",""R"",25",);
258,Casa Blanca,R,25,,"INSERT INTO `mydb`.`localidades` (`idlocalidades`, `nombre_localidad`, `ambito`, `municipio_idmunicipio`)",VALUES (,"258,""Casa Blanca"",""R"",25",);
259,Juan González (La Lobera),R,25,,"INSERT INTO `mydb`.`localidades` (`idlocalidades`, `nombre_localidad`, `ambito`, `municipio_idmunicipio`)",VALUES (,"259,""Juan González (La Lobera)"",""R"",25",);
263,Rancho Aba,R,25,,"INSERT INTO `mydb`.`localidades` (`idlocalidades`, `nombre_localidad`, `ambito`, `municipio_idmunicipio`)",VALUES (,"263,""Rancho Aba"",""R"",25",);
264,Sonia del Valle,R,25,,"INSERT INTO `mydb`.`localidades` (`idlocalidades`, `nombre_localidad`, `ambito`, `municipio_idmunicipio`)",VALUES (,"264,""Sonia del Valle"",""R"",25",);
265,Octaviano,R,25,,"INSERT INTO `mydb`.`localidades` (`idlocalidades`, `nombre_localidad`, `ambito`, `municipio_idmunicipio`)",VALUES (,"265,""Octaviano"",""R"",25",);
267,Ninguno [Clínica de Tratamiento de Adicciones],R,25,,"INSERT INTO `mydb`.`localidades` (`idlocalidades`, `nombre_localidad`, `ambito`, `municipio_idmunicipio`)",VALUES (,"267,""Ninguno [Clínica de Tratamiento de Adicciones]"",""R"",25",);
268,La Aguililla (Seferino Bravo),R,25,,"INSERT INTO `mydb`.`localidades` (`idlocalidades`, `nombre_localidad`, `ambito`, `municipio_idmunicipio`)",VALUES (,"268,""La Aguililla (Seferino Bravo)"",""R"",25",);
269,Enrique Hernández,R,25,,"INSERT INTO `mydb`.`localidades` (`idlocalidades`, `nombre_localidad`, `ambito`, `municipio_idmunicipio`)",VALUES (,"269,""Enrique Hernández"",""R"",25",);
270,Graciano Ledezma Álvarez,R,25,,"INSERT INTO `mydb`.`localidades` (`idlocalidades`, `nombre_localidad`, `ambito`, `municipio_idmunicipio`)",VALUES (,"270,""Graciano Ledezma Álvarez"",""R"",25",);
271,Juan Montes García,R,25,,"INSERT INTO `mydb`.`localidades` (`idlocalidades`, `nombre_localidad`, `ambito`, `municipio_idmunicipio`)",VALUES (,"271,""Juan Montes García"",""R"",25",);
273,El Oasis,R,25,,"INSERT INTO `mydb`.`localidades` (`idlocalidades`, `nombre_localidad`, `ambito`, `municipio_idmunicipio`)",VALUES (,"273,""El Oasis"",""R"",25",);
275,La Caballería,R,25,,"INSERT INTO `mydb`.`localidades` (`idlocalidades`, `nombre_localidad`, `ambito`, `municipio_idmunicipio`)",VALUES (,"275,""La Caballería"",""R"",25",);
277,Chapultepec de Abajo,R,25,,"INSERT INTO `mydb`.`localidades` (`idlocalidades`, `nombre_localidad`, `ambito`, `municipio_idmunicipio`)",VALUES (,"277,""Chapultepec de Abajo"",""R"",25",);
278,Las Margaritas,R,25,,"INSERT INTO `mydb`.`localidades` (`idlocalidades`, `nombre_localidad`, `ambito`, `municipio_idmunicipio`)",VALUES (,"278,""Las Margaritas"",""R"",25",);
279,Rancho los Pavos Reales,R,25,,"INSERT INTO `mydb`.`localidades` (`idlocalidades`, `nombre_localidad`, `ambito`, `municipio_idmunicipio`)",VALUES (,"279,""Rancho los Pavos Reales"",""R"",25",);
281,Río Grande Serbas,R,25,,"INSERT INTO `mydb`.`localidades` (`idlocalidades`, `nombre_localidad`, `ambito`, `municipio_idmunicipio`)",VALUES (,"281,""Río Grande Serbas"",""R"",25",);
283,Salinas,R,25,,"INSERT INTO `mydb`.`localidades` (`idlocalidades`, `nombre_localidad`, `ambito`, `municipio_idmunicipio`)",VALUES (,"283,""Salinas"",""R"",25",);
284,Elías Patiño,R,25,,"INSERT INTO `mydb`.`localidades` (`idlocalidades`, `nombre_localidad`, `ambito`, `municipio_idmunicipio`)",VALUES (,"284,""Elías Patiño"",""R"",25",);
285,El Picadero,R,25,,"INSERT INTO `mydb`.`localidades` (`idlocalidades`, `nombre_localidad`, `ambito`, `municipio_idmunicipio`)",VALUES (,"285,""El Picadero"",""R"",25",);
286,Las Potrancas,R,25,,"INSERT INTO `mydb`.`localidades` (`idlocalidades`, `nombre_localidad`, `ambito`, `municipio_idmunicipio`)",VALUES (,"286,""Las Potrancas"",""R"",25",);
287,San Ramón,R,25,,"INSERT INTO `mydb`.`localidades` (`idlocalidades`, `nombre_localidad`, `ambito`, `municipio_idmunicipio`)",VALUES (,"287,""San Ramón"",""R"",25",);
288,Murillos Ranch,R,25,,"INSERT INTO `mydb`.`localidades` (`idlocalidades`, `nombre_localidad`, `ambito`, `municipio_idmunicipio`)",VALUES (,"288,""Murillos Ranch"",""R"",25",);
289,Quinta Sica,R,25,,"INSERT INTO `mydb`.`localidades` (`idlocalidades`, `nombre_localidad`, `ambito`, `municipio_idmunicipio`)",VALUES (,"289,""Quinta Sica"",""R"",25",);
290,José Luis Ávalos Ramírez,R,25,,"INSERT INTO `mydb`.`localidades` (`idlocalidades`, `nombre_localidad`, `ambito`, `municipio_idmunicipio`)",VALUES (,"290,""José Luis Ávalos Ramírez"",""R"",25",);
291,Antonio Rentería Ramírez,R,25,,"INSERT INTO `mydb`.`localidades` (`idlocalidades`, `nombre_localidad`, `ambito`, `municipio_idmunicipio`)",VALUES (,"291,""Antonio Rentería Ramírez"",""R"",25",);
292,El Guajolote,R,25,,"INSERT INTO `mydb`.`localidades` (`idlocalidades`, `nombre_localidad`, `ambito`, `municipio_idmunicipio`)",VALUES (,"292,""El Guajolote"",""R"",25",);
293,Villa Manantial,R,25,,"INSERT INTO `mydb`.`localidades` (`idlocalidades`, `nombre_localidad`, `ambito`, `municipio_idmunicipio`)",VALUES (,"293,""Villa Manantial"",""R"",25",);
294,Los Amores,R,25,,"INSERT INTO `mydb`.`localidades` (`idlocalidades`, `nombre_localidad`, `ambito`, `municipio_idmunicipio`)",VALUES (,"294,""Los Amores"",""R"",25",);
295,San Carlos,R,25,,"INSERT INTO `mydb`.`localidades` (`idlocalidades`, `nombre_localidad`, `ambito`, `municipio_idmunicipio`)",VALUES (,"295,""San Carlos"",""R"",25",);
296,El Ranchito,R,25,,"INSERT INTO `mydb`.`localidades` (`idlocalidades`, `nombre_localidad`, `ambito`, `municipio_idmunicipio`)",VALUES (,"296,""El Ranchito"",""R"",25",);
297,Carlos Rodríguez,R,25,,"INSERT INTO `mydb`.`localidades` (`idlocalidades`, `nombre_localidad`, `ambito`, `municipio_idmunicipio`)",VALUES (,"297,""Carlos Rodríguez"",""R"",25",);
298,Francisco Hernández,R,25,,"INSERT INTO `mydb`.`localidades` (`idlocalidades`, `nombre_localidad`, `ambito`, `municipio_idmunicipio`)",VALUES (,"298,""Francisco Hernández"",""R"",25",);
299,Ernesto Contreras,R,25,,"INSERT INTO `mydb`.`localidades` (`idlocalidades`, `nombre_localidad`, `ambito`, `municipio_idmunicipio`)",VALUES (,"299,""Ernesto Contreras"",""R"",25",);
300,Los Leija,R,25,,"INSERT INTO `mydb`.`localidades` (`idlocalidades`, `nombre_localidad`, `ambito`, `municipio_idmunicipio`)",VALUES (,"300,""Los Leija"",""R"",25",);
301,Las Vegas del Centinela,R,25,,"INSERT INTO `mydb`.`localidades` (`idlocalidades`, `nombre_localidad`, `ambito`, `municipio_idmunicipio`)",VALUES (,"301,""Las Vegas del Centinela"",""R"",25",);
302,Los Abuelos,R,25,,"INSERT INTO `mydb`.`localidades` (`idlocalidades`, `nombre_localidad`, `ambito`, `municipio_idmunicipio`)",VALUES (,"302,""Los Abuelos"",""R"",25",);
303,Kilómetro 9 (Atoyac),R,25,,"INSERT INTO `mydb`.`localidades` (`idlocalidades`, `nombre_localidad`, `ambito`, `municipio_idmunicipio`)",VALUES (,"303,""Kilómetro 9 (Atoyac)"",""R"",25",);
304,Yolanda Rodríguez,R,25,,"INSERT INTO `mydb`.`localidades` (`idlocalidades`, `nombre_localidad`, `ambito`, `municipio_idmunicipio`)",VALUES (,"304,""Yolanda Rodríguez"",""R"",25",);
305,Venu [Quinta],R,25,,"INSERT INTO `mydb`.`localidades` (`idlocalidades`, `nombre_localidad`, `ambito`, `municipio_idmunicipio`)",VALUES (,"305,""Venu [Quinta]"",""R"",25",);
306,Silvano de Hoyos,R,25,,"INSERT INTO `mydb`.`localidades` (`idlocalidades`, `nombre_localidad`, `ambito`, `municipio_idmunicipio`)",VALUES (,"306,""Silvano de Hoyos"",""R"",25",);
307,La Chata,R,25,,"INSERT INTO `mydb`.`localidades` (`idlocalidades`, `nombre_localidad`, `ambito`, `municipio_idmunicipio`)",VALUES (,"307,""La Chata"",""R"",25",);
308,Juan Manuel Rojas Anguiano,R,25,,"INSERT INTO `mydb`.`localidades` (`idlocalidades`, `nombre_localidad`, `ambito`, `municipio_idmunicipio`)",VALUES (,"308,""Juan Manuel Rojas Anguiano"",""R"",25",);
309,Las Lomas,R,25,,"INSERT INTO `mydb`.`localidades` (`idlocalidades`, `nombre_localidad`, `ambito`, `municipio_idmunicipio`)",VALUES (,"309,""Las Lomas"",""R"",25",);
310,Villa García,R,25,,"INSERT INTO `mydb`.`localidades` (`idlocalidades`, `nombre_localidad`, `ambito`, `municipio_idmunicipio`)",VALUES (,"310,""Villa García"",""R"",25",);
311,El Centauro,R,25,,"INSERT INTO `mydb`.`localidades` (`idlocalidades`, `nombre_localidad`, `ambito`, `municipio_idmunicipio`)",VALUES (,"311,""El Centauro"",""R"",25",);
312,Moreno,R,25,,"INSERT INTO `mydb`.`localidades` (`idlocalidades`, `nombre_localidad`, `ambito`, `municipio_idmunicipio`)",VALUES (,"312,""Moreno"",""R"",25",);
313,El Centinela (Juan Gaytán García),R,25,,"INSERT INTO `mydb`.`localidades` (`idlocalidades`, `nombre_localidad`, `ambito`, `municipio_idmunicipio`)",VALUES (,"313,""El Centinela (Juan Gaytán García)"",""R"",25",);
314,El Descanso,R,25,,"INSERT INTO `mydb`.`localidades` (`idlocalidades`, `nombre_localidad`, `ambito`, `municipio_idmunicipio`)",VALUES (,"314,""El Descanso"",""R"",25",);
315,El Chamizal,R,25,,"INSERT INTO `mydb`.`localidades` (`idlocalidades`, `nombre_localidad`, `ambito`, `municipio_idmunicipio`)",VALUES (,"315,""El Chamizal"",""R"",25",);
316,El Indio,R,25,,"INSERT INTO `mydb`.`localidades` (`idlocalidades`, `nombre_localidad`, `ambito`, `municipio_idmunicipio`)",VALUES (,"316,""El Indio"",""R"",25",);
317,Toro Negro,R,25,,"INSERT INTO `mydb`.`localidades` (`idlocalidades`, `nombre_localidad`, `ambito`, `municipio_idmunicipio`)",VALUES (,"317,""Toro Negro"",""R"",25",);
318,Chapultepec (Jesús Ortega Hernández),R,25,,"INSERT INTO `mydb`.`localidades` (`idlocalidades`, `nombre_localidad`, `ambito`, `municipio_idmunicipio`)",VALUES (,"318,""Chapultepec (Jesús Ortega Hernández)"",""R"",25",);
319,La Soledad,R,25,,"INSERT INTO `mydb`.`localidades` (`idlocalidades`, `nombre_localidad`, `ambito`, `municipio_idmunicipio`)",VALUES (,"319,""La Soledad"",""R"",25",);
320,Gustavo Carranza,R,25,,"INSERT INTO `mydb`.`localidades` (`idlocalidades`, `nombre_localidad`, `ambito`, `municipio_idmunicipio`)",VALUES (,"320,""Gustavo Carranza"",""R"",25",);
321,Las Muñecas,R,25,,"INSERT INTO `mydb`.`localidades` (`idlocalidades`, `nombre_localidad`, `ambito`, `municipio_idmunicipio`)",VALUES (,"321,""Las Muñecas"",""R"",25",);
322,La Noria,R,25,,"INSERT INTO `mydb`.`localidades` (`idlocalidades`, `nombre_localidad`, `ambito`, `municipio_idmunicipio`)",VALUES (,"322,""La Noria"",""R"",25",);
323,Francisco Ledezma,R,25,,"INSERT INTO `mydb`.`localidades` (`idlocalidades`, `nombre_localidad`, `ambito`, `municipio_idmunicipio`)",VALUES (,"323,""Francisco Ledezma"",""R"",25",);
324,Don Jorge,R,25,,"INSERT INTO `mydb`.`localidades` (`idlocalidades`, `nombre_localidad`, `ambito`, `municipio_idmunicipio`)",VALUES (,"324,""Don Jorge"",""R"",25",);
