CVE_LOC,NOM_LOC,AMBITO,CVE_MUN,,,,,
1,San Juan de Sabinas,U,32,,"INSERT INTO `mydb`.`localidades` (`idlocalidades`, `nombre_localidad`, `ambito`, `municipio_idmunicipio`)",VALUES (,"1,""San Juan de Sabinas"",""U"",32",);
2,Agua Linda,R,32,,"INSERT INTO `mydb`.`localidades` (`idlocalidades`, `nombre_localidad`, `ambito`, `municipio_idmunicipio`)",VALUES (,"2,""Agua Linda"",""R"",32",);
5,La Conchita,R,32,,"INSERT INTO `mydb`.`localidades` (`idlocalidades`, `nombre_localidad`, `ambito`, `municipio_idmunicipio`)",VALUES (,"5,""La Conchita"",""R"",32",);
6,El Divisadero,R,32,,"INSERT INTO `mydb`.`localidades` (`idlocalidades`, `nombre_localidad`, `ambito`, `municipio_idmunicipio`)",VALUES (,"6,""El Divisadero"",""R"",32",);
7,Don Cipriano,R,32,,"INSERT INTO `mydb`.`localidades` (`idlocalidades`, `nombre_localidad`, `ambito`, `municipio_idmunicipio`)",VALUES (,"7,""Don Cipriano"",""R"",32",);
8,Eduwiges,R,32,,"INSERT INTO `mydb`.`localidades` (`idlocalidades`, `nombre_localidad`, `ambito`, `municipio_idmunicipio`)",VALUES (,"8,""Eduwiges"",""R"",32",);
10,Los Fresnos,R,32,,"INSERT INTO `mydb`.`localidades` (`idlocalidades`, `nombre_localidad`, `ambito`, `municipio_idmunicipio`)",VALUES (,"10,""Los Fresnos"",""R"",32",);
11,El Pato (La Gacha),R,32,,"INSERT INTO `mydb`.`localidades` (`idlocalidades`, `nombre_localidad`, `ambito`, `municipio_idmunicipio`)",VALUES (,"11,""El Pato (La Gacha)"",""R"",32",);
12,El Guayacán,R,32,,"INSERT INTO `mydb`.`localidades` (`idlocalidades`, `nombre_localidad`, `ambito`, `municipio_idmunicipio`)",VALUES (,"12,""El Guayacán"",""R"",32",);
13,El Siete,R,32,,"INSERT INTO `mydb`.`localidades` (`idlocalidades`, `nombre_localidad`, `ambito`, `municipio_idmunicipio`)",VALUES (,"13,""El Siete"",""R"",32",);
14,Nueva Rosita,U,32,,"INSERT INTO `mydb`.`localidades` (`idlocalidades`, `nombre_localidad`, `ambito`, `municipio_idmunicipio`)",VALUES (,"14,""Nueva Rosita"",""U"",32",);
15,El Papalote (Santa María),R,32,,"INSERT INTO `mydb`.`localidades` (`idlocalidades`, `nombre_localidad`, `ambito`, `municipio_idmunicipio`)",VALUES (,"15,""El Papalote (Santa María)"",""R"",32",);
16,Paso del Coyote,R,32,,"INSERT INTO `mydb`.`localidades` (`idlocalidades`, `nombre_localidad`, `ambito`, `municipio_idmunicipio`)",VALUES (,"16,""Paso del Coyote"",""R"",32",);
19,Pico de Pájaro,R,32,,"INSERT INTO `mydb`.`localidades` (`idlocalidades`, `nombre_localidad`, `ambito`, `municipio_idmunicipio`)",VALUES (,"19,""Pico de Pájaro"",""R"",32",);
20,El Álamo [Constructora y Trituradora],R,32,,"INSERT INTO `mydb`.`localidades` (`idlocalidades`, `nombre_localidad`, `ambito`, `municipio_idmunicipio`)",VALUES (,"20,""El Álamo [Constructora y Trituradora]"",""R"",32",);
23,La Primera,R,32,,"INSERT INTO `mydb`.`localidades` (`idlocalidades`, `nombre_localidad`, `ambito`, `municipio_idmunicipio`)",VALUES (,"23,""La Primera"",""R"",32",);
24,Paso del Coyote (Predio Purísima),R,32,,"INSERT INTO `mydb`.`localidades` (`idlocalidades`, `nombre_localidad`, `ambito`, `municipio_idmunicipio`)",VALUES (,"24,""Paso del Coyote (Predio Purísima)"",""R"",32",);
25,Rancho Nuevo,R,32,,"INSERT INTO `mydb`.`localidades` (`idlocalidades`, `nombre_localidad`, `ambito`, `municipio_idmunicipio`)",VALUES (,"25,""Rancho Nuevo"",""R"",32",);
30,San Juan de Sabinas,R,32,,"INSERT INTO `mydb`.`localidades` (`idlocalidades`, `nombre_localidad`, `ambito`, `municipio_idmunicipio`)",VALUES (,"30,""San Juan de Sabinas"",""R"",32",);
31,San Juan Viejo,R,32,,"INSERT INTO `mydb`.`localidades` (`idlocalidades`, `nombre_localidad`, `ambito`, `municipio_idmunicipio`)",VALUES (,"31,""San Juan Viejo"",""R"",32",);
32,Santa Isabel,R,32,,"INSERT INTO `mydb`.`localidades` (`idlocalidades`, `nombre_localidad`, `ambito`, `municipio_idmunicipio`)",VALUES (,"32,""Santa Isabel"",""R"",32",);
33,Santa María,R,32,,"INSERT INTO `mydb`.`localidades` (`idlocalidades`, `nombre_localidad`, `ambito`, `municipio_idmunicipio`)",VALUES (,"33,""Santa María"",""R"",32",);
34,Sauceda del Naranjo,R,32,,"INSERT INTO `mydb`.`localidades` (`idlocalidades`, `nombre_localidad`, `ambito`, `municipio_idmunicipio`)",VALUES (,"34,""Sauceda del Naranjo"",""R"",32",);
39,Buenavista,R,32,,"INSERT INTO `mydb`.`localidades` (`idlocalidades`, `nombre_localidad`, `ambito`, `municipio_idmunicipio`)",VALUES (,"39,""Buenavista"",""R"",32",);
42,Maravillas,R,32,,"INSERT INTO `mydb`.`localidades` (`idlocalidades`, `nombre_localidad`, `ambito`, `municipio_idmunicipio`)",VALUES (,"42,""Maravillas"",""R"",32",);
46,Agua Linda (Los Conchos),R,32,,"INSERT INTO `mydb`.`localidades` (`idlocalidades`, `nombre_localidad`, `ambito`, `municipio_idmunicipio`)",VALUES (,"46,""Agua Linda (Los Conchos)"",""R"",32",);
47,Arturo Pruneda (La Mora),R,32,,"INSERT INTO `mydb`.`localidades` (`idlocalidades`, `nombre_localidad`, `ambito`, `municipio_idmunicipio`)",VALUES (,"47,""Arturo Pruneda (La Mora)"",""R"",32",);
48,Conchos,R,32,,"INSERT INTO `mydb`.`localidades` (`idlocalidades`, `nombre_localidad`, `ambito`, `municipio_idmunicipio`)",VALUES (,"48,""Conchos"",""R"",32",);
49,El Encino Solo (La Escondida),R,32,,"INSERT INTO `mydb`.`localidades` (`idlocalidades`, `nombre_localidad`, `ambito`, `municipio_idmunicipio`)",VALUES (,"49,""El Encino Solo (La Escondida)"",""R"",32",);
50,Las Flores,R,32,,"INSERT INTO `mydb`.`localidades` (`idlocalidades`, `nombre_localidad`, `ambito`, `municipio_idmunicipio`)",VALUES (,"50,""Las Flores"",""R"",32",);
51,El Gallo,R,32,,"INSERT INTO `mydb`.`localidades` (`idlocalidades`, `nombre_localidad`, `ambito`, `municipio_idmunicipio`)",VALUES (,"51,""El Gallo"",""R"",32",);
53,Ignacio Zaragoza,R,32,,"INSERT INTO `mydb`.`localidades` (`idlocalidades`, `nombre_localidad`, `ambito`, `municipio_idmunicipio`)",VALUES (,"53,""Ignacio Zaragoza"",""R"",32",);
54,La Jarita,R,32,,"INSERT INTO `mydb`.`localidades` (`idlocalidades`, `nombre_localidad`, `ambito`, `municipio_idmunicipio`)",VALUES (,"54,""La Jarita"",""R"",32",);
58,La Minita,R,32,,"INSERT INTO `mydb`.`localidades` (`idlocalidades`, `nombre_localidad`, `ambito`, `municipio_idmunicipio`)",VALUES (,"58,""La Minita"",""R"",32",);
61,Los Novillos,R,32,,"INSERT INTO `mydb`.`localidades` (`idlocalidades`, `nombre_localidad`, `ambito`, `municipio_idmunicipio`)",VALUES (,"61,""Los Novillos"",""R"",32",);
62,Los Ojitos,R,32,,"INSERT INTO `mydb`.`localidades` (`idlocalidades`, `nombre_localidad`, `ambito`, `municipio_idmunicipio`)",VALUES (,"62,""Los Ojitos"",""R"",32",);
70,San Antonio,R,32,,"INSERT INTO `mydb`.`localidades` (`idlocalidades`, `nombre_localidad`, `ambito`, `municipio_idmunicipio`)",VALUES (,"70,""San Antonio"",""R"",32",);
72,La Salada (Fracción Uno),R,32,,"INSERT INTO `mydb`.`localidades` (`idlocalidades`, `nombre_localidad`, `ambito`, `municipio_idmunicipio`)",VALUES (,"72,""La Salada (Fracción Uno)"",""R"",32",);
74,Campo los Castillo,R,32,,"INSERT INTO `mydb`.`localidades` (`idlocalidades`, `nombre_localidad`, `ambito`, `municipio_idmunicipio`)",VALUES (,"74,""Campo los Castillo"",""R"",32",);
76,Los Garza (Paso de las Garzas),R,32,,"INSERT INTO `mydb`.`localidades` (`idlocalidades`, `nombre_localidad`, `ambito`, `municipio_idmunicipio`)",VALUES (,"76,""Los Garza (Paso de las Garzas)"",""R"",32",);
77,Los Gemelos,R,32,,"INSERT INTO `mydb`.`localidades` (`idlocalidades`, `nombre_localidad`, `ambito`, `municipio_idmunicipio`)",VALUES (,"77,""Los Gemelos"",""R"",32",);
79,Los Primos (San Juan),R,32,,"INSERT INTO `mydb`.`localidades` (`idlocalidades`, `nombre_localidad`, `ambito`, `municipio_idmunicipio`)",VALUES (,"79,""Los Primos (San Juan)"",""R"",32",);
80,Los Herrera,R,32,,"INSERT INTO `mydb`.`localidades` (`idlocalidades`, `nombre_localidad`, `ambito`, `municipio_idmunicipio`)",VALUES (,"80,""Los Herrera"",""R"",32",);
82,Santa Isabel (La Leona),R,32,,"INSERT INTO `mydb`.`localidades` (`idlocalidades`, `nombre_localidad`, `ambito`, `municipio_idmunicipio`)",VALUES (,"82,""Santa Isabel (La Leona)"",""R"",32",);
86,El Rodeo (Hacienda de Purísima),R,32,,"INSERT INTO `mydb`.`localidades` (`idlocalidades`, `nombre_localidad`, `ambito`, `municipio_idmunicipio`)",VALUES (,"86,""El Rodeo (Hacienda de Purísima)"",""R"",32",);
89,San José,R,32,,"INSERT INTO `mydb`.`localidades` (`idlocalidades`, `nombre_localidad`, `ambito`, `municipio_idmunicipio`)",VALUES (,"89,""San José"",""R"",32",);
90,Santa Isabel,R,32,,"INSERT INTO `mydb`.`localidades` (`idlocalidades`, `nombre_localidad`, `ambito`, `municipio_idmunicipio`)",VALUES (,"90,""Santa Isabel"",""R"",32",);
92,Santa Isabel,R,32,,"INSERT INTO `mydb`.`localidades` (`idlocalidades`, `nombre_localidad`, `ambito`, `municipio_idmunicipio`)",VALUES (,"92,""Santa Isabel"",""R"",32",);
93,Santa Isabel,R,32,,"INSERT INTO `mydb`.`localidades` (`idlocalidades`, `nombre_localidad`, `ambito`, `municipio_idmunicipio`)",VALUES (,"93,""Santa Isabel"",""R"",32",);
96,El Tamarindo,R,32,,"INSERT INTO `mydb`.`localidades` (`idlocalidades`, `nombre_localidad`, `ambito`, `municipio_idmunicipio`)",VALUES (,"96,""El Tamarindo"",""R"",32",);
97,El Papalote,R,32,,"INSERT INTO `mydb`.`localidades` (`idlocalidades`, `nombre_localidad`, `ambito`, `municipio_idmunicipio`)",VALUES (,"97,""El Papalote"",""R"",32",);
99,La Ilusión,R,32,,"INSERT INTO `mydb`.`localidades` (`idlocalidades`, `nombre_localidad`, `ambito`, `municipio_idmunicipio`)",VALUES (,"99,""La Ilusión"",""R"",32",);
100,La Bujía,R,32,,"INSERT INTO `mydb`.`localidades` (`idlocalidades`, `nombre_localidad`, `ambito`, `municipio_idmunicipio`)",VALUES (,"100,""La Bujía"",""R"",32",);
101,El Establo,R,32,,"INSERT INTO `mydb`.`localidades` (`idlocalidades`, `nombre_localidad`, `ambito`, `municipio_idmunicipio`)",VALUES (,"101,""El Establo"",""R"",32",);
102,Pedro Castro Gómez,R,32,,"INSERT INTO `mydb`.`localidades` (`idlocalidades`, `nombre_localidad`, `ambito`, `municipio_idmunicipio`)",VALUES (,"102,""Pedro Castro Gómez"",""R"",32",);
103,La Gacha,R,32,,"INSERT INTO `mydb`.`localidades` (`idlocalidades`, `nombre_localidad`, `ambito`, `municipio_idmunicipio`)",VALUES (,"103,""La Gacha"",""R"",32",);
104,Palo Blanco,R,32,,"INSERT INTO `mydb`.`localidades` (`idlocalidades`, `nombre_localidad`, `ambito`, `municipio_idmunicipio`)",VALUES (,"104,""Palo Blanco"",""R"",32",);
105,Fraccionamiento la Curva,R,32,,"INSERT INTO `mydb`.`localidades` (`idlocalidades`, `nombre_localidad`, `ambito`, `municipio_idmunicipio`)",VALUES (,"105,""Fraccionamiento la Curva"",""R"",32",);
106,Quinta los Pinos,R,32,,"INSERT INTO `mydb`.`localidades` (`idlocalidades`, `nombre_localidad`, `ambito`, `municipio_idmunicipio`)",VALUES (,"106,""Quinta los Pinos"",""R"",32",);
107,El Corredor R.W.,R,32,,"INSERT INTO `mydb`.`localidades` (`idlocalidades`, `nombre_localidad`, `ambito`, `municipio_idmunicipio`)",VALUES (,"107,""El Corredor R.W."",""R"",32",);
111,El Gallo,R,32,,"INSERT INTO `mydb`.`localidades` (`idlocalidades`, `nombre_localidad`, `ambito`, `municipio_idmunicipio`)",VALUES (,"111,""El Gallo"",""R"",32",);
112,Rancho RW,R,32,,"INSERT INTO `mydb`.`localidades` (`idlocalidades`, `nombre_localidad`, `ambito`, `municipio_idmunicipio`)",VALUES (,"112,""Rancho RW"",""R"",32",);
113,San Valentín (Las Moras),R,32,,"INSERT INTO `mydb`.`localidades` (`idlocalidades`, `nombre_localidad`, `ambito`, `municipio_idmunicipio`)",VALUES (,"113,""San Valentín (Las Moras)"",""R"",32",);
114,La Pequeña de Santa María,R,32,,"INSERT INTO `mydb`.`localidades` (`idlocalidades`, `nombre_localidad`, `ambito`, `municipio_idmunicipio`)",VALUES (,"114,""La Pequeña de Santa María"",""R"",32",);
117,Las Islitas,R,32,,"INSERT INTO `mydb`.`localidades` (`idlocalidades`, `nombre_localidad`, `ambito`, `municipio_idmunicipio`)",VALUES (,"117,""Las Islitas"",""R"",32",);
118,Z Cruz (Piedra Parada),R,32,,"INSERT INTO `mydb`.`localidades` (`idlocalidades`, `nombre_localidad`, `ambito`, `municipio_idmunicipio`)",VALUES (,"118,""Z Cruz (Piedra Parada)"",""R"",32",);
119,Jesús Perales Chio,R,32,,"INSERT INTO `mydb`.`localidades` (`idlocalidades`, `nombre_localidad`, `ambito`, `municipio_idmunicipio`)",VALUES (,"119,""Jesús Perales Chio"",""R"",32",);
120,Beatriz Elena Velázquez,R,32,,"INSERT INTO `mydb`.`localidades` (`idlocalidades`, `nombre_localidad`, `ambito`, `municipio_idmunicipio`)",VALUES (,"120,""Beatriz Elena Velázquez"",""R"",32",);
121,Benito Flores Hipólito,R,32,,"INSERT INTO `mydb`.`localidades` (`idlocalidades`, `nombre_localidad`, `ambito`, `municipio_idmunicipio`)",VALUES (,"121,""Benito Flores Hipólito"",""R"",32",);
122,Jesús Flores Hipólito,R,32,,"INSERT INTO `mydb`.`localidades` (`idlocalidades`, `nombre_localidad`, `ambito`, `municipio_idmunicipio`)",VALUES (,"122,""Jesús Flores Hipólito"",""R"",32",);
123,Manuel Marín,R,32,,"INSERT INTO `mydb`.`localidades` (`idlocalidades`, `nombre_localidad`, `ambito`, `municipio_idmunicipio`)",VALUES (,"123,""Manuel Marín"",""R"",32",);
124,Sotero Gallegos,R,32,,"INSERT INTO `mydb`.`localidades` (`idlocalidades`, `nombre_localidad`, `ambito`, `municipio_idmunicipio`)",VALUES (,"124,""Sotero Gallegos"",""R"",32",);
125,Simón Suárez García,R,32,,"INSERT INTO `mydb`.`localidades` (`idlocalidades`, `nombre_localidad`, `ambito`, `municipio_idmunicipio`)",VALUES (,"125,""Simón Suárez García"",""R"",32",);
128,Juan Garza,R,32,,"INSERT INTO `mydb`.`localidades` (`idlocalidades`, `nombre_localidad`, `ambito`, `municipio_idmunicipio`)",VALUES (,"128,""Juan Garza"",""R"",32",);
129,Álvaro Sandoval (Roberto Sandoval),R,32,,"INSERT INTO `mydb`.`localidades` (`idlocalidades`, `nombre_localidad`, `ambito`, `municipio_idmunicipio`)",VALUES (,"129,""Álvaro Sandoval (Roberto Sandoval)"",""R"",32",);
130,La Ventilación,R,32,,"INSERT INTO `mydb`.`localidades` (`idlocalidades`, `nombre_localidad`, `ambito`, `municipio_idmunicipio`)",VALUES (,"130,""La Ventilación"",""R"",32",);
131,Raymundo Sandoval,R,32,,"INSERT INTO `mydb`.`localidades` (`idlocalidades`, `nombre_localidad`, `ambito`, `municipio_idmunicipio`)",VALUES (,"131,""Raymundo Sandoval"",""R"",32",);
132,Héctor Lerma,R,32,,"INSERT INTO `mydb`.`localidades` (`idlocalidades`, `nombre_localidad`, `ambito`, `municipio_idmunicipio`)",VALUES (,"132,""Héctor Lerma"",""R"",32",);
133,La Palma,R,32,,"INSERT INTO `mydb`.`localidades` (`idlocalidades`, `nombre_localidad`, `ambito`, `municipio_idmunicipio`)",VALUES (,"133,""La Palma"",""R"",32",);
134,Ricardo Martínez,R,32,,"INSERT INTO `mydb`.`localidades` (`idlocalidades`, `nombre_localidad`, `ambito`, `municipio_idmunicipio`)",VALUES (,"134,""Ricardo Martínez"",""R"",32",);
135,José Antonio Ramos,R,32,,"INSERT INTO `mydb`.`localidades` (`idlocalidades`, `nombre_localidad`, `ambito`, `municipio_idmunicipio`)",VALUES (,"135,""José Antonio Ramos"",""R"",32",);
136,Ricardo Guerrero,R,32,,"INSERT INTO `mydb`.`localidades` (`idlocalidades`, `nombre_localidad`, `ambito`, `municipio_idmunicipio`)",VALUES (,"136,""Ricardo Guerrero"",""R"",32",);
137,Antonio Cuevas Silva,R,32,,"INSERT INTO `mydb`.`localidades` (`idlocalidades`, `nombre_localidad`, `ambito`, `municipio_idmunicipio`)",VALUES (,"137,""Antonio Cuevas Silva"",""R"",32",);
138,Las Islitas,R,32,,"INSERT INTO `mydb`.`localidades` (`idlocalidades`, `nombre_localidad`, `ambito`, `municipio_idmunicipio`)",VALUES (,"138,""Las Islitas"",""R"",32",);
139,El Becerro,R,32,,"INSERT INTO `mydb`.`localidades` (`idlocalidades`, `nombre_localidad`, `ambito`, `municipio_idmunicipio`)",VALUES (,"139,""El Becerro"",""R"",32",);
140,La Posta,R,32,,"INSERT INTO `mydb`.`localidades` (`idlocalidades`, `nombre_localidad`, `ambito`, `municipio_idmunicipio`)",VALUES (,"140,""La Posta"",""R"",32",);
141,Carlos Salazar,R,32,,"INSERT INTO `mydb`.`localidades` (`idlocalidades`, `nombre_localidad`, `ambito`, `municipio_idmunicipio`)",VALUES (,"141,""Carlos Salazar"",""R"",32",);
142,El Pedregal,R,32,,"INSERT INTO `mydb`.`localidades` (`idlocalidades`, `nombre_localidad`, `ambito`, `municipio_idmunicipio`)",VALUES (,"142,""El Pedregal"",""R"",32",);
143,La Fe (Pájaro Azul),R,32,,"INSERT INTO `mydb`.`localidades` (`idlocalidades`, `nombre_localidad`, `ambito`, `municipio_idmunicipio`)",VALUES (,"143,""La Fe (Pájaro Azul)"",""R"",32",);
144,Santa Rita,R,32,,"INSERT INTO `mydb`.`localidades` (`idlocalidades`, `nombre_localidad`, `ambito`, `municipio_idmunicipio`)",VALUES (,"144,""Santa Rita"",""R"",32",);
145,Jesús Ledezma,R,32,,"INSERT INTO `mydb`.`localidades` (`idlocalidades`, `nombre_localidad`, `ambito`, `municipio_idmunicipio`)",VALUES (,"145,""Jesús Ledezma"",""R"",32",);
146,Fermín Genovevo Martínez,R,32,,"INSERT INTO `mydb`.`localidades` (`idlocalidades`, `nombre_localidad`, `ambito`, `municipio_idmunicipio`)",VALUES (,"146,""Fermín Genovevo Martínez"",""R"",32",);
147,Regino Robles,R,32,,"INSERT INTO `mydb`.`localidades` (`idlocalidades`, `nombre_localidad`, `ambito`, `municipio_idmunicipio`)",VALUES (,"147,""Regino Robles"",""R"",32",);
148,El Suspiro,R,32,,"INSERT INTO `mydb`.`localidades` (`idlocalidades`, `nombre_localidad`, `ambito`, `municipio_idmunicipio`)",VALUES (,"148,""El Suspiro"",""R"",32",);
149,Agustín Armas,R,32,,"INSERT INTO `mydb`.`localidades` (`idlocalidades`, `nombre_localidad`, `ambito`, `municipio_idmunicipio`)",VALUES (,"149,""Agustín Armas"",""R"",32",);
150,Las Palmas,R,32,,"INSERT INTO `mydb`.`localidades` (`idlocalidades`, `nombre_localidad`, `ambito`, `municipio_idmunicipio`)",VALUES (,"150,""Las Palmas"",""R"",32",);
151,Homero Martínez Valdez,R,32,,"INSERT INTO `mydb`.`localidades` (`idlocalidades`, `nombre_localidad`, `ambito`, `municipio_idmunicipio`)",VALUES (,"151,""Homero Martínez Valdez"",""R"",32",);
154,La Mota,R,32,,"INSERT INTO `mydb`.`localidades` (`idlocalidades`, `nombre_localidad`, `ambito`, `municipio_idmunicipio`)",VALUES (,"154,""La Mota"",""R"",32",);
155,El Polaco (Alfonso Ramos Villarreal),R,32,,"INSERT INTO `mydb`.`localidades` (`idlocalidades`, `nombre_localidad`, `ambito`, `municipio_idmunicipio`)",VALUES (,"155,""El Polaco (Alfonso Ramos Villarreal)"",""R"",32",);
156,El Girasol,R,32,,"INSERT INTO `mydb`.`localidades` (`idlocalidades`, `nombre_localidad`, `ambito`, `municipio_idmunicipio`)",VALUES (,"156,""El Girasol"",""R"",32",);
157,Felipe Ruiz Flores,R,32,,"INSERT INTO `mydb`.`localidades` (`idlocalidades`, `nombre_localidad`, `ambito`, `municipio_idmunicipio`)",VALUES (,"157,""Felipe Ruiz Flores"",""R"",32",);
158,Carlota Cibrían,R,32,,"INSERT INTO `mydb`.`localidades` (`idlocalidades`, `nombre_localidad`, `ambito`, `municipio_idmunicipio`)",VALUES (,"158,""Carlota Cibrían"",""R"",32",);
159,Eleazar Villarreal,R,32,,"INSERT INTO `mydb`.`localidades` (`idlocalidades`, `nombre_localidad`, `ambito`, `municipio_idmunicipio`)",VALUES (,"159,""Eleazar Villarreal"",""R"",32",);
160,El Suspiro,R,32,,"INSERT INTO `mydb`.`localidades` (`idlocalidades`, `nombre_localidad`, `ambito`, `municipio_idmunicipio`)",VALUES (,"160,""El Suspiro"",""R"",32",);
161,Rolando Herrera,R,32,,"INSERT INTO `mydb`.`localidades` (`idlocalidades`, `nombre_localidad`, `ambito`, `municipio_idmunicipio`)",VALUES (,"161,""Rolando Herrera"",""R"",32",);
162,Rafael Cruz Mendoza,R,32,,"INSERT INTO `mydb`.`localidades` (`idlocalidades`, `nombre_localidad`, `ambito`, `municipio_idmunicipio`)",VALUES (,"162,""Rafael Cruz Mendoza"",""R"",32",);
163,Javier Rodríguez,R,32,,"INSERT INTO `mydb`.`localidades` (`idlocalidades`, `nombre_localidad`, `ambito`, `municipio_idmunicipio`)",VALUES (,"163,""Javier Rodríguez"",""R"",32",);
164,La Lajita,R,32,,"INSERT INTO `mydb`.`localidades` (`idlocalidades`, `nombre_localidad`, `ambito`, `municipio_idmunicipio`)",VALUES (,"164,""La Lajita"",""R"",32",);
165,Teolindo Rodríguez,R,32,,"INSERT INTO `mydb`.`localidades` (`idlocalidades`, `nombre_localidad`, `ambito`, `municipio_idmunicipio`)",VALUES (,"165,""Teolindo Rodríguez"",""R"",32",);
168,Nerio Degollado Palacios,R,32,,"INSERT INTO `mydb`.`localidades` (`idlocalidades`, `nombre_localidad`, `ambito`, `municipio_idmunicipio`)",VALUES (,"168,""Nerio Degollado Palacios"",""R"",32",);
169,El Establo,R,32,,"INSERT INTO `mydb`.`localidades` (`idlocalidades`, `nombre_localidad`, `ambito`, `municipio_idmunicipio`)",VALUES (,"169,""El Establo"",""R"",32",);
170,Rosa Elva Castro,R,32,,"INSERT INTO `mydb`.`localidades` (`idlocalidades`, `nombre_localidad`, `ambito`, `municipio_idmunicipio`)",VALUES (,"170,""Rosa Elva Castro"",""R"",32",);
171,José Escobar,R,32,,"INSERT INTO `mydb`.`localidades` (`idlocalidades`, `nombre_localidad`, `ambito`, `municipio_idmunicipio`)",VALUES (,"171,""José Escobar"",""R"",32",);
172,Luis Ibarra,R,32,,"INSERT INTO `mydb`.`localidades` (`idlocalidades`, `nombre_localidad`, `ambito`, `municipio_idmunicipio`)",VALUES (,"172,""Luis Ibarra"",""R"",32",);
173,Osvaldo Morín,R,32,,"INSERT INTO `mydb`.`localidades` (`idlocalidades`, `nombre_localidad`, `ambito`, `municipio_idmunicipio`)",VALUES (,"173,""Osvaldo Morín"",""R"",32",);
175,Reynaldo Nájera,R,32,,"INSERT INTO `mydb`.`localidades` (`idlocalidades`, `nombre_localidad`, `ambito`, `municipio_idmunicipio`)",VALUES (,"175,""Reynaldo Nájera"",""R"",32",);
179,Antonio González,R,32,,"INSERT INTO `mydb`.`localidades` (`idlocalidades`, `nombre_localidad`, `ambito`, `municipio_idmunicipio`)",VALUES (,"179,""Antonio González"",""R"",32",);
180,Ramos [Minera],R,32,,"INSERT INTO `mydb`.`localidades` (`idlocalidades`, `nombre_localidad`, `ambito`, `municipio_idmunicipio`)",VALUES (,"180,""Ramos [Minera]"",""R"",32",);
182,El Audaz,R,32,,"INSERT INTO `mydb`.`localidades` (`idlocalidades`, `nombre_localidad`, `ambito`, `municipio_idmunicipio`)",VALUES (,"182,""El Audaz"",""R"",32",);
183,José Hernández Alcalá,R,32,,"INSERT INTO `mydb`.`localidades` (`idlocalidades`, `nombre_localidad`, `ambito`, `municipio_idmunicipio`)",VALUES (,"183,""José Hernández Alcalá"",""R"",32",);
184,Lázaro Ávila,R,32,,"INSERT INTO `mydb`.`localidades` (`idlocalidades`, `nombre_localidad`, `ambito`, `municipio_idmunicipio`)",VALUES (,"184,""Lázaro Ávila"",""R"",32",);
185,Cornelio Cárdenas,R,32,,"INSERT INTO `mydb`.`localidades` (`idlocalidades`, `nombre_localidad`, `ambito`, `municipio_idmunicipio`)",VALUES (,"185,""Cornelio Cárdenas"",""R"",32",);
186,Julio Ávila Aldaco,R,32,,"INSERT INTO `mydb`.`localidades` (`idlocalidades`, `nombre_localidad`, `ambito`, `municipio_idmunicipio`)",VALUES (,"186,""Julio Ávila Aldaco"",""R"",32",);
187,Manuel Contreras Alcalá,R,32,,"INSERT INTO `mydb`.`localidades` (`idlocalidades`, `nombre_localidad`, `ambito`, `municipio_idmunicipio`)",VALUES (,"187,""Manuel Contreras Alcalá"",""R"",32",);
188,Enrique,R,32,,"INSERT INTO `mydb`.`localidades` (`idlocalidades`, `nombre_localidad`, `ambito`, `municipio_idmunicipio`)",VALUES (,"188,""Enrique"",""R"",32",);
189,Los Ángeles,R,32,,"INSERT INTO `mydb`.`localidades` (`idlocalidades`, `nombre_localidad`, `ambito`, `municipio_idmunicipio`)",VALUES (,"189,""Los Ángeles"",""R"",32",);
190,Los Filtros,R,32,,"INSERT INTO `mydb`.`localidades` (`idlocalidades`, `nombre_localidad`, `ambito`, `municipio_idmunicipio`)",VALUES (,"190,""Los Filtros"",""R"",32",);
191,Luis Alfonso García Ramos,R,32,,"INSERT INTO `mydb`.`localidades` (`idlocalidades`, `nombre_localidad`, `ambito`, `municipio_idmunicipio`)",VALUES (,"191,""Luis Alfonso García Ramos"",""R"",32",);
192,Las Flores,R,32,,"INSERT INTO `mydb`.`localidades` (`idlocalidades`, `nombre_localidad`, `ambito`, `municipio_idmunicipio`)",VALUES (,"192,""Las Flores"",""R"",32",);
195,Chula Vista,R,32,,"INSERT INTO `mydb`.`localidades` (`idlocalidades`, `nombre_localidad`, `ambito`, `municipio_idmunicipio`)",VALUES (,"195,""Chula Vista"",""R"",32",);
196,San Pablo de la Salada,R,32,,"INSERT INTO `mydb`.`localidades` (`idlocalidades`, `nombre_localidad`, `ambito`, `municipio_idmunicipio`)",VALUES (,"196,""San Pablo de la Salada"",""R"",32",);
197,El Veintinueve,R,32,,"INSERT INTO `mydb`.`localidades` (`idlocalidades`, `nombre_localidad`, `ambito`, `municipio_idmunicipio`)",VALUES (,"197,""El Veintinueve"",""R"",32",);
198,La Rueda,R,32,,"INSERT INTO `mydb`.`localidades` (`idlocalidades`, `nombre_localidad`, `ambito`, `municipio_idmunicipio`)",VALUES (,"198,""La Rueda"",""R"",32",);
200,Los Nogales,R,32,,"INSERT INTO `mydb`.`localidades` (`idlocalidades`, `nombre_localidad`, `ambito`, `municipio_idmunicipio`)",VALUES (,"200,""Los Nogales"",""R"",32",);
202,Eduardo Rivera,R,32,,"INSERT INTO `mydb`.`localidades` (`idlocalidades`, `nombre_localidad`, `ambito`, `municipio_idmunicipio`)",VALUES (,"202,""Eduardo Rivera"",""R"",32",);
203,Las Moras (Ernestina Reza),R,32,,"INSERT INTO `mydb`.`localidades` (`idlocalidades`, `nombre_localidad`, `ambito`, `municipio_idmunicipio`)",VALUES (,"203,""Las Moras (Ernestina Reza)"",""R"",32",);
205,El Guajolote (Sauceda Rodríguez),R,32,,"INSERT INTO `mydb`.`localidades` (`idlocalidades`, `nombre_localidad`, `ambito`, `municipio_idmunicipio`)",VALUES (,"205,""El Guajolote (Sauceda Rodríguez)"",""R"",32",);
206,La Mora (Juanita Salinas Viuda de Martínez),R,32,,"INSERT INTO `mydb`.`localidades` (`idlocalidades`, `nombre_localidad`, `ambito`, `municipio_idmunicipio`)",VALUES (,"206,""La Mora (Juanita Salinas Viuda de Martínez)"",""R"",32",);
207,Alfonso Ponce Muñoz,R,32,,"INSERT INTO `mydb`.`localidades` (`idlocalidades`, `nombre_localidad`, `ambito`, `municipio_idmunicipio`)",VALUES (,"207,""Alfonso Ponce Muñoz"",""R"",32",);
208,José Laborico Rodríguez,R,32,,"INSERT INTO `mydb`.`localidades` (`idlocalidades`, `nombre_localidad`, `ambito`, `municipio_idmunicipio`)",VALUES (,"208,""José Laborico Rodríguez"",""R"",32",);
209,El Tajo,R,32,,"INSERT INTO `mydb`.`localidades` (`idlocalidades`, `nombre_localidad`, `ambito`, `municipio_idmunicipio`)",VALUES (,"209,""El Tajo"",""R"",32",);
210,Ramón Robles Cisneros,R,32,,"INSERT INTO `mydb`.`localidades` (`idlocalidades`, `nombre_localidad`, `ambito`, `municipio_idmunicipio`)",VALUES (,"210,""Ramón Robles Cisneros"",""R"",32",);
212,Secundino de León Rojas,R,32,,"INSERT INTO `mydb`.`localidades` (`idlocalidades`, `nombre_localidad`, `ambito`, `municipio_idmunicipio`)",VALUES (,"212,""Secundino de León Rojas"",""R"",32",);
213,El Edén,R,32,,"INSERT INTO `mydb`.`localidades` (`idlocalidades`, `nombre_localidad`, `ambito`, `municipio_idmunicipio`)",VALUES (,"213,""El Edén"",""R"",32",);
214,Santiago Cantú,R,32,,"INSERT INTO `mydb`.`localidades` (`idlocalidades`, `nombre_localidad`, `ambito`, `municipio_idmunicipio`)",VALUES (,"214,""Santiago Cantú"",""R"",32",);
215,Álamo [Oficina de la Constructora y Triturado],R,32,,"INSERT INTO `mydb`.`localidades` (`idlocalidades`, `nombre_localidad`, `ambito`, `municipio_idmunicipio`)",VALUES (,"215,""Álamo [Oficina de la Constructora y Triturado]"",""R"",32",);
216,Rancho Marilyn,R,32,,"INSERT INTO `mydb`.`localidades` (`idlocalidades`, `nombre_localidad`, `ambito`, `municipio_idmunicipio`)",VALUES (,"216,""Rancho Marilyn"",""R"",32",);
217,Hacienda el Refugio,R,32,,"INSERT INTO `mydb`.`localidades` (`idlocalidades`, `nombre_localidad`, `ambito`, `municipio_idmunicipio`)",VALUES (,"217,""Hacienda el Refugio"",""R"",32",);
218,La Leona (Gilberto Hernández Luevanos),R,32,,"INSERT INTO `mydb`.`localidades` (`idlocalidades`, `nombre_localidad`, `ambito`, `municipio_idmunicipio`)",VALUES (,"218,""La Leona (Gilberto Hernández Luevanos)"",""R"",32",);
219,La Media Luna (Conchos 2),R,32,,"INSERT INTO `mydb`.`localidades` (`idlocalidades`, `nombre_localidad`, `ambito`, `municipio_idmunicipio`)",VALUES (,"219,""La Media Luna (Conchos 2)"",""R"",32",);
220,Martina Robles,R,32,,"INSERT INTO `mydb`.`localidades` (`idlocalidades`, `nombre_localidad`, `ambito`, `municipio_idmunicipio`)",VALUES (,"220,""Martina Robles"",""R"",32",);
221,El Botín (José Ángel Ramírez),R,32,,"INSERT INTO `mydb`.`localidades` (`idlocalidades`, `nombre_localidad`, `ambito`, `municipio_idmunicipio`)",VALUES (,"221,""El Botín (José Ángel Ramírez)"",""R"",32",);
222,San Felipe,R,32,,"INSERT INTO `mydb`.`localidades` (`idlocalidades`, `nombre_localidad`, `ambito`, `municipio_idmunicipio`)",VALUES (,"222,""San Felipe"",""R"",32",);
223,Minsa l [Materiales Industrializados],R,32,,"INSERT INTO `mydb`.`localidades` (`idlocalidades`, `nombre_localidad`, `ambito`, `municipio_idmunicipio`)",VALUES (,"223,""Minsa l [Materiales Industrializados]"",""R"",32",);
224,Sergio Moreno,R,32,,"INSERT INTO `mydb`.`localidades` (`idlocalidades`, `nombre_localidad`, `ambito`, `municipio_idmunicipio`)",VALUES (,"224,""Sergio Moreno"",""R"",32",);
225,Joel Escobar Pruneda,R,32,,"INSERT INTO `mydb`.`localidades` (`idlocalidades`, `nombre_localidad`, `ambito`, `municipio_idmunicipio`)",VALUES (,"225,""Joel Escobar Pruneda"",""R"",32",);
226,Ramiro Maldonado,R,32,,"INSERT INTO `mydb`.`localidades` (`idlocalidades`, `nombre_localidad`, `ambito`, `municipio_idmunicipio`)",VALUES (,"226,""Ramiro Maldonado"",""R"",32",);
227,La Esperanza,R,32,,"INSERT INTO `mydb`.`localidades` (`idlocalidades`, `nombre_localidad`, `ambito`, `municipio_idmunicipio`)",VALUES (,"227,""La Esperanza"",""R"",32",);
228,Félix Moreno García,R,32,,"INSERT INTO `mydb`.`localidades` (`idlocalidades`, `nombre_localidad`, `ambito`, `municipio_idmunicipio`)",VALUES (,"228,""Félix Moreno García"",""R"",32",);
229,Los Grimaldo,R,32,,"INSERT INTO `mydb`.`localidades` (`idlocalidades`, `nombre_localidad`, `ambito`, `municipio_idmunicipio`)",VALUES (,"229,""Los Grimaldo"",""R"",32",);
230,Tomás Estrada Renovato,R,32,,"INSERT INTO `mydb`.`localidades` (`idlocalidades`, `nombre_localidad`, `ambito`, `municipio_idmunicipio`)",VALUES (,"230,""Tomás Estrada Renovato"",""R"",32",);
231,Mi Ranchito,R,32,,"INSERT INTO `mydb`.`localidades` (`idlocalidades`, `nombre_localidad`, `ambito`, `municipio_idmunicipio`)",VALUES (,"231,""Mi Ranchito"",""R"",32",);
232,Fernando Castillo Hernández,R,32,,"INSERT INTO `mydb`.`localidades` (`idlocalidades`, `nombre_localidad`, `ambito`, `municipio_idmunicipio`)",VALUES (,"232,""Fernando Castillo Hernández"",""R"",32",);
233,Solís Herrada,R,32,,"INSERT INTO `mydb`.`localidades` (`idlocalidades`, `nombre_localidad`, `ambito`, `municipio_idmunicipio`)",VALUES (,"233,""Solís Herrada"",""R"",32",);
234,Marcos Aguirre García,R,32,,"INSERT INTO `mydb`.`localidades` (`idlocalidades`, `nombre_localidad`, `ambito`, `municipio_idmunicipio`)",VALUES (,"234,""Marcos Aguirre García"",""R"",32",);
235,La Granja,R,32,,"INSERT INTO `mydb`.`localidades` (`idlocalidades`, `nombre_localidad`, `ambito`, `municipio_idmunicipio`)",VALUES (,"235,""La Granja"",""R"",32",);
236,El Olvido,R,32,,"INSERT INTO `mydb`.`localidades` (`idlocalidades`, `nombre_localidad`, `ambito`, `municipio_idmunicipio`)",VALUES (,"236,""El Olvido"",""R"",32",);
237,José Norberto Silva Cabriales,R,32,,"INSERT INTO `mydb`.`localidades` (`idlocalidades`, `nombre_localidad`, `ambito`, `municipio_idmunicipio`)",VALUES (,"237,""José Norberto Silva Cabriales"",""R"",32",);
238,El Llano,R,32,,"INSERT INTO `mydb`.`localidades` (`idlocalidades`, `nombre_localidad`, `ambito`, `municipio_idmunicipio`)",VALUES (,"238,""El Llano"",""R"",32",);
239,Arena Kipin,R,32,,"INSERT INTO `mydb`.`localidades` (`idlocalidades`, `nombre_localidad`, `ambito`, `municipio_idmunicipio`)",VALUES (,"239,""Arena Kipin"",""R"",32",);
240,Texas Huans,R,32,,"INSERT INTO `mydb`.`localidades` (`idlocalidades`, `nombre_localidad`, `ambito`, `municipio_idmunicipio`)",VALUES (,"240,""Texas Huans"",""R"",32",);
241,Los Reyes,R,32,,"INSERT INTO `mydb`.`localidades` (`idlocalidades`, `nombre_localidad`, `ambito`, `municipio_idmunicipio`)",VALUES (,"241,""Los Reyes"",""R"",32",);
242,La Campesina,R,32,,"INSERT INTO `mydb`.`localidades` (`idlocalidades`, `nombre_localidad`, `ambito`, `municipio_idmunicipio`)",VALUES (,"242,""La Campesina"",""R"",32",);
243,El Retoño,R,32,,"INSERT INTO `mydb`.`localidades` (`idlocalidades`, `nombre_localidad`, `ambito`, `municipio_idmunicipio`)",VALUES (,"243,""El Retoño"",""R"",32",);
244,Matilde Rivera,R,32,,"INSERT INTO `mydb`.`localidades` (`idlocalidades`, `nombre_localidad`, `ambito`, `municipio_idmunicipio`)",VALUES (,"244,""Matilde Rivera"",""R"",32",);
245,Graciela Esquivel Martínez,R,32,,"INSERT INTO `mydb`.`localidades` (`idlocalidades`, `nombre_localidad`, `ambito`, `municipio_idmunicipio`)",VALUES (,"245,""Graciela Esquivel Martínez"",""R"",32",);
246,Elvira Delfina Guerrero Montoya,R,32,,"INSERT INTO `mydb`.`localidades` (`idlocalidades`, `nombre_localidad`, `ambito`, `municipio_idmunicipio`)",VALUES (,"246,""Elvira Delfina Guerrero Montoya"",""R"",32",);
247,Polo Lozano,R,32,,"INSERT INTO `mydb`.`localidades` (`idlocalidades`, `nombre_localidad`, `ambito`, `municipio_idmunicipio`)",VALUES (,"247,""Polo Lozano"",""R"",32",);
248,Alfredo Havid,R,32,,"INSERT INTO `mydb`.`localidades` (`idlocalidades`, `nombre_localidad`, `ambito`, `municipio_idmunicipio`)",VALUES (,"248,""Alfredo Havid"",""R"",32",);
249,El Llorón,R,32,,"INSERT INTO `mydb`.`localidades` (`idlocalidades`, `nombre_localidad`, `ambito`, `municipio_idmunicipio`)",VALUES (,"249,""El Llorón"",""R"",32",);
250,Maximino González,R,32,,"INSERT INTO `mydb`.`localidades` (`idlocalidades`, `nombre_localidad`, `ambito`, `municipio_idmunicipio`)",VALUES (,"250,""Maximino González"",""R"",32",);
251,El Dorado,R,32,,"INSERT INTO `mydb`.`localidades` (`idlocalidades`, `nombre_localidad`, `ambito`, `municipio_idmunicipio`)",VALUES (,"251,""El Dorado"",""R"",32",);
