CVE_LOC,NOM_LOC,AMBITO,CVE_MUN,,,,,
1,Sabinas,U,28,,"INSERT INTO `mydb`.`localidades` (`idlocalidades`, `nombre_localidad`, `ambito`, `municipio_idmunicipio`)",VALUES (,"1,""Sabinas"",""U"",28",);
3,Cloete,U,28,,"INSERT INTO `mydb`.`localidades` (`idlocalidades`, `nombre_localidad`, `ambito`, `municipio_idmunicipio`)",VALUES (,"3,""Cloete"",""U"",28",);
4,Guadalupe Victoria (Pueblo Nuevo),R,28,,"INSERT INTO `mydb`.`localidades` (`idlocalidades`, `nombre_localidad`, `ambito`, `municipio_idmunicipio`)",VALUES (,"4,""Guadalupe Victoria (Pueblo Nuevo)"",""R"",28",);
5,Puente Negro,R,28,,"INSERT INTO `mydb`.`localidades` (`idlocalidades`, `nombre_localidad`, `ambito`, `municipio_idmunicipio`)",VALUES (,"5,""Puente Negro"",""R"",28",);
6,Riva Palacio,R,28,,"INSERT INTO `mydb`.`localidades` (`idlocalidades`, `nombre_localidad`, `ambito`, `municipio_idmunicipio`)",VALUES (,"6,""Riva Palacio"",""R"",28",);
7,San Isidro,R,28,,"INSERT INTO `mydb`.`localidades` (`idlocalidades`, `nombre_localidad`, `ambito`, `municipio_idmunicipio`)",VALUES (,"7,""San Isidro"",""R"",28",);
8,El Norteño,R,28,,"INSERT INTO `mydb`.`localidades` (`idlocalidades`, `nombre_localidad`, `ambito`, `municipio_idmunicipio`)",VALUES (,"8,""El Norteño"",""R"",28",);
9,El Rincón,R,28,,"INSERT INTO `mydb`.`localidades` (`idlocalidades`, `nombre_localidad`, `ambito`, `municipio_idmunicipio`)",VALUES (,"9,""El Rincón"",""R"",28",);
10,El Mimbre,R,28,,"INSERT INTO `mydb`.`localidades` (`idlocalidades`, `nombre_localidad`, `ambito`, `municipio_idmunicipio`)",VALUES (,"10,""El Mimbre"",""R"",28",);
11,El Naranjo,R,28,,"INSERT INTO `mydb`.`localidades` (`idlocalidades`, `nombre_localidad`, `ambito`, `municipio_idmunicipio`)",VALUES (,"11,""El Naranjo"",""R"",28",);
12,El Infante,R,28,,"INSERT INTO `mydb`.`localidades` (`idlocalidades`, `nombre_localidad`, `ambito`, `municipio_idmunicipio`)",VALUES (,"12,""El Infante"",""R"",28",);
15,La Presita,R,28,,"INSERT INTO `mydb`.`localidades` (`idlocalidades`, `nombre_localidad`, `ambito`, `municipio_idmunicipio`)",VALUES (,"15,""La Presita"",""R"",28",);
16,El Durazno,R,28,,"INSERT INTO `mydb`.`localidades` (`idlocalidades`, `nombre_localidad`, `ambito`, `municipio_idmunicipio`)",VALUES (,"16,""El Durazno"",""R"",28",);
17,Buenavista,R,28,,"INSERT INTO `mydb`.`localidades` (`idlocalidades`, `nombre_localidad`, `ambito`, `municipio_idmunicipio`)",VALUES (,"17,""Buenavista"",""R"",28",);
18,La Becerra,R,28,,"INSERT INTO `mydb`.`localidades` (`idlocalidades`, `nombre_localidad`, `ambito`, `municipio_idmunicipio`)",VALUES (,"18,""La Becerra"",""R"",28",);
20,Cuesta de las Codornices,R,28,,"INSERT INTO `mydb`.`localidades` (`idlocalidades`, `nombre_localidad`, `ambito`, `municipio_idmunicipio`)",VALUES (,"20,""Cuesta de las Codornices"",""R"",28",);
22,El Venado,R,28,,"INSERT INTO `mydb`.`localidades` (`idlocalidades`, `nombre_localidad`, `ambito`, `municipio_idmunicipio`)",VALUES (,"22,""El Venado"",""R"",28",);
23,San José,R,28,,"INSERT INTO `mydb`.`localidades` (`idlocalidades`, `nombre_localidad`, `ambito`, `municipio_idmunicipio`)",VALUES (,"23,""San José"",""R"",28",);
25,Dos Hermanos,R,28,,"INSERT INTO `mydb`.`localidades` (`idlocalidades`, `nombre_localidad`, `ambito`, `municipio_idmunicipio`)",VALUES (,"25,""Dos Hermanos"",""R"",28",);
26,El Cautivo,R,28,,"INSERT INTO `mydb`.`localidades` (`idlocalidades`, `nombre_localidad`, `ambito`, `municipio_idmunicipio`)",VALUES (,"26,""El Cautivo"",""R"",28",);
28,Corrales Viejos,R,28,,"INSERT INTO `mydb`.`localidades` (`idlocalidades`, `nombre_localidad`, `ambito`, `municipio_idmunicipio`)",VALUES (,"28,""Corrales Viejos"",""R"",28",);
30,San José,R,28,,"INSERT INTO `mydb`.`localidades` (`idlocalidades`, `nombre_localidad`, `ambito`, `municipio_idmunicipio`)",VALUES (,"30,""San José"",""R"",28",);
31,Toro Viejo,R,28,,"INSERT INTO `mydb`.`localidades` (`idlocalidades`, `nombre_localidad`, `ambito`, `municipio_idmunicipio`)",VALUES (,"31,""Toro Viejo"",""R"",28",);
32,El Silencio,R,28,,"INSERT INTO `mydb`.`localidades` (`idlocalidades`, `nombre_localidad`, `ambito`, `municipio_idmunicipio`)",VALUES (,"32,""El Silencio"",""R"",28",);
34,El Nogal,R,28,,"INSERT INTO `mydb`.`localidades` (`idlocalidades`, `nombre_localidad`, `ambito`, `municipio_idmunicipio`)",VALUES (,"34,""El Nogal"",""R"",28",);
35,San José de Cloete,R,28,,"INSERT INTO `mydb`.`localidades` (`idlocalidades`, `nombre_localidad`, `ambito`, `municipio_idmunicipio`)",VALUES (,"35,""San José de Cloete"",""R"",28",);
36,Arroyo Blanco,R,28,,"INSERT INTO `mydb`.`localidades` (`idlocalidades`, `nombre_localidad`, `ambito`, `municipio_idmunicipio`)",VALUES (,"36,""Arroyo Blanco"",""R"",28",);
38,San José de Cloete (San José de Cloete Uno),R,28,,"INSERT INTO `mydb`.`localidades` (`idlocalidades`, `nombre_localidad`, `ambito`, `municipio_idmunicipio`)",VALUES (,"38,""San José de Cloete (San José de Cloete Uno)"",""R"",28",);
39,El Blanco,R,28,,"INSERT INTO `mydb`.`localidades` (`idlocalidades`, `nombre_localidad`, `ambito`, `municipio_idmunicipio`)",VALUES (,"39,""El Blanco"",""R"",28",);
40,El Dorado,R,28,,"INSERT INTO `mydb`.`localidades` (`idlocalidades`, `nombre_localidad`, `ambito`, `municipio_idmunicipio`)",VALUES (,"40,""El Dorado"",""R"",28",);
42,San José de Cloete (San José de Cloete Tres),R,28,,"INSERT INTO `mydb`.`localidades` (`idlocalidades`, `nombre_localidad`, `ambito`, `municipio_idmunicipio`)",VALUES (,"42,""San José de Cloete (San José de Cloete Tres)"",""R"",28",);
43,San José de Cloete (San José de Cloete Cuatro),R,28,,"INSERT INTO `mydb`.`localidades` (`idlocalidades`, `nombre_localidad`, `ambito`, `municipio_idmunicipio`)",VALUES (,"43,""San José de Cloete (San José de Cloete Cuatro)"",""R"",28",);
45,Riva Palacio,R,28,,"INSERT INTO `mydb`.`localidades` (`idlocalidades`, `nombre_localidad`, `ambito`, `municipio_idmunicipio`)",VALUES (,"45,""Riva Palacio"",""R"",28",);
47,Arroyo Blanco,R,28,,"INSERT INTO `mydb`.`localidades` (`idlocalidades`, `nombre_localidad`, `ambito`, `municipio_idmunicipio`)",VALUES (,"47,""Arroyo Blanco"",""R"",28",);
52,Los Piloncillos (El Siete-Once),R,28,,"INSERT INTO `mydb`.`localidades` (`idlocalidades`, `nombre_localidad`, `ambito`, `municipio_idmunicipio`)",VALUES (,"52,""Los Piloncillos (El Siete-Once)"",""R"",28",);
53,Las Trampas (El Mezquite Viejo),R,28,,"INSERT INTO `mydb`.`localidades` (`idlocalidades`, `nombre_localidad`, `ambito`, `municipio_idmunicipio`)",VALUES (,"53,""Las Trampas (El Mezquite Viejo)"",""R"",28",);
54,Las Tres Lilas,R,28,,"INSERT INTO `mydb`.`localidades` (`idlocalidades`, `nombre_localidad`, `ambito`, `municipio_idmunicipio`)",VALUES (,"54,""Las Tres Lilas"",""R"",28",);
57,La Gloria (La Cuca),R,28,,"INSERT INTO `mydb`.`localidades` (`idlocalidades`, `nombre_localidad`, `ambito`, `municipio_idmunicipio`)",VALUES (,"57,""La Gloria (La Cuca)"",""R"",28",);
75,Santa Elena (Las Palomas),R,28,,"INSERT INTO `mydb`.`localidades` (`idlocalidades`, `nombre_localidad`, `ambito`, `municipio_idmunicipio`)",VALUES (,"75,""Santa Elena (Las Palomas)"",""R"",28",);
76,San José,R,28,,"INSERT INTO `mydb`.`localidades` (`idlocalidades`, `nombre_localidad`, `ambito`, `municipio_idmunicipio`)",VALUES (,"76,""San José"",""R"",28",);
77,Francisco Díaz,R,28,,"INSERT INTO `mydb`.`localidades` (`idlocalidades`, `nombre_localidad`, `ambito`, `municipio_idmunicipio`)",VALUES (,"77,""Francisco Díaz"",""R"",28",);
78,El Chaparral,R,28,,"INSERT INTO `mydb`.`localidades` (`idlocalidades`, `nombre_localidad`, `ambito`, `municipio_idmunicipio`)",VALUES (,"78,""El Chaparral"",""R"",28",);
79,Santa Elisa,R,28,,"INSERT INTO `mydb`.`localidades` (`idlocalidades`, `nombre_localidad`, `ambito`, `municipio_idmunicipio`)",VALUES (,"79,""Santa Elisa"",""R"",28",);
82,San José Número Dos,R,28,,"INSERT INTO `mydb`.`localidades` (`idlocalidades`, `nombre_localidad`, `ambito`, `municipio_idmunicipio`)",VALUES (,"82,""San José Número Dos"",""R"",28",);
83,El Continental,R,28,,"INSERT INTO `mydb`.`localidades` (`idlocalidades`, `nombre_localidad`, `ambito`, `municipio_idmunicipio`)",VALUES (,"83,""El Continental"",""R"",28",);
85,Los Arizpes,R,28,,"INSERT INTO `mydb`.`localidades` (`idlocalidades`, `nombre_localidad`, `ambito`, `municipio_idmunicipio`)",VALUES (,"85,""Los Arizpes"",""R"",28",);
88,Los Puentes Cuates,R,28,,"INSERT INTO `mydb`.`localidades` (`idlocalidades`, `nombre_localidad`, `ambito`, `municipio_idmunicipio`)",VALUES (,"88,""Los Puentes Cuates"",""R"",28",);
89,José Guadalupe Flores Puente,R,28,,"INSERT INTO `mydb`.`localidades` (`idlocalidades`, `nombre_localidad`, `ambito`, `municipio_idmunicipio`)",VALUES (,"89,""José Guadalupe Flores Puente"",""R"",28",);
90,Peñitas,R,28,,"INSERT INTO `mydb`.`localidades` (`idlocalidades`, `nombre_localidad`, `ambito`, `municipio_idmunicipio`)",VALUES (,"90,""Peñitas"",""R"",28",);
92,Las Conchas,R,28,,"INSERT INTO `mydb`.`localidades` (`idlocalidades`, `nombre_localidad`, `ambito`, `municipio_idmunicipio`)",VALUES (,"92,""Las Conchas"",""R"",28",);
93,La Soledad,R,28,,"INSERT INTO `mydb`.`localidades` (`idlocalidades`, `nombre_localidad`, `ambito`, `municipio_idmunicipio`)",VALUES (,"93,""La Soledad"",""R"",28",);
95,San Alberto,R,28,,"INSERT INTO `mydb`.`localidades` (`idlocalidades`, `nombre_localidad`, `ambito`, `municipio_idmunicipio`)",VALUES (,"95,""San Alberto"",""R"",28",);
96,El Pando,R,28,,"INSERT INTO `mydb`.`localidades` (`idlocalidades`, `nombre_localidad`, `ambito`, `municipio_idmunicipio`)",VALUES (,"96,""El Pando"",""R"",28",);
97,Loma Larga,R,28,,"INSERT INTO `mydb`.`localidades` (`idlocalidades`, `nombre_localidad`, `ambito`, `municipio_idmunicipio`)",VALUES (,"97,""Loma Larga"",""R"",28",);
98,Andrés Vallejo,R,28,,"INSERT INTO `mydb`.`localidades` (`idlocalidades`, `nombre_localidad`, `ambito`, `municipio_idmunicipio`)",VALUES (,"98,""Andrés Vallejo"",""R"",28",);
99,La Escondida,R,28,,"INSERT INTO `mydb`.`localidades` (`idlocalidades`, `nombre_localidad`, `ambito`, `municipio_idmunicipio`)",VALUES (,"99,""La Escondida"",""R"",28",);
100,Las Cruces,R,28,,"INSERT INTO `mydb`.`localidades` (`idlocalidades`, `nombre_localidad`, `ambito`, `municipio_idmunicipio`)",VALUES (,"100,""Las Cruces"",""R"",28",);
101,San Francisco,R,28,,"INSERT INTO `mydb`.`localidades` (`idlocalidades`, `nombre_localidad`, `ambito`, `municipio_idmunicipio`)",VALUES (,"101,""San Francisco"",""R"",28",);
102,Carrizalejo,R,28,,"INSERT INTO `mydb`.`localidades` (`idlocalidades`, `nombre_localidad`, `ambito`, `municipio_idmunicipio`)",VALUES (,"102,""Carrizalejo"",""R"",28",);
105,Kakanapo,R,28,,"INSERT INTO `mydb`.`localidades` (`idlocalidades`, `nombre_localidad`, `ambito`, `municipio_idmunicipio`)",VALUES (,"105,""Kakanapo"",""R"",28",);
109,Jorge Cárdenas,R,28,,"INSERT INTO `mydb`.`localidades` (`idlocalidades`, `nombre_localidad`, `ambito`, `municipio_idmunicipio`)",VALUES (,"109,""Jorge Cárdenas"",""R"",28",);
115,Agujita,R,28,,"INSERT INTO `mydb`.`localidades` (`idlocalidades`, `nombre_localidad`, `ambito`, `municipio_idmunicipio`)",VALUES (,"115,""Agujita"",""R"",28",);
116,Jesús Martínez,R,28,,"INSERT INTO `mydb`.`localidades` (`idlocalidades`, `nombre_localidad`, `ambito`, `municipio_idmunicipio`)",VALUES (,"116,""Jesús Martínez"",""R"",28",);
118,José Guerrero,R,28,,"INSERT INTO `mydb`.`localidades` (`idlocalidades`, `nombre_localidad`, `ambito`, `municipio_idmunicipio`)",VALUES (,"118,""José Guerrero"",""R"",28",);
119,Juan Guerrero,R,28,,"INSERT INTO `mydb`.`localidades` (`idlocalidades`, `nombre_localidad`, `ambito`, `municipio_idmunicipio`)",VALUES (,"119,""Juan Guerrero"",""R"",28",);
120,Las Amapolas,R,28,,"INSERT INTO `mydb`.`localidades` (`idlocalidades`, `nombre_localidad`, `ambito`, `municipio_idmunicipio`)",VALUES (,"120,""Las Amapolas"",""R"",28",);
121,Los Arizpe,R,28,,"INSERT INTO `mydb`.`localidades` (`idlocalidades`, `nombre_localidad`, `ambito`, `municipio_idmunicipio`)",VALUES (,"121,""Los Arizpe"",""R"",28",);
122,Barrio Seis (Agujita),R,28,,"INSERT INTO `mydb`.`localidades` (`idlocalidades`, `nombre_localidad`, `ambito`, `municipio_idmunicipio`)",VALUES (,"122,""Barrio Seis (Agujita)"",""R"",28",);
123,La Casa de Piedra,R,28,,"INSERT INTO `mydb`.`localidades` (`idlocalidades`, `nombre_localidad`, `ambito`, `municipio_idmunicipio`)",VALUES (,"123,""La Casa de Piedra"",""R"",28",);
124,Cañada Honda,R,28,,"INSERT INTO `mydb`.`localidades` (`idlocalidades`, `nombre_localidad`, `ambito`, `municipio_idmunicipio`)",VALUES (,"124,""Cañada Honda"",""R"",28",);
128,La Esperanza,R,28,,"INSERT INTO `mydb`.`localidades` (`idlocalidades`, `nombre_localidad`, `ambito`, `municipio_idmunicipio`)",VALUES (,"128,""La Esperanza"",""R"",28",);
129,Raúl Márquez,R,28,,"INSERT INTO `mydb`.`localidades` (`idlocalidades`, `nombre_localidad`, `ambito`, `municipio_idmunicipio`)",VALUES (,"129,""Raúl Márquez"",""R"",28",);
130,Los Elizondo,R,28,,"INSERT INTO `mydb`.`localidades` (`idlocalidades`, `nombre_localidad`, `ambito`, `municipio_idmunicipio`)",VALUES (,"130,""Los Elizondo"",""R"",28",);
131,El Huevo,R,28,,"INSERT INTO `mydb`.`localidades` (`idlocalidades`, `nombre_localidad`, `ambito`, `municipio_idmunicipio`)",VALUES (,"131,""El Huevo"",""R"",28",);
135,El Abuelo,R,28,,"INSERT INTO `mydb`.`localidades` (`idlocalidades`, `nombre_localidad`, `ambito`, `municipio_idmunicipio`)",VALUES (,"135,""El Abuelo"",""R"",28",);
137,Aurelio Alvarado,R,28,,"INSERT INTO `mydb`.`localidades` (`idlocalidades`, `nombre_localidad`, `ambito`, `municipio_idmunicipio`)",VALUES (,"137,""Aurelio Alvarado"",""R"",28",);
138,Las Palomas,R,28,,"INSERT INTO `mydb`.`localidades` (`idlocalidades`, `nombre_localidad`, `ambito`, `municipio_idmunicipio`)",VALUES (,"138,""Las Palomas"",""R"",28",);
139,El Mezquite Viejo,R,28,,"INSERT INTO `mydb`.`localidades` (`idlocalidades`, `nombre_localidad`, `ambito`, `municipio_idmunicipio`)",VALUES (,"139,""El Mezquite Viejo"",""R"",28",);
140,El Milagro,R,28,,"INSERT INTO `mydb`.`localidades` (`idlocalidades`, `nombre_localidad`, `ambito`, `municipio_idmunicipio`)",VALUES (,"140,""El Milagro"",""R"",28",);
144,Los Piloncillos,R,28,,"INSERT INTO `mydb`.`localidades` (`idlocalidades`, `nombre_localidad`, `ambito`, `municipio_idmunicipio`)",VALUES (,"144,""Los Piloncillos"",""R"",28",);
145,El Pitayo,R,28,,"INSERT INTO `mydb`.`localidades` (`idlocalidades`, `nombre_localidad`, `ambito`, `municipio_idmunicipio`)",VALUES (,"145,""El Pitayo"",""R"",28",);
147,José Bernal Zuñiga,R,28,,"INSERT INTO `mydb`.`localidades` (`idlocalidades`, `nombre_localidad`, `ambito`, `municipio_idmunicipio`)",VALUES (,"147,""José Bernal Zuñiga"",""R"",28",);
148,Juan Crisóstomo Rodríguez,R,28,,"INSERT INTO `mydb`.`localidades` (`idlocalidades`, `nombre_localidad`, `ambito`, `municipio_idmunicipio`)",VALUES (,"148,""Juan Crisóstomo Rodríguez"",""R"",28",);
149,Manuel Carbajal (El Puerto),R,28,,"INSERT INTO `mydb`.`localidades` (`idlocalidades`, `nombre_localidad`, `ambito`, `municipio_idmunicipio`)",VALUES (,"149,""Manuel Carbajal (El Puerto)"",""R"",28",);
150,La Querencia,R,28,,"INSERT INTO `mydb`.`localidades` (`idlocalidades`, `nombre_localidad`, `ambito`, `municipio_idmunicipio`)",VALUES (,"150,""La Querencia"",""R"",28",);
151,Abdón Gauna,R,28,,"INSERT INTO `mydb`.`localidades` (`idlocalidades`, `nombre_localidad`, `ambito`, `municipio_idmunicipio`)",VALUES (,"151,""Abdón Gauna"",""R"",28",);
153,San Carlos,R,28,,"INSERT INTO `mydb`.`localidades` (`idlocalidades`, `nombre_localidad`, `ambito`, `municipio_idmunicipio`)",VALUES (,"153,""San Carlos"",""R"",28",);
156,El Sacrificio,R,28,,"INSERT INTO `mydb`.`localidades` (`idlocalidades`, `nombre_localidad`, `ambito`, `municipio_idmunicipio`)",VALUES (,"156,""El Sacrificio"",""R"",28",);
157,San José (El Árabe),R,28,,"INSERT INTO `mydb`.`localidades` (`idlocalidades`, `nombre_localidad`, `ambito`, `municipio_idmunicipio`)",VALUES (,"157,""San José (El Árabe)"",""R"",28",);
158,El Beliz,R,28,,"INSERT INTO `mydb`.`localidades` (`idlocalidades`, `nombre_localidad`, `ambito`, `municipio_idmunicipio`)",VALUES (,"158,""El Beliz"",""R"",28",);
160,San Juan de Dios,R,28,,"INSERT INTO `mydb`.`localidades` (`idlocalidades`, `nombre_localidad`, `ambito`, `municipio_idmunicipio`)",VALUES (,"160,""San Juan de Dios"",""R"",28",);
161,San Manuel,R,28,,"INSERT INTO `mydb`.`localidades` (`idlocalidades`, `nombre_localidad`, `ambito`, `municipio_idmunicipio`)",VALUES (,"161,""San Manuel"",""R"",28",);
162,Agua Prieta,R,28,,"INSERT INTO `mydb`.`localidades` (`idlocalidades`, `nombre_localidad`, `ambito`, `municipio_idmunicipio`)",VALUES (,"162,""Agua Prieta"",""R"",28",);
165,Santa Bárbara,R,28,,"INSERT INTO `mydb`.`localidades` (`idlocalidades`, `nombre_localidad`, `ambito`, `municipio_idmunicipio`)",VALUES (,"165,""Santa Bárbara"",""R"",28",);
166,Doña Rebeca,R,28,,"INSERT INTO `mydb`.`localidades` (`idlocalidades`, `nombre_localidad`, `ambito`, `municipio_idmunicipio`)",VALUES (,"166,""Doña Rebeca"",""R"",28",);
167,Juan Moreno Valdez,R,28,,"INSERT INTO `mydb`.`localidades` (`idlocalidades`, `nombre_localidad`, `ambito`, `municipio_idmunicipio`)",VALUES (,"167,""Juan Moreno Valdez"",""R"",28",);
168,La Libra,R,28,,"INSERT INTO `mydb`.`localidades` (`idlocalidades`, `nombre_localidad`, `ambito`, `municipio_idmunicipio`)",VALUES (,"168,""La Libra"",""R"",28",);
169,Los Santos,R,28,,"INSERT INTO `mydb`.`localidades` (`idlocalidades`, `nombre_localidad`, `ambito`, `municipio_idmunicipio`)",VALUES (,"169,""Los Santos"",""R"",28",);
170,El Socorro,R,28,,"INSERT INTO `mydb`.`localidades` (`idlocalidades`, `nombre_localidad`, `ambito`, `municipio_idmunicipio`)",VALUES (,"170,""El Socorro"",""R"",28",);
173,Tierritas,R,28,,"INSERT INTO `mydb`.`localidades` (`idlocalidades`, `nombre_localidad`, `ambito`, `municipio_idmunicipio`)",VALUES (,"173,""Tierritas"",""R"",28",);
174,Las Vacas Blancas,R,28,,"INSERT INTO `mydb`.`localidades` (`idlocalidades`, `nombre_localidad`, `ambito`, `municipio_idmunicipio`)",VALUES (,"174,""Las Vacas Blancas"",""R"",28",);
175,Arroyo Blanco,R,28,,"INSERT INTO `mydb`.`localidades` (`idlocalidades`, `nombre_localidad`, `ambito`, `municipio_idmunicipio`)",VALUES (,"175,""Arroyo Blanco"",""R"",28",);
176,Las Brisas,R,28,,"INSERT INTO `mydb`.`localidades` (`idlocalidades`, `nombre_localidad`, `ambito`, `municipio_idmunicipio`)",VALUES (,"176,""Las Brisas"",""R"",28",);
178,El Cuatralbo,R,28,,"INSERT INTO `mydb`.`localidades` (`idlocalidades`, `nombre_localidad`, `ambito`, `municipio_idmunicipio`)",VALUES (,"178,""El Cuatralbo"",""R"",28",);
179,Charco Redondo,R,28,,"INSERT INTO `mydb`.`localidades` (`idlocalidades`, `nombre_localidad`, `ambito`, `municipio_idmunicipio`)",VALUES (,"179,""Charco Redondo"",""R"",28",);
181,Los Frentones,R,28,,"INSERT INTO `mydb`.`localidades` (`idlocalidades`, `nombre_localidad`, `ambito`, `municipio_idmunicipio`)",VALUES (,"181,""Los Frentones"",""R"",28",);
182,Tauro,R,28,,"INSERT INTO `mydb`.`localidades` (`idlocalidades`, `nombre_localidad`, `ambito`, `municipio_idmunicipio`)",VALUES (,"182,""Tauro"",""R"",28",);
183,La Leona,R,28,,"INSERT INTO `mydb`.`localidades` (`idlocalidades`, `nombre_localidad`, `ambito`, `municipio_idmunicipio`)",VALUES (,"183,""La Leona"",""R"",28",);
184,Los Leones,R,28,,"INSERT INTO `mydb`.`localidades` (`idlocalidades`, `nombre_localidad`, `ambito`, `municipio_idmunicipio`)",VALUES (,"184,""Los Leones"",""R"",28",);
185,Mina Uno,R,28,,"INSERT INTO `mydb`.`localidades` (`idlocalidades`, `nombre_localidad`, `ambito`, `municipio_idmunicipio`)",VALUES (,"185,""Mina Uno"",""R"",28",);
186,Kakanapeño (Los Nogales),R,28,,"INSERT INTO `mydb`.`localidades` (`idlocalidades`, `nombre_localidad`, `ambito`, `municipio_idmunicipio`)",VALUES (,"186,""Kakanapeño (Los Nogales)"",""R"",28",);
187,Peñitas,R,28,,"INSERT INTO `mydb`.`localidades` (`idlocalidades`, `nombre_localidad`, `ambito`, `municipio_idmunicipio`)",VALUES (,"187,""Peñitas"",""R"",28",);
190,Los Pintos,R,28,,"INSERT INTO `mydb`.`localidades` (`idlocalidades`, `nombre_localidad`, `ambito`, `municipio_idmunicipio`)",VALUES (,"190,""Los Pintos"",""R"",28",);
191,El Ranchito,R,28,,"INSERT INTO `mydb`.`localidades` (`idlocalidades`, `nombre_localidad`, `ambito`, `municipio_idmunicipio`)",VALUES (,"191,""El Ranchito"",""R"",28",);
193,San Isidro,R,28,,"INSERT INTO `mydb`.`localidades` (`idlocalidades`, `nombre_localidad`, `ambito`, `municipio_idmunicipio`)",VALUES (,"193,""San Isidro"",""R"",28",);
194,San Isidro,R,28,,"INSERT INTO `mydb`.`localidades` (`idlocalidades`, `nombre_localidad`, `ambito`, `municipio_idmunicipio`)",VALUES (,"194,""San Isidro"",""R"",28",);
196,San Martín,R,28,,"INSERT INTO `mydb`.`localidades` (`idlocalidades`, `nombre_localidad`, `ambito`, `municipio_idmunicipio`)",VALUES (,"196,""San Martín"",""R"",28",);
198,Santo Niño,R,28,,"INSERT INTO `mydb`.`localidades` (`idlocalidades`, `nombre_localidad`, `ambito`, `municipio_idmunicipio`)",VALUES (,"198,""Santo Niño"",""R"",28",);
199,El Olvido,R,28,,"INSERT INTO `mydb`.`localidades` (`idlocalidades`, `nombre_localidad`, `ambito`, `municipio_idmunicipio`)",VALUES (,"199,""El Olvido"",""R"",28",);
204,El Molino,R,28,,"INSERT INTO `mydb`.`localidades` (`idlocalidades`, `nombre_localidad`, `ambito`, `municipio_idmunicipio`)",VALUES (,"204,""El Molino"",""R"",28",);
205,La Prieta,R,28,,"INSERT INTO `mydb`.`localidades` (`idlocalidades`, `nombre_localidad`, `ambito`, `municipio_idmunicipio`)",VALUES (,"205,""La Prieta"",""R"",28",);
212,Las Lagunetas,R,28,,"INSERT INTO `mydb`.`localidades` (`idlocalidades`, `nombre_localidad`, `ambito`, `municipio_idmunicipio`)",VALUES (,"212,""Las Lagunetas"",""R"",28",);
215,El Jacalón,R,28,,"INSERT INTO `mydb`.`localidades` (`idlocalidades`, `nombre_localidad`, `ambito`, `municipio_idmunicipio`)",VALUES (,"215,""El Jacalón"",""R"",28",);
218,La Mesa (Melitas),R,28,,"INSERT INTO `mydb`.`localidades` (`idlocalidades`, `nombre_localidad`, `ambito`, `municipio_idmunicipio`)",VALUES (,"218,""La Mesa (Melitas)"",""R"",28",);
219,Piedra Pinta,R,28,,"INSERT INTO `mydb`.`localidades` (`idlocalidades`, `nombre_localidad`, `ambito`, `municipio_idmunicipio`)",VALUES (,"219,""Piedra Pinta"",""R"",28",);
220,Guadalupe (Chelo Burrford),R,28,,"INSERT INTO `mydb`.`localidades` (`idlocalidades`, `nombre_localidad`, `ambito`, `municipio_idmunicipio`)",VALUES (,"220,""Guadalupe (Chelo Burrford)"",""R"",28",);
221,La Paloma,R,28,,"INSERT INTO `mydb`.`localidades` (`idlocalidades`, `nombre_localidad`, `ambito`, `municipio_idmunicipio`)",VALUES (,"221,""La Paloma"",""R"",28",);
223,El Setenta y Siete,R,28,,"INSERT INTO `mydb`.`localidades` (`idlocalidades`, `nombre_localidad`, `ambito`, `municipio_idmunicipio`)",VALUES (,"223,""El Setenta y Siete"",""R"",28",);
224,Los Estanques,R,28,,"INSERT INTO `mydb`.`localidades` (`idlocalidades`, `nombre_localidad`, `ambito`, `municipio_idmunicipio`)",VALUES (,"224,""Los Estanques"",""R"",28",);
225,La Panchita,R,28,,"INSERT INTO `mydb`.`localidades` (`idlocalidades`, `nombre_localidad`, `ambito`, `municipio_idmunicipio`)",VALUES (,"225,""La Panchita"",""R"",28",);
226,San Juditas,R,28,,"INSERT INTO `mydb`.`localidades` (`idlocalidades`, `nombre_localidad`, `ambito`, `municipio_idmunicipio`)",VALUES (,"226,""San Juditas"",""R"",28",);
228,La Catedral,R,28,,"INSERT INTO `mydb`.`localidades` (`idlocalidades`, `nombre_localidad`, `ambito`, `municipio_idmunicipio`)",VALUES (,"228,""La Catedral"",""R"",28",);
229,Juan José Morales,R,28,,"INSERT INTO `mydb`.`localidades` (`idlocalidades`, `nombre_localidad`, `ambito`, `municipio_idmunicipio`)",VALUES (,"229,""Juan José Morales"",""R"",28",);
230,El Profesor,R,28,,"INSERT INTO `mydb`.`localidades` (`idlocalidades`, `nombre_localidad`, `ambito`, `municipio_idmunicipio`)",VALUES (,"230,""El Profesor"",""R"",28",);
235,San Pedro,R,28,,"INSERT INTO `mydb`.`localidades` (`idlocalidades`, `nombre_localidad`, `ambito`, `municipio_idmunicipio`)",VALUES (,"235,""San Pedro"",""R"",28",);
236,El Milagro,R,28,,"INSERT INTO `mydb`.`localidades` (`idlocalidades`, `nombre_localidad`, `ambito`, `municipio_idmunicipio`)",VALUES (,"236,""El Milagro"",""R"",28",);
237,Camilo Campos Junior,R,28,,"INSERT INTO `mydb`.`localidades` (`idlocalidades`, `nombre_localidad`, `ambito`, `municipio_idmunicipio`)",VALUES (,"237,""Camilo Campos Junior"",""R"",28",);
238,Camilo Campos,R,28,,"INSERT INTO `mydb`.`localidades` (`idlocalidades`, `nombre_localidad`, `ambito`, `municipio_idmunicipio`)",VALUES (,"238,""Camilo Campos"",""R"",28",);
239,El Cautivo,R,28,,"INSERT INTO `mydb`.`localidades` (`idlocalidades`, `nombre_localidad`, `ambito`, `municipio_idmunicipio`)",VALUES (,"239,""El Cautivo"",""R"",28",);
240,El Sauz,R,28,,"INSERT INTO `mydb`.`localidades` (`idlocalidades`, `nombre_localidad`, `ambito`, `municipio_idmunicipio`)",VALUES (,"240,""El Sauz"",""R"",28",);
241,Vicente Rostro,R,28,,"INSERT INTO `mydb`.`localidades` (`idlocalidades`, `nombre_localidad`, `ambito`, `municipio_idmunicipio`)",VALUES (,"241,""Vicente Rostro"",""R"",28",);
242,María de Jesús Tovar,R,28,,"INSERT INTO `mydb`.`localidades` (`idlocalidades`, `nombre_localidad`, `ambito`, `municipio_idmunicipio`)",VALUES (,"242,""María de Jesús Tovar"",""R"",28",);
243,Tomás Moreno,R,28,,"INSERT INTO `mydb`.`localidades` (`idlocalidades`, `nombre_localidad`, `ambito`, `municipio_idmunicipio`)",VALUES (,"243,""Tomás Moreno"",""R"",28",);
244,Juan Torres,R,28,,"INSERT INTO `mydb`.`localidades` (`idlocalidades`, `nombre_localidad`, `ambito`, `municipio_idmunicipio`)",VALUES (,"244,""Juan Torres"",""R"",28",);
245,El Naranjo Dos,R,28,,"INSERT INTO `mydb`.`localidades` (`idlocalidades`, `nombre_localidad`, `ambito`, `municipio_idmunicipio`)",VALUES (,"245,""El Naranjo Dos"",""R"",28",);
246,Raciel Lira,R,28,,"INSERT INTO `mydb`.`localidades` (`idlocalidades`, `nombre_localidad`, `ambito`, `municipio_idmunicipio`)",VALUES (,"246,""Raciel Lira"",""R"",28",);
247,José Rómulo González,R,28,,"INSERT INTO `mydb`.`localidades` (`idlocalidades`, `nombre_localidad`, `ambito`, `municipio_idmunicipio`)",VALUES (,"247,""José Rómulo González"",""R"",28",);
248,Pedro González,R,28,,"INSERT INTO `mydb`.`localidades` (`idlocalidades`, `nombre_localidad`, `ambito`, `municipio_idmunicipio`)",VALUES (,"248,""Pedro González"",""R"",28",);
249,El Vaquero,R,28,,"INSERT INTO `mydb`.`localidades` (`idlocalidades`, `nombre_localidad`, `ambito`, `municipio_idmunicipio`)",VALUES (,"249,""El Vaquero"",""R"",28",);
250,Tomás López,R,28,,"INSERT INTO `mydb`.`localidades` (`idlocalidades`, `nombre_localidad`, `ambito`, `municipio_idmunicipio`)",VALUES (,"250,""Tomás López"",""R"",28",);
251,Gabriel García,R,28,,"INSERT INTO `mydb`.`localidades` (`idlocalidades`, `nombre_localidad`, `ambito`, `municipio_idmunicipio`)",VALUES (,"251,""Gabriel García"",""R"",28",);
253,Hortencia Reyna,R,28,,"INSERT INTO `mydb`.`localidades` (`idlocalidades`, `nombre_localidad`, `ambito`, `municipio_idmunicipio`)",VALUES (,"253,""Hortencia Reyna"",""R"",28",);
254,La Cascajera (Jesús Santos),R,28,,"INSERT INTO `mydb`.`localidades` (`idlocalidades`, `nombre_localidad`, `ambito`, `municipio_idmunicipio`)",VALUES (,"254,""La Cascajera (Jesús Santos)"",""R"",28",);
255,Ramiro Flores,R,28,,"INSERT INTO `mydb`.`localidades` (`idlocalidades`, `nombre_localidad`, `ambito`, `municipio_idmunicipio`)",VALUES (,"255,""Ramiro Flores"",""R"",28",);
256,Oso Negro,R,28,,"INSERT INTO `mydb`.`localidades` (`idlocalidades`, `nombre_localidad`, `ambito`, `municipio_idmunicipio`)",VALUES (,"256,""Oso Negro"",""R"",28",);
257,Linda Aurora,R,28,,"INSERT INTO `mydb`.`localidades` (`idlocalidades`, `nombre_localidad`, `ambito`, `municipio_idmunicipio`)",VALUES (,"257,""Linda Aurora"",""R"",28",);
258,Las Pilas (Juan Galván),R,28,,"INSERT INTO `mydb`.`localidades` (`idlocalidades`, `nombre_localidad`, `ambito`, `municipio_idmunicipio`)",VALUES (,"258,""Las Pilas (Juan Galván)"",""R"",28",);
259,Severiano Gámez,R,28,,"INSERT INTO `mydb`.`localidades` (`idlocalidades`, `nombre_localidad`, `ambito`, `municipio_idmunicipio`)",VALUES (,"259,""Severiano Gámez"",""R"",28",);
260,Francisco Cárdenas,R,28,,"INSERT INTO `mydb`.`localidades` (`idlocalidades`, `nombre_localidad`, `ambito`, `municipio_idmunicipio`)",VALUES (,"260,""Francisco Cárdenas"",""R"",28",);
261,San José,R,28,,"INSERT INTO `mydb`.`localidades` (`idlocalidades`, `nombre_localidad`, `ambito`, `municipio_idmunicipio`)",VALUES (,"261,""San José"",""R"",28",);
262,La Peña,R,28,,"INSERT INTO `mydb`.`localidades` (`idlocalidades`, `nombre_localidad`, `ambito`, `municipio_idmunicipio`)",VALUES (,"262,""La Peña"",""R"",28",);
263,Gumaro Valdez,R,28,,"INSERT INTO `mydb`.`localidades` (`idlocalidades`, `nombre_localidad`, `ambito`, `municipio_idmunicipio`)",VALUES (,"263,""Gumaro Valdez"",""R"",28",);
264,La Negra,R,28,,"INSERT INTO `mydb`.`localidades` (`idlocalidades`, `nombre_localidad`, `ambito`, `municipio_idmunicipio`)",VALUES (,"264,""La Negra"",""R"",28",);
265,El Caballo,R,28,,"INSERT INTO `mydb`.`localidades` (`idlocalidades`, `nombre_localidad`, `ambito`, `municipio_idmunicipio`)",VALUES (,"265,""El Caballo"",""R"",28",);
266,Palo Blanco,R,28,,"INSERT INTO `mydb`.`localidades` (`idlocalidades`, `nombre_localidad`, `ambito`, `municipio_idmunicipio`)",VALUES (,"266,""Palo Blanco"",""R"",28",);
267,Dos Hermanos,R,28,,"INSERT INTO `mydb`.`localidades` (`idlocalidades`, `nombre_localidad`, `ambito`, `municipio_idmunicipio`)",VALUES (,"267,""Dos Hermanos"",""R"",28",);
268,San José,R,28,,"INSERT INTO `mydb`.`localidades` (`idlocalidades`, `nombre_localidad`, `ambito`, `municipio_idmunicipio`)",VALUES (,"268,""San José"",""R"",28",);
269,La Esperanza,R,28,,"INSERT INTO `mydb`.`localidades` (`idlocalidades`, `nombre_localidad`, `ambito`, `municipio_idmunicipio`)",VALUES (,"269,""La Esperanza"",""R"",28",);
270,Bertha Alicia Jalomo Morales,R,28,,"INSERT INTO `mydb`.`localidades` (`idlocalidades`, `nombre_localidad`, `ambito`, `municipio_idmunicipio`)",VALUES (,"270,""Bertha Alicia Jalomo Morales"",""R"",28",);
271,Ricardo Jalomo,R,28,,"INSERT INTO `mydb`.`localidades` (`idlocalidades`, `nombre_localidad`, `ambito`, `municipio_idmunicipio`)",VALUES (,"271,""Ricardo Jalomo"",""R"",28",);
272,Rosa Elena Zavala Bernal,R,28,,"INSERT INTO `mydb`.`localidades` (`idlocalidades`, `nombre_localidad`, `ambito`, `municipio_idmunicipio`)",VALUES (,"272,""Rosa Elena Zavala Bernal"",""R"",28",);
273,La Reatita,R,28,,"INSERT INTO `mydb`.`localidades` (`idlocalidades`, `nombre_localidad`, `ambito`, `municipio_idmunicipio`)",VALUES (,"273,""La Reatita"",""R"",28",);
274,José Luis Valdez,R,28,,"INSERT INTO `mydb`.`localidades` (`idlocalidades`, `nombre_localidad`, `ambito`, `municipio_idmunicipio`)",VALUES (,"274,""José Luis Valdez"",""R"",28",);
275,José Martínez,R,28,,"INSERT INTO `mydb`.`localidades` (`idlocalidades`, `nombre_localidad`, `ambito`, `municipio_idmunicipio`)",VALUES (,"275,""José Martínez"",""R"",28",);
276,Francisco González,R,28,,"INSERT INTO `mydb`.`localidades` (`idlocalidades`, `nombre_localidad`, `ambito`, `municipio_idmunicipio`)",VALUES (,"276,""Francisco González"",""R"",28",);
277,Targa (Sergio Ariel Tarín Garza),R,28,,"INSERT INTO `mydb`.`localidades` (`idlocalidades`, `nombre_localidad`, `ambito`, `municipio_idmunicipio`)",VALUES (,"277,""Targa (Sergio Ariel Tarín Garza)"",""R"",28",);
279,Los Llanos Dos,R,28,,"INSERT INTO `mydb`.`localidades` (`idlocalidades`, `nombre_localidad`, `ambito`, `municipio_idmunicipio`)",VALUES (,"279,""Los Llanos Dos"",""R"",28",);
280,Charco Largo,R,28,,"INSERT INTO `mydb`.`localidades` (`idlocalidades`, `nombre_localidad`, `ambito`, `municipio_idmunicipio`)",VALUES (,"280,""Charco Largo"",""R"",28",);
281,El Cenzontle,R,28,,"INSERT INTO `mydb`.`localidades` (`idlocalidades`, `nombre_localidad`, `ambito`, `municipio_idmunicipio`)",VALUES (,"281,""El Cenzontle"",""R"",28",);
282,El Cuatro,R,28,,"INSERT INTO `mydb`.`localidades` (`idlocalidades`, `nombre_localidad`, `ambito`, `municipio_idmunicipio`)",VALUES (,"282,""El Cuatro"",""R"",28",);
283,San Gabriel (Francisco Sandoval),R,28,,"INSERT INTO `mydb`.`localidades` (`idlocalidades`, `nombre_localidad`, `ambito`, `municipio_idmunicipio`)",VALUES (,"283,""San Gabriel (Francisco Sandoval)"",""R"",28",);
284,Ramiro Guajardo,R,28,,"INSERT INTO `mydb`.`localidades` (`idlocalidades`, `nombre_localidad`, `ambito`, `municipio_idmunicipio`)",VALUES (,"284,""Ramiro Guajardo"",""R"",28",);
285,Juan Antonio Garza,R,28,,"INSERT INTO `mydb`.`localidades` (`idlocalidades`, `nombre_localidad`, `ambito`, `municipio_idmunicipio`)",VALUES (,"285,""Juan Antonio Garza"",""R"",28",);
286,Juan Martínez,R,28,,"INSERT INTO `mydb`.`localidades` (`idlocalidades`, `nombre_localidad`, `ambito`, `municipio_idmunicipio`)",VALUES (,"286,""Juan Martínez"",""R"",28",);
288,Gildardo Valdez,R,28,,"INSERT INTO `mydb`.`localidades` (`idlocalidades`, `nombre_localidad`, `ambito`, `municipio_idmunicipio`)",VALUES (,"288,""Gildardo Valdez"",""R"",28",);
289,David Alvarado,R,28,,"INSERT INTO `mydb`.`localidades` (`idlocalidades`, `nombre_localidad`, `ambito`, `municipio_idmunicipio`)",VALUES (,"289,""David Alvarado"",""R"",28",);
290,San Gerardo,R,28,,"INSERT INTO `mydb`.`localidades` (`idlocalidades`, `nombre_localidad`, `ambito`, `municipio_idmunicipio`)",VALUES (,"290,""San Gerardo"",""R"",28",);
291,Campo Real,R,28,,"INSERT INTO `mydb`.`localidades` (`idlocalidades`, `nombre_localidad`, `ambito`, `municipio_idmunicipio`)",VALUES (,"291,""Campo Real"",""R"",28",);
292,José Luis Beltrán,R,28,,"INSERT INTO `mydb`.`localidades` (`idlocalidades`, `nombre_localidad`, `ambito`, `municipio_idmunicipio`)",VALUES (,"292,""José Luis Beltrán"",""R"",28",);
293,San Antonio,R,28,,"INSERT INTO `mydb`.`localidades` (`idlocalidades`, `nombre_localidad`, `ambito`, `municipio_idmunicipio`)",VALUES (,"293,""San Antonio"",""R"",28",);
294,Manuel Morones,R,28,,"INSERT INTO `mydb`.`localidades` (`idlocalidades`, `nombre_localidad`, `ambito`, `municipio_idmunicipio`)",VALUES (,"294,""Manuel Morones"",""R"",28",);
295,San Diego,R,28,,"INSERT INTO `mydb`.`localidades` (`idlocalidades`, `nombre_localidad`, `ambito`, `municipio_idmunicipio`)",VALUES (,"295,""San Diego"",""R"",28",);
296,La Retama,R,28,,"INSERT INTO `mydb`.`localidades` (`idlocalidades`, `nombre_localidad`, `ambito`, `municipio_idmunicipio`)",VALUES (,"296,""La Retama"",""R"",28",);
297,Andrés Salazar Ochoa,R,28,,"INSERT INTO `mydb`.`localidades` (`idlocalidades`, `nombre_localidad`, `ambito`, `municipio_idmunicipio`)",VALUES (,"297,""Andrés Salazar Ochoa"",""R"",28",);
298,Andrés Salazar Tijerina,R,28,,"INSERT INTO `mydb`.`localidades` (`idlocalidades`, `nombre_localidad`, `ambito`, `municipio_idmunicipio`)",VALUES (,"298,""Andrés Salazar Tijerina"",""R"",28",);
299,Raúl Salazar Rodríguez,R,28,,"INSERT INTO `mydb`.`localidades` (`idlocalidades`, `nombre_localidad`, `ambito`, `municipio_idmunicipio`)",VALUES (,"299,""Raúl Salazar Rodríguez"",""R"",28",);
301,Antonio Salazar Tijerina,R,28,,"INSERT INTO `mydb`.`localidades` (`idlocalidades`, `nombre_localidad`, `ambito`, `municipio_idmunicipio`)",VALUES (,"301,""Antonio Salazar Tijerina"",""R"",28",);
302,La Angostura,R,28,,"INSERT INTO `mydb`.`localidades` (`idlocalidades`, `nombre_localidad`, `ambito`, `municipio_idmunicipio`)",VALUES (,"302,""La Angostura"",""R"",28",);
303,Don Aurelio,R,28,,"INSERT INTO `mydb`.`localidades` (`idlocalidades`, `nombre_localidad`, `ambito`, `municipio_idmunicipio`)",VALUES (,"303,""Don Aurelio"",""R"",28",);
304,Gilberto Martínez Ibarra,R,28,,"INSERT INTO `mydb`.`localidades` (`idlocalidades`, `nombre_localidad`, `ambito`, `municipio_idmunicipio`)",VALUES (,"304,""Gilberto Martínez Ibarra"",""R"",28",);
305,Hugo Romania Salazar,R,28,,"INSERT INTO `mydb`.`localidades` (`idlocalidades`, `nombre_localidad`, `ambito`, `municipio_idmunicipio`)",VALUES (,"305,""Hugo Romania Salazar"",""R"",28",);
306,Maximiano Guardiola,R,28,,"INSERT INTO `mydb`.`localidades` (`idlocalidades`, `nombre_localidad`, `ambito`, `municipio_idmunicipio`)",VALUES (,"306,""Maximiano Guardiola"",""R"",28",);
307,Javier Guardiola Ponce,R,28,,"INSERT INTO `mydb`.`localidades` (`idlocalidades`, `nombre_localidad`, `ambito`, `municipio_idmunicipio`)",VALUES (,"307,""Javier Guardiola Ponce"",""R"",28",);
308,Benito Resendiz,R,28,,"INSERT INTO `mydb`.`localidades` (`idlocalidades`, `nombre_localidad`, `ambito`, `municipio_idmunicipio`)",VALUES (,"308,""Benito Resendiz"",""R"",28",);
309,Juan Díaz,R,28,,"INSERT INTO `mydb`.`localidades` (`idlocalidades`, `nombre_localidad`, `ambito`, `municipio_idmunicipio`)",VALUES (,"309,""Juan Díaz"",""R"",28",);
310,Tomás Palacios,R,28,,"INSERT INTO `mydb`.`localidades` (`idlocalidades`, `nombre_localidad`, `ambito`, `municipio_idmunicipio`)",VALUES (,"310,""Tomás Palacios"",""R"",28",);
311,Gilberto Montalvo Uresti,R,28,,"INSERT INTO `mydb`.`localidades` (`idlocalidades`, `nombre_localidad`, `ambito`, `municipio_idmunicipio`)",VALUES (,"311,""Gilberto Montalvo Uresti"",""R"",28",);
312,Juan Guardiola Saucedo,R,28,,"INSERT INTO `mydb`.`localidades` (`idlocalidades`, `nombre_localidad`, `ambito`, `municipio_idmunicipio`)",VALUES (,"312,""Juan Guardiola Saucedo"",""R"",28",);
314,Tres Huizaches,R,28,,"INSERT INTO `mydb`.`localidades` (`idlocalidades`, `nombre_localidad`, `ambito`, `municipio_idmunicipio`)",VALUES (,"314,""Tres Huizaches"",""R"",28",);
315,Osvaldo Salazar,R,28,,"INSERT INTO `mydb`.`localidades` (`idlocalidades`, `nombre_localidad`, `ambito`, `municipio_idmunicipio`)",VALUES (,"315,""Osvaldo Salazar"",""R"",28",);
316,Sergio Villa Rivera,R,28,,"INSERT INTO `mydb`.`localidades` (`idlocalidades`, `nombre_localidad`, `ambito`, `municipio_idmunicipio`)",VALUES (,"316,""Sergio Villa Rivera"",""R"",28",);
317,Héctor Ramiro Rocha González,R,28,,"INSERT INTO `mydb`.`localidades` (`idlocalidades`, `nombre_localidad`, `ambito`, `municipio_idmunicipio`)",VALUES (,"317,""Héctor Ramiro Rocha González"",""R"",28",);
320,Daniel de la Rosa Tapia,R,28,,"INSERT INTO `mydb`.`localidades` (`idlocalidades`, `nombre_localidad`, `ambito`, `municipio_idmunicipio`)",VALUES (,"320,""Daniel de la Rosa Tapia"",""R"",28",);
322,Antonio López Salazar,R,28,,"INSERT INTO `mydb`.`localidades` (`idlocalidades`, `nombre_localidad`, `ambito`, `municipio_idmunicipio`)",VALUES (,"322,""Antonio López Salazar"",""R"",28",);
324,Los Cuatro Ríos,R,28,,"INSERT INTO `mydb`.`localidades` (`idlocalidades`, `nombre_localidad`, `ambito`, `municipio_idmunicipio`)",VALUES (,"324,""Los Cuatro Ríos"",""R"",28",);
325,Enrique Jiménez,R,28,,"INSERT INTO `mydb`.`localidades` (`idlocalidades`, `nombre_localidad`, `ambito`, `municipio_idmunicipio`)",VALUES (,"325,""Enrique Jiménez"",""R"",28",);
326,Manuel Torres,R,28,,"INSERT INTO `mydb`.`localidades` (`idlocalidades`, `nombre_localidad`, `ambito`, `municipio_idmunicipio`)",VALUES (,"326,""Manuel Torres"",""R"",28",);
327,La Esperanza (Fernando Torres),R,28,,"INSERT INTO `mydb`.`localidades` (`idlocalidades`, `nombre_localidad`, `ambito`, `municipio_idmunicipio`)",VALUES (,"327,""La Esperanza (Fernando Torres)"",""R"",28",);
328,Pascual Torres,R,28,,"INSERT INTO `mydb`.`localidades` (`idlocalidades`, `nombre_localidad`, `ambito`, `municipio_idmunicipio`)",VALUES (,"328,""Pascual Torres"",""R"",28",);
329,Polo Alvarado,R,28,,"INSERT INTO `mydb`.`localidades` (`idlocalidades`, `nombre_localidad`, `ambito`, `municipio_idmunicipio`)",VALUES (,"329,""Polo Alvarado"",""R"",28",);
331,El Perico (Pedro Sánchez),R,28,,"INSERT INTO `mydb`.`localidades` (`idlocalidades`, `nombre_localidad`, `ambito`, `municipio_idmunicipio`)",VALUES (,"331,""El Perico (Pedro Sánchez)"",""R"",28",);
332,Los Arocha,R,28,,"INSERT INTO `mydb`.`localidades` (`idlocalidades`, `nombre_localidad`, `ambito`, `municipio_idmunicipio`)",VALUES (,"332,""Los Arocha"",""R"",28",);
334,Fidencia Rodríguez Zúñiga,R,28,,"INSERT INTO `mydb`.`localidades` (`idlocalidades`, `nombre_localidad`, `ambito`, `municipio_idmunicipio`)",VALUES (,"334,""Fidencia Rodríguez Zúñiga"",""R"",28",);
335,Hermilo Villarreal García,R,28,,"INSERT INTO `mydb`.`localidades` (`idlocalidades`, `nombre_localidad`, `ambito`, `municipio_idmunicipio`)",VALUES (,"335,""Hermilo Villarreal García"",""R"",28",);
336,Juan Ramírez,R,28,,"INSERT INTO `mydb`.`localidades` (`idlocalidades`, `nombre_localidad`, `ambito`, `municipio_idmunicipio`)",VALUES (,"336,""Juan Ramírez"",""R"",28",);
337,Jorge Hernández López,R,28,,"INSERT INTO `mydb`.`localidades` (`idlocalidades`, `nombre_localidad`, `ambito`, `municipio_idmunicipio`)",VALUES (,"337,""Jorge Hernández López"",""R"",28",);
338,Faustino Torres Figueroa,R,28,,"INSERT INTO `mydb`.`localidades` (`idlocalidades`, `nombre_localidad`, `ambito`, `municipio_idmunicipio`)",VALUES (,"338,""Faustino Torres Figueroa"",""R"",28",);
339,Félix Domínguez Mendoza,R,28,,"INSERT INTO `mydb`.`localidades` (`idlocalidades`, `nombre_localidad`, `ambito`, `municipio_idmunicipio`)",VALUES (,"339,""Félix Domínguez Mendoza"",""R"",28",);
340,José Guadalupe Pérez García,R,28,,"INSERT INTO `mydb`.`localidades` (`idlocalidades`, `nombre_localidad`, `ambito`, `municipio_idmunicipio`)",VALUES (,"340,""José Guadalupe Pérez García"",""R"",28",);
341,La Bazuca,R,28,,"INSERT INTO `mydb`.`localidades` (`idlocalidades`, `nombre_localidad`, `ambito`, `municipio_idmunicipio`)",VALUES (,"341,""La Bazuca"",""R"",28",);
342,Sabinas,R,28,,"INSERT INTO `mydb`.`localidades` (`idlocalidades`, `nombre_localidad`, `ambito`, `municipio_idmunicipio`)",VALUES (,"342,""Sabinas"",""R"",28",);
343,Margarito Carbajal,R,28,,"INSERT INTO `mydb`.`localidades` (`idlocalidades`, `nombre_localidad`, `ambito`, `municipio_idmunicipio`)",VALUES (,"343,""Margarito Carbajal"",""R"",28",);
344,San Roberto [Granja],R,28,,"INSERT INTO `mydb`.`localidades` (`idlocalidades`, `nombre_localidad`, `ambito`, `municipio_idmunicipio`)",VALUES (,"344,""San Roberto [Granja]"",""R"",28",);
345,El Potro,R,28,,"INSERT INTO `mydb`.`localidades` (`idlocalidades`, `nombre_localidad`, `ambito`, `municipio_idmunicipio`)",VALUES (,"345,""El Potro"",""R"",28",);
346,Rosalba Martínez,R,28,,"INSERT INTO `mydb`.`localidades` (`idlocalidades`, `nombre_localidad`, `ambito`, `municipio_idmunicipio`)",VALUES (,"346,""Rosalba Martínez"",""R"",28",);
347,Fidencio Román Murillo,R,28,,"INSERT INTO `mydb`.`localidades` (`idlocalidades`, `nombre_localidad`, `ambito`, `municipio_idmunicipio`)",VALUES (,"347,""Fidencio Román Murillo"",""R"",28",);
348,El Ochenta,R,28,,"INSERT INTO `mydb`.`localidades` (`idlocalidades`, `nombre_localidad`, `ambito`, `municipio_idmunicipio`)",VALUES (,"348,""El Ochenta"",""R"",28",);
349,Loma Bonita,R,28,,"INSERT INTO `mydb`.`localidades` (`idlocalidades`, `nombre_localidad`, `ambito`, `municipio_idmunicipio`)",VALUES (,"349,""Loma Bonita"",""R"",28",);
350,Los Cruces,R,28,,"INSERT INTO `mydb`.`localidades` (`idlocalidades`, `nombre_localidad`, `ambito`, `municipio_idmunicipio`)",VALUES (,"350,""Los Cruces"",""R"",28",);
351,Nuevo Barroterán,R,28,,"INSERT INTO `mydb`.`localidades` (`idlocalidades`, `nombre_localidad`, `ambito`, `municipio_idmunicipio`)",VALUES (,"351,""Nuevo Barroterán"",""R"",28",);
352,La Amistad,R,28,,"INSERT INTO `mydb`.`localidades` (`idlocalidades`, `nombre_localidad`, `ambito`, `municipio_idmunicipio`)",VALUES (,"352,""La Amistad"",""R"",28",);
353,La Chata,R,28,,"INSERT INTO `mydb`.`localidades` (`idlocalidades`, `nombre_localidad`, `ambito`, `municipio_idmunicipio`)",VALUES (,"353,""La Chata"",""R"",28",);
354,La Unión (Rancho T.R.),R,28,,"INSERT INTO `mydb`.`localidades` (`idlocalidades`, `nombre_localidad`, `ambito`, `municipio_idmunicipio`)",VALUES (,"354,""La Unión (Rancho T.R.)"",""R"",28",);
355,Jesús Sandoval,R,28,,"INSERT INTO `mydb`.`localidades` (`idlocalidades`, `nombre_localidad`, `ambito`, `municipio_idmunicipio`)",VALUES (,"355,""Jesús Sandoval"",""R"",28",);
356,Juan Rodríguez Ramírez,R,28,,"INSERT INTO `mydb`.`localidades` (`idlocalidades`, `nombre_localidad`, `ambito`, `municipio_idmunicipio`)",VALUES (,"356,""Juan Rodríguez Ramírez"",""R"",28",);
357,Ignacio Flores,R,28,,"INSERT INTO `mydb`.`localidades` (`idlocalidades`, `nombre_localidad`, `ambito`, `municipio_idmunicipio`)",VALUES (,"357,""Ignacio Flores"",""R"",28",);
358,Juan Bernal,R,28,,"INSERT INTO `mydb`.`localidades` (`idlocalidades`, `nombre_localidad`, `ambito`, `municipio_idmunicipio`)",VALUES (,"358,""Juan Bernal"",""R"",28",);
359,Santa María,R,28,,"INSERT INTO `mydb`.`localidades` (`idlocalidades`, `nombre_localidad`, `ambito`, `municipio_idmunicipio`)",VALUES (,"359,""Santa María"",""R"",28",);
360,Hernán Rodríguez,R,28,,"INSERT INTO `mydb`.`localidades` (`idlocalidades`, `nombre_localidad`, `ambito`, `municipio_idmunicipio`)",VALUES (,"360,""Hernán Rodríguez"",""R"",28",);
361,Pablo Hernández,R,28,,"INSERT INTO `mydb`.`localidades` (`idlocalidades`, `nombre_localidad`, `ambito`, `municipio_idmunicipio`)",VALUES (,"361,""Pablo Hernández"",""R"",28",);
362,La Texanita,R,28,,"INSERT INTO `mydb`.`localidades` (`idlocalidades`, `nombre_localidad`, `ambito`, `municipio_idmunicipio`)",VALUES (,"362,""La Texanita"",""R"",28",);
363,Conrado Marines,R,28,,"INSERT INTO `mydb`.`localidades` (`idlocalidades`, `nombre_localidad`, `ambito`, `municipio_idmunicipio`)",VALUES (,"363,""Conrado Marines"",""R"",28",);
364,Juan López,R,28,,"INSERT INTO `mydb`.`localidades` (`idlocalidades`, `nombre_localidad`, `ambito`, `municipio_idmunicipio`)",VALUES (,"364,""Juan López"",""R"",28",);
365,María de la Luz Cresencia Rodríguez Armendáriz,R,28,,"INSERT INTO `mydb`.`localidades` (`idlocalidades`, `nombre_localidad`, `ambito`, `municipio_idmunicipio`)",VALUES (,"365,""María de la Luz Cresencia Rodríguez Armendáriz"",""R"",28",);
366,El Cencerro,R,28,,"INSERT INTO `mydb`.`localidades` (`idlocalidades`, `nombre_localidad`, `ambito`, `municipio_idmunicipio`)",VALUES (,"366,""El Cencerro"",""R"",28",);
367,Demetrio Sanmiguel,R,28,,"INSERT INTO `mydb`.`localidades` (`idlocalidades`, `nombre_localidad`, `ambito`, `municipio_idmunicipio`)",VALUES (,"367,""Demetrio Sanmiguel"",""R"",28",);
368,Alberto Carrillo,R,28,,"INSERT INTO `mydb`.`localidades` (`idlocalidades`, `nombre_localidad`, `ambito`, `municipio_idmunicipio`)",VALUES (,"368,""Alberto Carrillo"",""R"",28",);
369,Lauro Peña,R,28,,"INSERT INTO `mydb`.`localidades` (`idlocalidades`, `nombre_localidad`, `ambito`, `municipio_idmunicipio`)",VALUES (,"369,""Lauro Peña"",""R"",28",);
370,Jesús Sanmiguel,R,28,,"INSERT INTO `mydb`.`localidades` (`idlocalidades`, `nombre_localidad`, `ambito`, `municipio_idmunicipio`)",VALUES (,"370,""Jesús Sanmiguel"",""R"",28",);
371,Joaquín Guerrero,R,28,,"INSERT INTO `mydb`.`localidades` (`idlocalidades`, `nombre_localidad`, `ambito`, `municipio_idmunicipio`)",VALUES (,"371,""Joaquín Guerrero"",""R"",28",);
372,Erick Edgar García Soto,R,28,,"INSERT INTO `mydb`.`localidades` (`idlocalidades`, `nombre_localidad`, `ambito`, `municipio_idmunicipio`)",VALUES (,"372,""Erick Edgar García Soto"",""R"",28",);
373,Los Marines,R,28,,"INSERT INTO `mydb`.`localidades` (`idlocalidades`, `nombre_localidad`, `ambito`, `municipio_idmunicipio`)",VALUES (,"373,""Los Marines"",""R"",28",);
374,Las Trancas (Ignacio Castilleja),R,28,,"INSERT INTO `mydb`.`localidades` (`idlocalidades`, `nombre_localidad`, `ambito`, `municipio_idmunicipio`)",VALUES (,"374,""Las Trancas (Ignacio Castilleja)"",""R"",28",);
375,El Abandonado,R,28,,"INSERT INTO `mydb`.`localidades` (`idlocalidades`, `nombre_localidad`, `ambito`, `municipio_idmunicipio`)",VALUES (,"375,""El Abandonado"",""R"",28",);
376,Víctor Manuel Fuentes Flores,R,28,,"INSERT INTO `mydb`.`localidades` (`idlocalidades`, `nombre_localidad`, `ambito`, `municipio_idmunicipio`)",VALUES (,"376,""Víctor Manuel Fuentes Flores"",""R"",28",);
378,El Mezquite,R,28,,"INSERT INTO `mydb`.`localidades` (`idlocalidades`, `nombre_localidad`, `ambito`, `municipio_idmunicipio`)",VALUES (,"378,""El Mezquite"",""R"",28",);
379,Finca Coahuila,R,28,,"INSERT INTO `mydb`.`localidades` (`idlocalidades`, `nombre_localidad`, `ambito`, `municipio_idmunicipio`)",VALUES (,"379,""Finca Coahuila"",""R"",28",);
380,Pedro Ortiz Moreno,R,28,,"INSERT INTO `mydb`.`localidades` (`idlocalidades`, `nombre_localidad`, `ambito`, `municipio_idmunicipio`)",VALUES (,"380,""Pedro Ortiz Moreno"",""R"",28",);
381,Olivia Gándara,R,28,,"INSERT INTO `mydb`.`localidades` (`idlocalidades`, `nombre_localidad`, `ambito`, `municipio_idmunicipio`)",VALUES (,"381,""Olivia Gándara"",""R"",28",);
382,Saturnino Contreras Sánchez,R,28,,"INSERT INTO `mydb`.`localidades` (`idlocalidades`, `nombre_localidad`, `ambito`, `municipio_idmunicipio`)",VALUES (,"382,""Saturnino Contreras Sánchez"",""R"",28",);
384,La Birria,R,28,,"INSERT INTO `mydb`.`localidades` (`idlocalidades`, `nombre_localidad`, `ambito`, `municipio_idmunicipio`)",VALUES (,"384,""La Birria"",""R"",28",);
385,Juan Pablo García,R,28,,"INSERT INTO `mydb`.`localidades` (`idlocalidades`, `nombre_localidad`, `ambito`, `municipio_idmunicipio`)",VALUES (,"385,""Juan Pablo García"",""R"",28",);
386,El Indio,R,28,,"INSERT INTO `mydb`.`localidades` (`idlocalidades`, `nombre_localidad`, `ambito`, `municipio_idmunicipio`)",VALUES (,"386,""El Indio"",""R"",28",);
388,Los Moros,R,28,,"INSERT INTO `mydb`.`localidades` (`idlocalidades`, `nombre_localidad`, `ambito`, `municipio_idmunicipio`)",VALUES (,"388,""Los Moros"",""R"",28",);
389,San Antonio,R,28,,"INSERT INTO `mydb`.`localidades` (`idlocalidades`, `nombre_localidad`, `ambito`, `municipio_idmunicipio`)",VALUES (,"389,""San Antonio"",""R"",28",);
392,Pánfilo Buentello García,R,28,,"INSERT INTO `mydb`.`localidades` (`idlocalidades`, `nombre_localidad`, `ambito`, `municipio_idmunicipio`)",VALUES (,"392,""Pánfilo Buentello García"",""R"",28",);
393,José María de la Garza,R,28,,"INSERT INTO `mydb`.`localidades` (`idlocalidades`, `nombre_localidad`, `ambito`, `municipio_idmunicipio`)",VALUES (,"393,""José María de la Garza"",""R"",28",);
394,Los Primos,R,28,,"INSERT INTO `mydb`.`localidades` (`idlocalidades`, `nombre_localidad`, `ambito`, `municipio_idmunicipio`)",VALUES (,"394,""Los Primos"",""R"",28",);
395,Samuel Lira Flores,R,28,,"INSERT INTO `mydb`.`localidades` (`idlocalidades`, `nombre_localidad`, `ambito`, `municipio_idmunicipio`)",VALUES (,"395,""Samuel Lira Flores"",""R"",28",);
396,Domingo Flores,R,28,,"INSERT INTO `mydb`.`localidades` (`idlocalidades`, `nombre_localidad`, `ambito`, `municipio_idmunicipio`)",VALUES (,"396,""Domingo Flores"",""R"",28",);
397,Ranchito Don Jaime,R,28,,"INSERT INTO `mydb`.`localidades` (`idlocalidades`, `nombre_localidad`, `ambito`, `municipio_idmunicipio`)",VALUES (,"397,""Ranchito Don Jaime"",""R"",28",);
398,José Luis Torres García,R,28,,"INSERT INTO `mydb`.`localidades` (`idlocalidades`, `nombre_localidad`, `ambito`, `municipio_idmunicipio`)",VALUES (,"398,""José Luis Torres García"",""R"",28",);
399,Reynaldo Oranday,R,28,,"INSERT INTO `mydb`.`localidades` (`idlocalidades`, `nombre_localidad`, `ambito`, `municipio_idmunicipio`)",VALUES (,"399,""Reynaldo Oranday"",""R"",28",);
400,Ampliación Colonia Cincuenta Aniversario,R,28,,"INSERT INTO `mydb`.`localidades` (`idlocalidades`, `nombre_localidad`, `ambito`, `municipio_idmunicipio`)",VALUES (,"400,""Ampliación Colonia Cincuenta Aniversario"",""R"",28",);
401,Ramiro Gámez,R,28,,"INSERT INTO `mydb`.`localidades` (`idlocalidades`, `nombre_localidad`, `ambito`, `municipio_idmunicipio`)",VALUES (,"401,""Ramiro Gámez"",""R"",28",);
407,Gumaro González García,R,28,,"INSERT INTO `mydb`.`localidades` (`idlocalidades`, `nombre_localidad`, `ambito`, `municipio_idmunicipio`)",VALUES (,"407,""Gumaro González García"",""R"",28",);
408,Juan Tijerina Leyva,R,28,,"INSERT INTO `mydb`.`localidades` (`idlocalidades`, `nombre_localidad`, `ambito`, `municipio_idmunicipio`)",VALUES (,"408,""Juan Tijerina Leyva"",""R"",28",);
411,El Infante,R,28,,"INSERT INTO `mydb`.`localidades` (`idlocalidades`, `nombre_localidad`, `ambito`, `municipio_idmunicipio`)",VALUES (,"411,""El Infante"",""R"",28",);
412,Mupo,R,28,,"INSERT INTO `mydb`.`localidades` (`idlocalidades`, `nombre_localidad`, `ambito`, `municipio_idmunicipio`)",VALUES (,"412,""Mupo"",""R"",28",);
413,San José de Cloete,R,28,,"INSERT INTO `mydb`.`localidades` (`idlocalidades`, `nombre_localidad`, `ambito`, `municipio_idmunicipio`)",VALUES (,"413,""San José de Cloete"",""R"",28",);
415,El Carmen,R,28,,"INSERT INTO `mydb`.`localidades` (`idlocalidades`, `nombre_localidad`, `ambito`, `municipio_idmunicipio`)",VALUES (,"415,""El Carmen"",""R"",28",);
416,Valle Dorado,R,28,,"INSERT INTO `mydb`.`localidades` (`idlocalidades`, `nombre_localidad`, `ambito`, `municipio_idmunicipio`)",VALUES (,"416,""Valle Dorado"",""R"",28",);
417,El Mezquite,R,28,,"INSERT INTO `mydb`.`localidades` (`idlocalidades`, `nombre_localidad`, `ambito`, `municipio_idmunicipio`)",VALUES (,"417,""El Mezquite"",""R"",28",);
418,Don Benigno (Rosa Irene Moreno) [Restaurante],R,28,,"INSERT INTO `mydb`.`localidades` (`idlocalidades`, `nombre_localidad`, `ambito`, `municipio_idmunicipio`)",VALUES (,"418,""Don Benigno (Rosa Irene Moreno) [Restaurante]"",""R"",28",);
419,La Palapa (José Luis Martínez Fuentes),R,28,,"INSERT INTO `mydb`.`localidades` (`idlocalidades`, `nombre_localidad`, `ambito`, `municipio_idmunicipio`)",VALUES (,"419,""La Palapa (José Luis Martínez Fuentes)"",""R"",28",);
420,Simón Estrada Jiménez,R,28,,"INSERT INTO `mydb`.`localidades` (`idlocalidades`, `nombre_localidad`, `ambito`, `municipio_idmunicipio`)",VALUES (,"420,""Simón Estrada Jiménez"",""R"",28",);
421,Los Compadres (Juan Antonio Zapata Bernal),R,28,,"INSERT INTO `mydb`.`localidades` (`idlocalidades`, `nombre_localidad`, `ambito`, `municipio_idmunicipio`)",VALUES (,"421,""Los Compadres (Juan Antonio Zapata Bernal)"",""R"",28",);
422,La Roca Ranch (Jesús Salazar Castillo),R,28,,"INSERT INTO `mydb`.`localidades` (`idlocalidades`, `nombre_localidad`, `ambito`, `municipio_idmunicipio`)",VALUES (,"422,""La Roca Ranch (Jesús Salazar Castillo)"",""R"",28",);
423,La Coyota (José Francisco Díaz),R,28,,"INSERT INTO `mydb`.`localidades` (`idlocalidades`, `nombre_localidad`, `ambito`, `municipio_idmunicipio`)",VALUES (,"423,""La Coyota (José Francisco Díaz)"",""R"",28",);
424,Tierra Caliente (Los Dos Hermanos),R,28,,"INSERT INTO `mydb`.`localidades` (`idlocalidades`, `nombre_localidad`, `ambito`, `municipio_idmunicipio`)",VALUES (,"424,""Tierra Caliente (Los Dos Hermanos)"",""R"",28",);
425,El Temporal,R,28,,"INSERT INTO `mydb`.`localidades` (`idlocalidades`, `nombre_localidad`, `ambito`, `municipio_idmunicipio`)",VALUES (,"425,""El Temporal"",""R"",28",);
426,El Privilegio (Mario Salazar Castillo),R,28,,"INSERT INTO `mydb`.`localidades` (`idlocalidades`, `nombre_localidad`, `ambito`, `municipio_idmunicipio`)",VALUES (,"426,""El Privilegio (Mario Salazar Castillo)"",""R"",28",);
427,La Angostura (Rosendo Ramírez Salazar),R,28,,"INSERT INTO `mydb`.`localidades` (`idlocalidades`, `nombre_localidad`, `ambito`, `municipio_idmunicipio`)",VALUES (,"427,""La Angostura (Rosendo Ramírez Salazar)"",""R"",28",);
428,Los Cuatro Hermanos,R,28,,"INSERT INTO `mydb`.`localidades` (`idlocalidades`, `nombre_localidad`, `ambito`, `municipio_idmunicipio`)",VALUES (,"428,""Los Cuatro Hermanos"",""R"",28",);
429,Antonio Álvarez Navarro,R,28,,"INSERT INTO `mydb`.`localidades` (`idlocalidades`, `nombre_localidad`, `ambito`, `municipio_idmunicipio`)",VALUES (,"429,""Antonio Álvarez Navarro"",""R"",28",);
430,Lisandro Olvera,R,28,,"INSERT INTO `mydb`.`localidades` (`idlocalidades`, `nombre_localidad`, `ambito`, `municipio_idmunicipio`)",VALUES (,"430,""Lisandro Olvera"",""R"",28",);
431,La Joyita,R,28,,"INSERT INTO `mydb`.`localidades` (`idlocalidades`, `nombre_localidad`, `ambito`, `municipio_idmunicipio`)",VALUES (,"431,""La Joyita"",""R"",28",);
432,Juan Manuel Pérez Silos,R,28,,"INSERT INTO `mydb`.`localidades` (`idlocalidades`, `nombre_localidad`, `ambito`, `municipio_idmunicipio`)",VALUES (,"432,""Juan Manuel Pérez Silos"",""R"",28",);
433,3 Palmas,R,28,,"INSERT INTO `mydb`.`localidades` (`idlocalidades`, `nombre_localidad`, `ambito`, `municipio_idmunicipio`)",VALUES (,"433,""3 Palmas"",""R"",28",);
434,Los Abuelos,R,28,,"INSERT INTO `mydb`.`localidades` (`idlocalidades`, `nombre_localidad`, `ambito`, `municipio_idmunicipio`)",VALUES (,"434,""Los Abuelos"",""R"",28",);
435,Ernesto Campos,R,28,,"INSERT INTO `mydb`.`localidades` (`idlocalidades`, `nombre_localidad`, `ambito`, `municipio_idmunicipio`)",VALUES (,"435,""Ernesto Campos"",""R"",28",);
436,3 Potrancas,R,28,,"INSERT INTO `mydb`.`localidades` (`idlocalidades`, `nombre_localidad`, `ambito`, `municipio_idmunicipio`)",VALUES (,"436,""3 Potrancas"",""R"",28",);
437,Jorge Zamora,R,28,,"INSERT INTO `mydb`.`localidades` (`idlocalidades`, `nombre_localidad`, `ambito`, `municipio_idmunicipio`)",VALUES (,"437,""Jorge Zamora"",""R"",28",);
438,El Papalotito,R,28,,"INSERT INTO `mydb`.`localidades` (`idlocalidades`, `nombre_localidad`, `ambito`, `municipio_idmunicipio`)",VALUES (,"438,""El Papalotito"",""R"",28",);
439,Los Magueyes,R,28,,"INSERT INTO `mydb`.`localidades` (`idlocalidades`, `nombre_localidad`, `ambito`, `municipio_idmunicipio`)",VALUES (,"439,""Los Magueyes"",""R"",28",);
440,El Rosal,R,28,,"INSERT INTO `mydb`.`localidades` (`idlocalidades`, `nombre_localidad`, `ambito`, `municipio_idmunicipio`)",VALUES (,"440,""El Rosal"",""R"",28",);
441,Los Encinos,R,28,,"INSERT INTO `mydb`.`localidades` (`idlocalidades`, `nombre_localidad`, `ambito`, `municipio_idmunicipio`)",VALUES (,"441,""Los Encinos"",""R"",28",);
442,La Gotera,R,28,,"INSERT INTO `mydb`.`localidades` (`idlocalidades`, `nombre_localidad`, `ambito`, `municipio_idmunicipio`)",VALUES (,"442,""La Gotera"",""R"",28",);
443,Mina Uno,R,28,,"INSERT INTO `mydb`.`localidades` (`idlocalidades`, `nombre_localidad`, `ambito`, `municipio_idmunicipio`)",VALUES (,"443,""Mina Uno"",""R"",28",);
444,La Caseta de la Puerta,R,28,,"INSERT INTO `mydb`.`localidades` (`idlocalidades`, `nombre_localidad`, `ambito`, `municipio_idmunicipio`)",VALUES (,"444,""La Caseta de la Puerta"",""R"",28",);
445,José Fidencio Calderón Ramírez,R,28,,"INSERT INTO `mydb`.`localidades` (`idlocalidades`, `nombre_localidad`, `ambito`, `municipio_idmunicipio`)",VALUES (,"445,""José Fidencio Calderón Ramírez"",""R"",28",);
446,Maximina García,R,28,,"INSERT INTO `mydb`.`localidades` (`idlocalidades`, `nombre_localidad`, `ambito`, `municipio_idmunicipio`)",VALUES (,"446,""Maximina García"",""R"",28",);
447,Ricardo Gómez,R,28,,"INSERT INTO `mydb`.`localidades` (`idlocalidades`, `nombre_localidad`, `ambito`, `municipio_idmunicipio`)",VALUES (,"447,""Ricardo Gómez"",""R"",28",);
448,La Brea,R,28,,"INSERT INTO `mydb`.`localidades` (`idlocalidades`, `nombre_localidad`, `ambito`, `municipio_idmunicipio`)",VALUES (,"448,""La Brea"",""R"",28",);
449,El Pitayo,R,28,,"INSERT INTO `mydb`.`localidades` (`idlocalidades`, `nombre_localidad`, `ambito`, `municipio_idmunicipio`)",VALUES (,"449,""El Pitayo"",""R"",28",);
450,La Esperanza (Francisco Torres Valencia),R,28,,"INSERT INTO `mydb`.`localidades` (`idlocalidades`, `nombre_localidad`, `ambito`, `municipio_idmunicipio`)",VALUES (,"450,""La Esperanza (Francisco Torres Valencia)"",""R"",28",);
451,José María Guajardo,R,28,,"INSERT INTO `mydb`.`localidades` (`idlocalidades`, `nombre_localidad`, `ambito`, `municipio_idmunicipio`)",VALUES (,"451,""José María Guajardo"",""R"",28",);
452,Urbano Cardona Esparza,R,28,,"INSERT INTO `mydb`.`localidades` (`idlocalidades`, `nombre_localidad`, `ambito`, `municipio_idmunicipio`)",VALUES (,"452,""Urbano Cardona Esparza"",""R"",28",);
453,El Gavilán,R,28,,"INSERT INTO `mydb`.`localidades` (`idlocalidades`, `nombre_localidad`, `ambito`, `municipio_idmunicipio`)",VALUES (,"453,""El Gavilán"",""R"",28",);
455,Carlos Villarreal García,R,28,,"INSERT INTO `mydb`.`localidades` (`idlocalidades`, `nombre_localidad`, `ambito`, `municipio_idmunicipio`)",VALUES (,"455,""Carlos Villarreal García"",""R"",28",);
456,Eben Ezer,R,28,,"INSERT INTO `mydb`.`localidades` (`idlocalidades`, `nombre_localidad`, `ambito`, `municipio_idmunicipio`)",VALUES (,"456,""Eben Ezer"",""R"",28",);
457,Tres Herraduras,R,28,,"INSERT INTO `mydb`.`localidades` (`idlocalidades`, `nombre_localidad`, `ambito`, `municipio_idmunicipio`)",VALUES (,"457,""Tres Herraduras"",""R"",28",);
458,4 de Mayo,R,28,,"INSERT INTO `mydb`.`localidades` (`idlocalidades`, `nombre_localidad`, `ambito`, `municipio_idmunicipio`)",VALUES (,"458,""4 de Mayo"",""R"",28",);
459,Juan López,R,28,,"INSERT INTO `mydb`.`localidades` (`idlocalidades`, `nombre_localidad`, `ambito`, `municipio_idmunicipio`)",VALUES (,"459,""Juan López"",""R"",28",);
460,Las Puyas,R,28,,"INSERT INTO `mydb`.`localidades` (`idlocalidades`, `nombre_localidad`, `ambito`, `municipio_idmunicipio`)",VALUES (,"460,""Las Puyas"",""R"",28",);
461,San Jacinto,R,28,,"INSERT INTO `mydb`.`localidades` (`idlocalidades`, `nombre_localidad`, `ambito`, `municipio_idmunicipio`)",VALUES (,"461,""San Jacinto"",""R"",28",);
462,Domingo Anguiano Moreno,R,28,,"INSERT INTO `mydb`.`localidades` (`idlocalidades`, `nombre_localidad`, `ambito`, `municipio_idmunicipio`)",VALUES (,"462,""Domingo Anguiano Moreno"",""R"",28",);
463,Modesta Rico,R,28,,"INSERT INTO `mydb`.`localidades` (`idlocalidades`, `nombre_localidad`, `ambito`, `municipio_idmunicipio`)",VALUES (,"463,""Modesta Rico"",""R"",28",);
464,El Borrado (José Maldonado),R,28,,"INSERT INTO `mydb`.`localidades` (`idlocalidades`, `nombre_localidad`, `ambito`, `municipio_idmunicipio`)",VALUES (,"464,""El Borrado (José Maldonado)"",""R"",28",);
465,Chancaquilla,R,28,,"INSERT INTO `mydb`.`localidades` (`idlocalidades`, `nombre_localidad`, `ambito`, `municipio_idmunicipio`)",VALUES (,"465,""Chancaquilla"",""R"",28",);
466,Jorge Villarreal,R,28,,"INSERT INTO `mydb`.`localidades` (`idlocalidades`, `nombre_localidad`, `ambito`, `municipio_idmunicipio`)",VALUES (,"466,""Jorge Villarreal"",""R"",28",);
467,El Olvido,R,28,,"INSERT INTO `mydb`.`localidades` (`idlocalidades`, `nombre_localidad`, `ambito`, `municipio_idmunicipio`)",VALUES (,"467,""El Olvido"",""R"",28",);
468,Sergio Puyas,R,28,,"INSERT INTO `mydb`.`localidades` (`idlocalidades`, `nombre_localidad`, `ambito`, `municipio_idmunicipio`)",VALUES (,"468,""Sergio Puyas"",""R"",28",);
469,Santa Rita,R,28,,"INSERT INTO `mydb`.`localidades` (`idlocalidades`, `nombre_localidad`, `ambito`, `municipio_idmunicipio`)",VALUES (,"469,""Santa Rita"",""R"",28",);
470,Los Abuelos,R,28,,"INSERT INTO `mydb`.`localidades` (`idlocalidades`, `nombre_localidad`, `ambito`, `municipio_idmunicipio`)",VALUES (,"470,""Los Abuelos"",""R"",28",);
471,El Toro,R,28,,"INSERT INTO `mydb`.`localidades` (`idlocalidades`, `nombre_localidad`, `ambito`, `municipio_idmunicipio`)",VALUES (,"471,""El Toro"",""R"",28",);
472,Los Pérez,R,28,,"INSERT INTO `mydb`.`localidades` (`idlocalidades`, `nombre_localidad`, `ambito`, `municipio_idmunicipio`)",VALUES (,"472,""Los Pérez"",""R"",28",);
473,Edgar Jesús Torres Ibarra,R,28,,"INSERT INTO `mydb`.`localidades` (`idlocalidades`, `nombre_localidad`, `ambito`, `municipio_idmunicipio`)",VALUES (,"473,""Edgar Jesús Torres Ibarra"",""R"",28",);
474,San Carlos,R,28,,"INSERT INTO `mydb`.`localidades` (`idlocalidades`, `nombre_localidad`, `ambito`, `municipio_idmunicipio`)",VALUES (,"474,""San Carlos"",""R"",28",);
475,Gilberto Garza Bernal,R,28,,"INSERT INTO `mydb`.`localidades` (`idlocalidades`, `nombre_localidad`, `ambito`, `municipio_idmunicipio`)",VALUES (,"475,""Gilberto Garza Bernal"",""R"",28",);
476,Oscar,R,28,,"INSERT INTO `mydb`.`localidades` (`idlocalidades`, `nombre_localidad`, `ambito`, `municipio_idmunicipio`)",VALUES (,"476,""Oscar"",""R"",28",);
477,La Mora,R,28,,"INSERT INTO `mydb`.`localidades` (`idlocalidades`, `nombre_localidad`, `ambito`, `municipio_idmunicipio`)",VALUES (,"477,""La Mora"",""R"",28",);
478,Andrés Garza,R,28,,"INSERT INTO `mydb`.`localidades` (`idlocalidades`, `nombre_localidad`, `ambito`, `municipio_idmunicipio`)",VALUES (,"478,""Andrés Garza"",""R"",28",);
479,Juana Ávalos,R,28,,"INSERT INTO `mydb`.`localidades` (`idlocalidades`, `nombre_localidad`, `ambito`, `municipio_idmunicipio`)",VALUES (,"479,""Juana Ávalos"",""R"",28",);
480,Yuni Macías,R,28,,"INSERT INTO `mydb`.`localidades` (`idlocalidades`, `nombre_localidad`, `ambito`, `municipio_idmunicipio`)",VALUES (,"480,""Yuni Macías"",""R"",28",);
481,Javier Guerrero,R,28,,"INSERT INTO `mydb`.`localidades` (`idlocalidades`, `nombre_localidad`, `ambito`, `municipio_idmunicipio`)",VALUES (,"481,""Javier Guerrero"",""R"",28",);
482,Don Jesús,R,28,,"INSERT INTO `mydb`.`localidades` (`idlocalidades`, `nombre_localidad`, `ambito`, `municipio_idmunicipio`)",VALUES (,"482,""Don Jesús"",""R"",28",);
483,Cayetano Díaz,R,28,,"INSERT INTO `mydb`.`localidades` (`idlocalidades`, `nombre_localidad`, `ambito`, `municipio_idmunicipio`)",VALUES (,"483,""Cayetano Díaz"",""R"",28",);
484,José Guadalupe Pérez,R,28,,"INSERT INTO `mydb`.`localidades` (`idlocalidades`, `nombre_localidad`, `ambito`, `municipio_idmunicipio`)",VALUES (,"484,""José Guadalupe Pérez"",""R"",28",);
485,Oscar Salinas Membrillo,R,28,,"INSERT INTO `mydb`.`localidades` (`idlocalidades`, `nombre_localidad`, `ambito`, `municipio_idmunicipio`)",VALUES (,"485,""Oscar Salinas Membrillo"",""R"",28",);
486,Miguel Medardo Ponce Rodríguez,R,28,,"INSERT INTO `mydb`.`localidades` (`idlocalidades`, `nombre_localidad`, `ambito`, `municipio_idmunicipio`)",VALUES (,"486,""Miguel Medardo Ponce Rodríguez"",""R"",28",);
487,Juan Ramírez Reyna,R,28,,"INSERT INTO `mydb`.`localidades` (`idlocalidades`, `nombre_localidad`, `ambito`, `municipio_idmunicipio`)",VALUES (,"487,""Juan Ramírez Reyna"",""R"",28",);
488,Chencho Oranday,R,28,,"INSERT INTO `mydb`.`localidades` (`idlocalidades`, `nombre_localidad`, `ambito`, `municipio_idmunicipio`)",VALUES (,"488,""Chencho Oranday"",""R"",28",);
489,Don Beto,R,28,,"INSERT INTO `mydb`.`localidades` (`idlocalidades`, `nombre_localidad`, `ambito`, `municipio_idmunicipio`)",VALUES (,"489,""Don Beto"",""R"",28",);
490,La Bendición,R,28,,"INSERT INTO `mydb`.`localidades` (`idlocalidades`, `nombre_localidad`, `ambito`, `municipio_idmunicipio`)",VALUES (,"490,""La Bendición"",""R"",28",);
491,Rosendo Piña Jímenez,R,28,,"INSERT INTO `mydb`.`localidades` (`idlocalidades`, `nombre_localidad`, `ambito`, `municipio_idmunicipio`)",VALUES (,"491,""Rosendo Piña Jímenez"",""R"",28",);
492,Santana Calderón Elizondo,R,28,,"INSERT INTO `mydb`.`localidades` (`idlocalidades`, `nombre_localidad`, `ambito`, `municipio_idmunicipio`)",VALUES (,"492,""Santana Calderón Elizondo"",""R"",28",);
493,El Profesor,R,28,,"INSERT INTO `mydb`.`localidades` (`idlocalidades`, `nombre_localidad`, `ambito`, `municipio_idmunicipio`)",VALUES (,"493,""El Profesor"",""R"",28",);
494,Santa Ana,R,28,,"INSERT INTO `mydb`.`localidades` (`idlocalidades`, `nombre_localidad`, `ambito`, `municipio_idmunicipio`)",VALUES (,"494,""Santa Ana"",""R"",28",);
495,La Aguja Vieja,R,28,,"INSERT INTO `mydb`.`localidades` (`idlocalidades`, `nombre_localidad`, `ambito`, `municipio_idmunicipio`)",VALUES (,"495,""La Aguja Vieja"",""R"",28",);
496,Javier Arizpe,R,28,,"INSERT INTO `mydb`.`localidades` (`idlocalidades`, `nombre_localidad`, `ambito`, `municipio_idmunicipio`)",VALUES (,"496,""Javier Arizpe"",""R"",28",);
497,El Diez,R,28,,"INSERT INTO `mydb`.`localidades` (`idlocalidades`, `nombre_localidad`, `ambito`, `municipio_idmunicipio`)",VALUES (,"497,""El Diez"",""R"",28",);
498,Juan Pablo Arizpe,R,28,,"INSERT INTO `mydb`.`localidades` (`idlocalidades`, `nombre_localidad`, `ambito`, `municipio_idmunicipio`)",VALUES (,"498,""Juan Pablo Arizpe"",""R"",28",);
499,Juan José Guadiana,R,28,,"INSERT INTO `mydb`.`localidades` (`idlocalidades`, `nombre_localidad`, `ambito`, `municipio_idmunicipio`)",VALUES (,"499,""Juan José Guadiana"",""R"",28",);
500,La Abundancia,R,28,,"INSERT INTO `mydb`.`localidades` (`idlocalidades`, `nombre_localidad`, `ambito`, `municipio_idmunicipio`)",VALUES (,"500,""La Abundancia"",""R"",28",);
501,Las Tres Reynas,R,28,,"INSERT INTO `mydb`.`localidades` (`idlocalidades`, `nombre_localidad`, `ambito`, `municipio_idmunicipio`)",VALUES (,"501,""Las Tres Reynas"",""R"",28",);
502,La Retama (El Oasis),R,28,,"INSERT INTO `mydb`.`localidades` (`idlocalidades`, `nombre_localidad`, `ambito`, `municipio_idmunicipio`)",VALUES (,"502,""La Retama (El Oasis)"",""R"",28",);
503,Planta Lavadora [Materiales Industrializados],R,28,,"INSERT INTO `mydb`.`localidades` (`idlocalidades`, `nombre_localidad`, `ambito`, `municipio_idmunicipio`)",VALUES (,"503,""Planta Lavadora [Materiales Industrializados]"",""R"",28",);
504,Enrique Domínguez,R,28,,"INSERT INTO `mydb`.`localidades` (`idlocalidades`, `nombre_localidad`, `ambito`, `municipio_idmunicipio`)",VALUES (,"504,""Enrique Domínguez"",""R"",28",);
505,Casa Blanca,R,28,,"INSERT INTO `mydb`.`localidades` (`idlocalidades`, `nombre_localidad`, `ambito`, `municipio_idmunicipio`)",VALUES (,"505,""Casa Blanca"",""R"",28",);
506,El Porvenir,R,28,,"INSERT INTO `mydb`.`localidades` (`idlocalidades`, `nombre_localidad`, `ambito`, `municipio_idmunicipio`)",VALUES (,"506,""El Porvenir"",""R"",28",);
507,La Oriental,R,28,,"INSERT INTO `mydb`.`localidades` (`idlocalidades`, `nombre_localidad`, `ambito`, `municipio_idmunicipio`)",VALUES (,"507,""La Oriental"",""R"",28",);
508,Piedra Laja,R,28,,"INSERT INTO `mydb`.`localidades` (`idlocalidades`, `nombre_localidad`, `ambito`, `municipio_idmunicipio`)",VALUES (,"508,""Piedra Laja"",""R"",28",);
509,Alfredo Garza,R,28,,"INSERT INTO `mydb`.`localidades` (`idlocalidades`, `nombre_localidad`, `ambito`, `municipio_idmunicipio`)",VALUES (,"509,""Alfredo Garza"",""R"",28",);
510,Agujita [Pista Hípica],R,28,,"INSERT INTO `mydb`.`localidades` (`idlocalidades`, `nombre_localidad`, `ambito`, `municipio_idmunicipio`)",VALUES (,"510,""Agujita [Pista Hípica]"",""R"",28",);
511,El Barrote del Río,R,28,,"INSERT INTO `mydb`.`localidades` (`idlocalidades`, `nombre_localidad`, `ambito`, `municipio_idmunicipio`)",VALUES (,"511,""El Barrote del Río"",""R"",28",);
512,Teodoro Ranch,R,28,,"INSERT INTO `mydb`.`localidades` (`idlocalidades`, `nombre_localidad`, `ambito`, `municipio_idmunicipio`)",VALUES (,"512,""Teodoro Ranch"",""R"",28",);
513,Juan José Valdez Galindo,R,28,,"INSERT INTO `mydb`.`localidades` (`idlocalidades`, `nombre_localidad`, `ambito`, `municipio_idmunicipio`)",VALUES (,"513,""Juan José Valdez Galindo"",""R"",28",);
514,Jorge Luis Hernández López,R,28,,"INSERT INTO `mydb`.`localidades` (`idlocalidades`, `nombre_localidad`, `ambito`, `municipio_idmunicipio`)",VALUES (,"514,""Jorge Luis Hernández López"",""R"",28",);
515,María de los Ángeles Torres Ibarra,R,28,,"INSERT INTO `mydb`.`localidades` (`idlocalidades`, `nombre_localidad`, `ambito`, `municipio_idmunicipio`)",VALUES (,"515,""María de los Ángeles Torres Ibarra"",""R"",28",);
516,Domingo Iribarren,R,28,,"INSERT INTO `mydb`.`localidades` (`idlocalidades`, `nombre_localidad`, `ambito`, `municipio_idmunicipio`)",VALUES (,"516,""Domingo Iribarren"",""R"",28",);
517,Guillermo Sena,R,28,,"INSERT INTO `mydb`.`localidades` (`idlocalidades`, `nombre_localidad`, `ambito`, `municipio_idmunicipio`)",VALUES (,"517,""Guillermo Sena"",""R"",28",);
518,Las Norias,R,28,,"INSERT INTO `mydb`.`localidades` (`idlocalidades`, `nombre_localidad`, `ambito`, `municipio_idmunicipio`)",VALUES (,"518,""Las Norias"",""R"",28",);
519,Gerónimo Campos Torres,R,28,,"INSERT INTO `mydb`.`localidades` (`idlocalidades`, `nombre_localidad`, `ambito`, `municipio_idmunicipio`)",VALUES (,"519,""Gerónimo Campos Torres"",""R"",28",);
520,La Mota,R,28,,"INSERT INTO `mydb`.`localidades` (`idlocalidades`, `nombre_localidad`, `ambito`, `municipio_idmunicipio`)",VALUES (,"520,""La Mota"",""R"",28",);
521,El Diamante,R,28,,"INSERT INTO `mydb`.`localidades` (`idlocalidades`, `nombre_localidad`, `ambito`, `municipio_idmunicipio`)",VALUES (,"521,""El Diamante"",""R"",28",);
