CVE_LOC,NOM_LOC,AMBITO,CVE_MUN
1,Nava,U,22
4,El Avileño,R,22
7,La Casa de Piedra,R,22
10,Ninguno [Fábrica de Hielo],R,22
11,El Fénix,R,22
13,El Gavilán,R,22
17,Américo Sánchez,R,22
18,Ojo de Agua,R,22
21,La Medalla,R,22
24,El Porvenir,R,22
26,Rancho Largo,R,22
33,Adán Ruiz,R,22
34,El Cedrito (San Fernando),R,22
36,Rancho Nuevo,R,22
37,Santa Gertrudis,R,22
38,Gregorio González (Santo Domingo),R,22
40,El Saucito,R,22
43,Las Trampas,R,22
44,El Mosco,R,22
50,La Puerta Palo Blanco,R,22
51,Colonia Venustiano Carranza,U,22
52,La Bandera,R,22
53,Juan Antonio Osuna Cárdenas,R,22
54,La Noria (Norias Viejas),R,22
58,La Chiripa,R,22
61,Las Galeras,R,22
65,El Nogalito (Humberto Rosales),R,22
67,Juvey Garza,R,22
68,Silvestre Sánchez,R,22
74,Armando Garza,R,22
76,Blanca Elena (Los Villa),R,22
79,Los Pereda,R,22
82,Gilberto Mata,R,22
91,Fracción el Fénix,R,22
106,Jesús Mata,R,22
116,San José,R,22
118,Los Uribe (La Morita),R,22
119,La Yolanda,R,22
122,Los Vázquez (Las Torres),R,22
124,Las Praderas,R,22
125,El Potro,R,22
126,El Diamante,R,22
127,Las Moras,R,22
129,Eugenio Guillén,R,22
130,Rincón de Santo Domingo,R,22
131,Santa Gabriela,R,22
132,La Morita,R,22
133,Raúl Ribe,R,22
135,La Piedra 2,R,22
136,Buenos Aires,R,22
138,El Huizachal,R,22
139,San José,R,22
140,El Zancudo,R,22
142,La Colmena,R,22
143,El Mexiquito (Ganadería las Palomas),R,22
152,Tres Caminos,R,22
154,Agua de Afuera,R,22
162,Cortinas,R,22
163,Efraín López (El Encino),R,22
171,Andrés Valdez (Mota Cortada),R,22
172,La Bandera,R,22
173,Río Escondido [Mina],R,22
175,Carlona,R,22
176,Carmelita,R,22
182,El Fénix,R,22
185,Las Golondrinas,R,22
187,El Huizache,R,22
188,Arturo Ibarra,R,22
191,La Miseria,R,22
197,El Potosino,R,22
198,La Morita,R,22
199,Felipe Surola (Mota Cortada),R,22
200,Mota de Alejo (Los Bermea),R,22
206,Palo Blanco,R,22
210,Las Praderas [Fraccionamiento],R,22
211,Los Ramírez,R,22
213,San Francisco,R,22
214,Don Jesús [Granja],R,22
215,Laguna del Tigre,R,22
216,Rancho Viejo,R,22
226,San Joaquín,R,22
227,Rodolfo Fernández y Asociados (Lotes Campestres),R,22
229,La Candelaria Dos (El Veinte),R,22
231,Los Leones,R,22
232,Colonia Sanitaria,R,22
233,Los González,R,22
234,El Indio,R,22
235,Emeterio Salinas,R,22
236,El Minero,R,22
238,Carlos Cabello,R,22
239,Armando Ibarra,R,22
240,San Juan (Humberto Villarreal),R,22
241,Nogalera el Papalote,R,22
242,Criadero San Juan,R,22
243,Horacio Valencia,R,22
245,El Papalote,R,22
246,Las Bodegas,R,22
249,El Pantano,R,22
250,Ismael Rodríguez,R,22
251,Andrés Guardiola Garza,R,22
253,La Piedra,R,22
254,La Esperanza,R,22
255,La Anacua,R,22
256,Santos Aguilar Bernal,R,22
258,Graciela (Santa Graciela),R,22
259,La Cascajera,R,22
260,San Vicente,R,22
262,José Fausto Suárez,R,22
265,Kilómetro Veintiuno,R,22
275,Los Arrieros (Andrés Medellín Salas),R,22
281,La Esperanza,R,22
284,Evaristo Urista,R,22
285,El Rey,R,22
288,Las Tierritas,R,22
290,Oscar Ibarra,R,22
293,El Álamo,R,22
296,El Siete (Don Matías),R,22
297,José María González,R,22
298,San Marcos,R,22
299,Los Melones,R,22
300,San Carlos,R,22
307,Ninguno [Seguridad Física de CFE],R,22
311,Las Moras (Genaro Ibarra Martínez),R,22
312,El Porvenir,R,22
313,El Alto,R,22
316,Coahuila [Unión Ganadera Regional],R,22
319,La Finca [Garita],R,22
320,San Antonio,R,22
321,Los Magueyes,R,22
324,Presentación de la Rosa (La Mota),R,22
325,Los Encinos,R,22
326,José Dovalina,R,22
328,Javier Villanueva,R,22
329,Jorge Dovalina,R,22
330,José Luis Reyes,R,22
332,Juan José González,R,22
333,Los Girasoles,R,22
334,Los Palma,R,22
336,Los Hernández,R,22
337,Estación Río Escondido,R,22
338,El Columpio,R,22
339,Campamento Eme,R,22
340,Santo Domingo,R,22
341,Ninguno [Autopartes Torreón],R,22
342,Los Auces,R,22
344,El Milagro,R,22
347,Ojo de Agua (Santa Lucia),R,22
349,Jesús Enciso,R,22
350,Juan José Enciso,R,22
351,José María Uribe,R,22
352,Nabraxa,R,22
353,María Amparo Guillen,R,22
354,Rogelio Urista,R,22
355,Gilberto López,R,22
356,Armando González,R,22
358,Rodrigo Rodríguez,R,22
359,Jesús Barrera,R,22
360,La Tinaja (Los Fuentes),R,22
361,San Miguel,R,22
363,Reyes Guillén Valdez,R,22
365,El Chapote,R,22
366,Sóstenes González,R,22
367,Rosalío Urista,R,22
368,Las Pompas,R,22
369,Las Margaritas,R,22
370,Quinta Shalon,R,22
372,El Rayo,R,22
373,Máximo Martínez,R,22
374,El Triángulo,R,22
375,Juan Morales,R,22
376,Felipa Urista,R,22
378,Rodolfo de Hoyos,R,22
379,Roberto Soralinde,R,22
380,Sergio Mares,R,22
381,José Carlos Mendoza,R,22
382,Colonia Santo Domingo,R,22
383,Mónico Acuña,R,22
384,Abel Puente,R,22
386,Francisco Cerda,R,22
387,Zandalio Ramírez,R,22
389,Rodolfo Sánchez,R,22
390,Ignacio Romo,R,22
391,Martín Piña,R,22
392,Hipólito Nevarez,R,22
394,Gilberto Ramírez (El Negro),R,22
395,El Güero Ramírez,R,22
396,Silvestre Zamarripa,R,22
402,San Ramón,R,22
403,Sóstenes Medellín,R,22
404,Rodrigo Anidaron,R,22
406,Santo Domingo (Kilómetro Veintitrés),R,22
407,Rancho Grande [Restaurante],R,22
408,Las Palmas [Restaurante],R,22
410,Santa Yesenia,R,22
411,La Carlona (José Benito Garza),R,22
413,Rancho Nuevo,R,22
414,Pedro Puente,R,22
415,Santa Rita,R,22
416,Puente de Piedra,R,22
417,La Providencia,R,22
418,José María Mata,R,22
421,Reynaldo Ozuna,R,22
422,Reynaldo López Hernández,R,22
424,Arturo Mejía,R,22
425,Emilio Becerra Castro,R,22
426,Jesús Becerra Castro,R,22
427,Ernesto de los Santos,R,22
428,Juan Manuel Reyes,R,22
429,San Juan (Felipe Tovar Guadalajara),R,22
430,José Cárdenas,R,22
431,Ángel de la Garza,R,22
432,Margil Gómez Luna,R,22
433,Dolores Silva Esparza,R,22
434,Benito Tovar Zárate,R,22
435,Pablo García Rodríguez,R,22
436,La Hacienda,R,22
437,Crescencio Garza,R,22
438,Alberto Guardiola,R,22
439,José Ángel Cerda (La Chacaquilla),R,22
441,Las Reynas,R,22
443,Quince Letras,R,22
444,Antonio Ríos,R,22
445,San Andrés,R,22
446,José Ángel Cerda,R,22
447,El Potrero,R,22
448,La Paila,R,22
449,La Prieta,R,22
450,El Gavilán (J.V.H. Elizondo),R,22
451,San Fernando,R,22
452,Las Mercedes,R,22
453,La Aurora,R,22
454,El Jabalí,R,22
455,Ernesto Pérez,R,22
456,Eliodoro Rodríguez,R,22
457,Armando Mondragón,R,22
458,Rogelio Martínez (César Palacios),R,22
459,Tomás Perales (El Uno),R,22
460,La Escondida,R,22
461,San Ramón,R,22
462,Cruz Maldonado,R,22
466,Higinio Barrera,R,22
467,El Paraíso,R,22
468,Encarnación Bocanegra,R,22
469,El Avileño [Colonia],R,22
470,La Bellota,R,22
471,La Nueva,R,22
472,El Chapote,R,22
474,Francisco López,R,22
477,Pedro Suárez,R,22
478,El Yonke,R,22
480,Carmelo Pérez García,R,22
481,El Diamante,R,22
482,Casa Blanca,R,22
483,Las Aguas,R,22
484,Rigoberto Rodríguez,R,22
485,Los Abuelos,R,22
486,Retorno,R,22
487,Los Toros,R,22
490,Rancho Largo,R,22
491,Pablo Mora,R,22
492,Cuadra el General,R,22
493,Don Toño,R,22
494,Francisco Vega Fraire,R,22
498,Antonio Humberto Tovar Cortez,R,22
499,Sinaí Dos Mil,R,22
500,La Hormiga,R,22
502,Rancho 50,R,22
504,Antonio Rincón,R,22
505,Arnoldo Guardiola,R,22
506,Carlos Osuna Dávila,R,22
507,Federico Fernández Lombraña,R,22
508,Los Garza,R,22
509,Gerardo Fernández González,R,22
510,Hilario Mejía Palomo,R,22
511,Isidro Rangel,R,22
512,Juan Antonio Osuna,R,22
513,Mario Quintanilla,R,22
514,El Ocho,R,22
517,Alberto Ibarra,R,22
518,Antonio Fraga,R,22
519,Brianas,R,22
520,Ninguno [Casa de Ejercicios Espirituales],R,22
521,Cecilia García,R,22
522,Ninguno [Centro Ecuestre Deportivo],R,22
523,Crescenciano Alvarado,R,22
524,Ejido Nava,R,22
525,Fernando Rico Fraga,R,22
526,Gallera de la Garza,R,22
527,Rancho los Girasoles,R,22
528,El Avileño,R,22
529,Heriberto de la Garza Fernández,R,22
530,Humberto Contreras,R,22
531,Los Ibarra,R,22
532,El Arqui,R,22
533,Jesús Presentación Bermea,R,22
534,José Ángel Guardiola,R,22
535,José Antonio Díaz Varela,R,22
536,José de León,R,22
537,José Inés García (Los Laureles),R,22
538,José Luis Vázquez Reyes,R,22
540,Juan Varela Nieto,R,22
541,Luciano Vela,R,22
542,Ortiz Núñez (Silvestre Ortiz),R,22
543,Los Pereda,R,22
544,Persa Ventura,R,22
545,La Quinta Ilusión,R,22
546,Rafael Valvantin,R,22
547,Rancho las 3R (Rafael Ríos),R,22
548,El Travieso,R,22
549,Quinta Mis Amores,R,22
550,La Mansión (Juan del Toro),R,22
551,José Santana,R,22
552,Ninguno [Maderas Finas y Tarimas],R,22
553,La Luz,R,22
554,Santa Fé,R,22
555,Rodolfo Garza,R,22
556,Guadalupe Ibarra Montalvo,R,22
557,Luis Manuel Sánchez,R,22
558,Río Escondido [Ejido],R,22
559,Compañía Cervecera de Coahuila,R,22
560,Embotelladora de Piedras Negras,R,22
561,Micare [Mina ll],R,22
562,Micare [Mina lV],R,22
563,Evaristo Urista Alaniz,R,22
564,Arturo Ibarra Barrios,R,22
565,Rancho Escondido,R,22
566,El Rincón del Viejo,R,22
567,La Cana (Alberto de León),R,22
568,Ocotillo,R,22
569,Alejandro García,R,22
570,El Vaquero,R,22
571,Rodolfo Guillén,R,22
572,Don Chabelo,R,22
573,Los Encinos,R,22
574,Mota de Alejo (Gonzalo Fernández),R,22
575,Campamento Eme,R,22
576,San Agustín,R,22
577,Kilómetro 3 (San Ramón),R,22
578,Pedro García,R,22
579,Armando Ohauama,R,22
580,Los Laureles,R,22
581,Los Dos Cuñados,R,22
582,El Encino Dos,R,22
583,Carlos Osuna,R,22
584,La Paloma,R,22
585,Jesús Saucedo Martínez,R,22
586,Sergio de la Cruz Rodríguez,R,22
587,El Volcán,R,22
588,Los Corrales,R,22
589,Tres Palmas,R,22
590,Las Hamacas,R,22
591,Don Chon,R,22
592,La Divina [Agrícola],R,22
593,La Tijereta,R,22
594,Alegre [Granja],R,22
595,Los Encinos,R,22
596,La Amistad,R,22
597,Los Cominos,R,22
598,Las A,R,22
599,San Agustín,R,22
600,El Tambor,R,22
601,El Galván,R,22
602,Los Papalotes,R,22
603,El Papalote,R,22
