CVE_MUN,CVE_LOC,NOM_LOC,AMBITO
1,1,Abasolo,U
1,2,Las Adjuntas,R
1,3,El Huracán,R
1,4,El Indio,R
1,5,Pájaros Azules,R
1,6,Los Pozos,R
1,7,Los Rodríguez,R
1,8,San Antonio,R
1,9,El Arco (El Arco de Babiácora),R
1,11,Buena Suerte (Los García),R
1,12,San Ángel,R
1,14,La Unión,R
1,15,San Pablo,R
1,18,Los Arcos,R
1,19,Casa Blanca [Centro de Mejoramiento Genético],R
1,24,Vitali,R
1,25,El Paraíso,R
1,29,Oscar Jiménez Pérez,R
1,30,Lozano,R
1,31,El Orejas,R
1,33,Pájaros Azules (La Pancha),R
1,34,José Treviño Ibarra,R
1,35,Rubén Maldonado,R
1,36,Oscar García Valdez,R
1,37,Manuel Ibarra,R
1,39,La Tinaja,R
1,40,Hidilio de Hoyos,R
1,41,Los Ángeles (Osvaldo Mata),R
1,42,Los Vargas,R
1,43,Rogelio Medrano Rodríguez,R
1,44,El Rosario,R
1,45,Santa Elvira,R
1,46,Roberto Valdés,R
1,47,La Chimenea,R
1,49,Los Pozos Dos,R
1,50,Lupita,R
1,51,Los Fresnos,R
1,52,El Nogal,R
1,53,San Isidro,R
1,54,Antonio de Hoyos (Kilómetro 24) [Taller],R
1,55,Don Carlos,R
