CVE_LOC,NOM_LOC,AMBITO,CVE_MUN
1,Arteaga,U,4
4,El Alambre,R,4
5,Los Álamos,R,4
7,Artesillas,R,4
11,La Biznaga,R,4
12,Buena Vista,R,4
13,Buenavista de la Roja,R,4
14,Buenos Aires,R,4
17,Cañón del Buey,R,4
19,El Carmen (Las Vigas),R,4
20,El Carmen,R,4
23,La Casa de la Madera,R,4
25,El Cedrito,R,4
26,Ciénega de la Purísima,R,4
27,La Cieneguita,R,4
28,Paola (El Ciprés) [Granja],R,4
30,El Condado Uno,R,4
31,Las Copetonas,R,4
32,La Bety (La Querencia),R,4
33,La Coyotera (Cortijo la Coyotera),R,4
34,Las Cuatro Milpas,R,4
37,El Chaparral,R,4
38,Chapultepec (Chapul),R,4
41,El Derramadero,R,4
42,El Desmonte,R,4
43,El Diamante,R,4
44,El Dieciocho de Marzo (El Dieciocho),R,4
45,La Efigenia,R,4
46,Emiliano Zapata,R,4
47,Escobedo,R,4
51,Las Galeras,R,4
52,Guadalupe,R,4
53,Guadalupe (Ultimagua),R,4
54,Huachichil (El Huache),R,4
55,Jame,R,4
57,Viento de Paz Uno (La Leona),R,4
58,Libertad,R,4
61,Los Lirios,R,4
63,Los Llanos,R,4
64,Las Mangas,R,4
66,La Maroma,R,4
67,Martinillos Dos,R,4
68,Mesa de las Tablas,R,4
69,Villas Carbonera (El Milagro),R,4
70,El Milagro,R,4
71,Los Ranchitos (Cuatro Milpas),R,4
72,Las Norias (Norias de Buena Vista),R,4
73,Nuncio,R,4
74,Pango,R,4
75,Ojo de Agua,R,4
76,Las Palanganas,R,4
80,Las Placetas,R,4
81,Las Playas,R,4
82,El Poleo,R,4
85,El Porvenir,R,4
86,El Porvenir,R,4
87,Potrero de Ábrego,R,4
88,La Presa,R,4
89,Primer Llano (Tres Hermanos),R,4
92,La Purísima (Las Golondrinas),R,4
93,Los Quelites,R,4
95,Piedra Blanca (El Ranchito),R,4
96,Rancho Nuevo,R,4
97,La Esmeralda,R,4
98,Rancho Viejo,R,4
100,La Reforma,R,4
101,Refugio de la Roja (El Refugio),R,4
102,Los Ranchitos,R,4
103,La Rodada,R,4
104,La Rosita,R,4
105,San Andrés (Chupadero),R,4
107,San Antonio de las Alazanas,U,4
110,San Felipe,R,4
111,San Francisco,R,4
113,San Ignacio de Abajo,R,4
114,San Ignacio de Arriba,R,4
117,San Juan de los Dolores,R,4
118,San Juanito (San Juanito de los Valdez),R,4
119,San Lorenzo,R,4
120,San Pedro,R,4
121,San Rafael de la Roja,R,4
123,San Ramón,R,4
124,Santa Amalia,R,4
125,Santa Anita,R,4
127,Santa Rita,R,4
129,San Vicente,R,4
131,El Saucillo de Abajo,R,4
137,La Soledad,R,4
139,San Francisco del Taray (El Taray),R,4
140,El Taray (El Taray Uno),R,4
141,Los Tarihuanes,R,4
143,Tierras Prietas,R,4
144,La Tosca,R,4
145,El Tunal,R,4
146,Guadalupe Galindo,R,4
147,Veracruz,R,4
148,La Virgen,R,4
149,Zaragoza,R,4
150,Agua Blanca,R,4
151,El Aguajito de Adentro,R,4
152,El Aguajito de Afuera,R,4
155,Los Ángeles,R,4
158,El Arbolito,R,4
159,Los Aromos,R,4
160,Los Arbolitos,R,4
162,El Baratillo,R,4
164,El Alto del Encinado Jabalí (Las Galeras),R,4
165,El Capulín,R,4
166,El Capulín,R,4
168,Santa Anita,R,4
169,La Ciruela,R,4
170,Los Cedritos,R,4
171,Manuel Sánchez Sánchez (Punta de la Loma),R,4
172,El Cerrito,R,4
173,La Colorada (Ultimagua),R,4
174,El Coyote,R,4
175,El Cristal,R,4
176,La Cruz,R,4
177,Las Cuevas,R,4
178,Cuevecillas (Cuevecillas Dos),R,4
179,Las Cuestecitas,R,4
180,Las Cumbres,R,4
182,El Chagoyo,R,4
183,El Segurito,R,4
184,El Águila Real,R,4
188,La Floreña,R,4
189,El Cascajal,R,4
190,La Montaña (La Gloria),R,4
191,Santa Isabel [Granja],R,4
192,Los Laureles,R,4
195,Guadalupe,R,4
196,La Haciendita,R,4
198,El Hondable,R,4
199,La Herradura,R,4
200,El 3 V,R,4
202,Laguna Seca (Los Ranchitos),R,4
203,Lontananza,R,4
204,La Luz (Pinos Altos),R,4
206,Los Llanitos,R,4
207,Los Magueyes,R,4
208,Maravillas,R,4
209,Martinillos Uno,R,4
210,El Mezquite,R,4
211,El Mimbral,R,4
213,El Mirador,R,4
214,El Mogote,R,4
216,La Morita,R,4
217,Las Tres Marías (El Muerto),R,4
218,Las Norias,R,4
219,La Purísima,R,4
220,Jesús María (Ojo Negro),R,4
221,Ojo de Mula (Agua de Mula),R,4
222,El Olvido,R,4
223,Juan Salas Rodríguez,R,4
224,El Retoño,R,4
225,La Puerta de la Casita,R,4
226,La Presa,R,4
227,La Papelera,R,4
228,Palo de Agua,R,4
229,Concepción del Álamo (Punta de la Loma),R,4
230,Los Dos Javieres,R,4
231,El Pinar,R,4
232,La Ponderosa,R,4
233,El Pino de la Cruz,R,4
234,Puerto San Juan de Dolores,R,4
236,La Pinalosa,R,4
239,Pino Gacho,R,4
240,La Palma,R,4
241,El Puerto de la Cruz,R,4
242,Potrerillos,R,4
243,La Placeta (La Placeta de los Árboles),R,4
244,Los Pozos,R,4
246,El Pino,R,4
247,El Puerto,R,4
248,El Ranchito,R,4
250,El Recreo,R,4
252,El Rincón de los Pinos,R,4
253,El Roble,R,4
257,San Carlos,R,4
258,El Carmen (Ultimagua),R,4
264,San Francisco (La Cosa),R,4
266,Blanca Ramírez Recio (San Juan Bautista),R,4
267,San Marcos,R,4
268,La Bolenga,R,4
269,San Benito,R,4
270,San Rafael,R,4
271,Cinco Hermanos (San Vicente),R,4
272,Sierra Hermosa,R,4
273,El Borrego (La Galera),R,4
277,El Tule,R,4
278,El Temporal,R,4
279,Los Tomates,R,4
282,Los Timones,R,4
283,El Tizne,R,4
284,El Tábano,R,4
286,El Texano,R,4
288,La Yerbabuena,R,4
289,El Vergel (El Zorrillo),R,4
290,El Valle,R,4
291,El Álamo,R,4
295,San Isidro,R,4
296,El Pino,R,4
297,La Boquilla,R,4
299,San Isidro,R,4
301,La Escondida,R,4
302,San José,R,4
303,Rancho Nuevo (La Concordia),R,4
305,El Pedregal,R,4
308,Federico Elizondo,R,4
313,El Ranchito,R,4
316,La Almendrilla,R,4
317,El Alto de San Antonio,R,4
319,San Isidro de la Roja,R,4
320,Bosque de la Montaña,R,4
321,Campestre los Andes,R,4
322,Santa María de Teotepec,R,4
323,Don Benito,R,4
324,Casa Blanca,R,4
325,Cerro de en Medio,R,4
326,Cumbres del Chorro,R,4
327,Fidel Oyervides Casas,R,4
328,Los Halcones,R,4
329,Huerta el Carmen,R,4
330,Bosques de la Montaña (El Infiernillo),R,4
331,Vikingo 90,R,4
332,León Bravo 2,R,4
333,Los Llanitos,R,4
334,Los Llanos,R,4
335,Karibú,R,4
336,Martinillos Tres,R,4
337,El Milagro,R,4
338,Ojo de Agua,R,4
339,Arroyo Colorado (Ojo de Agua),R,4
340,Los Oyameles,R,4
341,Cuatro Palmas,R,4
342,Paredón,R,4
343,Pinos Altos,R,4
344,El Puerto,R,4
345,Pomarada de Tepeyac,R,4
346,Famaya (San Antonio),R,4
348,Puerto Maravillas,R,4
349,Santa María,R,4
350,Santa Margarita (Las Pulgas de Don Jesús),R,4
351,La Purísima,R,4
352,El Refugio,R,4
353,Santa Cruz,R,4
354,San Francisco,R,4
355,Los Letreros,R,4
356,Agustín Zorrilla (Tanque el Cercado),R,4
357,El Terrero,R,4
358,La Tracalada,R,4
360,El Bajío,R,4
362,La Cañada del Caballo,R,4
366,La Purísima,R,4
367,El Olmo,R,4
369,El Recreo,R,4
370,Labor de la Carrera,R,4
371,Rancho de la Huerta,R,4
372,La Almendrilla,R,4
373,La Viga [Fraccionamiento Campestre],R,4
374,Los Cedros,R,4
375,Las Brisas,R,4
377,Los Ángeles,R,4
378,El Pedregal,R,4
379,La Codicia (La Tosca),R,4
380,El Corral Falso,R,4
381,El Gavillero,R,4
382,Bosques de Monterreal,R,4
383,Los Alpes,R,4
384,El Capricho,R,4
385,Los Laureles,R,4
386,Los Cedros,R,4
387,Ojo de Agua,R,4
388,Altamira,R,4
391,El Triángulo (El Espejo),R,4
393,Santa María,R,4
394,Los Pinos (Arnulfo Gaona),R,4
395,Las Cabañas,R,4
396,Sierra de los Pocitos,R,4
397,San Francisco,R,4
398,Sal Si Puedes,R,4
399,Arroyo Grande,R,4
400,Los Pinares,R,4
401,La Casita,R,4
403,El Bayonero,R,4
404,Portal San Antonio,R,4
405,La Mesa del Cedrito,R,4
408,Santa Mónica,R,4
410,Manzanares,R,4
413,San Francisco,R,4
414,Cumbres del Tunal,R,4
415,Las Guitarrillas,R,4
417,El Retorno,R,4
420,Los Llanos,R,4
422,Pinares de Rancho Viejo,R,4
423,Bosques de Guadalupe (El Chilar),R,4
424,Ramón López (Punta de la Loma),R,4
425,El Milagro,R,4
427,El Taray Dos,R,4
428,Los Oyameles (Guarida del Oso),R,4
429,Zaragoza,R,4
432,Chula Vista,R,4
435,Agustín López Gámez (Loma el Perdido),R,4
436,El Corona,R,4
437,El Retiro,R,4
438,Tejano Ranch,R,4
439,El Alto del Encinal,R,4
441,San Felipe (Guadalupe Guzmán Esparza),R,4
442,Hacienda Santa María,R,4
443,Cedro Grande,R,4
444,La Guitarra,R,4
445,Galeras Blancas,R,4
447,El Carmen,R,4
448,Los Cañoncitos,R,4
449,El Molino (Samuel Flores Márquez),R,4
450,El Tesoro,R,4
451,Los Andes,R,4
452,El Kilate,R,4
455,El Oasis (Fraccionamiento Lomas del Palomar),R,4
456,Algún Día,R,4
457,Cayetano de la Cruz (El Baratío),R,4
459,La Paloma,R,4
462,Santa Eduviges,R,4
463,Huerta Heolymar,R,4
464,Ronses Valles,R,4
465,Cimarrón,R,4
466,La Laguna (Los Ranchitos Dos),R,4
467,Timoteo Cerecero Martínez,R,4
468,Arroyo el Buey (José Clemente Sánchez),R,4
471,La Escondida,R,4
473,Armando Valdez (Calabacillas),R,4
474,Ninguno [Asociación Ganadera],R,4
476,Santa María (Bartolo Ibarra Valdez),R,4
479,Calabacillas,R,4
480,Camino del Agua,R,4
482,San Ignacio,R,4
483,Fraccionamiento Zapalinamé,R,4
484,El Capricho,R,4
485,El Potrero (El Milagro),R,4
488,Quinta Tenis San José,R,4
489,El Condado Dos,R,4
492,Juan Manuel Vidales (Galeras del Palmar),R,4
493,El Gavilán,R,4
494,Lomas del Campestre,R,4
495,San Miguel (Julián Oyervides),R,4
497,Los Cactus,R,4
500,Santa Ana,R,4
503,El Pedregal (Jorge Berlanga),R,4
504,Arturo Coronado (Galeras del Palmar),R,4
505,La Huerta (Ricardo Álvarez),R,4
506,SNTIMSS (Loma Alta),R,4
510,El Alazán (Rodolfo Ramos Villa),R,4
511,Roberto Tamez Gutiérrez,R,4
512,Quinta las Palmas (Ramiro Aguirre),R,4
513,Fraccionamiento las Casas,R,4
514,José Arzola Camarillo,R,4
518,Pedregal de las Lomas,R,4
519,La Noria,R,4
520,Oscar Rodríguez Téllez,R,4
521,La Palma,R,4
526,Loma Alta [Planta Potabilizadora],R,4
529,Los Pioneros,R,4
530,El Pitahayo (Jesús Berlanga),R,4
531,El Potrero,R,4
532,La Rosita,R,4
533,Los Ramos,R,4
535,Reynaldo Villarreal,R,4
536,Santa Mónica (Roberto Dávila),R,4
537,Santa Isabel,R,4
538,Santa Isabel,R,4
546,Dionisio Sánchez,R,4
547,Don Pedro,R,4
548,Homero Campo Redondo (San Pancho),R,4
549,El Divisadero,R,4
550,La Puerta,R,4
551,Jacinto Cardona (El Quelite),R,4
552,El Diamante (Merced Sánchez Nuncio),R,4
553,Gabriel Aguirre,R,4
555,Raymundo Flores (El Cerrito),R,4
556,La Cruz (Pedro Flores),R,4
557,El Puerto,R,4
558,La Quinta Esencia (San Rafael),R,4
559,Leonardo Guerrero Dávila (Maravillas),R,4
560,Eva Hortencia Dávila Paredes,R,4
561,Ramón Udave (Las Vigas),R,4
562,Loma Redonda,R,4
563,El Sueño,R,4
564,Cruz Flores,R,4
565,Nicolás Gaona,R,4
566,Agustín Valdez (Piedra Blanca),R,4
567,Saturnino Saucedo (Puerto el Tarillal),R,4
569,Carlos Zamarripa,R,4
570,La Terraza,R,4
571,Santa Rosa,R,4
573,La Polanca (El Barranco),R,4
574,Tiburcio Sánchez,R,4
575,Luis Cárdenas,R,4
576,Fortunato Martínez,R,4
577,Noria de San Isidro,R,4
578,Alberto Valdez Valdez (Cuevecillas),R,4
579,Daniel García Nájera,R,4
580,Cuevecillas (Ricardo Salazar),R,4
581,Gabriela Sánchez (El Arenal),R,4
582,Ricardo Valdés,R,4
583,Un Solo Camino (Reyes Sánchez Vidales),R,4
584,Rincón de la Roja (Manuel Valdés),R,4
585,José Isabel Amador (El Rebaje),R,4
586,José Olvera,R,4
587,Oscar Valdez,R,4
588,El Rosario,R,4
590,Cinco Hermanos (El Tunal),R,4
593,Loma del Muerto (San Juan de los Dolores),R,4
595,San Pedro,R,4
596,Antonio Blanca,R,4
597,Ramón Valdés,R,4
598,Ismael Santana,R,4
601,Don Oscar,R,4
602,Elvira Saucedo Valdez (La Bota),R,4
603,Armando del Bosque (La Panda),R,4
604,Ramón García Guzmán (El Tunal),R,4
605,Flavio Valdés (El Pino),R,4
608,Benjamín González,R,4
609,Alejandro Valdés Cepeda,R,4
611,El Rincón de Santa Rosa,R,4
612,David Martínez Galindo (Santa Rosa),R,4
614,Arnoldo Sánchez,R,4
615,La Paz,R,4
616,El Llano,R,4
617,El Seis,R,4
618,La Leona (La Joya),R,4
619,Donato Cárdenas,R,4
620,Monte Alegre,R,4
621,Las Cumbres,R,4
622,San Rafael de los Montalvo,R,4
623,La Minita,R,4
624,Rafael Guerra,R,4
625,Agustín del Valle (San Andrés),R,4
626,El Ciruelo,R,4
627,Huerta Matilde,R,4
628,Otilio de la Peña,R,4
629,Los Fuereños (Fidel Oyervides Casas),R,4
630,Evelia de la Peña,R,4
631,La Ponderosa (Lauro de la Peña),R,4
632,Leticia de la Peña,R,4
633,Emilia de la Peña,R,4
634,Praxedis Sánchez de la Peña,R,4
635,Corralitos,R,4
636,Ignacio Gutiérrez,R,4
637,El Sauz,R,4
639,Los Encinos,R,4
640,Juan Oyervides Nuncio (El Arbolito),R,4
641,Sixto González (El Mimbral),R,4
642,El Tirol,R,4
643,El Carmen,R,4
645,El Refugio,R,4
646,Lorenzo Molina,R,4
647,La Flecha,R,4
648,Los Hernández,R,4
649,La Mora,R,4
650,El Mirador,R,4
651,Altamira,R,4
652,Las Calandrias,R,4
653,Los Colunga,R,4
654,Guadalupe,R,4
655,Monte Fresco,R,4
656,El Toro,R,4
657,Roberto Ramírez,R,4
658,Puerto Rico,R,4
659,San Francisco (Salvador Zambrano),R,4
660,Reynaldo Sánchez,R,4
661,El Cedrito (El Ancla),R,4
662,El Cedrito,R,4
663,Las Maravillas,R,4
664,Bosques del Huachichil,R,4
665,La Galera,R,4
666,Santa Rosa,R,4
667,Wapakoneta,R,4
668,El Capulín,R,4
673,El Alto de la Noria,R,4
675,Javier Ruiz Ortiz,R,4
676,Nicolás Alday,R,4
679,La Majada (Domingo Velázquez),R,4
680,San Gabriel,R,4
681,Los Pirules,R,4
682,Moisés Sánchez,R,4
683,Los Compadres,R,4
684,La Joya,R,4
685,María de Lourdes,R,4
686,El Pedregal,R,4
687,Herminio González,R,4
688,Jesús Elizondo,R,4
689,Octavio Berlanga,R,4
690,Los Fuentes,R,4
691,El Sombrerete,R,4
692,San Arturo (Roberto Huereca),R,4
693,Ignacio Berlanga (El Alto),R,4
694,Joaquín Charles Nieves (El Alto),R,4
695,Armando Durán (El Lucero),R,4
696,María Álvarez (La Efigenia),R,4
697,Sergio Garza (La Escondida),R,4
698,El Pinalito (Cañón los Amargos),R,4
699,Silvano Padilla (El Mirador),R,4
700,Antonio García (La Alameda),R,4
701,Isidro Pérez Arreola (Las Norias),R,4
702,La Siberia,R,4
704,Domingo Flores Espinoza (El Cañón la Peñita),R,4
705,El Altamar,R,4
706,Los Placeres,R,4
707,El Saucillo,R,4
708,Pinares de la Montaña (Las Rosas),R,4
709,Campestre el Diamante,R,4
710,Vista Hermosa,R,4
711,Armín Valdés,R,4
713,El Pilar (La Frontera),R,4
714,Abel Sambrano de la Peña,R,4
715,Tanque los Reyes,R,4
716,Juan Blanco (Ojo de Agua),R,4
717,El Carrizal,R,4
718,El Galeme (Carlos Díaz),R,4
720,Valle del Carmen,R,4
721,La Flor,R,4
722,El Edén,R,4
723,La Taiga,R,4
724,Egdide Akar,R,4
725,Dos Arbolitos,R,4
726,Las Siete Erres y una O,R,4
727,Rincón de Ayancual,R,4
728,Huerta Erika,R,4
729,La Providencia,R,4
730,Los Alpes,R,4
731,Las Ánimas,R,4
732,La Nopalera,R,4
733,Mesa del Naranjo,R,4
734,Lampazos,R,4
736,El Capulín,R,4
737,El Capulín,R,4
738,La Caprichosa,R,4
740,Jesús Rivera Pérez (El Poleo),R,4
741,Juan Varela Pinales,R,4
742,Enrique Valdez,R,4
743,Camilo Gaona Torres,R,4
744,Los Galindo,R,4
745,Las Coloradas (Javier Martínez),R,4
746,Los Pinos,R,4
747,Las Bayas (Juan Contreras),R,4
748,Alfredo Gutiérrez,R,4
749,Loma Alta,R,4
750,Ignacio Martínez (La Cueva),R,4
751,Flores Valdez,R,4
752,Saltillo [Cromo Industrial],R,4
753,Ninguno [Centro Inspectorial Recreativo],R,4
754,Los Valdez,R,4
755,Seminario Diocesano de Saltillo,R,4
758,Der Bunker (El Tráiler),R,4
765,El Ranchito (Herminio Llamas García),R,4
766,María del Carmen Torres Espinoza,R,4
767,Ninguno [Restaurante Familiar],R,4
774,Kilómetro Trece,R,4
775,San Jerónimo,R,4
776,Luis Jaime Tamayo [Fabricaciones Metálicas],R,4
777,El Escorpión,R,4
778,El Suspiro,R,4
780,San Marcos,R,4
781,María de Jesús Lara Medrano,R,4
783,Aurora Montalvo Saucedo,R,4
784,Pedro García Cortez,R,4
785,El Muerto,R,4
786,Los Cedros,R,4
787,El Paraíso de Coahuila (Chupadero de Abajo),R,4
788,El Santuario (Ramón González),R,4
789,Los Reyes (Gabriel Carreón Guerrero),R,4
791,Campestre la Herradura,R,4
793,Rancho Jireth,R,4
794,Nuestra Señora de Fátima,R,4
795,Valle Alto,R,4
796,Arroyo Seco,R,4
797,Cañada Prieta,R,4
798,La Concepción,R,4
799,Flores [Concreto Asfálticos],R,4
800,Cumbres de Zapalinamé,R,4
801,Hacienda la Purísima,R,4
802,El Mirador,R,4
803,Los Pérez,R,4
804,Portal de la Sierra,R,4
805,Quinta el Carmen,R,4
806,El Sendero,R,4
807,Los Tres Nogales,R,4
808,Valdés,R,4
809,La Ilusión,R,4
811,El Mirador,R,4
812,María Esther [Granja],R,4
813,El Paraíso,R,4
814,Puerto Carbonera,R,4
815,El Gato,R,4
816,Kaelum,R,4
817,La Montaña,R,4
818,El Taray,R,4
819,Rocosa,R,4
820,La Mesa,R,4
821,La Polanca,R,4
822,Las Golondrinas,R,4
823,San José del Vergel,R,4
824,La Presita (La Pompeya),R,4
825,La Verdolaga,R,4
827,La Guardarraya (La Graciela),R,4
828,La Mesa del Nopal,R,4
830,Los Laureles (Gonzaleño),R,4
831,Los Puertecitos,R,4
832,Casa Victoria,R,4
833,Baldomero Jalomo González (Los Lirios),R,4
834,El Andín,R,4
835,Los Tres Potrillos,R,4
836,El Arenal (Severiano Amador Capetillo),R,4
837,La Cabaña (Francisco Curiel Rojas),R,4
838,El Ranchito,R,4
839,El Rincón de Artesillas,R,4
840,Ignacio Alemán Sánchez,R,4
841,Buena Vista,R,4
842,Campestre Puerto Alto,R,4
843,El Frisón,R,4
844,El Renacer de la Sierra (El Morro),R,4
845,La Moneda (La Monera),R,4
846,David Gaona Arreaga,R,4
847,Elías Lumbreras Flores,R,4
848,Fernando Gaona Arriaga,R,4
849,Ernesto Galavis,R,4
850,Francisco Alemán Peña,R,4
851,Martín Alemán Peña,R,4
852,Homero García Sauceda,R,4
853,Tres Hermanas (Sergio Martínez Dávila),R,4
854,El Mollete,R,4
855,Las Playas (El Guadalupe),R,4
856,Valle Adoración,R,4
857,Cinco Elementos,R,4
858,Los Cactus Corral,R,4
859,Privanzas del Campestre,R,4
863,La Soledad,R,4
864,La Cosa,R,4
865,La Nogalera,R,4
866,El Mirador,R,4
868,El Picadillo,R,4
869,Los Loros,R,4
870,Los Ángeles,R,4
871,El 18 de Marzo,R,4
872,Los Llanos,R,4
873,El Chaparral,R,4
874,La Roja (Candelario García Sosa),R,4
875,Alfonso Núñez,R,4
876,La Quinta,R,4
877,Real de Santa Fe,R,4
878,Rincón el Milagro,R,4
879,Pelillos,R,4
880,Las Vegas,R,4
881,Félix Cedillo,R,4
882,Mesón de San Francisco (Cristina Ibarra Valdez),R,4
883,Virgilio Sauceda,R,4
884,Marco Antonio Sánchez de la Peña,R,4
885,Quinta la Mora (Jaime Barrón),R,4
886,El Barreal (Francisco Uresti),R,4
887,Quinta Emily (Magda Elia Paz Luna),R,4
888,Los Oyso,R,4
889,Los Magueyes,R,4
890,Mariano Tovar Rubio,R,4
891,Martín Aldaco,R,4
892,La Soledad (Larisa Morales García),R,4
893,Calabacillas,R,4
894,Salvador,R,4
895,Quinta las Flores,R,4
896,La Fortuna,R,4
897,Cabaña de Madera,R,4
898,El Recreo,R,4
899,Las Garzas,R,4
900,La Herencia,R,4
901,El Portal,R,4
902,El Paraíso,R,4
903,La Iguana,R,4
904,El Siete,R,4
905,La Palma,R,4
906,Casa Emaus,R,4
907,La Tolva,R,4
908,Mi Padre y Yo,R,4
909,Los Reyes,R,4
910,Los Halcones,R,4
912,Calabacillas,R,4
913,Parque los Chorros (Melitón Ramos Elizondo),R,4
914,El Aire (Aarón Cepeda Balderas),R,4
915,Los Sotoles (José Guadalupe de León Perales),R,4
916,J. Guadalupe de León Perales,R,4
917,Joaquín Siller,R,4
918,Montorio,R,4
920,Industrial Park Server,R,4
921,El Abandono,R,4
922,El Paraíso,R,4
923,Las Flores,R,4
924,Valles de San Antonio,R,4
925,La Galera,R,4
926,Al Pie de la Sierra,R,4
927,La Fuente,R,4
928,El Sueño,R,4
929,Las Mangas,R,4
933,José Gómez,R,4
934,Sonora [Servicio Logístico],R,4
935,Inca  Concretos,R,4
936,Rame [Autotransporte],R,4
937,Yin Yan [Transportes],R,4
938,Dasa [Autotransportes],R,4
939,Colorado [Transportes],R,4
940,Alto Bonito,R,4
941,El Gavillero (Juan Pérez),R,4
942,Jesús Banda (Piedra Blanca),R,4
943,Francisco Marín,R,4
944,Los Cuatro Gallos,R,4
945,María del Refugio Gaona Cisneros,R,4
946,Victor Manuel Pérez,R,4
947,Jesús Cisneros Marín,R,4
948,El Alto (Jesús Guerrero),R,4
949,Tomás de la Rosa,R,4
950,Alondra,R,4
951,Los Hernández,R,4
952,El Chabacano,R,4
953,Kilómetro 23.5,R,4
954,El Violín,R,4
955,Humberto Torres,R,4
956,El Chaparral,R,4
957,Las Huertas,R,4
958,Rogelio Torres,R,4
959,Juan Carlos Solís,R,4
960,Jesús Berlanga,R,4
961,Fermín Torres,R,4
962,Mirasierra,R,4
963,Los Martínez,R,4
964,Carmelo Orzúa Gaona,R,4
965,El Ranchito,R,4
966,San José,R,4
967,Sierra Escondida,R,4
968,Cuba,R,4
969,La Rocosa,R,4
970,El Cristal (Manuel Sánchez Valdez),R,4
971,Francisco Aguilar Garza,R,4
972,Neguev,R,4
973,Paraíso Magisterial,R,4
974,Los Reyes,R,4
975,El Capricho,R,4
976,Las Palapas del Porvenir,R,4
977,Los Olivos,R,4
978,El Cedrito (Isidro López),R,4
979,David Villarreal,R,4
980,El Quemadito,R,4
981,Mario Orzua Salazar,R,4
982,Dionisio Sánchez Villaseñor,R,4
983,Juan Carlos Solís Martínez,R,4
984,María Isabel Garza,R,4
985,Vicente Parra,R,4
986,Fabián Ramos Cabrera,R,4
987,Luis Alberto del Ángel Montes,R,4
988,Monte Sinaí,R,4
989,El Madroño,R,4
990,La Bendición,R,4
991,Santa Mónica,R,4
992,Los Girasoles,R,4
993,El Cedrito,R,4
994,Ramón Flores,R,4
995,Kilómetro 4.2,R,4
996,El Rosal,R,4
997,El Cedral,R,4
998,León Bravo 1,R,4
999,Chulavista,R,4
1000,Teresa,R,4
1001,Juan Vázquez,R,4
1002,La Joya,R,4
1003,Luz Espinoza Esparza,R,4
1004,El Puertecito,R,4
1005,Los Leones,R,4
1006,El Calichal [Fraccionamiento Campestre],R,4
1007,Monte Sinaí [Fraccionamiento Campestre],R,4
1008,Los Pinos,R,4
1009,Jacinto Ayala Guzmán,R,4
1010,La Ilusión,R,4
1011,El Alto de San Juan,R,4
1012,Mundo Verde,R,4
1013,Los Montalvo,R,4
1014,Las Alejandras,R,4
1015,El Fénix,R,4
1016,Rancho Nuevo [Fraccionamiento Campestre],R,4
1017,El Llano,R,4
1018,Vereda Blanca,R,4
1019,Lomas del Paisano,R,4
1020,El Pinar del Diamante,R,4
1021,Las Cuatas,R,4
1022,El Calichal,R,4
1023,Universidad Universo,R,4
1024,Cuevecillas,R,4
1025,Arturo Aguilar,R,4
1026,Celso Oyervides,R,4
1027,Las Tres Aguas,R,4
1028,Los Nogales [Quinta],R,4
1029,San Pedro [Centro Ecuestre],R,4
1030,El Huizachal,R,4
1031,Martha Elva Márquez Montalvo,R,4
1032,El Rosillo,R,4
1033,Terranera,R,4
1034,El Rincón de los Castores,R,4
1035,Doctor Bustamante,R,4
1036,María del Socorro Moreno García,R,4
1037,El Saucillo de Abajo (Gilberto Rodríguez),R,4
