CVE_LOC,NOM_LOC,AMBITO,CVE_MUN
1,Guerrero,U,12
2,El Amole,R,12
4,El Azulejo 2,R,12
5,El Barranco Blanco,R,12
6,La Burra (La Trinidad),R,12
7,La Candelaria (El Armadillo),R,12
8,El Caracol,R,12
10,La Concordia (Cerrito Prieto),R,12
15,Hacienda San Patricio,R,12
16,La Estancia,R,12
17,Galván,R,12
18,El Gato,R,12
19,La Concepción,R,12
20,Hacienda de Guadalupe,R,12
21,Guadalupe,R,12
25,Oro Blanco,R,12
26,El Papalote,R,12
27,La Reforma,R,12
28,Congregación Rodríguez,R,12
29,San Agustín,R,12
31,San José,R,12
32,San Luis,R,12
33,Los Ajos (San Lucas Uno),R,12
34,Santa Lucía,R,12
35,Santa Mónica,R,12
37,San Vicente,R,12
41,El Tejas de Abajo (El Tejas Uno),R,12
43,El Amole,R,12
44,El Alamillo,R,12
47,Agua Nueva,R,12
48,Los Ajos,R,12
50,Buenavista,R,12
51,Bracitos,R,12
53,El Centeno,R,12
54,La Colmena,R,12
56,Charco Azul,R,12
57,El Chamizal (El Encinal),R,12
59,Don Felipe,R,12
60,El Cono (Ramón Fernández),R,12
63,El Jardín (Tres Encinos),R,12
64,La Luz,R,12
65,La Mota,R,12
67,El Mesteño,R,12
72,Pelones,R,12
73,La Rodaja,R,12
74,El Refugio,R,12
75,El Salitrillo,R,12
76,San Diego,R,12
77,La Salada,R,12
78,Las Tórtolas,R,12
79,Zacatosa,R,12
80,Buenavista,R,12
81,Santa Elena,R,12
82,El Ojo de Agua,R,12
84,El Macho,R,12
85,San Isidro,R,12
89,El Bayo,R,12
93,La Cortina,R,12
94,Los Cuates Dos,R,12
95,San Blas (El Duende),R,12
97,Loma Pinta,R,12
98,La Misión,R,12
100,La Pita,R,12
101,La Reforma,R,12
102,Río Grande,R,12
103,San Pablo (El Rosario),R,12
105,Oro Verde,R,12
106,Zaragoza (Alex Flores Rodríguez) [Granja Avícola],R,12
108,San Miguel (Raúl González),R,12
109,Jesús Pérez Hernández,R,12
112,El Cerrito,R,12
113,San Lucas Dos (Los Palmares),R,12
115,Los Palmares,R,12
117,Las Moras (Almagre),R,12
119,San Juan,R,12
125,Don Jesús,R,12
127,Arroyo Seco,R,12
129,Los Pinos,R,12
130,El Ombligo,R,12
131,El Laurel,R,12
135,La Encalmada,R,12
136,La Casita,R,12
137,Canoas,R,12
138,El Verde,R,12
139,Los Nueve A,R,12
145,La Manzana,R,12
148,Los Pavos (Enrique Campos),R,12
149,Guadalupe,R,12
150,San Luis (Santa Hermila),R,12
151,La Chiripa,R,12
152,El Socio B,R,12
153,El Colorín,R,12
154,Las Palapas,R,12
157,Los Juanes,R,12
159,Los Laureles,R,12
160,Martínez (San Rutilio),R,12
161,Kilitla,R,12
162,El Saucito,R,12
168,Ramón Diego,R,12
171,San Ricardo,R,12
172,Las Víboras (Longoria),R,12
173,El Novillo,R,12
174,Santa Rosa,R,12
175,El Águila,R,12
176,La Manzana,R,12
177,Sanguijuela,R,12
178,La Zorra,R,12
179,María Magdalena del Toro (Eben Ezer),R,12
180,Jesús Navarro Villegas,R,12
181,La Concordia (Loma Verde),R,12
182,El Huajillo,R,12
183,El Encinal,R,12
184,Álvaro Sotelo,R,12
185,El Nogalito,R,12
187,Los Pinos,R,12
188,San Diego,R,12
189,Baldomero Rodríguez,R,12
190,Cabeceras,R,12
191,Tejas Dos,R,12
192,La Calabaza,R,12
193,Bracitos,R,12
194,Santa Rita,R,12
195,La Presa,R,12
197,San Isidro,R,12
198,Tamaris,R,12
199,Los Gavilanes,R,12
200,Mario Torres,R,12
201,Cinco Hermanos,R,12
202,Los Huercos,R,12
203,Arturo Rodríguez Pope,R,12
204,Los Pinos (Arturo Rodríguez Pope),R,12
205,Las Palmas,R,12
206,Rancho los Hermanos,R,12
207,La Joya,R,12
209,El Capricho,R,12
210,El Cascabel,R,12
211,El Dado,R,12
212,Alberto Juantos,R,12
213,Arturo Soto Campa,R,12
214,El Paso,R,12
216,Tres Hermanos,R,12
217,San Francisco (Palos Nietos),R,12
218,Alejandrina,R,12
219,Las Sauces,R,12
220,El Potrillo (Barranquitos),R,12
221,El Dorado (David Rincón),R,12
222,El Careto,R,12
223,Santo Niño,R,12
224,Dos R,R,12
225,San José (El Chupadero),R,12
226,La Parrita,R,12
227,El Bonito (La Vuelta),R,12
228,Armando Losoya,R,12
229,Homero García Montoya,R,12
230,La Gloria,R,12
232,"Piedras Negras [Club de Caza, Tiro y Pesca]",R,12
233,El Coyote,R,12
234,Las Cuevas,R,12
235,El Guajillal,R,12
236,El Muerto,R,12
237,El Cebrado,R,12
238,El Dorado,R,12
239,La Pileta,R,12
240,Ermín Martínez,R,12
241,Los Griegos,R,12
242,Las Margaritas,R,12
243,Las Pilas,R,12
246,El Saladito,R,12
247,San José (Oscar Jiménez López),R,12
248,Las 3 V,R,12
249,Santa Emilia,R,12
250,Las Sapitas,R,12
251,Roberto Bustos Portillo,R,12
252,Quinta Aurora,R,12
253,Antonio González,R,12
254,Pedro Sánchez Ranch,R,12
255,Pedro Sánchez,R,12
256,El Recuerdo,R,12
257,El Divisadero,R,12
258,La Gloria,R,12
259,Cabeza de Toro,R,12
261,San Pedro el Siete,R,12
262,Profesor Daniel Pérez S. [Centro Recreativo Regional Sección 5],R,12
263,Las Margaritas,R,12
264,San Rafael,R,12
265,Osvaldo Sánchez (Ven a Mi),R,12
266,Los Alacranes,R,12
267,El Armadillo Dos,R,12
268,Las Yeguas,R,12
269,Palo Blanco,R,12
270,Marcos Tijerina,R,12
271,El Pitayo,R,12
272,La Quinta de los Santos,R,12
274,Dos Hermanos,R,12
275,La Quincena,R,12
276,La Dueña,R,12
277,Baldomero Rodríguez,R,12
278,La Rata,R,12
279,El Puerto,R,12
280,El Águila,R,12
281,Águila Azteca,R,12
282,La Parreña,R,12
283,Jesús Luna,R,12
284,Camino Real,R,12
285,Jaime Tovar,R,12
286,Sueño del Viejo,R,12
287,Arturo Godoy,R,12
288,Los Picos,R,12
289,José Morales,R,12
290,La Maceta,R,12
291,Marcos Tijerina,R,12
