CVE_MUN,CVE_LOC,NOM_LOC,AMBITO
2,1,Ciudad Acuña,U
2,2,Agua Verde,R
2,4,Los Ángeles,R
2,5,Balcones,R
2,6,Buena Vista,R
2,7,El Bonito (El Cañón Bonito),R
2,10,El Cedrito,R
2,11,El Cedroso,R
2,12,El Cíbolo,R
2,13,Mariano Escobedo,R
2,15,Braulio Fernández Aguirre (El Paso),R
2,16,El Cuatralbo,R
2,17,Cuatro Palmas,R
2,19,José Chávez Ortiz (Las Cuevas),R
2,20,Las Cuevas,R
2,22,Chupadero del Caballo,R
2,23,La Esmeralda,R
2,25,La Herradura,R
2,27,El Venadito,R
2,29,La Linda,R
2,32,Mal Abrigo (Antonio Castillo),R
2,33,El Nopal,R
2,35,Rancho Nuevo,R
2,37,Valle de la Palma (Las Palmas),R
2,39,Pico Etéreo,R
2,42,El Pilar,R
2,46,El Salado,R
2,47,San Fernando,R
2,48,San Ignacio,R
2,49,San Juan del Río,R
2,52,Santa Ana,R
2,53,Santa Rosa,R
2,55,Santo Toribio,R
2,58,Venustiano Carranza,R
2,59,Dolores Valencia,R
2,61,José María Morelos,R
2,62,San Esteban,R
2,63,San Esteban de Egipto (El Barcino),R
2,64,Alfredo V. Bonfil,R
2,67,El Rey,R
2,71,El Coyote,R
2,72,El Moro (Paso del Moro),R
2,73,La Reforma,R
2,75,San José (El Cíbolo),R
2,76,Los Buras (Llano de los Buras),R
2,78,La Peña,R
2,79,Ojo de Agua (San Gregorio),R
2,80,El Veinte (La Lupe),R
2,81,Melchor Múzquiz (Las Vegas de Steelwell),R
2,82,San Lorenzo,R
2,86,Los Albertos (Los Cuates),R
2,89,La Huérfana,R
2,90,El Pira,R
2,92,La Esperanza,R
2,93,Rancho Seco,R
2,94,El Olmo,R
2,95,Santa Elena,R
2,96,Santa María,R
2,98,Buenavista,R
2,107,El Consuelo,R
2,108,La Chulita,R
2,112,La Pileta,R
2,119,La Borrada,R
2,120,San Judas Tadeo (La Treinta y Uno),R
2,121,El Palmar,R
2,122,Agua Chile [Mina],R
2,124,El Alambre,R
2,125,Altamira,R
2,134,El Buey,R
2,135,El Caballo,R
2,138,Calles,R
2,139,Ninguno [Estación de Salvamento],R
2,143,Casa Blanca (Cerro el Salado),R
2,145,Acalachi,R
2,148,La Chuparrosa,R
2,149,El Cinco,R
2,151,Conchos,R
2,156,Cenobio Uribe Zapata (Las Cuevas),R
2,160,Ramiro Guzmán,R
2,161,La Mona,R
2,162,La Fortuna,R
2,165,Las Glorias,R
2,166,Alfonso González (Los González),R
2,167,La Herradura,R
2,169,José Salinas Sánchez,R
2,171,Los Indios,R
2,176,Las Norias,R
2,177,Mesas Coloradas,R
2,178,El Mirador,R
2,183,Noria el Cíbolo (El Cíbolito),R
2,184,La Noria del Palmar,R
2,187,La Panela,R
2,188,El Paraíso,R
2,191,La Peña,R
2,192,Piedra Azul,R
2,193,Piedra Blanca,R
2,195,La Pirámide Vieja,R
2,196,La Pistola,R
2,198,El Puesto Hípico (El Potrero),R
2,203,El Oso (La Rosita),R
2,207,Santa Catalina,R
2,210,San Gustavo,R
2,213,El Faisán,R
2,215,La Comisaría (San Rosendo),R
2,218,La Cruz,R
2,219,Santa Margarita,R
2,220,Santa María,R
2,226,El Solito,R
2,228,La Tinaja,R
2,229,Los Papalotes,R
2,234,La Venada,R
2,238,Viento Negro,R
2,239,La Virgen,R
2,249,Juana Hernández Lozano (La Palapa),R
2,258,Los Corrales,R
2,259,Los Laureles,R
2,265,Doctor Narváez (La Pila),R
2,266,Manuel González (El Trébol),R
2,267,El Mosco (George Hargrove),R
2,268,La Palma (La Noria),R
2,270,La Salada,R
2,271,San Agustín,R
2,275,Francisco Villa,R
2,279,Reinol Torralba Múzquiz,R
2,281,Playa Tláloc,R
2,284,Francisco Silva Hernández,R
2,286,José Eduardo Ramón Valdez,R
2,290,Oscar Jiménez,R
2,292,Juan Luis Sánchez (La Vega),R
2,295,Enrique Bernal Ortiz,R
2,298,Salvador Rodríguez Garza (Los Novillos),R
2,299,Evaristo Lenin Pérez Rivera,R
2,301,Francisco Pérez Escalante,R
2,304,Baltazar Ramírez Linares,R
2,305,El Capricho,R
2,306,El Castillo,R
2,307,Domingo Sandate López,R
2,308,La Presita,R
2,309,Rancho de Contreras,R
2,310,Gaspar Balderas Faz,R
2,311,Campamento Getsemaní,R
2,312,Martina Delgado Flores,R
2,313,José Muñoz,R
2,314,Juan Manuel Rodríguez,R
2,315,El Campanario (Samuel Flores) [Lienzo Charro],R
2,316,Manuel Zapata Espinoza,R
2,317,Villa Real (Marcos Villarreal),R
2,318,María Élida Parga de Rodríguez,R
2,319,Los Jaramillo,R
2,320,Patricia Guerrero (El Castillo),R
2,322,Los Ponce,R
2,324,Rafael Contreras Lira,R
2,325,San Isidro,R
2,326,El Castillo (Vicente Godina Balderas),R
2,327,Pedro Zapata Rangel (La Esmeralda),R
2,328,Eleodoro García Maldonado,R
2,329,Pablo Paz Gómez,R
2,330,Evangelina Lino,R
2,331,Felícitas Colunga,R
2,332,La Escondida,R
2,333,Ninguno [Sociedad Cooperativa de Pescadores],R
2,334,Beck [Aceros],R
2,335,Miguel Muñiz,R
2,336,Raúl López (Lote Ciento Doce B),R
2,338,Maravillas,R
2,339,Eva Ramírez de Flores,R
2,340,Reynaldo Villavicencio (La Chuparrosa),R
2,341,La Palapa,R
2,342,El Coyote,R
2,344,Las Cuevas,R
2,345,Samuel Lee,R
2,346,Palito Verde,R
2,347,La Mula,R
2,349,La Copa,R
2,350,El Ocho,R
2,353,La Aviación,R
2,354,Loma Blanca,R
2,355,El Cíbolo,R
2,356,El Hangar (La Chulita),R
2,357,El Uno (La Chulita),R
2,358,El Burro,R
2,359,Las Vacas,R
2,360,Las Margaritas,R
2,361,Feliciano Hernández Esqueda,R
2,362,Sunem (Los Hermanos),R
2,363,José Luis Hernández,R
2,364,Melitón Sánchez Torres,R
2,365,Jaime Sánchez Torres,R
2,366,Javier Cárdenas,R
2,368,La Margarita,R
2,370,La Sierra (Los Vaqueros),R
2,373,Jesús Moreno Galicia (Las Cuevas),R
2,375,Los Fernández [Granja],R
2,376,La Nogalera,R
2,377,Omar Pimentel Rodríguez,R
2,378,Juan Francisco Ramírez Garza,R
2,379,Agua Chile (Doctora Olga),R
2,380,Pico de Altamira,R
2,381,Sion (Antonio Maeda),R
2,382,Santa María (Justo Pérez),R
2,383,María del Rosario Flores Aguirre,R
2,384,Alejandra 138-A (Carlos Flores López),R
2,385,Abelardo Pérez Colunga,R
2,386,Oscar Rodríguez,R
2,388,Señor Robles,R
2,389,El Venado,R
2,390,San Antonio (Campo San Antonio),R
2,392,Guadalupe Mendoza Rodríguez,R
2,393,Juan Mendoza Rodríguez (Las Cuatas),R
2,394,Eliseo Chaires Rodríguez (La Esmeralda),R
2,395,Teodoro Rodríguez,R
2,396,El Pilar (José Flores García),R
2,397,San José,R
2,402,La Casa de la Película,R
2,403,Esperanza [Casa Hogar],R
2,405,El Teniente,R
2,407,Alberto Peña (Lote Ciento Doce A),R
2,408,Alfinio Flores,R
2,409,La Nogalera,R
2,410,Antonio Hernández Sandoval,R
2,411,La Candelaria,R
2,412,Carlos González Lozano,R
2,413,Celestino Correa Galindo,R
2,414,Los Corona,R
2,415,Patricia Rodríguez Cantú,R
2,416,Doctor Efrén Navarro (El Castillo),R
2,417,Eduardo Ortiz García,R
2,418,Nabor Encinas Macías,R
2,419,La Espiga,R
2,420,Eulalio Guerrero Chávez,R
2,421,Ernesto Mancha Rentería (La Esmeralda),R
2,422,Gabino Montes López,R
2,423,La Esmeralda,R
2,424,Los Ángeles,R
2,425,Jorge Fuentes,R
2,426,José Juan Cássio Tovar (Buenavista),R
2,427,Manuel Argumedo Zavala,R
2,428,Jesús Eusebio Navarro Argil,R
2,429,Los Frías,R
2,430,Juan Hernández Sandoval,R
2,431,María de la Luz Frías Enríquez (Los López),R
2,432,Palo Blanco,R
2,434,Osvaldo Falcón Beltrán,R
2,435,Pedro Pérez Frías,R
2,437,El Puerto (José Rodríguez Meza),R
2,438,Javier Montes (José Montes),R
2,439,Raúl Cássio Hernández (Buenavista),R
2,440,Raúl Robles Cássio,R
2,441,René Lauro de Luna Fuentes,R
2,442,María Inés López Rodríguez,R
2,443,Santa Ana (Bernardo de la Garza Hernández),R
2,444,Santiago Gómez,R
2,445,Caty,R
2,446,La Candelaria,R
2,447,Héctor Martínez,R
2,448,Agua Chile,R
2,450,Laguna Seca,R
2,451,Manuel Salas Hernández,R
2,452,Ramiro Lerma,R
2,453,Sergio Espinoza Escobar (El Pilar),R
2,454,Oscar Valdez,R
2,455,Las Torres,R
2,456,Manuel Zapata,R
2,458,Los Novillos,R
2,459,José Hernández Pérez,R
2,460,Javier Contreras,R
2,461,Ricardo Almeda,R
2,465,Elva Martínez Rodríguez,R
2,466,La Mula,R
2,467,San Juan,R
2,468,Los Arcos (Humberto Pérez Ríos),R
2,469,Los Pájaros,R
2,470,La Salada,R
2,475,El Paisano (Arturo Valdez Fuentes),R
2,476,Armin Valdez,R
2,478,Rubén Moreira,R
2,479,Ignacio Frías Sánchez,R
2,482,El Centinela,R
2,483,Juventina Guereca Enríquez,R
2,484,La Mula (Julián Martínez Salazar),R
2,485,Santiago Hernández Rodríguez,R
2,486,Los Juanes,R
2,487,Ángel Santos Galindo Ramírez,R
2,488,Luis Galindo Ramírez,R
2,489,Jesús Mendoza Rodríguez,R
2,490,Salome Galindo Cárdenas,R
2,491,La Candelaria (Edgar Escobedo Quiroz),R
2,492,El Sotol (Lázaro Hernández Gómez),R
2,493,La Candelaria (Clara Dueñez),R
2,494,La Estrella,R
2,495,Nuevo Amanecer,R
2,496,Mi Gaby,R
2,497,Nicolás Pérez Sánchez,R
2,498,Pedro Álvarez,R
2,499,Saúl Barrios,R
2,500,La Parrita,R
2,502,Esteban Montelongo Zapata (Las Cuevas),R
2,503,Los Temporales (La Esperanza),R
2,504,María Jaramillo López,R
2,505,Oswaldo Pérez López,R
2,506,Gabino Montes Rodríguez,R
2,507,Rodolfo Ramos Gallegos,R
2,508,Elida González Díaz (Las Marraneras),R
2,509,La Rana,R
2,510,El Pujido,R
2,511,Tomás Bernal,R
2,512,Licha Pacheco,R
2,513,César García Hernández,R
2,514,Ángel Rodríguez González,R
2,515,Encarnación Muñoz,R
2,516,David Ortiz,R
2,517,El Capitán,R
2,518,Domingo Torres,R
2,519,Las Chimeneas,R
2,520,Catalina Ibarra,R
2,521,David Ortiz,R
2,522,Internacional de Acuña [Parque Industrial],R
2,523,Miguel Ángel Riquelme Solís,R
2,524,Maquilados Industriales de Acuña,R
2,525,Cementos Mexicanos [Concretos],R
2,526,La Amistad [Pista de Pruebas],R
2,527,Los García,R
2,528,La Paloma,R
2,529,Doctor Delio Galindo,R
2,530,José Luis Delgado,R
2,531,Ignacio Santibáñez,R
2,532,Las Moras,R
2,533,Torre Alta,R
2,534,Pedro Chávez,R
2,535,La Estrella,R
2,536,Gaviro Escobedo,R
2,537,Las Cuevas,R
2,538,Benito Flores,R
2,539,La Aurora,R
2,540,Celedino,R
2,541,El Oso,R
2,542,La Portilla,R
2,543,El Potrero (Rafael Falcón),R
2,544,Don Rigo Moreno,R
2,545,San Juditas,R
2,546,El Mexicano,R
2,547,Eugenio,R
2,548,El Girasol (Sergio Chávez),R
2,549,La Lolita,R
2,550,Gonzalo Rojas,R
2,551,Los Sánchez,R
2,552,Los Álamos,R
2,553,El Pilar (Guadalupe Flores García),R
2,554,Las Cuevas,R
2,555,El Lucero,R
2,556,Jabalí Zorra,R
2,557,Leopoldo Falcón Robles,R
2,558,Ampliación la Pileta,R
2,559,La Pileta,R
2,560,El Castillo,R
2,561,El Pilar,R
2,562,El Campestre,R
