CVE_LOC,NOM_LOC,AMBITO,CVE_MUN
1,Morelos,U,19
4,Los Álamos,R,19
10,La Estrella,R,19
13,Guadalupe (Arsenio de Hoyos),R,19
20,Ojo de San Ildefonso,R,19
21,Rancherías,R,19
22,Rancho Nuevo,R,19
23,Antonio Bueno (La Concepción),R,19
24,Los Álamos,R,19
25,Los Ayajiles,R,19
27,Las Bacinicas,R,19
28,Bermudas,R,19
29,Las Conchas,R,19
30,Corrientes,R,19
32,La Concepción,R,19
33,Las Compuertas,R,19
35,Ninguno [Ferrocarriles Nacionales de México],R,19
36,Enrique de Luna,R,19
38,La Flor,R,19
41,Jaco Primero,R,19
43,La Lajita,R,19
44,Las Norias,R,19
46,Roberto Rodríguez,R,19
47,La Nogalera,R,19
49,Puente de Madera,R,19
51,Paso de Piedra,R,19
52,Los Abuelos,R,19
57,San Jorge,R,19
58,La Fuente (Fernando Garza González),R,19
61,La Lomita,R,19
62,Huerta Viola,R,19
64,Los Martínez,R,19
65,Hacienda Cuajimulco,R,19
66,Praderas de Tarango,R,19
67,El Campamento,R,19
68,Las Palmas,R,19
69,San Ángel,R,19
70,Rancho Nuevo Número Dos,R,19
73,Mi Ranchito,R,19
75,Huerta Jiménez,R,19
76,Doctor Barrera,R,19
77,Javier Cuellar,R,19
79,La Ilusión,R,19
80,La Tierra Seca,R,19
81,Sergio Figueroa,R,19
82,Itamar de Luna,R,19
83,Las Raíces,R,19
84,"Lunas, Flores y Rosas",R,19
85,Santa Teresita,R,19
86,Luis Ángeles,R,19
87,Porfirio Cedillo,R,19
88,La Esperanza,R,19
89,La Herradura,R,19
90,Los Arados,R,19
91,Noé Garza Flores,R,19
92,Santa Julia,R,19
94,La Calera,R,19
95,Huerta Patricia,R,19
97,Jaco Segundo,R,19
98,Los Nogales,R,19
101,El Papalote,R,19
102,La Pila (Mario Martínez González),R,19
103,Tronco Mocho,R,19
105,San Carlos,R,19
108,El Consuelo,R,19
109,Martín de Hoyos,R,19
110,Los Alamitos,R,19
114,Rodolfo Galindo,R,19
115,Domingo Estrada,R,19
116,Las Jaulas (Eduardo Lafuente) [Restaurante],R,19
117,Santa María,R,19
118,Los Puente,R,19
119,San Francisco,R,19
120,María de la Luz Lara Zamarripa,R,19
121,Rumaldo de Hoyos,R,19
122,Luis Cervantes Molina,R,19
123,José Ramón Garza,R,19
124,El Huizache,R,19
125,Santa Rita,R,19
126,Leobardo Delgado,R,19
127,Antonia,R,19
128,Gonzalo Treviño (Alamitos),R,19
129,Álvaro Luna,R,19
130,Isidro Yáñez,R,19
131,Jesús Rodríguez Galindo,R,19
132,Eutimio Cuéllar,R,19
134,Jesús Rodríguez,R,19
135,Román Aguilar,R,19
140,San Ángel Viejo (Rancho Viejo),R,19
141,El Sauz,R,19
142,Beatriz Fernández Cárdenas,R,19
143,El Palmito,R,19
144,Saldívar,R,19
145,Campamento Venustiano Carranza,R,19
146,Los Tecolotes,R,19
147,Hugo López,R,19
148,El Perro,R,19
149,La Salada,R,19
150,Albino Pérez Ramos,R,19
151,Lázaro García,R,19
152,El Toro,R,19
153,Rancho de Beto,R,19
154,San Rafael,R,19
155,Las Cabeceras del Río Escondido,R,19
156,Apolinar Arriaga,R,19
157,Fernando Moreno,R,19
158,José Benito Garza,R,19
159,José María Pérez,R,19
160,El Papalote,R,19
162,Ninguno [Ciudad Sanitaria],R,19
163,Tres Banderas (Genaro Urdiales),R,19
164,José Isaac de Luna,R,19
165,Zeferino Garza de Hoyos,R,19
166,Ninguno [Lienzo Charro],R,19
167,Eleazar Omar Rodríguez,R,19
169,San José,R,19
171,Alfredo Hernández,R,19
172,Armando Guadiana Tijerina,R,19
173,Aroldo de Hoyos,R,19
174,Los Compadres,R,19
175,Cipriano Delgado Alejandro,R,19
177,Domingo Rodríguez,R,19
178,Ninguno [Estación de Servicio Pemex],R,19
180,Hermila de Hoyos,R,19
181,Hilario Avitia,R,19
182,Javier Rosas,R,19
183,Jesús Orozco Rubio,R,19
184,Leonardo Villarreal,R,19
185,Lucas de Hoyos Olivares,R,19
186,Manuel Galván,R,19
187,Monasterio de las Carmelitas Descalzas,R,19
188,Odilón de Paz Machado,R,19
189,Oscar Rodríguez,R,19
190,7 Mares [Restaurante Pescadería],R,19
191,René González González,R,19
192,El Reparo,R,19
193,Sergio Zúñiga,R,19
194,Los Albañiles,R,19
195,Florentino Pérez,R,19
196,Fernando Garza,R,19
197,Mi Ranchito,R,19
198,Santa Rita,R,19
199,Eleazar Barrientos,R,19
200,Víctor Puentes,R,19
203,El Primo,R,19
204,Ernesto Aguilar,R,19
205,Fernando Santos,R,19
206,Joben [Granja],R,19
207,Jaime de Hoyos,R,19
210,Manuel Esparza,R,19
211,Los Nietos,R,19
212,Real [Palenque],R,19
214,San Antonio,R,19
215,Casa Hogar Getsemaní,R,19
216,Natividad Urdiales,R,19
217,Jesús Martínez,R,19
218,El Huracán,R,19
219,Santa María,R,19
220,Paredes,R,19
222,Rancho de Fé,R,19
223,Santo Cristo,R,19
224,Kilómetro 101 [Lotes Campestres],R,19
225,El Cuatro,R,19
226,El Manantial [Huerta],R,19
227,La Victoria,R,19
