CVE_LOC,NOM_LOC,AMBITO,CVE_MUN
1,Francisco I. Madero  ,U,9
3,Alamito,R,9
4,Alonso Tegui,R,9
5,Amabizkar,R,9
6,La Aurora,R,9
7,Francisco I. Madero (Banco de Londres),R,9
8,Batopilas,R,9
10,Buenavista de Arriba,R,9
11,El Cántabro,R,9
12,Castrejana,R,9
13,Colón,R,9
14,La Coruña,R,9
16,Covadonga,R,9
17,El Chaparro,R,9
18,Charcos de Risa,R,9
19,Dieciocho de Marzo,R,9
20,El Ebro,R,9
21,Finisterre,R,9
22,Florencia,R,9
23,La Florida,R,9
24,Guadalupe (Las Lupes),R,9
25,Hidalgo,U,9
26,Jaboncillo,R,9
27,Lanchares,R,9
28,Lequeitio,U,9
29,Marsella (Santa Ligia) [Sociedad de Producción Rural],R,9
30,Matienzo (La Ocho),R,9
31,Las Mercedes,R,9
36,Nuevo León,R,9
38,La Pinta,R,9
39,El Porvenir (El Porvenir de Arriba),R,9
40,El Relicario,R,9
41,Ana Victoria,R,9
42,Saloña (Tres Norias),R,9
43,Saloña,R,9
44,San Agustín de Ulúa,R,9
45,San Esteban de Egipto,R,9
46,San José de la Niña,R,9
47,San Juan de Ulúa,R,9
48,San Pablo,R,9
49,San Salvador de Arriba,R,9
50,Santa María (Santa María de Arriba),R,9
53,Seis de Octubre (Santo Niño),R,9
54,El Sella,R,9
55,Toberas,R,9
56,La Esperanza,R,9
57,Vasconia,R,9
58,El Venado,R,9
60,La Victoria,R,9
62,Las Virginias,R,9
63,Yucatán,R,9
68,Jacaranda (Filipinas),R,9
69,San Gabriel,R,9
72,El Dorado,R,9
73,El Botecito,R,9
74,El Encanto,R,9
77,La Estrella,R,9
80,Villa Verde,R,9
87,El Trebol,R,9
91,La Nueva Trinidad,R,9
92,Benito Juárez,R,9
94,Felipe Ángeles,R,9
95,Linda Vista,R,9
96,La Pezuña,R,9
97,Tres Manantiales (La Parrita),R,9
98,Rancho de los Santos,R,9
103,Beta San Gabriel,R,9
107,El Refugio,R,9
108,Río Aguanaval,R,9
110,San Isidro,R,9
111,San Ramiro,R,9
112,Nicolás Muñiz Méndez (Sector Número Uno),R,9
113,Ampuero (Las Vegas),R,9
114,Cántabro Progreso (El Veintiocho),R,9
117,La Marsellita (Marsella Dos),R,9
118,San Martín (Covadonga),R,9
119,El León,R,9
122,Diana,R,9
123,Palestina (El Porvenir),R,9
124,La Noria,R,9
125,La Montañesa (Florida Libertad),R,9
132,Noria Florencia,R,9
138,Ernesto Sedma (Noria Buenavista),R,9
140,Noria las Mercedes,R,9
141,La Manada,R,9
142,Lequeitio (Víctor Handall),R,9
143,El Cerrito,R,9
145,Benito Valenzuela,R,9
146,Huitrón (Heriberto Ochoa),R,9
148,José Cruz Delgado Sonora,R,9
151,El Trébol Dos,R,9
152,Los Trejo (Los Chiveros),R,9
154,Alamito (Ignacio Martínez Tricio),R,9
160,La Pompita,R,9
161,Francisco de la Torre,R,9
162,La Noria Uno,R,9
163,La Amapola,R,9
164,La Argolla,R,9
166,Francisco Lucio,R,9
167,Los Cuates,R,9
168,Florida Libertad,R,9
177,Mena Chiqui,R,9
178,Noria Tres,R,9
179,Ramón Marrufo,R,9
180,Noria de Ramón Marrufo,R,9
181,Luz de Luna (Andrés Izaguirre),R,9
183,Francisco Aranzaba,R,9
184,Sector Dos (Pascual Esparza Soto),R,9
185,Grupo Covadonga [Sociedad],R,9
186,El Cinco,R,9
187,Sector Cuatro,R,9
188,Sector Uno,R,9
189,Tierra Blanca,R,9
191,Sector Número Uno,R,9
193,Santa María 2,R,9
195,Andalucía,R,9
196,El Cañón,R,9
197,Otzanduri,R,9
198,Providencia del Norte,R,9
199,San Gonzalo (La Aurora),R,9
201,El Once (Guillermo Garza),R,9
203,Francisco Vega,R,9
204,Tomasa Alonso,R,9
205,Batopilas,R,9
208,La Trinidad,R,9
209,El Terraceño,R,9
210,Nueva Rosita,R,9
212,La Negra,R,9
213,La Botella,R,9
215,La Tres,R,9
216,La Caseta Veintinueve más Setecientos,R,9
217,Canal Sacramento (El Tajo),R,9
220,Noria del Grupo de los Amarillos,R,9
222,Noria Sector Ocho (Noria Dos),R,9
223,La Bonita (Kilómetro 2.5 Carretera la Florida-Madero),R,9
224,San Elías del Álamo,R,9
225,El Milagro,R,9
226,Trincheras,R,9
227,La Liliana,R,9
228,La Perlita,R,9
229,La Noria,R,9
231,San José del Venado,R,9
234,El Camarón,R,9
235,La Noria de Linda Vista,R,9
236,Río Aguanaval,R,9
238,Esfuerzo Campesino (Andrés Posada),R,9
241,Tolibia [Sociedad de Producción Rural],R,9
244,Noria Sector Número Dos,R,9
246,Benjamín Rivera González,R,9
247,Alberto Ibarra Moreno,R,9
248,José Luis Aguilera,R,9
249,El Cántabro,R,9
250,Sector Uno B Lequeitio (Teodoro López),R,9
253,Villas del Fresno,R,9
255,Las Tres Nenas,R,9
256,Fraccionamiento de los Santos,R,9
259,Noria Sector Seis,R,9
264,Rubén Castañeda Vázquez,R,9
265,Pedro Ramírez Quevedo (El Papalote),R,9
267,Noria del Alto,R,9
268,Noria del Naranjo,R,9
269,Corralitos,R,9
270,Lupita [Granja],R,9
271,Toro Moro,R,9
275,María de Lourdes Encina Bernal,R,9
276,Ojo de Agua (Zona de Manantiales),R,9
277,Ángel del Hoyo,R,9
278,Los Abuelos,R,9
280,Oscar Javier Campos Sifuentes,R,9
281,Quinta Don Pancho,R,9
283,Noé Saldaña,R,9
284,José Ángel García Cabrera,R,9
286,Pequeña Santo Niño,R,9
289,Lazarín González,R,9
290,Vidal Vázquez Barrios,R,9
291,J. Jesús Ramírez Hernández,R,9
293,Ana Carmen Tricio Haro,R,9
294,Muba,R,9
295,Nogalera (César Muñiz),R,9
296,Caseta Treinta y Cinco más 432,R,9
297,Granja Axa,R,9
298,La Pinta,R,9
299,WX,R,9
300,Nuevo Lequeitio,R,9
301,Francisco Rodríguez Delgado,R,9
302,David Flores,R,9
303,Norias de Felipe Ángeles,R,9
304,Noria Santo Niño,R,9
305,Roberto Pamanes,R,9
306,La Vieja Trinidad,R,9
307,Javier Martínez Payán,R,9
308,Javier Martínez Payán,R,9
309,Israel Chavarría,R,9
310,Vicente Villegas (Hidalgo),R,9
311,Noria Número 987 (Colón),R,9
312,Andrés Silva Ruiz,R,9
313,José Méndez Valdez,R,9
314,La Ladrillera,R,9
315,Juan Colorado,R,9
316,Tomás Díaz González,R,9
317,El Atardecer,R,9
318,Francisco I. Madero [Parque Industrial],R,9
319,Jesús Garza Martínez,R,9
320,El Faro,R,9
321,Isidro Jaramillo Celaya,R,9
322,Humberto Martínez Payán,R,9
323,Colón [Granja Avícola],R,9
324,Noria Villa Verde,R,9
325,Fresno del Norte (José Guadalupe Villegas),R,9
326,Mevi,R,9
327,La Noria,R,9
328,Tres Manantiales,R,9
329,Claudio Sepúlveda Villarreal,R,9
330,El Trébol,R,9
331,4 Hermanos,R,9
