CVE_LOC,NOM_LOC,AMBITO,CVE_MUN
1,Zaragoza,U,38
2,La Agrícola,R,38
3,El Deseado,R,38
7,Las Calabazas,R,38
8,El Caracol,R,38
9,El Caracol,R,38
10,Casa Blanca,R,38
11,El Colorado,R,38
12,Corte Nuevo,R,38
13,La Cruz,R,38
14,San Juan,R,38
15,Desemboque,R,38
16,El Divisadero,R,38
18,El Gavilán,R,38
19,San Antonio,R,38
20,La Lagunita,R,38
21,León Uno,R,38
23,Maravillas,R,38
24,Margaritas,R,38
25,La Maroma,R,38
26,Minerva,R,38
28,Olivares (Costabella),R,38
29,Paso del Tío Pío,R,38
30,Lorenzo Domínguez Muñoz,R,38
31,Patiño (Nato Salinas),R,38
32,El Pensamiento,R,38
33,Porvenir y Canal,R,38
35,Eduardo Martínez (Puertas Coloradas),R,38
36,El Refugio,R,38
38,Congregación el Remolino,R,38
40,Ex-Hacienda San Fernando,R,38
41,San Fernando (Dávila),R,38
42,Santa Anita,R,38
43,Santa Eulalia,R,38
44,Balneario Santa Fe,R,38
45,Tinaja Azul (Los Pilotes),R,38
46,El Tío Tacho,R,38
47,El Trébol,R,38
49,El Tule,R,38
53,Zaragoza,R,38
55,Santa Martha de los Osos,R,38
57,La Mota,R,38
58,Cuatro Hermanas,R,38
59,La Presita,R,38
60,Zaragoza [Centro de Investigación Agrícola],R,38
62,El Macho,R,38
63,Las Cuevas,R,38
64,Los Pinos,R,38
65,Santa Cecilia,R,38
79,La Rosita (Gilberto Villarreal Garza),R,38
80,Galindo,R,38
81,La Esmeralda (Puertas Cuatas),R,38
82,Santa Rosa,R,38
83,El Molino,R,38
86,San Marcos,R,38
87,Ojo de las Ánimas,R,38
88,Ojo de las Ánimas,R,38
91,El Gato,R,38
92,El Consuelo,R,38
93,Barranco Blanco,R,38
95,Casa Blanca Número Dos,R,38
102,El Pobre,R,38
104,Terreros,R,38
106,La Viña,R,38
107,La Mota Seca,R,38
110,Santa Cruz,R,38
111,San Pablo,R,38
112,El Ahorcado,R,38
113,Los Montalvo,R,38
114,Los Portales,R,38
115,Santa Anita (Los Betos),R,38
117,La Vinata,R,38
119,El Porvenir,R,38
128,Dieciséis Mil Hectáreas (Ampliación Progreso),R,38
130,El Sabino,R,38
131,Los Caballos,R,38
133,Los Potros,R,38
135,San Agustín,R,38
142,Agua de Julián,R,38
143,Agua Nueva,R,38
144,Los Ahorcados,R,38
145,Las Américas,R,38
148,Los Árboles,R,38
149,El Bambilete,R,38
150,Barrancos,R,38
151,El Becerro,R,38
152,La Esperanza,R,38
153,El Capitán,R,38
155,Los Cañones,R,38
157,El Chapote,R,38
158,Los Charles,R,38
160,San Andrés,R,38
161,El Durazno,R,38
162,El Encino Gordo,R,38
164,La Escondida,R,38
166,La Esperanza,R,38
168,Los Galemes,R,38
171,El Granizo,R,38
173,Lagunitas,R,38
174,Los Laureles,R,38
178,La Mariposa,R,38
179,El Mimbre (La Borrada),R,38
180,Don Chente,R,38
181,El Mimbre,R,38
182,El Mulato Viejo,R,38
183,Los Ojitos,R,38
184,El Pájaro,R,38
185,Papalote de Santa Ana,R,38
187,El Papalote,R,38
188,Paraje los Vaqueros,R,38
189,Tres Hermanos,R,38
190,La Piedra,R,38
191,Pila Azul (Pila Roja),R,38
192,Pila Seca,R,38
195,El Pino,R,38
196,Los Pintos,R,38
198,El Pozo,R,38
199,El Porvenir,R,38
200,El Porvenir,R,38
201,La Presa,R,38
202,La Providencia,R,38
204,El Chapulín,R,38
205,El Rayo,R,38
206,La Rosaria,R,38
209,Saleros,R,38
210,San Ignacio,R,38
211,San Ildefonso,R,38
213,San Miguel,R,38
215,San Pedro,R,38
219,Santa Fe,R,38
220,Siete Hermanos,R,38
221,Un Potrillo,R,38
222,El Tule,R,38
223,La Vaca,R,38
224,Los Vaqueros,R,38
225,La Ventana,R,38
226,La Víbora,R,38
228,La Victoria,R,38
229,La Vieja Maya,R,38
231,Las Américas,R,38
232,El Arbolito (Catarino Cortez),R,38
233,Los Barrancos,R,38
235,Campo de Nico Pérez,R,38
236,Los Castellanos,R,38
237,La Codorniz (La Godorniz),R,38
241,El Huizache,R,38
242,Las Iglesias,R,38
243,Los Negros,R,38
246,El Progreso (Zacarías Mendoza),R,38
248,San Vicente,R,38
250,Santa Rosa,R,38
251,Tinaja el Panal,R,38
252,El Venado,R,38
253,La Lipa,R,38
257,Pico Palomas,R,38
262,La Zorra,R,38
264,Alarcón (Cañón de Barrón),R,38
265,Los Cuates,R,38
266,Agua de Natajez (Isabel Saucedo),R,38
267,Los Encinos,R,38
269,El Natural,R,38
270,Agua Grande,R,38
273,Los Rodríguez,R,38
274,Santa Gertrudis,R,38
275,La Esmeralda,R,38
276,El Papalote,R,38
278,Tres Hermanos,R,38
280,El Capricho,R,38
281,El Chupadero,R,38
282,Los Encinos,R,38
283,Los Barrancos,R,38
284,El Bobo,R,38
285,Rancho Viejo,R,38
286,Coahuila,R,38
287,Zaragoza,R,38
289,Reynaldo Salinas Vara,R,38
290,La Ciénega,R,38
291,Las Compuertas,R,38
293,Los Corrales,R,38
294,Tía Rosa,R,38
295,El Buitre,R,38
296,La Casita Dixie-B,R,38
297,La Esmeralda,R,38
299,Illinois,R,38
300,Regino Saucedo Sánchez,R,38
301,Ninguno [Ciudad Sanitaria],R,38
302,José García Cuevas,R,38
306,Dolores,R,38
307,Los Álamos,R,38
308,San Francisco,R,38
309,El Cometa,R,38
310,El Fortín,R,38
311,Los Lira,R,38
314,Filemón Gámez,R,38
315,Los Ríos,R,38
316,Herminio Altamirano,R,38
317,Ildefonso Vara Bermúdez,R,38
318,Tomás García Jiménez [Radio XELR],R,38
321,Los Luna,R,38
322,San Adolfo,R,38
323,El Mimbre,R,38
324,Pino Solo,R,38
325,La Gloria (Las Herminias),R,38
326,Los Pintos,R,38
327,Las Hermanas,R,38
328,Corrales Colorados (El Caracol),R,38
329,Los Charles,R,38
330,Casa de Mariano,R,38
331,Don Rogelio,R,38
332,Silverio Domínguez Hernández,R,38
333,El Gallo,R,38
334,El Tule,R,38
335,El Mezquite,R,38
336,La Huérfana,R,38
337,Martha Valdez Montoya,R,38
338,San Ildefonso,R,38
339,San Ildefonso,R,38
340,Huerta las Pinitas,R,38
341,Huerta las Conchas,R,38
342,Isidro Rodríguez,R,38
343,Rogelio González,R,38
344,Ignacio García Rangel,R,38
345,Juanita Fuentes,R,38
346,Benito Martínez,R,38
347,Huerta las Margaritas,R,38
348,El Olmo,R,38
349,Tino Ortiz,R,38
350,María Guadalupe Salinas,R,38
351,Jesús Cervera,R,38
352,El Fresnito,R,38
353,Los Pirules (Nato de Luna),R,38
354,Patiño,R,38
355,Ildefonso Ramón,R,38
356,Armin Leal Rodríguez,R,38
357,José Mata,R,38
358,Oscar Calderón (La Zanja),R,38
359,San Juan,R,38
360,Félix Duarte,R,38
361,Manuel Villarreal,R,38
362,Patiño,R,38
363,Los Sabinos,R,38
364,Rancho de Peña,R,38
366,Rodolfo Aranda,R,38
367,Rodrigo Romo,R,38
368,Casa Blanca,R,38
369,José María Romo,R,38
370,Faustino Romo,R,38
371,Víctor Hernández,R,38
372,Juan Leija,R,38
374,Ariel Cardona García,R,38
378,Los Armendáriz,R,38
379,La Vieja Maya,R,38
380,Las Pipas,R,38
382,Agua de los Árboles,R,38
383,Juan Castro Guzmán,R,38
384,Predio la Lechería,R,38
385,Cerro del Durazno,R,38
386,Agua del Oso,R,38
387,La Pasta Seca,R,38
389,Homero Siller,R,38
390,Florentino Portales,R,38
391,Ricardo Ríos,R,38
392,Cardona,R,38
393,La Veta,R,38
394,Loma Blanca (Jesús Salazar Palacios),R,38
395,Juan Sánchez Esquivel,R,38
396,Jorge Galindo de Luna,R,38
397,Pedro de Luna de la Garza,R,38
398,Los Lobos,R,38
399,Gustavo Portillo Flores,R,38
400,Everardo Pérez,R,38
401,Manuel Gutiérrez (Agua del Durazno),R,38
402,El Huizache,R,38
403,El Progreso,R,38
404,Alejandro Bustos (Tanque el Gavilán),R,38
407,Jesús de Luna,R,38
408,Los Garza,R,38
409,Héctor Perches,R,38
410,Las Pilas Cuatas,R,38
412,Francisco Enciso,R,38
413,México,R,38
414,Buenos Aires,R,38
415,Cañón el Pino,R,38
417,Fidencio González Elizondo,R,38
418,El Sauz (El Papalote),R,38
419,Federico Romo Tovar,R,38
420,Los Rodríguez,R,38
421,La Gloria,R,38
422,Dos Álamos,R,38
423,Río Escondido (Ceferino González),R,38
424,Domingo Fraga Muñoz,R,38
425,Juan Alonzo López,R,38
427,Juan Isidro Flores,R,38
428,La Providencia,R,38
429,Emiliano Martínez Nandi,R,38
430,San Antonio,R,38
431,Las Albercas,R,38
432,Ermilo Sánchez Ríos,R,38
433,Santa Rosa,R,38
434,El Papalote,R,38
435,El Canalito,R,38
436,Domingo Plata Sánchez,R,38
437,Pedro Arellano Canales,R,38
439,San Juana López,R,38
440,Alberto García Torres,R,38
441,Bonifacio Cruz Cabello,R,38
442,Oscar de la Garza,R,38
443,Esteban Martínez Hernández (El Paraíso),R,38
445,Adolfo Enciso Valdéz,R,38
446,Encarnación Luna Arellano,R,38
447,María de los Ángeles Eufracio de la Cruz,R,38
448,Cruz Monsiváis Ramírez,R,38
449,Julio César Chavarría,R,38
450,Reyes Guevara,R,38
451,Fraga,R,38
452,Remberto Pérez,R,38
453,San Antonio (El Veinticuatro),R,38
454,Palo Blanco (Gosfrey Talamantes),R,38
455,Los Encinos (Candelario Talamantes García),R,38
456,Isidro Orozco Talamantes,R,38
457,Las Lagunetas (Juan Pedro Mares Fuentes),R,38
459,Lucas (Raúl Orozco Talamantes),R,38
460,Antonio García Torres,R,38
461,Jesús Sánchez Torres,R,38
462,Félix Edmundo Macías,R,38
463,El Caballo,R,38
464,Rogelio Treviño,R,38
466,Pedro Domínguez Santos,R,38
468,La Mota (Cosme Torres Reyes),R,38
469,Las Tiendas,R,38
470,Agua Dulce,R,38
471,Buenos Aires,R,38
473,Los González,R,38
474,La Bodega,R,38
475,Casa Blanca,R,38
476,La Tarjea,R,38
477,La Agrícola,R,38
478,Pedroyo,R,38
479,El Papalote,R,38
480,El Papalote,R,38
481,Fernando Arredondo Escamilla,R,38
483,El Pedregal,R,38
484,Insurgentes,R,38
485,José Almanza Hernández,R,38
486,San Juan,R,38
487,El Huajillo,R,38
488,El Feo,R,38
489,Nogalera el Guante,R,38
490,El Guante,R,38
491,El Yerno,R,38
492,Alfonso Villarreal Salinas,R,38
493,El Reseco,R,38
494,Los Indios,R,38
496,Paso de las Mulas,R,38
497,La Esmeralda (Villarreal),R,38
501,La Cañada,R,38
502,La Cruz,R,38
504,Lorenzo Mendoza Durón (Patiño),R,38
506,Arnulfo Navarro (Las Adjuntas),R,38
507,Rodrigo Navarro,R,38
508,Hermenegilda Guerrero Sotelo,R,38
509,Jesús Casillas Castro,R,38
510,José Inés Vázquez Cardona,R,38
512,El Jardín,R,38
513,Héctor Luna,R,38
514,Benito Juárez Leija,R,38
515,Silverio Domínguez,R,38
516,Rodolfo Rivera,R,38
517,El Mulato,R,38
520,El Cedro,R,38
521,Alejandro Domínguez Rivas,R,38
522,Herminio Aguirre Delgado,R,38
523,Rancho Viejo,R,38
525,Leopoldo Salinas,R,38
526,Leopoldo Salinas García,R,38
527,El Faisán,R,38
528,Norberto Aguilar Luna,R,38
529,Pico Deivis,R,38
530,Dos Countries,R,38
531,Rancho de Miguel,R,38
532,Silvia Sánchez Chávez (El Canelito),R,38
533,Balo Garza,R,38
534,El Paraíso,R,38
535,César Cárdenas Adán (Las Moritas),R,38
536,Club de Leones [Instalación Recreativa],R,38
537,Crisóforo Medina,R,38
538,Los Dos Hilarios,R,38
539,El Estadio,R,38
540,Hermila Sánchez Longoria,R,38
541,Javier Valdez (Tía Rosa),R,38
542,La Mota,R,38
543,Olga Salinas,R,38
544,Olivia Domínguez Muñoz,R,38
545,Oscar Arredondo,R,38
546,Ninguno [Almacén Acondicionador de Semillas],R,38
547,Rancho de Dios,R,38
548,Rogelio Meza Jiménez,R,38
549,Rolando Chávez (El Ojo de Agua),R,38
550,Rubén Castro Medina,R,38
551,San Alfonso,R,38
552,La Parcela,R,38
553,La Escondida,R,38
554,San Antonio (El Salvador),R,38
555,Francisco Rodríguez Leza,R,38
556,Palo Blanco (Juan Antonio Hernández),R,38
557,La Encinada,R,38
558,Isidro Aranda Mata,R,38
559,Don Abelardo,R,38
560,Las Zapas,R,38
561,Gustavo Rodríguez,R,38
562,Eliseo Martínez,R,38
563,Jesús Humberto Encinas,R,38
564,La Cruz,R,38
565,Dolores Sánchez Noriega,R,38
566,San Fernando,R,38
567,El Venado,R,38
568,Rodolfo González,R,38
569,Espiridión de los Santos,R,38
570,La Maroma (La Presa),R,38
571,Carlos Leija,R,38
572,La Maroma (La Presa),R,38
573,Jorge Carranco y Carranco,R,38
574,Abelardo Vara Flores,R,38
575,Filiberto Rodríguez,R,38
576,El Mirador (Rodolfo Rivera Montalvo),R,38
577,Juan Amando Flores Longoria,R,38
578,El Venado (Rodolfo de los Santos),R,38
579,Cuatro Hermanos,R,38
580,José Ángel López Borrego,R,38
581,La Purísima,R,38
582,Raúl Flores de Luna,R,38
583,Hilario Torres (Las Galleras),R,38
584,UAAAN [Centro de Investigación Agrícola],R,38
585,Minerva (Juan Francisco Torres),R,38
586,José Sánchez,R,38
587,El Bobo,R,38
588,Cañón Prieto,R,38
589,Los Barrancos (Víctor Gómez),R,38
590,Los Gómez,R,38
591,Los Jiménez,R,38
592,La Mora,R,38
593,Los Primos,R,38
594,Celestino Álvarez Dávila,R,38
595,Abelardo Galván,R,38
597,Barbarita Rivera,R,38
598,Juan Villarreal Canales,R,38
599,Palomas,R,38
600,Hermilo Sánchez,R,38
601,Rubén Cárdenas,R,38
602,Juan Manuel Bustos,R,38
603,Armandina Ramírez,R,38
606,Ariel Cardona Borrego (Pasta el Cenizo),R,38
607,Martín Mendoza Tovar,R,38
608,Maurilio Romero,R,38
609,Humberto López,R,38
610,Carlos Portillo Maldonado,R,38
611,Cayetano Hernández,R,38
612,Tanque de Palomas (José Treviño Villarreal),R,38
613,José Alejandro Bustos Castillo,R,38
614,José Castillo Hernández,R,38
615,José Ríos González,R,38
616,Espiridión Cervera,R,38
617,Javier Mares Fuentes,R,38
618,Pedro Zúñiga,R,38
619,Adrián Valdez,R,38
620,El Abuelo (Rodolfo Villarreal),R,38
621,Campo del Flaco,R,38
622,Casa Blanca,R,38
623,Cedro Solo,R,38
624,La Crema,R,38
625,Dos Amigos,R,38
626,El Durazno,R,38
627,Epitacio Solís,R,38
628,Gallera la Mota,R,38
629,Heriberto Cardona,R,38
630,Jaime Cárdenas,R,38
631,Javier Santos,R,38
632,Juan Isidro Flores,R,38
633,José Lira,R,38
635,Lorenzo Portillo,R,38
636,Martín López,R,38
637,Martín Sánchez,R,38
638,Las Palmas,R,38
639,Ricardo Gómez,R,38
640,Tanque Cochaldo (Campo del Nene),R,38
641,La Maroma,R,38
642,Los Faisanes,R,38
643,Ubaldo Fraga Rivera,R,38
645,Las Palmas,R,38
646,Arturo Garza Elizalde,R,38
647,Alberto Sandoval Figueroa,R,38
648,La Providencia,R,38
649,El Arado,R,38
650,Juan Antonio Guerra López,R,38
651,Maldonado,R,38
652,La Espuela,R,38
653,La Linda,R,38
654,Los Galleros,R,38
655,La Yoya,R,38
656,Los Dos Camiones,R,38
657,Los Magueyales,R,38
658,Yonque Express,R,38
659,La Casa Rodante,R,38
660,Los Charles (Héctor Laurence),R,38
661,San Graciano,R,38
662,La Potra (Juan Antonio Hernández Segura),R,38
663,La Maroma,R,38
664,Puerta Colorada,R,38
665,La Carreta,R,38
666,Dagoberto Pérez Zamora,R,38
667,Guadalupe Aguirre,R,38
668,María Álvarez Yáñez,R,38
669,El Guajolote Descalabrado,R,38
670,San Fernando,R,38
671,San Isidro,R,38
672,La Trampa,R,38
673,Roberto Garza,R,38
674,La Nogalera,R,38
675,Cañón de León (Jorge Escamilla),R,38
676,El Centinela,R,38
