CVE_MUN,CVE_LOC,NOM_LOC,AMBITO,,,,,,
2,1,Ciudad Acuña,U,Esta bien ,,,,,
2,2,Agua Verde,R,lo que esta en amarillo ya esta incertado,,,,,
2,4,Los Ángeles,R,"INSERT INTO `mydb`.`localidades` (`idlocalidades`, `nombre_localidad`, `ambito`, `municipio_idmunicipio`)",,,,,
2,5,Balcones,R,"VALUES (1, 'El Para�so', 'R', 1);",,,,,
2,6,Buena Vista,R,,,,,,
2,7,El Bonito (El Cañón Bonito),R,"INSERT INTO `mydb`.`localidades` (`idlocalidades`, `nombre_localidad`, `ambito`, `municipio_idmunicipio`) VALUES (",2,Agua Verde,R,2,);
2,10,El Cedrito,R,"INSERT INTO `mydb`.`localidades` (`idlocalidades`, `nombre_localidad`, `ambito`, `municipio_idmunicipio`) VALUES (",4,Los Ángeles,R,2,);
2,11,El Cedroso,R,"INSERT INTO `mydb`.`localidades` (`idlocalidades`, `nombre_localidad`, `ambito`, `municipio_idmunicipio`) VALUES (",5,Balcones,R,2,);
2,12,El Cíbolo,R,"INSERT INTO `mydb`.`localidades` (`idlocalidades`, `nombre_localidad`, `ambito`, `municipio_idmunicipio`) VALUES (",6,Buena Vista,R,2,);
2,13,Mariano Escobedo,R,"INSERT INTO `mydb`.`localidades` (`idlocalidades`, `nombre_localidad`, `ambito`, `municipio_idmunicipio`) VALUES (",7,El Bonito (El Cañón Bonito),R,2,);
2,15,Braulio Fernández Aguirre (El Paso),R,"INSERT INTO `mydb`.`localidades` (`idlocalidades`, `nombre_localidad`, `ambito`, `municipio_idmunicipio`) VALUES (",10,El Cedrito,R,2,);
2,16,El Cuatralbo,R,"INSERT INTO `mydb`.`localidades` (`idlocalidades`, `nombre_localidad`, `ambito`, `municipio_idmunicipio`) VALUES (",11,El Cedroso,R,2,);
2,17,Cuatro Palmas,R,"INSERT INTO `mydb`.`localidades` (`idlocalidades`, `nombre_localidad`, `ambito`, `municipio_idmunicipio`) VALUES (",12,El Cíbolo,R,2,);
2,19,José Chávez Ortiz (Las Cuevas),R,"INSERT INTO `mydb`.`localidades` (`idlocalidades`, `nombre_localidad`, `ambito`, `municipio_idmunicipio`) VALUES (",13,Mariano Escobedo,R,2,);
2,20,Las Cuevas,R,"INSERT INTO `mydb`.`localidades` (`idlocalidades`, `nombre_localidad`, `ambito`, `municipio_idmunicipio`) VALUES (",15,Braulio Fernández Aguirre (El Paso),R,2,);
2,22,Chupadero del Caballo,R,"INSERT INTO `mydb`.`localidades` (`idlocalidades`, `nombre_localidad`, `ambito`, `municipio_idmunicipio`) VALUES (",16,El Cuatralbo,R,2,);
2,23,La Esmeralda,R,"INSERT INTO `mydb`.`localidades` (`idlocalidades`, `nombre_localidad`, `ambito`, `municipio_idmunicipio`) VALUES (",17,Cuatro Palmas,R,2,);
2,25,La Herradura,R,"INSERT INTO `mydb`.`localidades` (`idlocalidades`, `nombre_localidad`, `ambito`, `municipio_idmunicipio`) VALUES (",19,José Chávez Ortiz (Las Cuevas),R,2,);
2,27,El Venadito,R,"INSERT INTO `mydb`.`localidades` (`idlocalidades`, `nombre_localidad`, `ambito`, `municipio_idmunicipio`) VALUES (",20,Las Cuevas,R,2,);
2,29,La Linda,R,"INSERT INTO `mydb`.`localidades` (`idlocalidades`, `nombre_localidad`, `ambito`, `municipio_idmunicipio`) VALUES (",22,Chupadero del Caballo,R,2,);
2,32,Mal Abrigo (Antonio Castillo),R,"INSERT INTO `mydb`.`localidades` (`idlocalidades`, `nombre_localidad`, `ambito`, `municipio_idmunicipio`) VALUES (",23,La Esmeralda,R,2,);
2,33,El Nopal,R,"INSERT INTO `mydb`.`localidades` (`idlocalidades`, `nombre_localidad`, `ambito`, `municipio_idmunicipio`) VALUES (",25,La Herradura,R,2,);
2,35,Rancho Nuevo,R,"INSERT INTO `mydb`.`localidades` (`idlocalidades`, `nombre_localidad`, `ambito`, `municipio_idmunicipio`) VALUES (",27,El Venadito,R,2,);
2,37,Valle de la Palma (Las Palmas),R,"INSERT INTO `mydb`.`localidades` (`idlocalidades`, `nombre_localidad`, `ambito`, `municipio_idmunicipio`) VALUES (",29,La Linda,R,2,);
2,39,Pico Etéreo,R,"INSERT INTO `mydb`.`localidades` (`idlocalidades`, `nombre_localidad`, `ambito`, `municipio_idmunicipio`) VALUES (",32,Mal Abrigo (Antonio Castillo),R,2,);
2,42,El Pilar,R,"INSERT INTO `mydb`.`localidades` (`idlocalidades`, `nombre_localidad`, `ambito`, `municipio_idmunicipio`) VALUES (",33,El Nopal,R,2,);
2,46,El Salado,R,"INSERT INTO `mydb`.`localidades` (`idlocalidades`, `nombre_localidad`, `ambito`, `municipio_idmunicipio`) VALUES (",35,Rancho Nuevo,R,2,);
2,47,San Fernando,R,"INSERT INTO `mydb`.`localidades` (`idlocalidades`, `nombre_localidad`, `ambito`, `municipio_idmunicipio`) VALUES (",37,Valle de la Palma (Las Palmas),R,2,);
2,48,San Ignacio,R,"INSERT INTO `mydb`.`localidades` (`idlocalidades`, `nombre_localidad`, `ambito`, `municipio_idmunicipio`) VALUES (",39,Pico Etéreo,R,2,);
2,49,San Juan del Río,R,"INSERT INTO `mydb`.`localidades` (`idlocalidades`, `nombre_localidad`, `ambito`, `municipio_idmunicipio`) VALUES (",42,El Pilar,R,2,);
2,52,Santa Ana,R,"INSERT INTO `mydb`.`localidades` (`idlocalidades`, `nombre_localidad`, `ambito`, `municipio_idmunicipio`) VALUES (",46,El Salado,R,2,);
2,53,Santa Rosa,R,"INSERT INTO `mydb`.`localidades` (`idlocalidades`, `nombre_localidad`, `ambito`, `municipio_idmunicipio`) VALUES (",47,San Fernando,R,2,);
2,55,Santo Toribio,R,"INSERT INTO `mydb`.`localidades` (`idlocalidades`, `nombre_localidad`, `ambito`, `municipio_idmunicipio`) VALUES (",48,San Ignacio,R,2,);
2,58,Venustiano Carranza,R,"INSERT INTO `mydb`.`localidades` (`idlocalidades`, `nombre_localidad`, `ambito`, `municipio_idmunicipio`) VALUES (",49,San Juan del Río,R,2,);
2,59,Dolores Valencia,R,"INSERT INTO `mydb`.`localidades` (`idlocalidades`, `nombre_localidad`, `ambito`, `municipio_idmunicipio`) VALUES (",52,Santa Ana,R,2,);
2,61,José María Morelos,R,"INSERT INTO `mydb`.`localidades` (`idlocalidades`, `nombre_localidad`, `ambito`, `municipio_idmunicipio`) VALUES (",53,Santa Rosa,R,2,);
2,62,San Esteban,R,"INSERT INTO `mydb`.`localidades` (`idlocalidades`, `nombre_localidad`, `ambito`, `municipio_idmunicipio`) VALUES (",55,Santo Toribio,R,2,);
2,63,San Esteban de Egipto (El Barcino),R,"INSERT INTO `mydb`.`localidades` (`idlocalidades`, `nombre_localidad`, `ambito`, `municipio_idmunicipio`) VALUES (",58,Venustiano Carranza,R,2,);
2,64,Alfredo V. Bonfil,R,"INSERT INTO `mydb`.`localidades` (`idlocalidades`, `nombre_localidad`, `ambito`, `municipio_idmunicipio`) VALUES (",59,Dolores Valencia,R,2,);
2,67,El Rey,R,"INSERT INTO `mydb`.`localidades` (`idlocalidades`, `nombre_localidad`, `ambito`, `municipio_idmunicipio`) VALUES (",61,José María Morelos,R,2,);
2,71,El Coyote,R,"INSERT INTO `mydb`.`localidades` (`idlocalidades`, `nombre_localidad`, `ambito`, `municipio_idmunicipio`) VALUES (",62,San Esteban,R,2,);
2,72,El Moro (Paso del Moro),R,"INSERT INTO `mydb`.`localidades` (`idlocalidades`, `nombre_localidad`, `ambito`, `municipio_idmunicipio`) VALUES (",63,San Esteban de Egipto (El Barcino),R,2,);
2,73,La Reforma,R,"INSERT INTO `mydb`.`localidades` (`idlocalidades`, `nombre_localidad`, `ambito`, `municipio_idmunicipio`) VALUES (",64,Alfredo V. Bonfil,R,2,);
2,75,San José (El Cíbolo),R,"INSERT INTO `mydb`.`localidades` (`idlocalidades`, `nombre_localidad`, `ambito`, `municipio_idmunicipio`) VALUES (",67,El Rey,R,2,);
2,76,Los Buras (Llano de los Buras),R,"INSERT INTO `mydb`.`localidades` (`idlocalidades`, `nombre_localidad`, `ambito`, `municipio_idmunicipio`) VALUES (",71,El Coyote,R,2,);
2,78,La Peña,R,"INSERT INTO `mydb`.`localidades` (`idlocalidades`, `nombre_localidad`, `ambito`, `municipio_idmunicipio`) VALUES (",72,El Moro (Paso del Moro),R,2,);
2,79,Ojo de Agua (San Gregorio),R,"INSERT INTO `mydb`.`localidades` (`idlocalidades`, `nombre_localidad`, `ambito`, `municipio_idmunicipio`) VALUES (",73,La Reforma,R,2,);
2,80,El Veinte (La Lupe),R,"INSERT INTO `mydb`.`localidades` (`idlocalidades`, `nombre_localidad`, `ambito`, `municipio_idmunicipio`) VALUES (",75,San José (El Cíbolo),R,2,);
2,81,Melchor Múzquiz (Las Vegas de Steelwell),R,"INSERT INTO `mydb`.`localidades` (`idlocalidades`, `nombre_localidad`, `ambito`, `municipio_idmunicipio`) VALUES (",76,Los Buras (Llano de los Buras),R,2,);
2,82,San Lorenzo,R,"INSERT INTO `mydb`.`localidades` (`idlocalidades`, `nombre_localidad`, `ambito`, `municipio_idmunicipio`) VALUES (",78,La Peña,R,2,);
2,86,Los Albertos (Los Cuates),R,"INSERT INTO `mydb`.`localidades` (`idlocalidades`, `nombre_localidad`, `ambito`, `municipio_idmunicipio`) VALUES (",79,Ojo de Agua (San Gregorio),R,2,);
2,89,La Huérfana,R,"INSERT INTO `mydb`.`localidades` (`idlocalidades`, `nombre_localidad`, `ambito`, `municipio_idmunicipio`) VALUES (",80,El Veinte (La Lupe),R,2,);
2,90,El Pira,R,"INSERT INTO `mydb`.`localidades` (`idlocalidades`, `nombre_localidad`, `ambito`, `municipio_idmunicipio`) VALUES (",81,Melchor Múzquiz (Las Vegas de Steelwell),R,2,);
2,92,La Esperanza,R,"INSERT INTO `mydb`.`localidades` (`idlocalidades`, `nombre_localidad`, `ambito`, `municipio_idmunicipio`) VALUES (",82,San Lorenzo,R,2,);
2,93,Rancho Seco,R,"INSERT INTO `mydb`.`localidades` (`idlocalidades`, `nombre_localidad`, `ambito`, `municipio_idmunicipio`) VALUES (",86,Los Albertos (Los Cuates),R,2,);
2,94,El Olmo,R,"INSERT INTO `mydb`.`localidades` (`idlocalidades`, `nombre_localidad`, `ambito`, `municipio_idmunicipio`) VALUES (",89,La Huérfana,R,2,);
2,95,Santa Elena,R,"INSERT INTO `mydb`.`localidades` (`idlocalidades`, `nombre_localidad`, `ambito`, `municipio_idmunicipio`) VALUES (",90,El Pira,R,2,);
2,96,Santa María,R,"INSERT INTO `mydb`.`localidades` (`idlocalidades`, `nombre_localidad`, `ambito`, `municipio_idmunicipio`) VALUES (",92,La Esperanza,R,2,);
2,98,Buenavista,R,"INSERT INTO `mydb`.`localidades` (`idlocalidades`, `nombre_localidad`, `ambito`, `municipio_idmunicipio`) VALUES (",93,Rancho Seco,R,2,);
2,107,El Consuelo,R,"INSERT INTO `mydb`.`localidades` (`idlocalidades`, `nombre_localidad`, `ambito`, `municipio_idmunicipio`) VALUES (",94,El Olmo,R,2,);
2,108,La Chulita,R,"INSERT INTO `mydb`.`localidades` (`idlocalidades`, `nombre_localidad`, `ambito`, `municipio_idmunicipio`) VALUES (",95,Santa Elena,R,2,);
2,112,La Pileta,R,"INSERT INTO `mydb`.`localidades` (`idlocalidades`, `nombre_localidad`, `ambito`, `municipio_idmunicipio`) VALUES (",96,Santa María,R,2,);
2,119,La Borrada,R,"INSERT INTO `mydb`.`localidades` (`idlocalidades`, `nombre_localidad`, `ambito`, `municipio_idmunicipio`) VALUES (",98,Buenavista,R,2,);
2,120,San Judas Tadeo (La Treinta y Uno),R,"INSERT INTO `mydb`.`localidades` (`idlocalidades`, `nombre_localidad`, `ambito`, `municipio_idmunicipio`) VALUES (",107,El Consuelo,R,2,);
2,121,El Palmar,R,"INSERT INTO `mydb`.`localidades` (`idlocalidades`, `nombre_localidad`, `ambito`, `municipio_idmunicipio`) VALUES (",108,La Chulita,R,2,);
2,122,Agua Chile [Mina],R,"INSERT INTO `mydb`.`localidades` (`idlocalidades`, `nombre_localidad`, `ambito`, `municipio_idmunicipio`) VALUES (",112,La Pileta,R,2,);
2,124,El Alambre,R,"INSERT INTO `mydb`.`localidades` (`idlocalidades`, `nombre_localidad`, `ambito`, `municipio_idmunicipio`) VALUES (",119,La Borrada,R,2,);
2,125,Altamira,R,"INSERT INTO `mydb`.`localidades` (`idlocalidades`, `nombre_localidad`, `ambito`, `municipio_idmunicipio`) VALUES (",120,San Judas Tadeo (La Treinta y Uno),R,2,);
2,134,El Buey,R,"INSERT INTO `mydb`.`localidades` (`idlocalidades`, `nombre_localidad`, `ambito`, `municipio_idmunicipio`) VALUES (",121,El Palmar,R,2,);
2,135,El Caballo,R,"INSERT INTO `mydb`.`localidades` (`idlocalidades`, `nombre_localidad`, `ambito`, `municipio_idmunicipio`) VALUES (",122,Agua Chile [Mina],R,2,);
2,138,Calles,R,"INSERT INTO `mydb`.`localidades` (`idlocalidades`, `nombre_localidad`, `ambito`, `municipio_idmunicipio`) VALUES (",124,El Alambre,R,2,);
2,139,Ninguno [Estación de Salvamento],R,"INSERT INTO `mydb`.`localidades` (`idlocalidades`, `nombre_localidad`, `ambito`, `municipio_idmunicipio`) VALUES (",125,Altamira,R,2,);
2,143,Casa Blanca (Cerro el Salado),R,"INSERT INTO `mydb`.`localidades` (`idlocalidades`, `nombre_localidad`, `ambito`, `municipio_idmunicipio`) VALUES (",134,El Buey,R,2,);
2,145,Acalachi,R,"INSERT INTO `mydb`.`localidades` (`idlocalidades`, `nombre_localidad`, `ambito`, `municipio_idmunicipio`) VALUES (",135,El Caballo,R,2,);
2,148,La Chuparrosa,R,"INSERT INTO `mydb`.`localidades` (`idlocalidades`, `nombre_localidad`, `ambito`, `municipio_idmunicipio`) VALUES (",138,Calles,R,2,);
2,149,El Cinco,R,"INSERT INTO `mydb`.`localidades` (`idlocalidades`, `nombre_localidad`, `ambito`, `municipio_idmunicipio`) VALUES (",139,Ninguno [Estación de Salvamento],R,2,);
2,151,Conchos,R,"INSERT INTO `mydb`.`localidades` (`idlocalidades`, `nombre_localidad`, `ambito`, `municipio_idmunicipio`) VALUES (",143,Casa Blanca (Cerro el Salado),R,2,);
2,156,Cenobio Uribe Zapata (Las Cuevas),R,"INSERT INTO `mydb`.`localidades` (`idlocalidades`, `nombre_localidad`, `ambito`, `municipio_idmunicipio`) VALUES (",145,Acalachi,R,2,);
2,160,Ramiro Guzmán,R,"INSERT INTO `mydb`.`localidades` (`idlocalidades`, `nombre_localidad`, `ambito`, `municipio_idmunicipio`) VALUES (",148,La Chuparrosa,R,2,);
2,161,La Mona,R,"INSERT INTO `mydb`.`localidades` (`idlocalidades`, `nombre_localidad`, `ambito`, `municipio_idmunicipio`) VALUES (",149,El Cinco,R,2,);
2,162,La Fortuna,R,"INSERT INTO `mydb`.`localidades` (`idlocalidades`, `nombre_localidad`, `ambito`, `municipio_idmunicipio`) VALUES (",151,Conchos,R,2,);
2,165,Las Glorias,R,"INSERT INTO `mydb`.`localidades` (`idlocalidades`, `nombre_localidad`, `ambito`, `municipio_idmunicipio`) VALUES (",156,Cenobio Uribe Zapata (Las Cuevas),R,2,);
2,166,Alfonso González (Los González),R,"INSERT INTO `mydb`.`localidades` (`idlocalidades`, `nombre_localidad`, `ambito`, `municipio_idmunicipio`) VALUES (",160,Ramiro Guzmán,R,2,);
2,167,La Herradura,R,"INSERT INTO `mydb`.`localidades` (`idlocalidades`, `nombre_localidad`, `ambito`, `municipio_idmunicipio`) VALUES (",161,La Mona,R,2,);
2,169,José Salinas Sánchez,R,"INSERT INTO `mydb`.`localidades` (`idlocalidades`, `nombre_localidad`, `ambito`, `municipio_idmunicipio`) VALUES (",162,La Fortuna,R,2,);
2,171,Los Indios,R,"INSERT INTO `mydb`.`localidades` (`idlocalidades`, `nombre_localidad`, `ambito`, `municipio_idmunicipio`) VALUES (",165,Las Glorias,R,2,);
2,176,Las Norias,R,"INSERT INTO `mydb`.`localidades` (`idlocalidades`, `nombre_localidad`, `ambito`, `municipio_idmunicipio`) VALUES (",166,Alfonso González (Los González),R,2,);
2,177,Mesas Coloradas,R,"INSERT INTO `mydb`.`localidades` (`idlocalidades`, `nombre_localidad`, `ambito`, `municipio_idmunicipio`) VALUES (",167,La Herradura,R,2,);
2,178,El Mirador,R,"INSERT INTO `mydb`.`localidades` (`idlocalidades`, `nombre_localidad`, `ambito`, `municipio_idmunicipio`) VALUES (",169,José Salinas Sánchez,R,2,);
2,183,Noria el Cíbolo (El Cíbolito),R,"INSERT INTO `mydb`.`localidades` (`idlocalidades`, `nombre_localidad`, `ambito`, `municipio_idmunicipio`) VALUES (",171,Los Indios,R,2,);
2,184,La Noria del Palmar,R,"INSERT INTO `mydb`.`localidades` (`idlocalidades`, `nombre_localidad`, `ambito`, `municipio_idmunicipio`) VALUES (",176,Las Norias,R,2,);
2,187,La Panela,R,"INSERT INTO `mydb`.`localidades` (`idlocalidades`, `nombre_localidad`, `ambito`, `municipio_idmunicipio`) VALUES (",177,Mesas Coloradas,R,2,);
2,188,El Paraíso,R,"INSERT INTO `mydb`.`localidades` (`idlocalidades`, `nombre_localidad`, `ambito`, `municipio_idmunicipio`) VALUES (",178,El Mirador,R,2,);
2,191,La Peña,R,"INSERT INTO `mydb`.`localidades` (`idlocalidades`, `nombre_localidad`, `ambito`, `municipio_idmunicipio`) VALUES (",183,Noria el Cíbolo (El Cíbolito),R,2,);
2,192,Piedra Azul,R,"INSERT INTO `mydb`.`localidades` (`idlocalidades`, `nombre_localidad`, `ambito`, `municipio_idmunicipio`) VALUES (",184,La Noria del Palmar,R,2,);
2,193,Piedra Blanca,R,"INSERT INTO `mydb`.`localidades` (`idlocalidades`, `nombre_localidad`, `ambito`, `municipio_idmunicipio`) VALUES (",187,La Panela,R,2,);
2,195,La Pirámide Vieja,R,"INSERT INTO `mydb`.`localidades` (`idlocalidades`, `nombre_localidad`, `ambito`, `municipio_idmunicipio`) VALUES (",188,El Paraíso,R,2,);
2,196,La Pistola,R,"INSERT INTO `mydb`.`localidades` (`idlocalidades`, `nombre_localidad`, `ambito`, `municipio_idmunicipio`) VALUES (",191,La Peña,R,2,);
2,198,El Puesto Hípico (El Potrero),R,"INSERT INTO `mydb`.`localidades` (`idlocalidades`, `nombre_localidad`, `ambito`, `municipio_idmunicipio`) VALUES (",192,Piedra Azul,R,2,);
2,203,El Oso (La Rosita),R,"INSERT INTO `mydb`.`localidades` (`idlocalidades`, `nombre_localidad`, `ambito`, `municipio_idmunicipio`) VALUES (",193,Piedra Blanca,R,2,);
2,207,Santa Catalina,R,"INSERT INTO `mydb`.`localidades` (`idlocalidades`, `nombre_localidad`, `ambito`, `municipio_idmunicipio`) VALUES (",195,La Pirámide Vieja,R,2,);
2,210,San Gustavo,R,"INSERT INTO `mydb`.`localidades` (`idlocalidades`, `nombre_localidad`, `ambito`, `municipio_idmunicipio`) VALUES (",196,La Pistola,R,2,);
2,213,El Faisán,R,"INSERT INTO `mydb`.`localidades` (`idlocalidades`, `nombre_localidad`, `ambito`, `municipio_idmunicipio`) VALUES (",198,El Puesto Hípico (El Potrero),R,2,);
2,215,La Comisaría (San Rosendo),R,"INSERT INTO `mydb`.`localidades` (`idlocalidades`, `nombre_localidad`, `ambito`, `municipio_idmunicipio`) VALUES (",203,El Oso (La Rosita),R,2,);
2,218,La Cruz,R,"INSERT INTO `mydb`.`localidades` (`idlocalidades`, `nombre_localidad`, `ambito`, `municipio_idmunicipio`) VALUES (",207,Santa Catalina,R,2,);
2,219,Santa Margarita,R,"INSERT INTO `mydb`.`localidades` (`idlocalidades`, `nombre_localidad`, `ambito`, `municipio_idmunicipio`) VALUES (",210,San Gustavo,R,2,);
2,220,Santa María,R,"INSERT INTO `mydb`.`localidades` (`idlocalidades`, `nombre_localidad`, `ambito`, `municipio_idmunicipio`) VALUES (",213,El Faisán,R,2,);
2,226,El Solito,R,"INSERT INTO `mydb`.`localidades` (`idlocalidades`, `nombre_localidad`, `ambito`, `municipio_idmunicipio`) VALUES (",215,La Comisaría (San Rosendo),R,2,);
2,228,La Tinaja,R,"INSERT INTO `mydb`.`localidades` (`idlocalidades`, `nombre_localidad`, `ambito`, `municipio_idmunicipio`) VALUES (",218,La Cruz,R,2,);
2,229,Los Papalotes,R,"INSERT INTO `mydb`.`localidades` (`idlocalidades`, `nombre_localidad`, `ambito`, `municipio_idmunicipio`) VALUES (",219,Santa Margarita,R,2,);
2,234,La Venada,R,"INSERT INTO `mydb`.`localidades` (`idlocalidades`, `nombre_localidad`, `ambito`, `municipio_idmunicipio`) VALUES (",220,Santa María,R,2,);
2,238,Viento Negro,R,"INSERT INTO `mydb`.`localidades` (`idlocalidades`, `nombre_localidad`, `ambito`, `municipio_idmunicipio`) VALUES (",226,El Solito,R,2,);
2,239,La Virgen,R,"INSERT INTO `mydb`.`localidades` (`idlocalidades`, `nombre_localidad`, `ambito`, `municipio_idmunicipio`) VALUES (",228,La Tinaja,R,2,);
2,249,Juana Hernández Lozano (La Palapa),R,"INSERT INTO `mydb`.`localidades` (`idlocalidades`, `nombre_localidad`, `ambito`, `municipio_idmunicipio`) VALUES (",229,Los Papalotes,R,2,);
2,258,Los Corrales,R,"INSERT INTO `mydb`.`localidades` (`idlocalidades`, `nombre_localidad`, `ambito`, `municipio_idmunicipio`) VALUES (",234,La Venada,R,2,);
2,259,Los Laureles,R,"INSERT INTO `mydb`.`localidades` (`idlocalidades`, `nombre_localidad`, `ambito`, `municipio_idmunicipio`) VALUES (",238,Viento Negro,R,2,);
2,265,Doctor Narváez (La Pila),R,"INSERT INTO `mydb`.`localidades` (`idlocalidades`, `nombre_localidad`, `ambito`, `municipio_idmunicipio`) VALUES (",239,La Virgen,R,2,);
2,266,Manuel González (El Trébol),R,"INSERT INTO `mydb`.`localidades` (`idlocalidades`, `nombre_localidad`, `ambito`, `municipio_idmunicipio`) VALUES (",249,Juana Hernández Lozano (La Palapa),R,2,);
2,267,El Mosco (George Hargrove),R,"INSERT INTO `mydb`.`localidades` (`idlocalidades`, `nombre_localidad`, `ambito`, `municipio_idmunicipio`) VALUES (",258,Los Corrales,R,2,);
2,268,La Palma (La Noria),R,"INSERT INTO `mydb`.`localidades` (`idlocalidades`, `nombre_localidad`, `ambito`, `municipio_idmunicipio`) VALUES (",259,Los Laureles,R,2,);
2,270,La Salada,R,"INSERT INTO `mydb`.`localidades` (`idlocalidades`, `nombre_localidad`, `ambito`, `municipio_idmunicipio`) VALUES (",265,Doctor Narváez (La Pila),R,2,);
2,271,San Agustín,R,"INSERT INTO `mydb`.`localidades` (`idlocalidades`, `nombre_localidad`, `ambito`, `municipio_idmunicipio`) VALUES (",266,Manuel González (El Trébol),R,2,);
2,275,Francisco Villa,R,"INSERT INTO `mydb`.`localidades` (`idlocalidades`, `nombre_localidad`, `ambito`, `municipio_idmunicipio`) VALUES (",267,El Mosco (George Hargrove),R,2,);
2,279,Reinol Torralba Múzquiz,R,"INSERT INTO `mydb`.`localidades` (`idlocalidades`, `nombre_localidad`, `ambito`, `municipio_idmunicipio`) VALUES (",268,La Palma (La Noria),R,2,);
2,281,Playa Tláloc,R,"INSERT INTO `mydb`.`localidades` (`idlocalidades`, `nombre_localidad`, `ambito`, `municipio_idmunicipio`) VALUES (",270,La Salada,R,2,);
2,284,Francisco Silva Hernández,R,"INSERT INTO `mydb`.`localidades` (`idlocalidades`, `nombre_localidad`, `ambito`, `municipio_idmunicipio`) VALUES (",271,San Agustín,R,2,);
2,286,José Eduardo Ramón Valdez,R,"INSERT INTO `mydb`.`localidades` (`idlocalidades`, `nombre_localidad`, `ambito`, `municipio_idmunicipio`) VALUES (",275,Francisco Villa,R,2,);
2,290,Oscar Jiménez,R,"INSERT INTO `mydb`.`localidades` (`idlocalidades`, `nombre_localidad`, `ambito`, `municipio_idmunicipio`) VALUES (",279,Reinol Torralba Múzquiz,R,2,);
2,292,Juan Luis Sánchez (La Vega),R,"INSERT INTO `mydb`.`localidades` (`idlocalidades`, `nombre_localidad`, `ambito`, `municipio_idmunicipio`) VALUES (",281,Playa Tláloc,R,2,);
2,295,Enrique Bernal Ortiz,R,"INSERT INTO `mydb`.`localidades` (`idlocalidades`, `nombre_localidad`, `ambito`, `municipio_idmunicipio`) VALUES (",284,Francisco Silva Hernández,R,2,);
2,298,Salvador Rodríguez Garza (Los Novillos),R,"INSERT INTO `mydb`.`localidades` (`idlocalidades`, `nombre_localidad`, `ambito`, `municipio_idmunicipio`) VALUES (",286,José Eduardo Ramón Valdez,R,2,);
2,299,Evaristo Lenin Pérez Rivera,R,"INSERT INTO `mydb`.`localidades` (`idlocalidades`, `nombre_localidad`, `ambito`, `municipio_idmunicipio`) VALUES (",290,Oscar Jiménez,R,2,);
2,301,Francisco Pérez Escalante,R,"INSERT INTO `mydb`.`localidades` (`idlocalidades`, `nombre_localidad`, `ambito`, `municipio_idmunicipio`) VALUES (",292,Juan Luis Sánchez (La Vega),R,2,);
2,304,Baltazar Ramírez Linares,R,"INSERT INTO `mydb`.`localidades` (`idlocalidades`, `nombre_localidad`, `ambito`, `municipio_idmunicipio`) VALUES (",295,Enrique Bernal Ortiz,R,2,);
2,305,El Capricho,R,"INSERT INTO `mydb`.`localidades` (`idlocalidades`, `nombre_localidad`, `ambito`, `municipio_idmunicipio`) VALUES (",298,Salvador Rodríguez Garza (Los Novillos),R,2,);
2,306,El Castillo,R,"INSERT INTO `mydb`.`localidades` (`idlocalidades`, `nombre_localidad`, `ambito`, `municipio_idmunicipio`) VALUES (",299,Evaristo Lenin Pérez Rivera,R,2,);
2,307,Domingo Sandate López,R,"INSERT INTO `mydb`.`localidades` (`idlocalidades`, `nombre_localidad`, `ambito`, `municipio_idmunicipio`) VALUES (",301,Francisco Pérez Escalante,R,2,);
2,308,La Presita,R,"INSERT INTO `mydb`.`localidades` (`idlocalidades`, `nombre_localidad`, `ambito`, `municipio_idmunicipio`) VALUES (",304,Baltazar Ramírez Linares,R,2,);
2,309,Rancho de Contreras,R,"INSERT INTO `mydb`.`localidades` (`idlocalidades`, `nombre_localidad`, `ambito`, `municipio_idmunicipio`) VALUES (",305,El Capricho,R,2,);
2,310,Gaspar Balderas Faz,R,"INSERT INTO `mydb`.`localidades` (`idlocalidades`, `nombre_localidad`, `ambito`, `municipio_idmunicipio`) VALUES (",306,El Castillo,R,2,);
2,311,Campamento Getsemaní,R,"INSERT INTO `mydb`.`localidades` (`idlocalidades`, `nombre_localidad`, `ambito`, `municipio_idmunicipio`) VALUES (",307,Domingo Sandate López,R,2,);
2,312,Martina Delgado Flores,R,"INSERT INTO `mydb`.`localidades` (`idlocalidades`, `nombre_localidad`, `ambito`, `municipio_idmunicipio`) VALUES (",308,La Presita,R,2,);
2,313,José Muñoz,R,"INSERT INTO `mydb`.`localidades` (`idlocalidades`, `nombre_localidad`, `ambito`, `municipio_idmunicipio`) VALUES (",309,Rancho de Contreras,R,2,);
2,314,Juan Manuel Rodríguez,R,"INSERT INTO `mydb`.`localidades` (`idlocalidades`, `nombre_localidad`, `ambito`, `municipio_idmunicipio`) VALUES (",310,Gaspar Balderas Faz,R,2,);
2,315,El Campanario (Samuel Flores) [Lienzo Charro],R,"INSERT INTO `mydb`.`localidades` (`idlocalidades`, `nombre_localidad`, `ambito`, `municipio_idmunicipio`) VALUES (",311,Campamento Getsemaní,R,2,);
2,316,Manuel Zapata Espinoza,R,"INSERT INTO `mydb`.`localidades` (`idlocalidades`, `nombre_localidad`, `ambito`, `municipio_idmunicipio`) VALUES (",312,Martina Delgado Flores,R,2,);
2,317,Villa Real (Marcos Villarreal),R,"INSERT INTO `mydb`.`localidades` (`idlocalidades`, `nombre_localidad`, `ambito`, `municipio_idmunicipio`) VALUES (",313,José Muñoz,R,2,);
2,318,María Élida Parga de Rodríguez,R,"INSERT INTO `mydb`.`localidades` (`idlocalidades`, `nombre_localidad`, `ambito`, `municipio_idmunicipio`) VALUES (",314,Juan Manuel Rodríguez,R,2,);
2,319,Los Jaramillo,R,"INSERT INTO `mydb`.`localidades` (`idlocalidades`, `nombre_localidad`, `ambito`, `municipio_idmunicipio`) VALUES (",315,El Campanario (Samuel Flores) [Lienzo Charro],R,2,);
2,320,Patricia Guerrero (El Castillo),R,"INSERT INTO `mydb`.`localidades` (`idlocalidades`, `nombre_localidad`, `ambito`, `municipio_idmunicipio`) VALUES (",316,Manuel Zapata Espinoza,R,2,);
2,322,Los Ponce,R,"INSERT INTO `mydb`.`localidades` (`idlocalidades`, `nombre_localidad`, `ambito`, `municipio_idmunicipio`) VALUES (",317,Villa Real (Marcos Villarreal),R,2,);
2,324,Rafael Contreras Lira,R,"INSERT INTO `mydb`.`localidades` (`idlocalidades`, `nombre_localidad`, `ambito`, `municipio_idmunicipio`) VALUES (",318,María Élida Parga de Rodríguez,R,2,);
2,325,San Isidro,R,"INSERT INTO `mydb`.`localidades` (`idlocalidades`, `nombre_localidad`, `ambito`, `municipio_idmunicipio`) VALUES (",319,Los Jaramillo,R,2,);
2,326,El Castillo (Vicente Godina Balderas),R,"INSERT INTO `mydb`.`localidades` (`idlocalidades`, `nombre_localidad`, `ambito`, `municipio_idmunicipio`) VALUES (",320,Patricia Guerrero (El Castillo),R,2,);
2,327,Pedro Zapata Rangel (La Esmeralda),R,"INSERT INTO `mydb`.`localidades` (`idlocalidades`, `nombre_localidad`, `ambito`, `municipio_idmunicipio`) VALUES (",322,Los Ponce,R,2,);
2,328,Eleodoro García Maldonado,R,"INSERT INTO `mydb`.`localidades` (`idlocalidades`, `nombre_localidad`, `ambito`, `municipio_idmunicipio`) VALUES (",324,Rafael Contreras Lira,R,2,);
2,329,Pablo Paz Gómez,R,"INSERT INTO `mydb`.`localidades` (`idlocalidades`, `nombre_localidad`, `ambito`, `municipio_idmunicipio`) VALUES (",325,San Isidro,R,2,);
2,330,Evangelina Lino,R,"INSERT INTO `mydb`.`localidades` (`idlocalidades`, `nombre_localidad`, `ambito`, `municipio_idmunicipio`) VALUES (",326,El Castillo (Vicente Godina Balderas),R,2,);
2,331,Felícitas Colunga,R,"INSERT INTO `mydb`.`localidades` (`idlocalidades`, `nombre_localidad`, `ambito`, `municipio_idmunicipio`) VALUES (",327,Pedro Zapata Rangel (La Esmeralda),R,2,);
2,332,La Escondida,R,"INSERT INTO `mydb`.`localidades` (`idlocalidades`, `nombre_localidad`, `ambito`, `municipio_idmunicipio`) VALUES (",328,Eleodoro García Maldonado,R,2,);
2,333,Ninguno [Sociedad Cooperativa de Pescadores],R,"INSERT INTO `mydb`.`localidades` (`idlocalidades`, `nombre_localidad`, `ambito`, `municipio_idmunicipio`) VALUES (",329,Pablo Paz Gómez,R,2,);
2,334,Beck [Aceros],R,"INSERT INTO `mydb`.`localidades` (`idlocalidades`, `nombre_localidad`, `ambito`, `municipio_idmunicipio`) VALUES (",330,Evangelina Lino,R,2,);
2,335,Miguel Muñiz,R,"INSERT INTO `mydb`.`localidades` (`idlocalidades`, `nombre_localidad`, `ambito`, `municipio_idmunicipio`) VALUES (",331,Felícitas Colunga,R,2,);
2,336,Raúl López (Lote Ciento Doce B),R,"INSERT INTO `mydb`.`localidades` (`idlocalidades`, `nombre_localidad`, `ambito`, `municipio_idmunicipio`) VALUES (",332,La Escondida,R,2,);
2,338,Maravillas,R,"INSERT INTO `mydb`.`localidades` (`idlocalidades`, `nombre_localidad`, `ambito`, `municipio_idmunicipio`) VALUES (",333,Ninguno [Sociedad Cooperativa de Pescadores],R,2,);
2,339,Eva Ramírez de Flores,R,"INSERT INTO `mydb`.`localidades` (`idlocalidades`, `nombre_localidad`, `ambito`, `municipio_idmunicipio`) VALUES (",334,Beck [Aceros],R,2,);
2,340,Reynaldo Villavicencio (La Chuparrosa),R,"INSERT INTO `mydb`.`localidades` (`idlocalidades`, `nombre_localidad`, `ambito`, `municipio_idmunicipio`) VALUES (",335,Miguel Muñiz,R,2,);
2,341,La Palapa,R,"INSERT INTO `mydb`.`localidades` (`idlocalidades`, `nombre_localidad`, `ambito`, `municipio_idmunicipio`) VALUES (",336,Raúl López (Lote Ciento Doce B),R,2,);
2,342,El Coyote,R,"INSERT INTO `mydb`.`localidades` (`idlocalidades`, `nombre_localidad`, `ambito`, `municipio_idmunicipio`) VALUES (",338,Maravillas,R,2,);
2,344,Las Cuevas,R,"INSERT INTO `mydb`.`localidades` (`idlocalidades`, `nombre_localidad`, `ambito`, `municipio_idmunicipio`) VALUES (",339,Eva Ramírez de Flores,R,2,);
2,345,Samuel Lee,R,"INSERT INTO `mydb`.`localidades` (`idlocalidades`, `nombre_localidad`, `ambito`, `municipio_idmunicipio`) VALUES (",340,Reynaldo Villavicencio (La Chuparrosa),R,2,);
2,346,Palito Verde,R,"INSERT INTO `mydb`.`localidades` (`idlocalidades`, `nombre_localidad`, `ambito`, `municipio_idmunicipio`) VALUES (",341,La Palapa,R,2,);
2,347,La Mula,R,"INSERT INTO `mydb`.`localidades` (`idlocalidades`, `nombre_localidad`, `ambito`, `municipio_idmunicipio`) VALUES (",342,El Coyote,R,2,);
2,349,La Copa,R,"INSERT INTO `mydb`.`localidades` (`idlocalidades`, `nombre_localidad`, `ambito`, `municipio_idmunicipio`) VALUES (",344,Las Cuevas,R,2,);
2,350,El Ocho,R,"INSERT INTO `mydb`.`localidades` (`idlocalidades`, `nombre_localidad`, `ambito`, `municipio_idmunicipio`) VALUES (",345,Samuel Lee,R,2,);
2,353,La Aviación,R,"INSERT INTO `mydb`.`localidades` (`idlocalidades`, `nombre_localidad`, `ambito`, `municipio_idmunicipio`) VALUES (",346,Palito Verde,R,2,);
2,354,Loma Blanca,R,"INSERT INTO `mydb`.`localidades` (`idlocalidades`, `nombre_localidad`, `ambito`, `municipio_idmunicipio`) VALUES (",347,La Mula,R,2,);
2,355,El Cíbolo,R,"INSERT INTO `mydb`.`localidades` (`idlocalidades`, `nombre_localidad`, `ambito`, `municipio_idmunicipio`) VALUES (",349,La Copa,R,2,);
2,356,El Hangar (La Chulita),R,"INSERT INTO `mydb`.`localidades` (`idlocalidades`, `nombre_localidad`, `ambito`, `municipio_idmunicipio`) VALUES (",350,El Ocho,R,2,);
2,357,El Uno (La Chulita),R,"INSERT INTO `mydb`.`localidades` (`idlocalidades`, `nombre_localidad`, `ambito`, `municipio_idmunicipio`) VALUES (",353,La Aviación,R,2,);
2,358,El Burro,R,"INSERT INTO `mydb`.`localidades` (`idlocalidades`, `nombre_localidad`, `ambito`, `municipio_idmunicipio`) VALUES (",354,Loma Blanca,R,2,);
2,359,Las Vacas,R,"INSERT INTO `mydb`.`localidades` (`idlocalidades`, `nombre_localidad`, `ambito`, `municipio_idmunicipio`) VALUES (",355,El Cíbolo,R,2,);
2,360,Las Margaritas,R,"INSERT INTO `mydb`.`localidades` (`idlocalidades`, `nombre_localidad`, `ambito`, `municipio_idmunicipio`) VALUES (",356,El Hangar (La Chulita),R,2,);
2,361,Feliciano Hernández Esqueda,R,"INSERT INTO `mydb`.`localidades` (`idlocalidades`, `nombre_localidad`, `ambito`, `municipio_idmunicipio`) VALUES (",357,El Uno (La Chulita),R,2,);
2,362,Sunem (Los Hermanos),R,"INSERT INTO `mydb`.`localidades` (`idlocalidades`, `nombre_localidad`, `ambito`, `municipio_idmunicipio`) VALUES (",358,El Burro,R,2,);
2,363,José Luis Hernández,R,"INSERT INTO `mydb`.`localidades` (`idlocalidades`, `nombre_localidad`, `ambito`, `municipio_idmunicipio`) VALUES (",359,Las Vacas,R,2,);
2,364,Melitón Sánchez Torres,R,"INSERT INTO `mydb`.`localidades` (`idlocalidades`, `nombre_localidad`, `ambito`, `municipio_idmunicipio`) VALUES (",360,Las Margaritas,R,2,);
2,365,Jaime Sánchez Torres,R,"INSERT INTO `mydb`.`localidades` (`idlocalidades`, `nombre_localidad`, `ambito`, `municipio_idmunicipio`) VALUES (",361,Feliciano Hernández Esqueda,R,2,);
2,366,Javier Cárdenas,R,"INSERT INTO `mydb`.`localidades` (`idlocalidades`, `nombre_localidad`, `ambito`, `municipio_idmunicipio`) VALUES (",362,Sunem (Los Hermanos),R,2,);
2,368,La Margarita,R,"INSERT INTO `mydb`.`localidades` (`idlocalidades`, `nombre_localidad`, `ambito`, `municipio_idmunicipio`) VALUES (",363,José Luis Hernández,R,2,);
2,370,La Sierra (Los Vaqueros),R,"INSERT INTO `mydb`.`localidades` (`idlocalidades`, `nombre_localidad`, `ambito`, `municipio_idmunicipio`) VALUES (",364,Melitón Sánchez Torres,R,2,);
2,373,Jesús Moreno Galicia (Las Cuevas),R,"INSERT INTO `mydb`.`localidades` (`idlocalidades`, `nombre_localidad`, `ambito`, `municipio_idmunicipio`) VALUES (",365,Jaime Sánchez Torres,R,2,);
2,375,Los Fernández [Granja],R,"INSERT INTO `mydb`.`localidades` (`idlocalidades`, `nombre_localidad`, `ambito`, `municipio_idmunicipio`) VALUES (",366,Javier Cárdenas,R,2,);
2,376,La Nogalera,R,"INSERT INTO `mydb`.`localidades` (`idlocalidades`, `nombre_localidad`, `ambito`, `municipio_idmunicipio`) VALUES (",368,La Margarita,R,2,);
2,377,Omar Pimentel Rodríguez,R,"INSERT INTO `mydb`.`localidades` (`idlocalidades`, `nombre_localidad`, `ambito`, `municipio_idmunicipio`) VALUES (",370,La Sierra (Los Vaqueros),R,2,);
2,378,Juan Francisco Ramírez Garza,R,"INSERT INTO `mydb`.`localidades` (`idlocalidades`, `nombre_localidad`, `ambito`, `municipio_idmunicipio`) VALUES (",373,Jesús Moreno Galicia (Las Cuevas),R,2,);
2,379,Agua Chile (Doctora Olga),R,"INSERT INTO `mydb`.`localidades` (`idlocalidades`, `nombre_localidad`, `ambito`, `municipio_idmunicipio`) VALUES (",375,Los Fernández [Granja],R,2,);
2,380,Pico de Altamira,R,"INSERT INTO `mydb`.`localidades` (`idlocalidades`, `nombre_localidad`, `ambito`, `municipio_idmunicipio`) VALUES (",376,La Nogalera,R,2,);
2,381,Sion (Antonio Maeda),R,"INSERT INTO `mydb`.`localidades` (`idlocalidades`, `nombre_localidad`, `ambito`, `municipio_idmunicipio`) VALUES (",377,Omar Pimentel Rodríguez,R,2,);
2,382,Santa María (Justo Pérez),R,"INSERT INTO `mydb`.`localidades` (`idlocalidades`, `nombre_localidad`, `ambito`, `municipio_idmunicipio`) VALUES (",378,Juan Francisco Ramírez Garza,R,2,);
2,383,María del Rosario Flores Aguirre,R,"INSERT INTO `mydb`.`localidades` (`idlocalidades`, `nombre_localidad`, `ambito`, `municipio_idmunicipio`) VALUES (",379,Agua Chile (Doctora Olga),R,2,);
2,384,Alejandra 138-A (Carlos Flores López),R,"INSERT INTO `mydb`.`localidades` (`idlocalidades`, `nombre_localidad`, `ambito`, `municipio_idmunicipio`) VALUES (",380,Pico de Altamira,R,2,);
2,385,Abelardo Pérez Colunga,R,"INSERT INTO `mydb`.`localidades` (`idlocalidades`, `nombre_localidad`, `ambito`, `municipio_idmunicipio`) VALUES (",381,Sion (Antonio Maeda),R,2,);
2,386,Oscar Rodríguez,R,"INSERT INTO `mydb`.`localidades` (`idlocalidades`, `nombre_localidad`, `ambito`, `municipio_idmunicipio`) VALUES (",382,Santa María (Justo Pérez),R,2,);
2,388,Señor Robles,R,"INSERT INTO `mydb`.`localidades` (`idlocalidades`, `nombre_localidad`, `ambito`, `municipio_idmunicipio`) VALUES (",383,María del Rosario Flores Aguirre,R,2,);
2,389,El Venado,R,"INSERT INTO `mydb`.`localidades` (`idlocalidades`, `nombre_localidad`, `ambito`, `municipio_idmunicipio`) VALUES (",384,Alejandra 138-A (Carlos Flores López),R,2,);
2,390,San Antonio (Campo San Antonio),R,"INSERT INTO `mydb`.`localidades` (`idlocalidades`, `nombre_localidad`, `ambito`, `municipio_idmunicipio`) VALUES (",385,Abelardo Pérez Colunga,R,2,);
2,392,Guadalupe Mendoza Rodríguez,R,"INSERT INTO `mydb`.`localidades` (`idlocalidades`, `nombre_localidad`, `ambito`, `municipio_idmunicipio`) VALUES (",386,Oscar Rodríguez,R,2,);
2,393,Juan Mendoza Rodríguez (Las Cuatas),R,"INSERT INTO `mydb`.`localidades` (`idlocalidades`, `nombre_localidad`, `ambito`, `municipio_idmunicipio`) VALUES (",388,Señor Robles,R,2,);
2,394,Eliseo Chaires Rodríguez (La Esmeralda),R,"INSERT INTO `mydb`.`localidades` (`idlocalidades`, `nombre_localidad`, `ambito`, `municipio_idmunicipio`) VALUES (",389,El Venado,R,2,);
2,395,Teodoro Rodríguez,R,"INSERT INTO `mydb`.`localidades` (`idlocalidades`, `nombre_localidad`, `ambito`, `municipio_idmunicipio`) VALUES (",390,San Antonio (Campo San Antonio),R,2,);
2,396,El Pilar (José Flores García),R,"INSERT INTO `mydb`.`localidades` (`idlocalidades`, `nombre_localidad`, `ambito`, `municipio_idmunicipio`) VALUES (",392,Guadalupe Mendoza Rodríguez,R,2,);
2,397,San José,R,"INSERT INTO `mydb`.`localidades` (`idlocalidades`, `nombre_localidad`, `ambito`, `municipio_idmunicipio`) VALUES (",393,Juan Mendoza Rodríguez (Las Cuatas),R,2,);
2,402,La Casa de la Película,R,"INSERT INTO `mydb`.`localidades` (`idlocalidades`, `nombre_localidad`, `ambito`, `municipio_idmunicipio`) VALUES (",394,Eliseo Chaires Rodríguez (La Esmeralda),R,2,);
2,403,Esperanza [Casa Hogar],R,"INSERT INTO `mydb`.`localidades` (`idlocalidades`, `nombre_localidad`, `ambito`, `municipio_idmunicipio`) VALUES (",395,Teodoro Rodríguez,R,2,);
2,405,El Teniente,R,"INSERT INTO `mydb`.`localidades` (`idlocalidades`, `nombre_localidad`, `ambito`, `municipio_idmunicipio`) VALUES (",396,El Pilar (José Flores García),R,2,);
2,407,Alberto Peña (Lote Ciento Doce A),R,"INSERT INTO `mydb`.`localidades` (`idlocalidades`, `nombre_localidad`, `ambito`, `municipio_idmunicipio`) VALUES (",397,San José,R,2,);
2,408,Alfinio Flores,R,"INSERT INTO `mydb`.`localidades` (`idlocalidades`, `nombre_localidad`, `ambito`, `municipio_idmunicipio`) VALUES (",402,La Casa de la Película,R,2,);
2,409,La Nogalera,R,"INSERT INTO `mydb`.`localidades` (`idlocalidades`, `nombre_localidad`, `ambito`, `municipio_idmunicipio`) VALUES (",403,Esperanza [Casa Hogar],R,2,);
2,410,Antonio Hernández Sandoval,R,"INSERT INTO `mydb`.`localidades` (`idlocalidades`, `nombre_localidad`, `ambito`, `municipio_idmunicipio`) VALUES (",405,El Teniente,R,2,);
2,411,La Candelaria,R,"INSERT INTO `mydb`.`localidades` (`idlocalidades`, `nombre_localidad`, `ambito`, `municipio_idmunicipio`) VALUES (",407,Alberto Peña (Lote Ciento Doce A),R,2,);
2,412,Carlos González Lozano,R,"INSERT INTO `mydb`.`localidades` (`idlocalidades`, `nombre_localidad`, `ambito`, `municipio_idmunicipio`) VALUES (",408,Alfinio Flores,R,2,);
2,413,Celestino Correa Galindo,R,"INSERT INTO `mydb`.`localidades` (`idlocalidades`, `nombre_localidad`, `ambito`, `municipio_idmunicipio`) VALUES (",409,La Nogalera,R,2,);
2,414,Los Corona,R,"INSERT INTO `mydb`.`localidades` (`idlocalidades`, `nombre_localidad`, `ambito`, `municipio_idmunicipio`) VALUES (",410,Antonio Hernández Sandoval,R,2,);
2,415,Patricia Rodríguez Cantú,R,"INSERT INTO `mydb`.`localidades` (`idlocalidades`, `nombre_localidad`, `ambito`, `municipio_idmunicipio`) VALUES (",411,La Candelaria,R,2,);
2,416,Doctor Efrén Navarro (El Castillo),R,"INSERT INTO `mydb`.`localidades` (`idlocalidades`, `nombre_localidad`, `ambito`, `municipio_idmunicipio`) VALUES (",412,Carlos González Lozano,R,2,);
2,417,Eduardo Ortiz García,R,"INSERT INTO `mydb`.`localidades` (`idlocalidades`, `nombre_localidad`, `ambito`, `municipio_idmunicipio`) VALUES (",413,Celestino Correa Galindo,R,2,);
2,418,Nabor Encinas Macías,R,"INSERT INTO `mydb`.`localidades` (`idlocalidades`, `nombre_localidad`, `ambito`, `municipio_idmunicipio`) VALUES (",414,Los Corona,R,2,);
2,419,La Espiga,R,"INSERT INTO `mydb`.`localidades` (`idlocalidades`, `nombre_localidad`, `ambito`, `municipio_idmunicipio`) VALUES (",415,Patricia Rodríguez Cantú,R,2,);
2,420,Eulalio Guerrero Chávez,R,"INSERT INTO `mydb`.`localidades` (`idlocalidades`, `nombre_localidad`, `ambito`, `municipio_idmunicipio`) VALUES (",416,Doctor Efrén Navarro (El Castillo),R,2,);
2,421,Ernesto Mancha Rentería (La Esmeralda),R,"INSERT INTO `mydb`.`localidades` (`idlocalidades`, `nombre_localidad`, `ambito`, `municipio_idmunicipio`) VALUES (",417,Eduardo Ortiz García,R,2,);
2,422,Gabino Montes López,R,"INSERT INTO `mydb`.`localidades` (`idlocalidades`, `nombre_localidad`, `ambito`, `municipio_idmunicipio`) VALUES (",418,Nabor Encinas Macías,R,2,);
2,423,La Esmeralda,R,"INSERT INTO `mydb`.`localidades` (`idlocalidades`, `nombre_localidad`, `ambito`, `municipio_idmunicipio`) VALUES (",419,La Espiga,R,2,);
2,424,Los Ángeles,R,"INSERT INTO `mydb`.`localidades` (`idlocalidades`, `nombre_localidad`, `ambito`, `municipio_idmunicipio`) VALUES (",420,Eulalio Guerrero Chávez,R,2,);
2,425,Jorge Fuentes,R,"INSERT INTO `mydb`.`localidades` (`idlocalidades`, `nombre_localidad`, `ambito`, `municipio_idmunicipio`) VALUES (",421,Ernesto Mancha Rentería (La Esmeralda),R,2,);
2,426,José Juan Cássio Tovar (Buenavista),R,"INSERT INTO `mydb`.`localidades` (`idlocalidades`, `nombre_localidad`, `ambito`, `municipio_idmunicipio`) VALUES (",422,Gabino Montes López,R,2,);
2,427,Manuel Argumedo Zavala,R,"INSERT INTO `mydb`.`localidades` (`idlocalidades`, `nombre_localidad`, `ambito`, `municipio_idmunicipio`) VALUES (",423,La Esmeralda,R,2,);
2,428,Jesús Eusebio Navarro Argil,R,"INSERT INTO `mydb`.`localidades` (`idlocalidades`, `nombre_localidad`, `ambito`, `municipio_idmunicipio`) VALUES (",424,Los Ángeles,R,2,);
2,429,Los Frías,R,"INSERT INTO `mydb`.`localidades` (`idlocalidades`, `nombre_localidad`, `ambito`, `municipio_idmunicipio`) VALUES (",425,Jorge Fuentes,R,2,);
2,430,Juan Hernández Sandoval,R,"INSERT INTO `mydb`.`localidades` (`idlocalidades`, `nombre_localidad`, `ambito`, `municipio_idmunicipio`) VALUES (",426,José Juan Cássio Tovar (Buenavista),R,2,);
2,431,María de la Luz Frías Enríquez (Los López),R,"INSERT INTO `mydb`.`localidades` (`idlocalidades`, `nombre_localidad`, `ambito`, `municipio_idmunicipio`) VALUES (",427,Manuel Argumedo Zavala,R,2,);
2,432,Palo Blanco,R,"INSERT INTO `mydb`.`localidades` (`idlocalidades`, `nombre_localidad`, `ambito`, `municipio_idmunicipio`) VALUES (",428,Jesús Eusebio Navarro Argil,R,2,);
2,434,Osvaldo Falcón Beltrán,R,"INSERT INTO `mydb`.`localidades` (`idlocalidades`, `nombre_localidad`, `ambito`, `municipio_idmunicipio`) VALUES (",429,Los Frías,R,2,);
2,435,Pedro Pérez Frías,R,"INSERT INTO `mydb`.`localidades` (`idlocalidades`, `nombre_localidad`, `ambito`, `municipio_idmunicipio`) VALUES (",430,Juan Hernández Sandoval,R,2,);
2,437,El Puerto (José Rodríguez Meza),R,"INSERT INTO `mydb`.`localidades` (`idlocalidades`, `nombre_localidad`, `ambito`, `municipio_idmunicipio`) VALUES (",431,María de la Luz Frías Enríquez (Los López),R,2,);
2,438,Javier Montes (José Montes),R,"INSERT INTO `mydb`.`localidades` (`idlocalidades`, `nombre_localidad`, `ambito`, `municipio_idmunicipio`) VALUES (",432,Palo Blanco,R,2,);
2,439,Raúl Cássio Hernández (Buenavista),R,"INSERT INTO `mydb`.`localidades` (`idlocalidades`, `nombre_localidad`, `ambito`, `municipio_idmunicipio`) VALUES (",434,Osvaldo Falcón Beltrán,R,2,);
2,440,Raúl Robles Cássio,R,"INSERT INTO `mydb`.`localidades` (`idlocalidades`, `nombre_localidad`, `ambito`, `municipio_idmunicipio`) VALUES (",435,Pedro Pérez Frías,R,2,);
2,441,René Lauro de Luna Fuentes,R,"INSERT INTO `mydb`.`localidades` (`idlocalidades`, `nombre_localidad`, `ambito`, `municipio_idmunicipio`) VALUES (",437,El Puerto (José Rodríguez Meza),R,2,);
2,442,María Inés López Rodríguez,R,"INSERT INTO `mydb`.`localidades` (`idlocalidades`, `nombre_localidad`, `ambito`, `municipio_idmunicipio`) VALUES (",438,Javier Montes (José Montes),R,2,);
2,443,Santa Ana (Bernardo de la Garza Hernández),R,"INSERT INTO `mydb`.`localidades` (`idlocalidades`, `nombre_localidad`, `ambito`, `municipio_idmunicipio`) VALUES (",439,Raúl Cássio Hernández (Buenavista),R,2,);
2,444,Santiago Gómez,R,"INSERT INTO `mydb`.`localidades` (`idlocalidades`, `nombre_localidad`, `ambito`, `municipio_idmunicipio`) VALUES (",440,Raúl Robles Cássio,R,2,);
2,445,Caty,R,"INSERT INTO `mydb`.`localidades` (`idlocalidades`, `nombre_localidad`, `ambito`, `municipio_idmunicipio`) VALUES (",441,René Lauro de Luna Fuentes,R,2,);
2,446,La Candelaria,R,"INSERT INTO `mydb`.`localidades` (`idlocalidades`, `nombre_localidad`, `ambito`, `municipio_idmunicipio`) VALUES (",442,María Inés López Rodríguez,R,2,);
2,447,Héctor Martínez,R,"INSERT INTO `mydb`.`localidades` (`idlocalidades`, `nombre_localidad`, `ambito`, `municipio_idmunicipio`) VALUES (",443,Santa Ana (Bernardo de la Garza Hernández),R,2,);
2,448,Agua Chile,R,"INSERT INTO `mydb`.`localidades` (`idlocalidades`, `nombre_localidad`, `ambito`, `municipio_idmunicipio`) VALUES (",444,Santiago Gómez,R,2,);
2,450,Laguna Seca,R,"INSERT INTO `mydb`.`localidades` (`idlocalidades`, `nombre_localidad`, `ambito`, `municipio_idmunicipio`) VALUES (",445,Caty,R,2,);
2,451,Manuel Salas Hernández,R,"INSERT INTO `mydb`.`localidades` (`idlocalidades`, `nombre_localidad`, `ambito`, `municipio_idmunicipio`) VALUES (",446,La Candelaria,R,2,);
2,452,Ramiro Lerma,R,"INSERT INTO `mydb`.`localidades` (`idlocalidades`, `nombre_localidad`, `ambito`, `municipio_idmunicipio`) VALUES (",447,Héctor Martínez,R,2,);
2,453,Sergio Espinoza Escobar (El Pilar),R,"INSERT INTO `mydb`.`localidades` (`idlocalidades`, `nombre_localidad`, `ambito`, `municipio_idmunicipio`) VALUES (",448,Agua Chile,R,2,);
2,454,Oscar Valdez,R,"INSERT INTO `mydb`.`localidades` (`idlocalidades`, `nombre_localidad`, `ambito`, `municipio_idmunicipio`) VALUES (",450,Laguna Seca,R,2,);
2,455,Las Torres,R,"INSERT INTO `mydb`.`localidades` (`idlocalidades`, `nombre_localidad`, `ambito`, `municipio_idmunicipio`) VALUES (",451,Manuel Salas Hernández,R,2,);
2,456,Manuel Zapata,R,"INSERT INTO `mydb`.`localidades` (`idlocalidades`, `nombre_localidad`, `ambito`, `municipio_idmunicipio`) VALUES (",452,Ramiro Lerma,R,2,);
2,458,Los Novillos,R,"INSERT INTO `mydb`.`localidades` (`idlocalidades`, `nombre_localidad`, `ambito`, `municipio_idmunicipio`) VALUES (",453,Sergio Espinoza Escobar (El Pilar),R,2,);
2,459,José Hernández Pérez,R,"INSERT INTO `mydb`.`localidades` (`idlocalidades`, `nombre_localidad`, `ambito`, `municipio_idmunicipio`) VALUES (",454,Oscar Valdez,R,2,);
2,460,Javier Contreras,R,"INSERT INTO `mydb`.`localidades` (`idlocalidades`, `nombre_localidad`, `ambito`, `municipio_idmunicipio`) VALUES (",455,Las Torres,R,2,);
2,461,Ricardo Almeda,R,"INSERT INTO `mydb`.`localidades` (`idlocalidades`, `nombre_localidad`, `ambito`, `municipio_idmunicipio`) VALUES (",456,Manuel Zapata,R,2,);
2,465,Elva Martínez Rodríguez,R,"INSERT INTO `mydb`.`localidades` (`idlocalidades`, `nombre_localidad`, `ambito`, `municipio_idmunicipio`) VALUES (",458,Los Novillos,R,2,);
2,466,La Mula,R,"INSERT INTO `mydb`.`localidades` (`idlocalidades`, `nombre_localidad`, `ambito`, `municipio_idmunicipio`) VALUES (",459,José Hernández Pérez,R,2,);
2,467,San Juan,R,"INSERT INTO `mydb`.`localidades` (`idlocalidades`, `nombre_localidad`, `ambito`, `municipio_idmunicipio`) VALUES (",460,Javier Contreras,R,2,);
2,468,Los Arcos (Humberto Pérez Ríos),R,"INSERT INTO `mydb`.`localidades` (`idlocalidades`, `nombre_localidad`, `ambito`, `municipio_idmunicipio`) VALUES (",461,Ricardo Almeda,R,2,);
2,469,Los Pájaros,R,"INSERT INTO `mydb`.`localidades` (`idlocalidades`, `nombre_localidad`, `ambito`, `municipio_idmunicipio`) VALUES (",465,Elva Martínez Rodríguez,R,2,);
2,470,La Salada,R,"INSERT INTO `mydb`.`localidades` (`idlocalidades`, `nombre_localidad`, `ambito`, `municipio_idmunicipio`) VALUES (",466,La Mula,R,2,);
2,475,El Paisano (Arturo Valdez Fuentes),R,"INSERT INTO `mydb`.`localidades` (`idlocalidades`, `nombre_localidad`, `ambito`, `municipio_idmunicipio`) VALUES (",467,San Juan,R,2,);
2,476,Armin Valdez,R,"INSERT INTO `mydb`.`localidades` (`idlocalidades`, `nombre_localidad`, `ambito`, `municipio_idmunicipio`) VALUES (",468,Los Arcos (Humberto Pérez Ríos),R,2,);
2,478,Rubén Moreira,R,"INSERT INTO `mydb`.`localidades` (`idlocalidades`, `nombre_localidad`, `ambito`, `municipio_idmunicipio`) VALUES (",469,Los Pájaros,R,2,);
2,479,Ignacio Frías Sánchez,R,"INSERT INTO `mydb`.`localidades` (`idlocalidades`, `nombre_localidad`, `ambito`, `municipio_idmunicipio`) VALUES (",470,La Salada,R,2,);
2,482,El Centinela,R,"INSERT INTO `mydb`.`localidades` (`idlocalidades`, `nombre_localidad`, `ambito`, `municipio_idmunicipio`) VALUES (",475,El Paisano (Arturo Valdez Fuentes),R,2,);
2,483,Juventina Guereca Enríquez,R,"INSERT INTO `mydb`.`localidades` (`idlocalidades`, `nombre_localidad`, `ambito`, `municipio_idmunicipio`) VALUES (",476,Armin Valdez,R,2,);
2,484,La Mula (Julián Martínez Salazar),R,"INSERT INTO `mydb`.`localidades` (`idlocalidades`, `nombre_localidad`, `ambito`, `municipio_idmunicipio`) VALUES (",478,Rubén Moreira,R,2,);
2,485,Santiago Hernández Rodríguez,R,"INSERT INTO `mydb`.`localidades` (`idlocalidades`, `nombre_localidad`, `ambito`, `municipio_idmunicipio`) VALUES (",479,Ignacio Frías Sánchez,R,2,);
2,486,Los Juanes,R,"INSERT INTO `mydb`.`localidades` (`idlocalidades`, `nombre_localidad`, `ambito`, `municipio_idmunicipio`) VALUES (",482,El Centinela,R,2,);
2,487,Ángel Santos Galindo Ramírez,R,"INSERT INTO `mydb`.`localidades` (`idlocalidades`, `nombre_localidad`, `ambito`, `municipio_idmunicipio`) VALUES (",483,Juventina Guereca Enríquez,R,2,);
2,488,Luis Galindo Ramírez,R,"INSERT INTO `mydb`.`localidades` (`idlocalidades`, `nombre_localidad`, `ambito`, `municipio_idmunicipio`) VALUES (",484,La Mula (Julián Martínez Salazar),R,2,);
2,489,Jesús Mendoza Rodríguez,R,"INSERT INTO `mydb`.`localidades` (`idlocalidades`, `nombre_localidad`, `ambito`, `municipio_idmunicipio`) VALUES (",485,Santiago Hernández Rodríguez,R,2,);
2,490,Salome Galindo Cárdenas,R,"INSERT INTO `mydb`.`localidades` (`idlocalidades`, `nombre_localidad`, `ambito`, `municipio_idmunicipio`) VALUES (",486,Los Juanes,R,2,);
2,491,La Candelaria (Edgar Escobedo Quiroz),R,"INSERT INTO `mydb`.`localidades` (`idlocalidades`, `nombre_localidad`, `ambito`, `municipio_idmunicipio`) VALUES (",487,Ángel Santos Galindo Ramírez,R,2,);
2,492,El Sotol (Lázaro Hernández Gómez),R,"INSERT INTO `mydb`.`localidades` (`idlocalidades`, `nombre_localidad`, `ambito`, `municipio_idmunicipio`) VALUES (",488,Luis Galindo Ramírez,R,2,);
2,493,La Candelaria (Clara Dueñez),R,"INSERT INTO `mydb`.`localidades` (`idlocalidades`, `nombre_localidad`, `ambito`, `municipio_idmunicipio`) VALUES (",489,Jesús Mendoza Rodríguez,R,2,);
2,494,La Estrella,R,"INSERT INTO `mydb`.`localidades` (`idlocalidades`, `nombre_localidad`, `ambito`, `municipio_idmunicipio`) VALUES (",490,Salome Galindo Cárdenas,R,2,);
2,495,Nuevo Amanecer,R,"INSERT INTO `mydb`.`localidades` (`idlocalidades`, `nombre_localidad`, `ambito`, `municipio_idmunicipio`) VALUES (",491,La Candelaria (Edgar Escobedo Quiroz),R,2,);
2,496,Mi Gaby,R,"INSERT INTO `mydb`.`localidades` (`idlocalidades`, `nombre_localidad`, `ambito`, `municipio_idmunicipio`) VALUES (",492,El Sotol (Lázaro Hernández Gómez),R,2,);
2,497,Nicolás Pérez Sánchez,R,"INSERT INTO `mydb`.`localidades` (`idlocalidades`, `nombre_localidad`, `ambito`, `municipio_idmunicipio`) VALUES (",493,La Candelaria (Clara Dueñez),R,2,);
2,498,Pedro Álvarez,R,"INSERT INTO `mydb`.`localidades` (`idlocalidades`, `nombre_localidad`, `ambito`, `municipio_idmunicipio`) VALUES (",494,La Estrella,R,2,);
2,499,Saúl Barrios,R,"INSERT INTO `mydb`.`localidades` (`idlocalidades`, `nombre_localidad`, `ambito`, `municipio_idmunicipio`) VALUES (",495,Nuevo Amanecer,R,2,);
2,500,La Parrita,R,"INSERT INTO `mydb`.`localidades` (`idlocalidades`, `nombre_localidad`, `ambito`, `municipio_idmunicipio`) VALUES (",496,Mi Gaby,R,2,);
2,502,Esteban Montelongo Zapata (Las Cuevas),R,"INSERT INTO `mydb`.`localidades` (`idlocalidades`, `nombre_localidad`, `ambito`, `municipio_idmunicipio`) VALUES (",497,Nicolás Pérez Sánchez,R,2,);
2,503,Los Temporales (La Esperanza),R,"INSERT INTO `mydb`.`localidades` (`idlocalidades`, `nombre_localidad`, `ambito`, `municipio_idmunicipio`) VALUES (",498,Pedro Álvarez,R,2,);
2,504,María Jaramillo López,R,"INSERT INTO `mydb`.`localidades` (`idlocalidades`, `nombre_localidad`, `ambito`, `municipio_idmunicipio`) VALUES (",499,Saúl Barrios,R,2,);
2,505,Oswaldo Pérez López,R,"INSERT INTO `mydb`.`localidades` (`idlocalidades`, `nombre_localidad`, `ambito`, `municipio_idmunicipio`) VALUES (",500,La Parrita,R,2,);
2,506,Gabino Montes Rodríguez,R,"INSERT INTO `mydb`.`localidades` (`idlocalidades`, `nombre_localidad`, `ambito`, `municipio_idmunicipio`) VALUES (",502,Esteban Montelongo Zapata (Las Cuevas),R,2,);
2,507,Rodolfo Ramos Gallegos,R,"INSERT INTO `mydb`.`localidades` (`idlocalidades`, `nombre_localidad`, `ambito`, `municipio_idmunicipio`) VALUES (",503,Los Temporales (La Esperanza),R,2,);
2,508,Elida González Díaz (Las Marraneras),R,"INSERT INTO `mydb`.`localidades` (`idlocalidades`, `nombre_localidad`, `ambito`, `municipio_idmunicipio`) VALUES (",504,María Jaramillo López,R,2,);
2,509,La Rana,R,"INSERT INTO `mydb`.`localidades` (`idlocalidades`, `nombre_localidad`, `ambito`, `municipio_idmunicipio`) VALUES (",505,Oswaldo Pérez López,R,2,);
2,510,El Pujido,R,"INSERT INTO `mydb`.`localidades` (`idlocalidades`, `nombre_localidad`, `ambito`, `municipio_idmunicipio`) VALUES (",506,Gabino Montes Rodríguez,R,2,);
2,511,Tomás Bernal,R,"INSERT INTO `mydb`.`localidades` (`idlocalidades`, `nombre_localidad`, `ambito`, `municipio_idmunicipio`) VALUES (",507,Rodolfo Ramos Gallegos,R,2,);
2,512,Licha Pacheco,R,"INSERT INTO `mydb`.`localidades` (`idlocalidades`, `nombre_localidad`, `ambito`, `municipio_idmunicipio`) VALUES (",508,Elida González Díaz (Las Marraneras),R,2,);
2,513,César García Hernández,R,"INSERT INTO `mydb`.`localidades` (`idlocalidades`, `nombre_localidad`, `ambito`, `municipio_idmunicipio`) VALUES (",509,La Rana,R,2,);
2,514,Ángel Rodríguez González,R,"INSERT INTO `mydb`.`localidades` (`idlocalidades`, `nombre_localidad`, `ambito`, `municipio_idmunicipio`) VALUES (",510,El Pujido,R,2,);
2,515,Encarnación Muñoz,R,"INSERT INTO `mydb`.`localidades` (`idlocalidades`, `nombre_localidad`, `ambito`, `municipio_idmunicipio`) VALUES (",511,Tomás Bernal,R,2,);
2,516,David Ortiz,R,"INSERT INTO `mydb`.`localidades` (`idlocalidades`, `nombre_localidad`, `ambito`, `municipio_idmunicipio`) VALUES (",512,Licha Pacheco,R,2,);
2,517,El Capitán,R,"INSERT INTO `mydb`.`localidades` (`idlocalidades`, `nombre_localidad`, `ambito`, `municipio_idmunicipio`) VALUES (",513,César García Hernández,R,2,);
2,518,Domingo Torres,R,"INSERT INTO `mydb`.`localidades` (`idlocalidades`, `nombre_localidad`, `ambito`, `municipio_idmunicipio`) VALUES (",514,Ángel Rodríguez González,R,2,);
2,519,Las Chimeneas,R,"INSERT INTO `mydb`.`localidades` (`idlocalidades`, `nombre_localidad`, `ambito`, `municipio_idmunicipio`) VALUES (",515,Encarnación Muñoz,R,2,);
2,520,Catalina Ibarra,R,"INSERT INTO `mydb`.`localidades` (`idlocalidades`, `nombre_localidad`, `ambito`, `municipio_idmunicipio`) VALUES (",516,David Ortiz,R,2,);
2,521,David Ortiz,R,"INSERT INTO `mydb`.`localidades` (`idlocalidades`, `nombre_localidad`, `ambito`, `municipio_idmunicipio`) VALUES (",517,El Capitán,R,2,);
2,522,Internacional de Acuña [Parque Industrial],R,"INSERT INTO `mydb`.`localidades` (`idlocalidades`, `nombre_localidad`, `ambito`, `municipio_idmunicipio`) VALUES (",518,Domingo Torres,R,2,);
2,523,Miguel Ángel Riquelme Solís,R,"INSERT INTO `mydb`.`localidades` (`idlocalidades`, `nombre_localidad`, `ambito`, `municipio_idmunicipio`) VALUES (",519,Las Chimeneas,R,2,);
2,524,Maquilados Industriales de Acuña,R,"INSERT INTO `mydb`.`localidades` (`idlocalidades`, `nombre_localidad`, `ambito`, `municipio_idmunicipio`) VALUES (",520,Catalina Ibarra,R,2,);
2,525,Cementos Mexicanos [Concretos],R,"INSERT INTO `mydb`.`localidades` (`idlocalidades`, `nombre_localidad`, `ambito`, `municipio_idmunicipio`) VALUES (",521,David Ortiz,R,2,);
2,526,La Amistad [Pista de Pruebas],R,"INSERT INTO `mydb`.`localidades` (`idlocalidades`, `nombre_localidad`, `ambito`, `municipio_idmunicipio`) VALUES (",522,Internacional de Acuña [Parque Industrial],R,2,);
2,527,Los García,R,"INSERT INTO `mydb`.`localidades` (`idlocalidades`, `nombre_localidad`, `ambito`, `municipio_idmunicipio`) VALUES (",523,Miguel Ángel Riquelme Solís,R,2,);
2,528,La Paloma,R,"INSERT INTO `mydb`.`localidades` (`idlocalidades`, `nombre_localidad`, `ambito`, `municipio_idmunicipio`) VALUES (",524,Maquilados Industriales de Acuña,R,2,);
2,529,Doctor Delio Galindo,R,"INSERT INTO `mydb`.`localidades` (`idlocalidades`, `nombre_localidad`, `ambito`, `municipio_idmunicipio`) VALUES (",525,Cementos Mexicanos [Concretos],R,2,);
2,530,José Luis Delgado,R,"INSERT INTO `mydb`.`localidades` (`idlocalidades`, `nombre_localidad`, `ambito`, `municipio_idmunicipio`) VALUES (",526,La Amistad [Pista de Pruebas],R,2,);
2,531,Ignacio Santibáñez,R,"INSERT INTO `mydb`.`localidades` (`idlocalidades`, `nombre_localidad`, `ambito`, `municipio_idmunicipio`) VALUES (",527,Los García,R,2,);
2,532,Las Moras,R,"INSERT INTO `mydb`.`localidades` (`idlocalidades`, `nombre_localidad`, `ambito`, `municipio_idmunicipio`) VALUES (",528,La Paloma,R,2,);
2,533,Torre Alta,R,"INSERT INTO `mydb`.`localidades` (`idlocalidades`, `nombre_localidad`, `ambito`, `municipio_idmunicipio`) VALUES (",529,Doctor Delio Galindo,R,2,);
2,534,Pedro Chávez,R,"INSERT INTO `mydb`.`localidades` (`idlocalidades`, `nombre_localidad`, `ambito`, `municipio_idmunicipio`) VALUES (",530,José Luis Delgado,R,2,);
2,535,La Estrella,R,"INSERT INTO `mydb`.`localidades` (`idlocalidades`, `nombre_localidad`, `ambito`, `municipio_idmunicipio`) VALUES (",531,Ignacio Santibáñez,R,2,);
2,536,Gaviro Escobedo,R,"INSERT INTO `mydb`.`localidades` (`idlocalidades`, `nombre_localidad`, `ambito`, `municipio_idmunicipio`) VALUES (",532,Las Moras,R,2,);
2,537,Las Cuevas,R,"INSERT INTO `mydb`.`localidades` (`idlocalidades`, `nombre_localidad`, `ambito`, `municipio_idmunicipio`) VALUES (",533,Torre Alta,R,2,);
2,538,Benito Flores,R,"INSERT INTO `mydb`.`localidades` (`idlocalidades`, `nombre_localidad`, `ambito`, `municipio_idmunicipio`) VALUES (",534,Pedro Chávez,R,2,);
2,539,La Aurora,R,"INSERT INTO `mydb`.`localidades` (`idlocalidades`, `nombre_localidad`, `ambito`, `municipio_idmunicipio`) VALUES (",535,La Estrella,R,2,);
2,540,Celedino,R,"INSERT INTO `mydb`.`localidades` (`idlocalidades`, `nombre_localidad`, `ambito`, `municipio_idmunicipio`) VALUES (",536,Gaviro Escobedo,R,2,);
2,541,El Oso,R,"INSERT INTO `mydb`.`localidades` (`idlocalidades`, `nombre_localidad`, `ambito`, `municipio_idmunicipio`) VALUES (",537,Las Cuevas,R,2,);
2,542,La Portilla,R,"INSERT INTO `mydb`.`localidades` (`idlocalidades`, `nombre_localidad`, `ambito`, `municipio_idmunicipio`) VALUES (",538,Benito Flores,R,2,);
2,543,El Potrero (Rafael Falcón),R,"INSERT INTO `mydb`.`localidades` (`idlocalidades`, `nombre_localidad`, `ambito`, `municipio_idmunicipio`) VALUES (",539,La Aurora,R,2,);
2,544,Don Rigo Moreno,R,"INSERT INTO `mydb`.`localidades` (`idlocalidades`, `nombre_localidad`, `ambito`, `municipio_idmunicipio`) VALUES (",540,Celedino,R,2,);
2,545,San Juditas,R,"INSERT INTO `mydb`.`localidades` (`idlocalidades`, `nombre_localidad`, `ambito`, `municipio_idmunicipio`) VALUES (",541,El Oso,R,2,);
2,546,El Mexicano,R,"INSERT INTO `mydb`.`localidades` (`idlocalidades`, `nombre_localidad`, `ambito`, `municipio_idmunicipio`) VALUES (",542,La Portilla,R,2,);
2,547,Eugenio,R,"INSERT INTO `mydb`.`localidades` (`idlocalidades`, `nombre_localidad`, `ambito`, `municipio_idmunicipio`) VALUES (",543,El Potrero (Rafael Falcón),R,2,);
2,548,El Girasol (Sergio Chávez),R,"INSERT INTO `mydb`.`localidades` (`idlocalidades`, `nombre_localidad`, `ambito`, `municipio_idmunicipio`) VALUES (",544,Don Rigo Moreno,R,2,);
2,549,La Lolita,R,"INSERT INTO `mydb`.`localidades` (`idlocalidades`, `nombre_localidad`, `ambito`, `municipio_idmunicipio`) VALUES (",545,San Juditas,R,2,);
2,550,Gonzalo Rojas,R,"INSERT INTO `mydb`.`localidades` (`idlocalidades`, `nombre_localidad`, `ambito`, `municipio_idmunicipio`) VALUES (",546,El Mexicano,R,2,);
2,551,Los Sánchez,R,"INSERT INTO `mydb`.`localidades` (`idlocalidades`, `nombre_localidad`, `ambito`, `municipio_idmunicipio`) VALUES (",547,Eugenio,R,2,);
2,552,Los Álamos,R,"INSERT INTO `mydb`.`localidades` (`idlocalidades`, `nombre_localidad`, `ambito`, `municipio_idmunicipio`) VALUES (",548,El Girasol (Sergio Chávez),R,2,);
2,553,El Pilar (Guadalupe Flores García),R,"INSERT INTO `mydb`.`localidades` (`idlocalidades`, `nombre_localidad`, `ambito`, `municipio_idmunicipio`) VALUES (",549,La Lolita,R,2,);
2,554,Las Cuevas,R,"INSERT INTO `mydb`.`localidades` (`idlocalidades`, `nombre_localidad`, `ambito`, `municipio_idmunicipio`) VALUES (",550,Gonzalo Rojas,R,2,);
2,555,El Lucero,R,"INSERT INTO `mydb`.`localidades` (`idlocalidades`, `nombre_localidad`, `ambito`, `municipio_idmunicipio`) VALUES (",551,Los Sánchez,R,2,);
2,556,Jabalí Zorra,R,"INSERT INTO `mydb`.`localidades` (`idlocalidades`, `nombre_localidad`, `ambito`, `municipio_idmunicipio`) VALUES (",552,Los Álamos,R,2,);
2,557,Leopoldo Falcón Robles,R,"INSERT INTO `mydb`.`localidades` (`idlocalidades`, `nombre_localidad`, `ambito`, `municipio_idmunicipio`) VALUES (",553,El Pilar (Guadalupe Flores García),R,2,);
2,558,Ampliación la Pileta,R,"INSERT INTO `mydb`.`localidades` (`idlocalidades`, `nombre_localidad`, `ambito`, `municipio_idmunicipio`) VALUES (",554,Las Cuevas,R,2,);
2,559,La Pileta,R,"INSERT INTO `mydb`.`localidades` (`idlocalidades`, `nombre_localidad`, `ambito`, `municipio_idmunicipio`) VALUES (",555,El Lucero,R,2,);
2,560,El Castillo,R,"INSERT INTO `mydb`.`localidades` (`idlocalidades`, `nombre_localidad`, `ambito`, `municipio_idmunicipio`) VALUES (",556,Jabalí Zorra,R,2,);
2,561,El Pilar,R,"INSERT INTO `mydb`.`localidades` (`idlocalidades`, `nombre_localidad`, `ambito`, `municipio_idmunicipio`) VALUES (",557,Leopoldo Falcón Robles,R,2,);
2,562,El Campestre,R,"INSERT INTO `mydb`.`localidades` (`idlocalidades`, `nombre_localidad`, `ambito`, `municipio_idmunicipio`) VALUES (",558,Ampliación la Pileta,R,2,);
,,,,"INSERT INTO `mydb`.`localidades` (`idlocalidades`, `nombre_localidad`, `ambito`, `municipio_idmunicipio`) VALUES (",559,La Pileta,R,2,);
,,,,"INSERT INTO `mydb`.`localidades` (`idlocalidades`, `nombre_localidad`, `ambito`, `municipio_idmunicipio`) VALUES (",560,El Castillo,R,2,);
,,,,"INSERT INTO `mydb`.`localidades` (`idlocalidades`, `nombre_localidad`, `ambito`, `municipio_idmunicipio`) VALUES (",561,El Pilar,R,2,);
,,,,"INSERT INTO `mydb`.`localidades` (`idlocalidades`, `nombre_localidad`, `ambito`, `municipio_idmunicipio`) VALUES (",562,El Campestre,R,2,);
