CVE_LOC,NOM_LOC,AMBITO,CVE_MUN
1,Torreón,U,35
143,Albia,R,35
145,Ampuero (La Arenosa),R,35
146,Barreal de Guadalupe,R,35
147,Campo Sagrado (Los Álvarez) [Establo],R,35
148,Carroceras,R,35
150,Ciudad de los Niños,R,35
151,La Colonia,R,35
152,La Concha,U,35
153,La Conchita Roja,R,35
155,Doce de Diciembre,R,35
156,El Duraznito (El Ranchito),R,35
157,La Fe,R,35
158,La Flor de Jimulco,R,35
162,Jalisco,R,35
163,Jimulco,R,35
165,Juan Eugenio,R,35
168,Quince de Mayo (Las Magdalenas),R,35
172,El Mostrenco (Euskal),R,35
174,Nuevo Mieleras (La Tres),R,35
175,La Puerta de Otto,R,35
176,El Pacífico,R,35
177,La Palma,R,35
178,La Partida,U,35
179,Paso del Águila,R,35
180,La Paz,U,35
182,La Perla,R,35
183,El Perú,R,35
186,Rancho Alegre,R,35
187,Ricardo Flores Magón,R,35
190,La Sagra,R,35
197,Santa Fe,R,35
199,La Trinidad,R,35
204,Providencia,R,35
205,Nueva la Paz,R,35
209,El Cuatro,R,35
214,El Rosario (El Clavel),R,35
220,Braña [Granja],R,35
225,Amapolas,R,35
228,Amapolas Uno,R,35
258,Colonia Diez de Abril (El Queso),R,35
260,La Barranca,R,35
262,Los Álvarez (San Esteban),R,35
263,Torreón [Club de Caza y Tiro],R,35
264,Juan Eugenio (La Compuerta),R,35
265,Juan Eugenio Cinco (Cuba),R,35
266,El Doce,R,35
270,La Fortuna,R,35
274,Juan Eugenio Número Uno,R,35
275,Juan Eugenio Número Dos,R,35
278,Mieleras [Aeropuerto],R,35
282,Noria de la Trinidad,R,35
285,Sector Tres,R,35
286,Noria del Uno,R,35
292,Noria Cuatro (La Joya),R,35
296,La Nueva Colonia (Peralta),R,35
298,La Presa de la Flor,R,35
299,La Joyita (Recreativo la Hacienda),R,35
304,Santa Fe,R,35
305,Santa María,R,35
319,Juan Eugenio Cinco (Noria Nueva York),R,35
322,Montolleras,R,35
329,Los Azulejos [Campestre],R,35
331,La Cuchilla,R,35
333,El Tejón,R,35
338,El Águila,R,35
345,El Cercado (El Perico),R,35
348,La Rosa,R,35
350,Noria la Cinco la Paz,R,35
356,Noria Sector Dieciocho la Concha (Noria Uno),R,35
359,Noria de la Sociedad,R,35
363,Dos Hermanos,R,35
364,Nueva Unión (San Alberto),R,35
365,Sin Cabeza,R,35
366,Taller los Azulejos,R,35
368,Marsella,R,35
371,Kilómetro Doce (Sector Uno),R,35
372,La Cúpula,R,35
373,Ávila Camacho (El Coronel),R,35
375,La Polka (Albia Sector Tres),R,35
376,Albia,R,35
386,Sector Doce A Santa Fe,R,35
398,El Cariño (Patricio González Olguín),R,35
404,El Estanque,R,35
407,Braulio Fernández Aguirre (Providencia),R,35
409,Palillo Chino,R,35
411,El Chaparral,R,35
414,Jesús María Echavarría [Recreativo],R,35
416,Antonio Noriega,R,35
425,Monte Alegre,R,35
426,Las Moras,R,35
427,La Noria del Perú,R,35
430,Cruz Colunga,R,35
431,Diana,R,35
432,San Armando [Fraccionamiento],R,35
435,La Noria (La Rosita),R,35
436,Helguera,R,35
437,El Encino,R,35
438,Enrique Murey García,R,35
440,Mieleras,R,35
441,San Esteban,R,35
442,San Luis,R,35
443,Santa Gema,R,35
444,Quinta San Nicolás [Club Hípico],R,35
447,Antonio Guerrero,R,35
448,Villas del Renacimiento,R,35
452,Fraccionamiento Residencial Rancho Alegre,R,35
454,Santa Fe [Granja Porcina],R,35
456,Mariano Pineda Rodríguez,R,35
457,La Pasadita,R,35
458,La Curva,R,35
459,Benito Martínez Vaquera,R,35
460,María de la Luz Jiménez,R,35
461,La Tonakache,R,35
