CVE_LOC,NOM_LOC,AMBITO,CVE_MUN
1,Viesca,U,36
2,Bajío de Ahuichila,R,36
4,Boquilla de las Perlas,R,36
5,Buenavista,R,36
6,El Crótalo,R,36
7,El Chupón,R,36
8,Darías,R,36
9,Emiliano Zapata,R,36
11,La Fe,R,36
12,Flor de Mayo,R,36
13,Gabino Vázquez (San Luis),R,36
14,Gilita,R,36
16,Gregorio García (El Taconazo),R,36
18,Héroes de Chapultepec (Niños Héroes),R,36
19,Ignacio Zaragoza,R,36
20,La Mancha [Estación],R,36
21,Las Margaritas,R,36
22,Las Margaritas (Casco),R,36
23,Mieleras,R,36
25,Nuevo Margaritas,R,36
26,Nueva Reynosa,R,36
28,Punta de Santo Domingo,R,36
29,Río Escondido,R,36
30,La Rosita,R,36
31,San Isidro,R,36
32,San José del Aguaje,R,36
33,San Juan de Villanueva (Villanueva),R,36
34,San Manuel,R,36
35,San Miguel del Alto,R,36
36,Santa Cruz,R,36
37,Santa María Uno,R,36
39,Saucillo,R,36
40,Tanque Aguilereño (El Tanque),R,36
41,Tejabán de la Rosita,R,36
42,Tejabán del Esfuerzo (El Esfuerzo),R,36
43,Tierra y Libertad,R,36
44,La Ventana,R,36
45,Venustiano Carranza (Hacienda de Hornos),R,36
46,Villa de Bilbao,R,36
50,Alto del Palomillo,R,36
54,Cinco Hermanos,R,36
55,La Esperanza (Florencia),R,36
56,El Esterito Uno,R,36
57,El Esterito,R,36
58,San Jorge (El Florido),R,36
61,La Siete (Laguna Seca),R,36
64,La Leona,R,36
66,San José [Establo],R,36
69,La Noria (El Control),R,36
70,Nuevo Cuauhtémoc,R,36
71,Paredones,R,36
73,Poanas Margaritas (Margaritas Dos),R,36
75,San Jorge (El Crótalo),R,36
77,San Ignacio,R,36
79,La Presa de Yenti,R,36
80,Zapopan,R,36
82,Juan Antonio del Sur (Sector Gilita Ocho),R,36
86,Lázaro Cárdenas,R,36
92,Boquilla Tres,R,36
95,Esfuerzo Sector Cinco (La Chiripa),R,36
98,La Colorada,R,36
100,El Esfuerzo Sector Ocho (El Puerto),R,36
101,El Esfuerzo Sector Seis,R,36
102,La Fe,R,36
103,General Eulalio Gutiérrez González,R,36
106,Sector Uno Mieleras,R,36
120,Las Liebres,R,36
121,Sector Siete Boquilla de las Perlas,R,36
122,Sector Cinco Mieleras (El Pabellón),R,36
124,Las Margaritas [Establo],R,36
126,Sector Once Mieleras (La Nogalera),R,36
128,Norias Plan Viesca,R,36
129,La Tiznada,R,36
130,Santa María Sector Nueve,R,36
131,Santa María de Arriba,R,36
133,Rosita Cuatro A (Noria los Valero),R,36
134,Sector Javier Rojo Gómez,R,36
137,Sector Tres B Aguanueva,R,36
143,Sector Trece A Mieleras,R,36
144,Sector Siete Mieleras,R,36
146,Sector Diez Mieleras,R,36
147,Sector Dos Mieleras,R,36
148,Cinco de Mayo,R,36
149,Sector 6 la Ventana Veintiocho-Veintinueve,R,36
150,Sector 6 la Ventana Veintiocho-Veintisiete,R,36
152,Sector 2 Flor de Mayo Veintisiete-Veintitrés,R,36
157,Cinco de Mayo,R,36
158,Sector Quince Mieleras,R,36
160,El Cerrito (La Cuadra),R,36
161,El Cerrito (La Granja),R,36
162,El Uno,R,36
163,Boquillas Dos,R,36
164,Sector Cuatro Mieleras,R,36
165,Sector Seis Mieleras,R,36
166,Sector Dos la Rosita,R,36
168,Sector Nueve Mieleras,R,36
169,Sector Ocho B Mieleras,R,36
170,8 de Abril (Pozo 2030) [Sociedad de Producción Agropecuaria],R,36
171,Noria los Marchanes,R,36
172,Ventana Dos [Establo],R,36
176,San Manuel Sociedad,R,36
178,Sector 3 Ignacio Zaragoza (Noria de las Víboras),R,36
180,Rancho Alegre,R,36
181,La Fe,R,36
185,La Cuchilla (Noria Villa de Bilbao 3089),R,36
186,Noria Villa de Bilbao Dos Mil Novecientos,R,36
187,Luz María (Los García),R,36
191,Gilita Sociedad (La Colorada),R,36
192,Sector Ocho A Mieleras,R,36
193,Sector Tres,R,36
195,Paulin Juárez García,R,36
197,La Cabaña,R,36
198,Graciano Sánchez,R,36
199,El Esterito Dos,R,36
200,Noria Veintisiete Once,R,36
204,Sector Ocho B Mieleras,R,36
205,Boquilla de las Perlas (Veintiocho Catorce),R,36
206,Sector Cinco Boquilla de las Perlas (Las Víboras),R,36
207,Sector Ocho Mieleras,R,36
209,Noria el Pozo,R,36
210,Sector Tres Gabino Vázquez,R,36
211,Sector Cuatro Gabino Vázquez,R,36
212,Zapopan,R,36
213,La Fe [Empacadora],R,36
214,El Alto del Palomillo,R,36
215,Empaque Dos (Enrique Vargas),R,36
216,Empaque Uno (Uriel Vargas),R,36
217,Manuel Delgado,R,36
218,Don Víctor,R,36
