CVE_LOC,NOM_LOC,AMBITO,CVE_MUN
1,Lamadrid,U,16
2,El Cariño de la Montaña,R,16
3,El Marqués de Aguayo (Los Ojos de Adriana),R,16
4,Polka (Estación Polka),R,16
15,Los Pinos,R,16
16,El Molino Viejo (Enrique Miller),R,16
17,El Hake (Eduardo Harb Karam),R,16
18,Enrique Neaves Muñoz,R,16
19,Efraín Sosa,R,16
22,El Camarón,R,16
25,San Marcos,R,16
28,Ricardo Octavio Múzquiz (El Marqués de A.),R,16
31,El Marqués de A. (Santa Elena del Marqués),R,16
32,Los Barrios,R,16
34,San Gerardo,R,16
35,El Apache,R,16
37,Potrero de Menchaca (Jaime García Sánchez),R,16
38,El Rincón (Potrero de Menchaca),R,16
40,Potrero de Menchaca (Rosemberg Menchaca),R,16
41,Potrero de Menchaca (Manuel Zertuche),R,16
42,Gilberto Zaragoza Rivera Flores,R,16
44,La Piedra (Romeo Menchaca Flores),R,16
45,Carranza (Américo Carranza Romo),R,16
46,Lomas del Aire (Luis Enrique Miller),R,16
47,Los Compadres (Luis Cantú),R,16
48,Alejandro Menchaca,R,16
50,Los Nogales,R,16
51,Pedro Antonio Flores M.,R,16
52,Amadeo Moya Vázquez,R,16
53,La Herradura (Alejandro Menchaca de la O.),R,16
54,Doctor Martínez,R,16
56,José Armendáriz Esquivel,R,16
57,José Luis Linaje,R,16
58,Refugio Garibay,R,16
59,Fito Guajardo,R,16
60,Los Álamos,R,16
61,La Casa de la Pila,R,16
