CVE_LOC,NOM_LOC,AMBITO,CVE_MUN,,
1,Allende,U,3,,
2,Allende,R,3,,"INSERT INTO `mydb`.`localidades` (`idlocalidades`, `nombre_localidad`, `ambito`, `municipio_idmunicipio`)VALUES ("
4,Chamacuero (El Seis),R,3,,"INSERT INTO `mydb`.`localidades` (`idlocalidades`, `nombre_localidad`, `ambito`, `municipio_idmunicipio`)VALUES ("
7,Santa Margarita,R,3,,"INSERT INTO `mydb`.`localidades` (`idlocalidades`, `nombre_localidad`, `ambito`, `municipio_idmunicipio`)VALUES ("
12,Palomas y Dolores,R,3,,"INSERT INTO `mydb`.`localidades` (`idlocalidades`, `nombre_localidad`, `ambito`, `municipio_idmunicipio`)VALUES ("
13,Palomas y Dolores,R,3,,"INSERT INTO `mydb`.`localidades` (`idlocalidades`, `nombre_localidad`, `ambito`, `municipio_idmunicipio`)VALUES ("
14,El Pato,R,3,,"INSERT INTO `mydb`.`localidades` (`idlocalidades`, `nombre_localidad`, `ambito`, `municipio_idmunicipio`)VALUES ("
16,Río Bravo,R,3,,"INSERT INTO `mydb`.`localidades` (`idlocalidades`, `nombre_localidad`, `ambito`, `municipio_idmunicipio`)VALUES ("
20,La Tembladora,R,3,,"INSERT INTO `mydb`.`localidades` (`idlocalidades`, `nombre_localidad`, `ambito`, `municipio_idmunicipio`)VALUES ("
24,El Abuelo (El Bosque),R,3,,"INSERT INTO `mydb`.`localidades` (`idlocalidades`, `nombre_localidad`, `ambito`, `municipio_idmunicipio`)VALUES ("
25,El Milagro,R,3,,"INSERT INTO `mydb`.`localidades` (`idlocalidades`, `nombre_localidad`, `ambito`, `municipio_idmunicipio`)VALUES ("
27,Santa Martha,R,3,,"INSERT INTO `mydb`.`localidades` (`idlocalidades`, `nombre_localidad`, `ambito`, `municipio_idmunicipio`)VALUES ("
28,Don Pedro,R,3,,"INSERT INTO `mydb`.`localidades` (`idlocalidades`, `nombre_localidad`, `ambito`, `municipio_idmunicipio`)VALUES ("
31,Las Marías (Ojo de Agua),R,3,,"INSERT INTO `mydb`.`localidades` (`idlocalidades`, `nombre_localidad`, `ambito`, `municipio_idmunicipio`)VALUES ("
32,Siete Torres,R,3,,"INSERT INTO `mydb`.`localidades` (`idlocalidades`, `nombre_localidad`, `ambito`, `municipio_idmunicipio`)VALUES ("
34,El Cincuenta,R,3,,"INSERT INTO `mydb`.`localidades` (`idlocalidades`, `nombre_localidad`, `ambito`, `municipio_idmunicipio`)VALUES ("
36,Mi Ranchito,R,3,,"INSERT INTO `mydb`.`localidades` (`idlocalidades`, `nombre_localidad`, `ambito`, `municipio_idmunicipio`)VALUES ("
37,La Liebre,R,3,,"INSERT INTO `mydb`.`localidades` (`idlocalidades`, `nombre_localidad`, `ambito`, `municipio_idmunicipio`)VALUES ("
38,Poco Bueno,R,3,,"INSERT INTO `mydb`.`localidades` (`idlocalidades`, `nombre_localidad`, `ambito`, `municipio_idmunicipio`)VALUES ("
40,El Indio,R,3,,"INSERT INTO `mydb`.`localidades` (`idlocalidades`, `nombre_localidad`, `ambito`, `municipio_idmunicipio`)VALUES ("
41,La Molinera,R,3,,"INSERT INTO `mydb`.`localidades` (`idlocalidades`, `nombre_localidad`, `ambito`, `municipio_idmunicipio`)VALUES ("
43,La Huizachada (La Hacienda),R,3,,"INSERT INTO `mydb`.`localidades` (`idlocalidades`, `nombre_localidad`, `ambito`, `municipio_idmunicipio`)VALUES ("
45,El Jardín,R,3,,"INSERT INTO `mydb`.`localidades` (`idlocalidades`, `nombre_localidad`, `ambito`, `municipio_idmunicipio`)VALUES ("
48,Mariano Flores (San José),R,3,,
49,Los Corrales,R,3,,
52,El Comanche,R,3,,
53,Ojo de Agua (El Consuelo),R,3,,
56,Villa de Guadalupe,R,3,,
57,La Mota,R,3,,
58,Enrique Navarro Montemayor (Santa Cecilia),R,3,,
63,El Paraíso,R,3,,
65,Los Pinos,R,3,,
66,Casa Blanca,R,3,,
67,Los Nogalitos,R,3,,
68,El Salitre Tres (Monsiváis),R,3,,
69,Los Galindo,R,3,,
70,El Encino,R,3,,
71,El Centenario,R,3,,
72,La Ladrillera,R,3,,
73,Bakará [Centro Nocturno],R,3,,
74,Río Vista (Parque Paraíso) [Motel],R,3,,
75,Tomás Navarro Valdez,R,3,,
76,Las Playas [Zona de Tolerancia],R,3,,
80,El Galeno,R,3,,
81,San Ángel [Mini Súper],R,3,,
82,María Isabel (El Encino) [Restaurante],R,3,,
84,Hipólito Peña,R,3,,
86,El Pesebre,R,3,,
87,Carolina,R,3,,
88,La Muralla,R,3,,
89,Ninguno [Aduana],R,3,,
91,Ojo de Esteban,R,3,,
92,Los Tres Fresnos,R,3,,
93,Palomas,R,3,,
95,El Ranchito,R,3,,
96,Rancho Chiquito,R,3,,
99,El Salitre,R,3,,
101,La Tembladora,R,3,,
107,Siete Once [Depósito],R,3,,
109,Fracción los Medina,R,3,,
111,Los Compadres [Restaurante],R,3,,
112,Santa Rosa,R,3,,
114,Los Pepes,R,3,,
115,Jesús Canales,R,3,,
116,Los Sauces,R,3,,
124,Moreno [Transcarga de Ganado],R,3,,
127,Oscar Barrón,R,3,,
129,Elizondo [Triturados],R,3,,
130,Ignacio Salazar,R,3,,
131,Huerta Quinta María Teresa (Guillermo Álvarez),R,3,,
136,Enrique Lira (Osmar),R,3,,
138,El Dorado (Jesús López),R,3,,
139,Santa Martha Dos,R,3,,
141,El Papalote (Emilio Treviño),R,3,,
142,José Martín Trinidad Maltos,R,3,,
145,Silicas Independientes de Coahuila [Molino],R,3,,
146,Martha Rodríguez,R,3,,
147,La Esmeralda,R,3,,
149,El Picadero,R,3,,
150,Alfonso Valdez,R,3,,
151,Los Tres Potrillos,R,3,,
152,San José,R,3,,
154,Jesús Ibarra,R,3,,
156,Antonio Trujillo,R,3,,
157,Gaspar Apolinar Casa Nova,R,3,,
158,Nueva Frontera,R,3,,
159,Nicolás Portales,R,3,,
160,Los Cuatro Vientos [Bar],R,3,,
162,Valle Verde,R,3,,
164,José Moreno,R,3,,
165,Elsa Nélida Flores de Lozano (Palomas),R,3,,
166,Joaquín Guzmán,R,3,,
167,Ismael Martínez Franco (Palomas y Dolores),R,3,,
168,Ábrego,R,3,,
169,Juan Ortiz,R,3,,
170,Marco Antonio Mendoza,R,3,,
171,La Tembladora,R,3,,
174,Los Laureles,R,3,,
175,Benjamín Realme,R,3,,
176,Macario Trujillo,R,3,,
177,La Mariposa,R,3,,
178,Raúl López de Luna (Ojo de Agua),R,3,,
179,San Fernando,R,3,,
180,El Gavilán,R,3,,
181,San Isidro (Elías Galindo),R,3,,
182,La Piedra,R,3,,
185,Indalecio López Arizpe,R,3,,
186,El Coyotillo,R,3,,
187,JZG,R,3,,
188,Efraín Fuentes,R,3,,
189,La Gallera,R,3,,
190,Antonio Hernández Ortiz,R,3,,
191,Baldo Valdez,R,3,,
192,Don Casimiro,R,3,,
193,Fermín Segura,R,3,,
194,Gonzalo de Luna,R,3,,
195,Guadalupe Reyna Navarro,R,3,,
196,San Fernando,R,3,,
197,Jaime López Muñoz,R,3,,
198,Jesús Sánchez Mejía,R,3,,
199,José María Moreno Ramírez,R,3,,
200,José Zertuche,R,3,,
201,Juan Hernández,R,3,,
202,Juan Román Martínez,R,3,,
203,Las Margaritas,R,3,,
204,María Victoria de Cintas,R,3,,
205,Mario Camarillo Zertuche,R,3,,
207,Pablo González,R,3,,
208,Los Pinos (González),R,3,,
209,Refugio Buentello Aguilar (San José),R,3,,
210,Rodolfo Riojas Coronado,R,3,,
211,Rogelio Lira López,R,3,,
212,El Sauz,R,3,,
213,Simón Oliden,R,3,,
214,Gardea [Sociedad de Producción Rural],R,3,,
215,El Trece (Jesús Treviño),R,3,,
216,Los Tres Gerardos,R,3,,
217,Valeriano Hernández Lira,R,3,,
218,Vicente González Muñoz,R,3,,
219,Enrique Jiménez,R,3,,
221,El Nogal,R,3,,
222,El Durazno,R,3,,
223,El Ingeniero,R,3,,
224,Armando Guerra,R,3,,
225,Antonio López,R,3,,
226,Elída González García,R,3,,
227,Emiliano Zapata,R,3,,
228,Fernando González (Nano),R,3,,
229,Jesús Flores,R,3,,
230,Alicia Posada Reyna,R,3,,
231,Casa Blanca,R,3,,
232,El Tres,R,3,,
233,Galindo Uno,R,3,,
234,El Refugio,R,3,,
235,Tercia de Sotas,R,3,,
236,San Ramón 2,R,3,,
