CVE_LOC,NOM_LOC,AMBITO,CVE_MUN
1,Candela,U,5
2,Buenos Aires,R,5
3,Las Cabras,R,5
4,La Candelaria,R,5
5,El Cándido,R,5
7,Gloria,R,5
8,Los Algodonales (La Ciénega),R,5
9,Las Coloradas,R,5
11,El Huizachal,R,5
14,Los Mendoza,R,5
18,El Rosario,R,5
20,San Antonio de Afuera,R,5
21,San Francisco,R,5
22,San Gabriel,R,5
23,San Juan,R,5
24,San Pedro (Lomas Blancas),R,5
25,Don Pedro,R,5
26,San Rafael,R,5
28,Las Tres Lomitas (Las Tres Lomas),R,5
29,Vacas,R,5
30,Valladares,R,5
32,El Mimbre,R,5
33,San Rolando,R,5
34,Los San Migueles,R,5
37,El Llanito,R,5
40,San Antonio de Adentro,R,5
41,Palo Blanco,R,5
42,La Carroza,R,5
43,Campo Real,R,5
44,Barriales,R,5
46,Saucillo,R,5
47,Los Álamos,R,5
48,Buena Vista,R,5
49,Los Cañones,R,5
50,El Chapote,R,5
51,La Curva (San Andrés),R,5
53,Mesa de Cartujanos,R,5
56,Pánuco [Mina],R,5
57,El Papalote (Loma Prieta),R,5
59,Flores,R,5
60,Rancherías (Rancherías Nuevo),R,5
62,El Refugio,R,5
63,Los Rincones,R,5
64,San Carlos,R,5
65,San Francisco,R,5
66,San Luis,R,5
67,San Miguel,R,5
69,Santa Lucía,R,5
70,Nueva Esperanza (Las Vacas),R,5
71,Valles,R,5
72,Veintidós de Febrero,R,5
75,El Salado,R,5
76,Antonio Madrid,R,5
82,Santa Cristina,R,5
83,Rancho Viejo,R,5
84,La Hacienda,R,5
85,2 Hermanos,R,5
86,San José,R,5
88,Perpetuo Socorro,R,5
90,Las Pitayas,R,5
95,Israel Garza,R,5
96,Juan Elizondo (Los Juanes),R,5
100,Los Indios,R,5
101,El Porvenir,R,5
104,Cuatro Halcones,R,5
110,El Serrano,R,5
111,Gregorio Lara Ortegón,R,5
112,San Francisco,R,5
117,El Trébol,R,5
118,La Sauceda,R,5
119,Empidio de la Cruz,R,5
120,Oscar Santos Arévalo,R,5
121,Carlos Kistner,R,5
122,Rodolfo Kistner,R,5
125,Las Enramadas,R,5
126,La Ponderosa,R,5
127,Roberto de la Cruz,R,5
128,El Kínder,R,5
129,Nemecio Hernández,R,5
130,Gilberto Garza Villarreal,R,5
132,Benjamín Ortegón,R,5
133,Jesús Cipriano García (El Infierno),R,5
135,Mauricio Tijerina,R,5
136,Veintidós,R,5
137,Humberto Mendiola,R,5
138,El Quince,R,5
139,Santa Isabel,R,5
140,Rancho del Carmen,R,5
144,Rincón del Barretoso,R,5
145,José Guillermo Valdez Oviedo,R,5
146,Sabas de León (Don Sabas),R,5
147,El Chaparral,R,5
148,José Arévalo (El Llano),R,5
149,Casas Blancas,R,5
150,Rodolfo Garza Ancira,R,5
151,Las Navajas,R,5
152,Santa Bárbara,R,5
153,San Isidro (El Mimbre),R,5
154,Jesús Villarreal Siller,R,5
155,Raúl Chavarría Espinoza,R,5
156,Villarreal,R,5
157,José García Tijerina (El Trece),R,5
159,Félix Buentello,R,5
160,Antonio Fuentes Galindo (El Temporal Ranch),R,5
161,La Carroza,R,5
162,Profesor José María,R,5
164,El Molino,R,5
165,San Pablo,R,5
168,La Tinaja,R,5
170,José Ramos Márquez,R,5
171,San Pedro,R,5
172,El Ancón del Carmen (Rodolfo Morales),R,5
173,La Presa,R,5
174,Los Ramírez,R,5
177,El Chapote,R,5
178,3 Ríos (René Ríos),R,5
179,Abel de Hoyos,R,5
180,José María Lara,R,5
181,Quinta la Roca,R,5
183,Las Uvas,R,5
