CVE_LOC,NOM_LOC,AMBITO,CVE_MUN
1,Castaños,U,6
2,Acámbaro (Acámbaro Viejo),R,6
3,El Alamito,R,6
7,Congregación Baján,R,6
8,Baján (Estación Baján),R,6
9,Los Barriles,R,6
10,Bocatoche (Las Pompas),R,6
11,La Bolita,R,6
12,Buenavista,R,6
17,Dolomita [Estación],R,6
18,Dolores,R,6
19,Elva Gloria,R,6
20,La Encantada,R,6
23,Favorita,R,6
27,Gloria [Estación],R,6
28,El Granjeno,R,6
29,Guadalupe,R,6
30,La Joya,R,6
33,Tres Palomas,R,6
34,Estructuras Muñoz,R,6
37,La Muralla,R,6
38,Palmira,R,6
39,Palo Blanco,R,6
40,Nogalera la Paloma,R,6
42,Las Potrancas,R,6
43,El Prendimiento,R,6
44,Presa de Chaires,R,6
45,Presa Rodríguez,R,6
46,Providencia (San Ramón),R,6
47,Providencia,R,6
48,Sergio de León,R,6
49,El Refugio,R,6
50,San Ambrosio,R,6
52,San Antonio,R,6
54,Centenario (San Diego),R,6
55,San Francisco,R,6
56,San Isidro,R,6
58,San Lorenzo (El Tanquito),R,6
59,San Miguel,R,6
62,San Rafael,R,6
63,Santa Elena,R,6
64,Santa Genoveva,R,6
65,Santa Mónica,R,6
66,Santa Teresa,R,6
67,Santa Teresa,R,6
68,Santo Domingo,R,6
70,Tres Marías (El Socorro),R,6
71,Soledad,R,6
72,La Trinidad (Marcos González González),R,6
73,Las Uvas,R,6
74,Carlos Salinas de Gortari (San Pablo de los Valdez),R,6
75,Valle Bocatoche,R,6
76,El Zago (Loma Bola),R,6
77,La Zorra,R,6
80,Cuauhtémoc (La Presa),R,6
82,La Gloria (El Marqués),R,6
84,El Huizache,R,6
86,Los Lirios,R,6
88,Marcelinas,R,6
91,La Palangana,R,6
92,San Marcos,R,6
93,El Canelo,R,6
94,La Viga,R,6
100,Acatita de Baján,R,6
102,San José,R,6
103,La Fe (Transvaal),R,6
105,Los Ángeles,R,6
107,Las Golondrinas,R,6
109,Canalitates,R,6
110,Cañón de las Vacas,R,6
111,Cañón del Velduque,R,6
113,El Chapote,R,6
114,Los Chapotes,R,6
117,San Vicente (El Coyote),R,6
119,El Cubilete,R,6
123,La Escondida,R,6
125,Guadalupe,R,6
128,Junco (El Ojo de Agua),R,6
131,Maravillas,R,6
137,Palo del Oso,R,6
142,El Ranchito,R,6
143,La Rinconada,R,6
144,San Antonio,R,6
146,San Carlos,R,6
148,Las Cuevas (Cañón de las Cuevas),R,6
150,San José,R,6
151,San José,R,6
152,San Juan,R,6
153,San Lorenzo,R,6
154,San Martín,R,6
155,San Osvaldo,R,6
156,San Patricio (Los Charrasquillos),R,6
159,Santa Cruz,R,6
160,Tres Victorias,R,6
161,Santa Engracia,R,6
165,El Saucito,R,6
167,San Esteban (Juan Sifuentes González),R,6
169,El Tanquito (Enrique Castillo Montemayor),R,6
170,El Trébol,R,6
173,La Fuente [Balneario],R,6
175,Mavet (La Coyota),R,6
178,Limón,R,6
180,San Antonio,R,6
181,Cristo Rey,R,6
184,La Esperanza,R,6
185,Rancho Alegre,R,6
188,Chiquito,R,6
190,Alicia,R,6
193,Carlos Asís,R,6
195,Ricardo Rocha,R,6
196,La Gloria,R,6
197,El Milagro,R,6
198,La Gloria,R,6
199,El Aguacero,R,6
200,Santa Anita,R,6
201,La Escondida,R,6
202,El Nogalito,R,6
209,Real Viejo,R,6
211,El Cañón,R,6
212,Acámbaro de Arriba (Nuevo Acámbaro),R,6
219,Leñadero (La Soledad),R,6
220,Campamento Bautista,R,6
221,La Esperanza,R,6
222,El Socorro,R,6
223,José Herrera,R,6
224,Boca del Cañón de San Antonio,R,6
225,Santa Rosa,R,6
226,San Jesús,R,6
227,Miguel Silva,R,6
228,Jesús Castillo Galván,R,6
231,Las Bugambilias,R,6
232,Antonia Martínez Guedea,R,6
233,Federico Cárdenas Fuentes,R,6
234,Emiliano Zapata,R,6
235,Hacienda el Sago,R,6
236,Pequeño Rancho,R,6
237,La Estrella,R,6
238,El Arenoso,R,6
239,Mónico Carreón,R,6
241,San José,R,6
242,La Y Griega [Restaurante],R,6
243,Simón Sifuentes,R,6
244,Tuty (Ernesto Barrera de Hoyos),R,6
245,Esteban Reyes,R,6
246,Federico Martínez,R,6
247,Margarito Mendoza (Los Mendoza),R,6
248,Ignacio Alemán,R,6
249,Pedro Mascorro,R,6
250,Mina del Agua,R,6
251,Fraccionamiento el Cañón,R,6
252,Raúl González Luna,R,6
253,Cañón el Panal,R,6
254,La Purísima (El Panal),R,6
255,La Pasta Tres,R,6
257,Cañón Chilpitín (Rancho de Cuca),R,6
258,Cañón Chilpitín Uno,R,6
262,El Chilpitín,R,6
264,San Francisco (Tanque de San Francisco),R,6
265,El Tepeyac,R,6
266,Santa Fe,R,6
267,Paraíso,R,6
268,Santa Cruz Dos,R,6
269,San Francisco,R,6
270,Joya [Mina],R,6
272,La Negrita,R,6
273,Espinazo,R,6
274,Felícita Chaires,R,6
275,Pedro Mata Martínez (Acámbaro Fracción),R,6
276,La Escondida (Pasta del Anillo),R,6
278,Luis Hernández,R,6
279,Guillermo Suárez Díaz,R,6
281,Pedro Castilleja,R,6
282,Luis Alvarado,R,6
283,La Gavia,R,6
284,San Rafael (Santa Genoveva) [Mina],R,6
285,Felipe Carrillo Valero,R,6
286,Juan Andrade Moreno,R,6
287,El Socorro,R,6
288,Tres Hermanos (Noé Veliz Guzmán),R,6
289,San Lázaro,R,6
290,El Berrinche (Rodolfo Reyes),R,6
291,La Escondida (Juan Alvarado),R,6
293,El Alacrán,R,6
294,Pedro Sarabia,R,6
295,Guadalupe,R,6
296,San Luis,R,6
297,Pedro de León (De Sago),R,6
298,Alfredo Suárez,R,6
299,Arturo Méndez Cervantes,R,6
300,Francisco Hernández,R,6
301,Rogelio Lerma Treviño,R,6
302,Mario Lomas,R,6
303,San Marcos,R,6
304,El Pitayo (Edmundo González),R,6
305,Emiliano Aguirre Flores,R,6
306,La Garruña (Los Castillo),R,6
307,El Álamo,R,6
308,Carolina [Minera],R,6
309,Los Mimbres,R,6
310,El Paso de la Bolita,R,6
311,San Antonio,R,6
312,La Muralla,R,6
313,Jesús Carrillo Campusano,R,6
314,Antonio Méndez,R,6
315,Carlos Torres,R,6
316,Ciriaco Juárez Borrego,R,6
317,El Divisadero (Arturo Inocencio Beltrán),R,6
318,José Chaires,R,6
319,Las Mangas,R,6
320,Manuel Hernández,R,6
321,El Ojo de Agua,R,6
322,Polo Guajardo,R,6
323,El Molino Providencia [Triturados Construcción y Maquinaria],R,6
326,Santa Cruz,R,6
327,Abel Sepúlveda,R,6
328,El Abuelo,R,6
332,El Cariño (José Guadalupe Tobías Cervantes),R,6
333,Poblado Castaños,R,6
334,Castaños [Construcción Cascajo y Arena],R,6
335,El Conejo,R,6
336,Cuadra Santa Cecilia (Santiago Méndez C.),R,6
337,El Encino (Jacinto Contreras),R,6
339,Faustino Méndez (El Texano),R,6
340,El Yuyo [Granja],R,6
343,Las Isabeles,R,6
344,Jacinto Contreras,R,6
345,Jesús Roberto Quintanilla,R,6
347,Martha Elena Carreón,R,6
348,José Reyes Espinoza,R,6
349,La Nogalera,R,6
350,Julio Flores Salinas,R,6
351,Leocadio de Hoyos,R,6
354,La Majada (Ignacio Santillana Castillo),R,6
355,Manuel Villarreal Galván,R,6
356,Maravillas,R,6
357,Omar González (Rey de Reyes),R,6
358,Quinta Guadalupe,R,6
359,Ramiro Jiménez,R,6
360,Raúl Sánchez Campuzano (Rey de Reyes),R,6
361,El Renegado,R,6
362,Rogelio Aguilar Treviño,R,6
365,Santiago Hernández,R,6
368,Argi [Triturado],R,6
369,Víctor Santiesteban Mora,R,6
370,Zaragoza Zúñiga,R,6
371,Rancho Seco (Rigoberto Loera Ceballos),R,6
372,Tanque de Juan,R,6
373,Colonia Maravillas,R,6
374,Adán Méndez,R,6
375,Alejandro de Hoyos,R,6
376,El Centeno,R,6
377,Roger Braun (El Reboso),R,6
378,Demetrio Juárez Costilla,R,6
379,Pablo García,R,6
380,Miguel Ger,R,6
381,José Medrano,R,6
382,El Socorro,R,6
383,La Majada,R,6
384,Juan Elizondo,R,6
385,Ambientales y Energéticos [Centro de Investigaciones],R,6
386,Los Antonios,R,6
387,San Luis,R,6
388,Artemio Ruiz Molina,R,6
389,Valle Azul,R,6
390,Jesús Flores,R,6
391,Mauro Villarreal,R,6
392,Felicitos Villarreal,R,6
393,La Majada de los Mendoza (José Ángel Mendoza Villarreal),R,6
394,Martha Sifuentes,R,6
395,Juan Manuel Álvarez Varela,R,6
396,Cañón del Toboso,R,6
397,Margarito Zavala Llanas,R,6
398,Horacio Andrade Cuellar,R,6
399,Guadalupe,R,6
400,Luz Quiroz Rocha,R,6
401,Gerardo Martínez,R,6
402,San Julián,R,6
403,Juan Puente,R,6
404,José Benjamín Castilleja Camacho,R,6
405,Natalia Barbosa Sánchez,R,6
406,Daria Delgado Galván,R,6
407,Miguel Rodríguez,R,6
408,Luisa Borrego,R,6
409,Raymundo Reyes,R,6
410,Antonio,R,6
411,Marco Antonio de León Yáñez,R,6
412,Mi Ranchito,R,6
413,Los Gemelos,R,6
