CVE_LOC,NOM_LOC,AMBITO,CVE_MUN
1,Hidalgo,U,13
2,El Gato (Las Adjuntas),R,13
3,Los Apaches,R,13
4,Los Borregos,R,13
5,Brasil,R,13
7,Las Cuevitas,R,13
9,El Chorro,R,13
10,El Chupadero,R,13
11,Gracias a Dios,R,13
12,Las Iglesias (Iglesias de Flores),R,13
13,Lazaderos (Lazaderos Número Uno),R,13
14,Rancho RR,R,13
16,El Nogal,R,13
17,Palo Blanco,R,13
18,El Puerto de Agua Verde (El Puerto),R,13
19,Rancherías,R,13
20,Rancho Nuevo,R,13
22,San Alejo,R,13
23,Santa Adelfa,R,13
24,San Enrique,R,13
25,San Enrique,R,13
26,San Francisco,R,13
28,San Jesús,R,13
33,Santa Bárbara,R,13
35,El Sauz,R,13
36,Tanquecillos,R,13
41,El Encino,R,13
42,San Fernando (El Gallo),R,13
43,El Ojito,R,13
44,Loma la Mujer,R,13
46,Alto Bonito,R,13
47,Cinco Hermanos,R,13
48,La Grulla,R,13
49,Don Oscar,R,13
50,Canoítas,R,13
51,El Rodeo,R,13
52,Ninguno [Bodega del Ejido],R,13
54,Santo Tomás,R,13
57,El Sufrido (El Carmen),R,13
59,Peñitas Uno,R,13
60,Peñitas Dos,R,13
61,El Barrocito,R,13
66,San Emeterio,R,13
68,Las Lomas,R,13
69,La Rosita (El Almud),R,13
71,El Vergel,R,13
72,La Felicidad,R,13
75,Santa Celia,R,13
76,Santa Eulalia,R,13
77,Los Tildios,R,13
78,Veinte de Junio,R,13
79,Comitas,R,13
81,San Alberto Uno,R,13
84,San Alberto Dos,R,13
86,Vista Verde,R,13
87,El Semoro (Arroyitos),R,13
91,La Piña,R,13
92,La Roca,R,13
93,La Zacatosa,R,13
95,Los Tiernos,R,13
98,María Gutiérrez (Santa Martha),R,13
99,La Providencia,R,13
100,Las Palomas,R,13
101,Rancho Nuevo,R,13
102,Jesús García Longoria,R,13
103,La Pasadita,R,13
104,Saúl Gazcón,R,13
105,Rancho Bonito,R,13
106,El Recuerdo,R,13
107,San Juanita,R,13
108,Santa Eulalia,R,13
110,La Zacatosa,R,13
111,Ramón Garza,R,13
112,Felipe Espinoza,R,13
113,La Herradura,R,13
115,El Ahogadero,R,13
116,El Dorado,R,13
117,Palo Blanco,R,13
118,Las Gallinas,R,13
119,Timoteo Hernández,R,13
121,Agua Verde,R,13
122,La Barranca,R,13
124,Saúl Rascón,R,13
125,Ticos Ranch,R,13
126,Juan Vargas de la Rosa,R,13
127,Raymundo de la Rosa,R,13
128,Las Ventanas,R,13
129,El Diez,R,13
130,El Semoro,R,13
131,Santos Refugio,R,13
132,Lazaderos,R,13
133,Saúl Rascón,R,13
134,La Chiva,R,13
135,La Bodega,R,13
136,Rosa de Guadalupe,R,13
