CVE_LOC,NOM_LOC,AMBITO,CVE_MUN
1,San Buenaventura,U,31
2,Las Ánimas,R,31
3,El Berrendo (Nuevo Sacramento),R,31
5,El Capulín,R,31
6,El Carrizalejo,R,31
7,El Celo,R,31
9,La Esperanza (Las Esperanzas),R,31
10,El Fortín,R,31
11,El Gavilán,R,31
12,Guadalupe Victoria (El Cerrito),R,31
13,Hamburgo,R,31
14,Las Islas,R,31
16,El Mesteño,R,31
17,Molino de Santa Gertrudis,R,31
18,Nuevo Poblado del Sombrerete (Nuevo Sombrerete),R,31
19,La Purísima,R,31
20,Sauceda,R,31
21,San Agustín,R,31
22,San Antonio de la Cascada,R,31
23,San Antonio de las Higueras,R,31
24,San Blas,R,31
25,San Francisco,R,31
26,San Lorenzo,R,31
27,San Marcos,R,31
28,San Pedro de Agua Dulce,R,31
29,San Salvador,R,31
30,Santa Gertrudis,R,31
31,Sierra Hermosa,R,31
33,Valle Colombia,R,31
34,Buenavista,R,31
36,El Cimarrón,R,31
37,La Angostura (La Chicharra),R,31
39,La Encantada,R,31
40,La Gorriona,R,31
42,La Mula,R,31
43,Las Norias Altas,R,31
45,La Palma,R,31
47,Rosa de Guadalupe,R,31
49,El Colmenar (San Esteban),R,31
50,San Felipe,R,31
53,San Jerónimo (El Ciervo),R,31
54,San José de Agua Dulce,R,31
55,San Juan,R,31
57,San Patricio,R,31
59,Santa Elena,R,31
60,Santa Elena de la Cruz,R,31
62,Santa Martha,R,31
63,San Antonio de la Cascada (El Agostadero),R,31
64,El Silencio,R,31
67,El Quemado,R,31
68,Valle Perú (Rancho Nuevo),R,31
69,La Vaquita (El Tulillo),R,31
73,Santiago,R,31
75,Las Mercedes (San Esteban),R,31
76,Monte Alto (Rafael López de la Fuente Villarreal),R,31
77,El Retiro,R,31
79,La Remuda,R,31
83,La Azufrosa,R,31
88,Buenos Aires,R,31
89,La Puerta,R,31
90,La Chicharra,R,31
93,La Escondida,R,31
94,La Laguna del Sauz,R,31
95,La Libertad,R,31
97,Malva Rosa,R,31
99,Las Cuatro Hermanas (El Palmar),R,31
101,El Papalote,R,31
102,El Lucero,R,31
103,El Placer,R,31
105,Santa María (La Pulga),R,31
109,San Juanita,R,31
110,San Juanito,R,31
112,Santa Cecilia,R,31
113,Santa Gertrudis,R,31
117,La Unión,R,31
118,Yerbabuena,R,31
120,Rodolfo Villarreal,R,31
123,Comunidad de San Buena de Bienes Comunales,R,31
124,Mario Sergio de Luna García,R,31
125,La Navidad,R,31
127,La Misión,R,31
128,La Felicidad,R,31
129,Los Nogales,R,31
130,Santa Fe (Alejandro Gutiérrez López),R,31
131,Montebello,R,31
132,Lauro Salazar,R,31
133,San Antonio,R,31
141,San Martín,R,31
142,Las Pollas (Oscar Garza Galindo),R,31
143,Los Preciado,R,31
144,San Juanita,R,31
145,David Medrano,R,31
146,Enrique Ayala R.,R,31
148,Emilio Peña,R,31
150,Lelo Domínguez,R,31
155,El Paso (Maricela Martínez Martínez),R,31
172,Rancho Nuevo,R,31
174,El Moyote,R,31
176,San Luis (El Cuatralbo),R,31
177,Sanguijuela,R,31
178,San Enrique,R,31
179,Los Altos,R,31
180,El Molino,R,31
181,San Francisco,R,31
183,El Establo (María Teresa Boerman Villarreal),R,31
184,La Victoria (Luis Ángel Menchaca),R,31
186,Alina y Karen,R,31
188,Santos Vázquez,R,31
189,La Nogalera (José Armando Esquivel Castellanos),R,31
192,La Ranita,R,31
193,El Fortín de las Golondrinas,R,31
196,El Colorado,R,31
198,San José,R,31
200,El Ranchito los Rodríguez,R,31
206,César Gutiérrez,R,31
207,Jesús Palos (Majada),R,31
208,La Victoria (Nano Garza),R,31
210,Los Dos Condados,R,31
211,Bellavista VII (Homero Garza),R,31
212,Jesús Sánchez Vázquez,R,31
213,Santa Fe,R,31
214,Luis Romo Gutiérrez,R,31
215,Isidro Cerna Boone,R,31
216,José Luis Valadés,R,31
217,La Palapa,R,31
218,José Héctor Villarreal Martínez (Loma Prieta),R,31
219,El Papalote,R,31
220,Las Praderas,R,31
221,El Escritorio,R,31
222,Ramón de la Cruz (Loma Prieta),R,31
223,Eudelia Martínez Montemayor (Loma Prieta),R,31
224,Santa Cruz (Rigoberto Villarreal Morales),R,31
225,Jesús de la Cruz Hernández,R,31
226,Dos Hermanos (Loma Prieta),R,31
227,Laureano Treviño Hernández (Loma Prieta),R,31
228,La Palma (Eladio Villarreal de la Garza),R,31
229,Jorge Villarreal,R,31
231,Gerardo Arriaga,R,31
232,Tereso Villarreal Ortiz (Santa Rita),R,31
233,La Granja,R,31
234,Rincón de los Romo,R,31
235,El Pilote,R,31
237,Los Dos Ramones,R,31
238,Cañón de la Madera,R,31
239,Macario Portillo (Ojito de Santa María),R,31
241,El Novillo Grande,R,31
242,Graciano Bortoni (Carrizalejo),R,31
243,Miguel Ángel Villarreal Muñoz (Puerto Sabana),R,31
244,Las Cabras,R,31
245,Sal Si Puedes (El Marrón),R,31
246,La Parrita,R,31
247,Tanque Blanco,R,31
248,El Laberinto,R,31
249,Nogales,R,31
252,Daniel del Valle,R,31
254,Los Pinos (Héctor Gutiérrez González),R,31
255,José Luis Salazar,R,31
258,Guadalupe (Antonio Castellanos Rodríguez),R,31
259,El Abanico (Jesús Humberto Jiménez González),R,31
260,Ovidio Ríos Dávila,R,31
261,Los Antonios (Luis Alfonso de la Cerda Córdova),R,31
264,San José,R,31
265,El Chapote,R,31
267,Ricardo Valdez Adame,R,31
268,Luis Sierra Pecina,R,31
269,Edgardo Villarreal Vega,R,31
270,Arturo Gutiérrez (El Divisadero),R,31
271,Roberto Palacios,R,31
272,De Menchaca,R,31
273,Las Grullas,R,31
274,David García,R,31
275,El Carambolo (Mario Alberto Martínez de León),R,31
276,Carlos Moreno,R,31
277,Bartola Vázquez Rodríguez,R,31
278,El Águila,R,31
279,La Agüita,R,31
280,El Alboroto (José María Macías),R,31
281,Santa Teresa (El Cuate Carrillo),R,31
282,Edgardo Villarreal,R,31
283,El Gavilán Dos,R,31
284,Ignacio de Luna Rico,R,31
285,Los Cascabeles (Mirsa Guadalupe García García),R,31
286,Jorge Luis López Guerrero,R,31
287,Juan Albino Peña,R,31
288,Los Nogales (Manuel Terrazas Ramírez),R,31
289,Las Moritas,R,31
290,Ana Rosa,R,31
291,Palos Blancos,R,31
292,Santa Fe,R,31
293,Toro Viejo,R,31
294,Las Cabras,R,31
295,Juan Osvaldo Ezquivel Fernández,R,31
296,Saca de Bucareli,R,31
297,Victoria,R,31
298,Jaime Montes (Loma Prieta),R,31
300,Ranchito Nuevo (Julio Sánchez García),R,31
301,Jesús de la Cruz Hernández (Loma Prieta),R,31
303,Saca de Bucareli,R,31
305,El Ministro (Chema de Luna),R,31
306,La Planta,R,31
307,Santa Fe,R,31
308,Saca de Bucareli (Armando Corona),R,31
310,Victoria,R,31
311,Rito Vázquez Rodríguez,R,31
312,Martín Vázquez Rodríguez,R,31
313,Rito Antonio Villarreal Vázquez,R,31
314,San Silvestre,R,31
315,San Buenaventura [Comunidad],R,31
317,Olaguer Salazar Estrada,R,31
318,San Juan de las Pilas,R,31
319,Fidel Briones Rangel,R,31
320,La Fe (Jesús Briones Rangel),R,31
321,José Héctor Romo de Luna,R,31
322,La Parrita (Pedro Peña Narváez),R,31
323,Los Potrillos (Dionisio Martínez Posada),R,31
324,Juan Antonio Martínez de León,R,31
325,Los Dos Potrillos (Armando Contreras Garza),R,31
327,César Valdez Alfaro,R,31
328,Pancho Prince,R,31
329,Argelia Castellanos Casas,R,31
330,Bellavista lll,R,31
331,San Serapio,R,31
332,Don Agapito,R,31
333,Nueva Fracción [Fraccionamiento],R,31
334,Jesús Treviño,R,31
335,Las Margaritas [Fraccionamiento Campestre],R,31
338,Rubén de Luna,R,31
339,Jesús Núñez,R,31
340,Los Dos Arbolitos,R,31
342,Cabañas el Jardín,R,31
343,José Abel Martínez,R,31
344,Los Vecos,R,31
345,La Chicharrita (Higinio Luna),R,31
346,Santa Teresa Limas Muñoz,R,31
347,Predio 9,R,31
348,Juvenal Moreno Cervantes,R,31
349,Carmen Aguilar,R,31
350,Santa Cecilia,R,31
351,Saca de Bucareli,R,31
352,Mariano Huerta,R,31
353,Gonzalo Meza Aguilar (Trincheras),R,31
354,María y José (Raúl García Valdez),R,31
355,El Coyote (Filiberto Cantú),R,31
356,Francisco Humberto Menchaca Martínez,R,31
357,Juan Treviño,R,31
358,Romero Flores Herrera,R,31
359,El Rocío,R,31
360,La Caída,R,31
361,Los Soles [Fraccionamiento],R,31
362,Lupita,R,31
363,La Fe y la Esperanza,R,31
364,El Nogal,R,31
