CVE_LOC,NOM_LOC,AMBITO,CVE_MUN
1,Cuatro Ciénegas de Carranza,U,7
2,Antiguos Mineros del Norte (Santa Tecla),R,7
4,Belloc [Estación],R,7
6,Alfalfar [Sociedad de Producción Rural],R,7
7,Cuates de Australia,R,7
10,Estanque de Norias,R,7
11,Estanque de Palomas (Las Palomas),R,7
12,La Cuchilla (Ferriño),R,7
14,El Venado,R,7
15,El Oso,R,7
16,La Reforma (La Colonia),R,7
18,San Juan de Boquillas (San Juan),R,7
19,San Vicente,R,7
21,Tanque Nuevo (El Cinco),R,7
22,La Vega,R,7
23,La Victoria,R,7
24,Seis de Enero,R,7
25,San José de la Zacatosa (Arocha),R,7
27,Australia (Barranquitas),R,7
28,El Granizo (Bordos el Diablo),R,7
29,Carrizos,R,7
30,Cuates de Abajo (Cerros Prietos),R,7
32,El Mineral de Reforma,R,7
33,El Espejo,R,7
35,El Refugio,R,7
38,Siete de Junio,R,7
39,El Retiro (La China),R,7
40,El Juncal,R,7
41,El Tajo,R,7
46,El Jabalí,R,7
48,El Madero,R,7
49,Tanque el Magueyal,R,7
50,El Clavel,R,7
52,El Toro,R,7
54,Ferriño [Bodegas],R,7
56,Cuatro Ciénegas de Carranza [Estación],R,7
57,Ocampo [Asociación Ganadera],R,7
61,Gabino Vázquez (El Naranjo),R,7
65,La Casita,R,7
66,Loma Prieta,R,7
67,El Valle (La Avería),R,7
68,La Calera (Los García),R,7
69,Ampuero (La Herradura) [Sociedad de Producción Rural],R,7
70,San Miguel (La Máquina),R,7
71,San Miguel,R,7
72,El Sauz,R,7
73,La Calera (Los Govea),R,7
75,Corita [Sociedad de Producción Rural],R,7
76,Rosario Viejo,R,7
77,San José del Anteojo,R,7
80,Molino del Rey,R,7
81,Quinta Margarita,R,7
86,Los Belloc (Guadalupe),R,7
87,San Lorenzo,R,7
88,Tierra Blanca,R,7
89,Poza la Becerra (Poza de la Becerra),R,7
90,Nuevo Atalaya (San Marcos),R,7
91,San Pablo (Pozas Azules),R,7
92,La Campana,R,7
93,Santa Teresa de Sofía,R,7
94,Loma Verde,R,7
95,Santa Rosalía,R,7
101,La Muralla (San Pablo),R,7
103,Los Altos (Los Castros),R,7
107,La Escondida (El Lucero),R,7
110,El Jonuco,R,7
112,La Luz,R,7
113,María Rosa,R,7
114,San Pablo (Ex-Hacienda de San Pablo),R,7
116,San Esteban,R,7
121,El Venado,R,7
123,Viridiana,R,7
124,Vitali,R,7
127,Guadalupe,R,7
128,La Estrella,R,7
132,Los Ángeles,R,7
133,San José,R,7
135,Santa Mónica,R,7
136,La Ximena,R,7
139,El Buque,R,7
140,Ninguno [Unidad Deportiva],R,7
141,Susana Moncada (Quinta Guerra Moncada),R,7
142,Romaguera,R,7
143,González [Granja],R,7
147,La Rinconada,R,7
149,El Pitayo,R,7
150,La Clave,R,7
152,Cuatro Ciénegas [Unión Ganadera Ejidal],R,7
153,La Palmosa,R,7
154,El Quinto,R,7
155,Santo Domingo,R,7
157,La Sabaneta,R,7
158,Los Martínez,R,7
161,Gas Monclova,R,7
162,Campamento Minero Bonanza,R,7
163,Bonanza,R,7
165,Los Osos,R,7
166,La Poza Azul,R,7
168,El Hundido,R,7
169,Quintero,R,7
172,El Volcán,R,7
175,Estanque de León,R,7
177,Lucio Blanco (La Pelota),R,7
178,San Antonio,R,7
181,El Campizal,R,7
184,Zeta,R,7
185,La Sandra,R,7
187,Eliseo Mendoza Berrueto,R,7
188,Las Morenas,R,7
190,Puerto Salado,R,7
192,Presa de Mata,R,7
193,Unión y Progreso,R,7
194,El Amparo (La Babia),R,7
198,El Volcán,R,7
199,Estroncios de México (San Martín) [Mina],R,7
200,La Roja [Compañía Minera],R,7
204,El Rinconcito,R,7
205,El Forado,R,7
207,Las Tetillas,R,7
212,El Campamento del Loco,R,7
215,Puerto Viejo de Bonanza,R,7
216,Perfecto Martínez,R,7
217,Cañón de la Nopalera,R,7
218,El Calvario,R,7
219,Guadalupe,R,7
220,Tomás Villarreal,R,7
221,El Cerrito [Rocas y Minerales],R,7
224,El Milagro,R,7
225,La Caseta,R,7
226,Fundador,R,7
227,El Refugio Praderas,R,7
228,Las Pulgas,R,7
232,El Rastro,R,7
233,Julián Riojas,R,7
234,Orlando Almaguer,R,7
235,Silvestre Medina,R,7
236,Las Palmas,R,7
237,Efraín González,R,7
238,Francisco López,R,7
239,Oscar Sánchez,R,7
241,Hugo Navarro de la Garza,R,7
242,Juan Ramón Navarro Villegas,R,7
244,Jorge Ibarra,R,7
246,El Volcán Dos,R,7
247,Manoly Rusarez,R,7
248,La China,R,7
249,La Pocera,R,7
250,El Ranchito,R,7
251,Piedras de Lumbre de la Estación,R,7
252,Piedras de Lumbre,R,7
253,El Campito (Los Polvorines),R,7
255,Las Alazanas,R,7
256,El Anteojo,R,7
258,Arturo Torres,R,7
259,Santiago Menchaca,R,7
260,Los Pinos (Valentín Martínez Pérez),R,7
261,Mario Flores,R,7
262,Fernando Cantú,R,7
263,El Chapote,R,7
264,Gilberto Cantú (La Angostura Uno),R,7
265,La Salina,R,7
266,San Eliseo,R,7
267,El Rancho de los Ortiz,R,7
268,La Flecha,R,7
269,Claudio Torres,R,7
271,Elpidio Meras Treviño,R,7
272,El Pasaporte,R,7
273,Los Olivos,R,7
274,La Ilusión,R,7
275,La Labor del Clavel,R,7
276,Santo Domingo,R,7
277,El Anteojito,R,7
278,Cañón Grande,R,7
279,Lomas del Toro,R,7
281,Llano Blanco,R,7
282,San José,R,7
283,El Suspiro,R,7
285,Beta Tanque Nuevo,R,7
286,Miguel y Miguel,R,7
287,La Pistola,R,7
288,Gabriel Villarreal Jordán,R,7
289,José Vázquez,R,7
290,Ramiro Villegas Garza,R,7
291,Héctor Castillo,R,7
292,Francisco López Jiménez,R,7
293,Ramón García,R,7
294,Guadalupe López,R,7
295,Santo Domingo (Cañón de Farías),R,7
296,El Pilar [Compañía Agrícola],R,7
297,El Dormido,R,7
298,González,R,7
299,Ninguno [El Relleno Sanitario],R,7
300,Jesús Castro,R,7
301,José Alfredo Álvarez Cerda,R,7
302,La Babia,R,7
303,Torrebarrio,R,7
304,Bertha Laura Garza Villarreal,R,7
305,La Presita,R,7
306,Los Arellano (El Cañón),R,7
307,El Abuelo,R,7
308,Francisco Zamarrón,R,7
309,El Galope,R,7
310,Ninguno [El Relleno Sanitario],R,7
311,El Oasis,R,7
312,Los López,R,7
313,San Rafael,R,7
314,Las 3 Lilas,R,7
316,Los Príncipes,R,7
317,Juan de la Garza,R,7
318,La Colmenita,R,7
319,El Inocente,R,7
320,El Vergel,R,7
322,Cuahuiltecas [Sales],R,7
323,Puerto San Juan,R,7
324,San Isidro,R,7
325,Pueblo Viejo,R,7
326,Amado Villarreal,R,7
327,René Cantú Garza,R,7
328,El Ranchito Dos,R,7
330,El Milagro (Humberto Ramírez García),R,7
331,El Magueyal,R,7
332,Victoria Dos,R,7
333,El Mirador,R,7
334,Mardus,R,7
335,El Diego,R,7
336,Parcela 97,R,7
337,Los Carrizos,R,7
338,Menonitas,R,7
340,San Gabriel,R,7
342,Las Brisas,R,7
343,Sergio Arturo Medina Zaragoza,R,7
344,Armando Jordán,R,7
345,Los Pinos,R,7
346,Mancha,R,7
347,Gemma,R,7
348,El Anteojo,R,7
349,Cerro de la Purísima,R,7
350,La Luz [Mina],R,7
351,Julio Martínez,R,7
352,Armando Martínez Nuncio,R,7
353,Puerto Bonanza,R,7
354,La Fe,R,7
355,La Pirita,R,7
356,El General,R,7
357,Los Nogales,R,7
358,San José,R,7
359,Emilio Bichara,R,7
