CVE_LOC,NOM_LOC,AMBITO,CVE_MUN
1,Ramos Arizpe,U,27
2,Agua Blanca,R,27
3,Agua del Toro,R,27
4,Aguajillo de Abajo (Aguajillo de la Loma),R,27
5,La Agüita del Rosario,R,27
8,San Juan de Amargos,R,27
9,Amargos,R,27
10,Anhelo,R,27
11,Estación Anhelo (Sección R361),R,27
12,La Azufrosa,R,27
13,El Barrial,R,27
14,El Barril,R,27
18,Las Calandrias,R,27
19,La Campana,R,27
20,Congregación Cañada Ancha,R,27
21,Luna (Carlos Pereyra),R,27
23,El Cedral,R,27
25,Las Coloradas,R,27
26,Cosme,R,27
27,El Coyote,R,27
30,San Antonio de Encinas,R,27
31,Las Esperanzas,R,27
32,La Florida,R,27
33,Fraustro,R,27
34,Fraustro [Estación],R,27
35,La Gamuza,R,27
36,Plan de Guadalupe (La Delfina),R,27
37,Ex-Hacienda de Guadalupe,R,27
38,Guajardo,R,27
40,Higo (La Norita),R,27
41,Estación Higo,R,27
42,Higueras,R,27
43,Hipólito,R,27
45,Las Imágenes,R,27
46,La Taiga,R,27
47,Landeros,R,27
48,La Leona,R,27
49,Mesillas,R,27
51,Mesillas,R,27
52,Mesita de León (Granadillo),R,27
53,Mesón del Norte,R,27
56,La Noria de las Ánimas,R,27
57,Noria de los Medrano,R,27
58,Las Norias,R,27
59,Nuevo Nacapa,R,27
60,Nacapa (Nuevo Nacapa),R,27
61,El Ojito (Estación Sauceda),R,27
63,Ojo Caliente,R,27
64,Los Ojuelos de Abajo (El Ojuelo),R,27
66,Palo Blanco,R,27
67,La Paloma,R,27
68,El Panal,R,27
69,El Pantano,R,27
70,Paredón,R,27
71,El Pelillal,R,27
73,La Popa,R,27
74,Potrerillos (El Potrerillo),R,27
76,Ramírez,R,27
78,El Ranchito (El Vergel),R,27
79,Rancho Nuevo,R,27
80,El Realito,R,27
81,Reata (General Coss),R,27
83,El Saucillo Dos (Salitrillos),R,27
84,San Antonio,R,27
85,San Antonio de Acatita,R,27
86,San Carlos,R,27
87,San Felipe,R,27
88,San Francisco de los Desmontes,R,27
89,San Gregorio (Comunidad San Gregorio),R,27
90,San José de los Nuncios,R,27
91,San José de Monteverde,R,27
92,San Juan Bautista,R,27
93,San Juan de Amargos (Ex-Hacienda de San Juan),R,27
94,San Juan de la Sauceda,R,27
95,San Lucas,R,27
96,San Martín de las Vacas,R,27
97,San Miguel,R,27
98,San Miguel,R,27
99,San Rafael,R,27
100,Santa Cruz,R,27
101,Santa Herminia (La Fe),R,27
102,Santa María (Santa María del Rosario),R,27
104,Santa Rita del Muerto,R,27
106,Santo Domingo,R,27
108,La Sauceda (El Tanque),R,27
109,La Sauceda [Estación],R,27
110,El Tanque (Tanque Viejo),R,27
111,La Tortuga,R,27
112,Las Trancas,R,27
114,Tanque Tuxtepec,R,27
115,La Virgen,R,27
118,El Águila,R,27
120,El Barril,R,27
124,Los Cuijes,R,27
125,Los Cedros,R,27
126,El Colorado,R,27
128,Las Cuatas,R,27
129,El Carmen (Las Galeras),R,27
132,Cerrito Blanco,R,27
135,San Martín (Doce de Diciembre),R,27
138,Hacienda España,R,27
139,La Esperanza,R,27
141,La Fuente,R,27
143,La Fortuna (Santa Martha),R,27
144,Ninguno [Forrajes y Engordas Técnicas],R,27
147,Galindo,R,27
151,Los Jacales,R,27
158,Nuevo Yucatán (El Jabalí),R,27
159,Noria del Carmen (El Papalote),R,27
160,Ojito de Rómulo (Palestina),R,27
166,EMOSA (Los Pinos),R,27
167,El Potrero,R,27
172,Quintanilla,R,27
173,El Rosedal,R,27
174,El Ranchito,R,27
177,San Felipe (Rancho Viejo),R,27
178,San Luis,R,27
179,Sacrificio (San Luis),R,27
180,San Lázaro,R,27
181,San Esteban,R,27
182,San Francisco (La Boquilla),R,27
184,San Juan de las Gaviotas,R,27
185,San Pedro de Bonanza,R,27
186,San Isidro,R,27
187,San Joaquín de la Azufrosa,R,27
188,San Isidro de Acatita (El Ranchito),R,27
189,Cañada Park,R,27
190,San Simón,R,27
192,Santa Rita,R,27
195,Santa María Viñedos (Los Nogales),R,27
196,La Aurora,R,27
198,El Saucillo de Abajo,R,27
200,Los Olivos (Tacotes),R,27
201,Los Jacalitos,R,27
203,Los Temporales,R,27
204,Terrabone,R,27
205,Las 3 Rosas (La Vinata),R,27
208,San Agustín (La Valenciana),R,27
209,La Fluorita,R,27
210,La Cruz,R,27
214,El Alamito,R,27
217,Piedras Negras,R,27
218,Santa Anita,R,27
222,San Juan de Arriba,R,27
224,San Nicolás,R,27
226,La Macarena,R,27
230,Los Bordos,R,27
231,El Alacrán,R,27
232,El Cercado,R,27
233,Ramirillos,R,27
236,San José de la Escondida,R,27
239,El Alto,R,27
240,Lázaro Cárdenas (El Edén),R,27
244,San Roberto,R,27
247,El Carmen (El Carmen de la Gloria),R,27
250,El Milagro,R,27
253,Alto de Norias (El Nuevo Alto de Norias),R,27
258,La Caseta,R,27
261,El Refugio,R,27
263,Guadalupes [Granja Avícola],R,27
265,La Luz Dos (La Luz Segunda),R,27
267,Monte Redondo,R,27
268,Las Moras,R,27
272,Palma Ramuda (Sierra Azul),R,27
275,Parreños,R,27
276,La Parrita,R,27
277,Garza Leal (Bravo),R,27
279,La Presa (Loma Chiquita),R,27
283,Las Rucias,R,27
286,San Antonio del Mimbre,R,27
289,La Estrella,R,27
290,San Ignacio,R,27
291,San José del Valle,R,27
293,San Juan de Abajo (San Juan),R,27
296,San Pedro (La Presa),R,27
297,Curva Santa María,R,27
302,Zertuche,R,27
308,San Antonio (Marco Tulio),R,27
309,El Astillero,R,27
312,La Pistola,R,27
313,Los Romero,R,27
315,Agüita del Rosario de Abajo,R,27
316,El Salto,R,27
320,Las Praderas,R,27
321,Zacatecas,R,27
322,Santa Isidra,R,27
324,Santa Isidra Dos,R,27
326,Las Navajas,R,27
327,El Salto,R,27
331,Las Joyas,R,27
332,Las Jaulas (La Pila),R,27
333,Las Galeras,R,27
334,Los Gavilanes,R,27
336,La Noria,R,27
341,La Merced,R,27
342,Los Palmeritos,R,27
344,Parada Agüita del Rosario,R,27
348,Juan Ortiz,R,27
349,Chimicuila (Doctor de las Fuentes),R,27
350,El Kelso,R,27
351,Cantera de Higueras,R,27
353,Ninguno [Desarrollo Agrícola y Ganadero Biotécnico],R,27
355,El Tambor,R,27
356,El Arbolito,R,27
357,La Zorra Dos,R,27
360,Minerva,R,27
367,Los Gavilanes,R,27
368,La Cañada Dos (Cañada de Arriba),R,27
374,El Capricho,R,27
376,El Toluco,R,27
377,La Ilusión,R,27
378,Las Loberas,R,27
381,El Venadito (La Princesa),R,27
382,La Gamuza,R,27
383,El Chilar [Granja Porcícola],R,27
384,Lomas la Gamuza,R,27
385,El Oso (Estanque del Oso),R,27
386,El Escalón San Francisco,R,27
388,El Jagüey,R,27
389,Ana Isabel,R,27
390,Cerro Colorado,R,27
392,El Temporal de las Cuevas,R,27
393,La Cañada,R,27
395,Las Dora Elias,R,27
401,Rancho Hermanos Coraje,R,27
402,La Zorra Uno,R,27
406,Saucillo de Arriba (Los Picón),R,27
407,Rubén Aguirre,R,27
410,Los Llanitos (David Martínez Rivera),R,27
414,El Milagro,R,27
415,Salitre,R,27
416,Rancho W,R,27
417,Los Tres Alamitos,R,27
421,Los Charcos (El Carbón),R,27
422,Hacienda Amargos,R,27
424,La Campana (San Francisco de las Gladiolas),R,27
425,La Mina,R,27
426,Valle de Santa Isidra,R,27
428,El Café,R,27
429,El General,R,27
430,Rincón de las Bayas (Arturo Flores Corrales),R,27
436,Cañón del Tule Dos,R,27
437,Invernaderos la Cañada,R,27
438,Don Pancho,R,27
443,Las Margaritas,R,27
445,Boca del Tule (Los Nogales),R,27
446,El Vergel de San Francisco,R,27
452,San Bartolo,R,27
454,Mary Cruz,R,27
458,Camino a la Mina (Guadalupe Cárdenas García),R,27
461,El Ojuelo de en Medio,R,27
463,Higueras [Granja],R,27
464,Los Ojitos,R,27
465,Puente Paso del Águila,R,27
469,La Ventura (La Pila),R,27
470,El Consuelo de los Charcos,R,27
471,El Paraíso,R,27
472,La Granja,R,27
473,La Casa Amarilla,R,27
474,El Roble,R,27
475,Santa Rosa,R,27
477,San Isidro,R,27
478,El Corral de Piedra,R,27
479,La Chancla,R,27
480,Los Ramos Uno,R,27
481,Los Ramos Dos,R,27
482,Santo Domingo Número Cinco,R,27
483,El Temporal,R,27
484,El Sombreretillo,R,27
485,Los Piña (Ceferino Piña),R,27
486,Santo Domingo,R,27
487,Salitrillos,R,27
488,Puerto los Galindo,R,27
489,El Ranchito,R,27
490,El Vergel,R,27
491,La Fortuna Dos,R,27
492,Potrerillos (Antonio Javier Frías Fuentes),R,27
493,Las Encinas,R,27
494,Las Silvas,R,27
496,San Judas Tadeo (Álvaro Gómez),R,27
497,El Ojito,R,27
498,La Sauceda [Campo Experimental Centro de Investigación Forestal],R,27
499,José Sandoval Hiriarte,R,27
501,Juan Quintanilla Cortazzo,R,27
503,El Camborio,R,27
505,El Barreal,R,27
506,Los Arroyos,R,27
507,La Cruz,R,27
508,El Capricho,R,27
510,Los Encinitos,R,27
512,Rincón del Pedregal,R,27
514,San Simón de Abajo,R,27
515,San Francisco,R,27
516,José Francisco Medina Canizales,R,27
517,El Área de San Fernando,R,27
518,Jorge Covarrubias,R,27
519,San Francisco,R,27
520,Desierto de los Reyes,R,27
521,La Purísima,R,27
522,La Mesita,R,27
523,La Gamuza,R,27
524,El Ranchito (Eduardo Valdez Pérez),R,27
525,Combite (El Barril) [Granja],R,27
528,La Cruz [Estación de Servicio],R,27
529,El Jabalí,R,27
530,La Majada de Abel Álvarez,R,27
531,San Esteban,R,27
532,Durango [Mármoles y Laminados],R,27
533,El Descanso,R,27
534,La Mina de San Luis,R,27
536,La Yesuda,R,27
537,El Álamo (Profesor Muza),R,27
538,Encinitos Dos,R,27
540,Los Girones,R,27
541,San Andrés,R,27
543,Catalina Flores Regino,R,27
544,Santa Cruz el Alto,R,27
545,El Rincón,R,27
546,Cañón Colorado,R,27
547,La Adobera (Kilómetro Diecisiete),R,27
548,Los Girones,R,27
549,Las Pitayas,R,27
550,Las Isabeles,R,27
551,Monteverde,R,27
552,Las Lomitas,R,27
553,Los Rodríguez de San Simón,R,27
554,El Ranchito (San Francisco),R,27
555,Rosa María Badillo Espinoza,R,27
556,El Refugio,R,27
557,Abraham Guerra Cano,R,27
558,Sofía Sosa Rosas (Plan de Guadalupe),R,27
560,Los Cuates (Los Puentes Cuates),R,27
562,San Juan,R,27
565,La Gloria,R,27
570,El Cortijo de Abajo,R,27
571,El Jardín,R,27
573,El Depósito (El Pastor),R,27
574,La Güera (El Pastor),R,27
576,Jaime Rodríguez Calderón,R,27
577,El Huizachal,R,27
578,Sierra de la Paila,R,27
579,Sierra de la Paila,R,27
580,Beto Farías,R,27
581,La Mesita de León (Ramiro Gutiérrez),R,27
582,San Pablo,R,27
583,Coyonoxtle,R,27
584,San Pablo de San Antonio,R,27
586,Labor Vieja (Heriberto Rodríguez Durán),R,27
588,El Colorado,R,27
589,El Cortijo (Prokarnes de Saltillo),R,27
590,Francisco Coss,R,27
591,San Ramón,R,27
592,El Edén (Ignacio Rodríguez Hernández),R,27
593,El Jagüey [Granja Avícola],R,27
594,La Labor de Belmares,R,27
595,La Labor de Cepeda,R,27
596,La Labor de los Mancos (Cruz Aguillón),R,27
598,Pilgrims Pride (Los Pinos),R,27
599,Los Pinos (Humberto Magaña),R,27
600,Juan Antonio Palomo Vázquez,R,27
601,Víctor Valdez Flores,R,27
602,Rincón de las Bayas (Ulises Valdez),R,27
603,Rincón de las Bayas (El Viejo),R,27
604,Rincón de Chávez,R,27
605,San Juan,R,27
607,La Casa Blanca,R,27
608,Las Peñitas,R,27
609,Francisco Domínguez Espinosa,R,27
610,José Encarnación Carrejo Dávila,R,27
611,Víctor Valdez Flores,R,27
612,El Oro,R,27
613,Arcón,R,27
615,Viga MM,R,27
616,Los Ángeles,R,27
617,Buenavista,R,27
618,Del Valle de Saltillo [Club Cinegético],R,27
619,Arroyo Negro,R,27
622,Congregación Higueras,R,27
623,El Consuelo,R,27
625,El Chupadero,R,27
626,Gavilán Primero (Mesón del Norte),R,27
627,El Laurel,R,27
628,Mesón del Norte (Los Vaqueros),R,27
629,El Molino,R,27
631,Talcoyon (San Andrés),R,27
632,San Diego,R,27
634,Santa Isabel,R,27
636,El Tecate,R,27
637,Los Tres Potrillos,R,27
639,La Yerbabuena,R,27
640,Pozos de Kimberly,R,27
641,Bachoco,R,27
645,El Forlón,R,27
649,Los Abuelos,R,27
651,Los Venados (La Buena Tierra),R,27
652,El Lenguetón,R,27
653,El Cóndor [Granja],R,27
655,Los Güeros,R,27
656,Los Girasoles,R,27
657,La Sauceda,R,27
658,El Ojito ll,R,27
659,Hacienda del Alto,R,27
660,Hortensia Duque,R,27
662,La Gringa,R,27
663,Encarnación Carrejo,R,27
664,Las Colonias,R,27
665,El Panal,R,27
666,Los Retoños,R,27
667,El Real de las Norias,R,27
668,Nayeli,R,27
669,Camacho,R,27
670,El Derramadero,R,27
671,La Casa de la Loma,R,27
672,Miguel Alvizu Cano,R,27
673,Francisco Rivas Malacara,R,27
674,Las Marías,R,27
675,Las Motas,R,27
676,El Huarache,R,27
677,El Soldado,R,27
678,El Renegado,R,27
679,Javier Martínez Ramos,R,27
680,Reynaldo Coss,R,27
681,El Puerto,R,27
682,Juan Plata Garza,R,27
683,La Buena Tierra,R,27
684,Las Tinajas,R,27
685,El Refugio,R,27
686,Jesús Sánchez García,R,27
687,Lorenzo Fernández Martínez,R,27
690,Cañada Ancha,R,27
691,Hacienda las Calandrias,R,27
692,El Varillal (Cruz Gómez),R,27
693,El Varillal (Enrique Granados),R,27
694,Fernando Ramos Ramos,R,27
695,José Luis Ramos Ramos,R,27
696,Cerro Viejo,R,27
697,El Jarame,R,27
698,Los Asís,R,27
699,Los Gil,R,27
700,El Ranchito,R,27
701,El Refugio,R,27
702,San Cristóbal,R,27
703,El 6,R,27
704,La Ilusión del Abuelo,R,27
705,La Luz,R,27
706,Los Abuelos,R,27
707,Cabaña de Aron López,R,27
708,Rincón del Bosque,R,27
709,El Apalusa,R,27
710,San Antonio,R,27
711,Jaime Rodríguez Calderón,R,27
712,Juan Garza,R,27
713,Alvaro Castillo,R,27
714,El Rehilete,R,27
715,Cuatro Milpas,R,27
716,Ismael González Treviño,R,27
717,Hipólito Aguirre,R,27
718,Los Abuelos,R,27
719,Los Cuates,R,27
720,Las Ociosas,R,27
721,Guadalupe Fuentes Mata,R,27
722,La Pitaya,R,27
723,Manuel Ramírez,R,27
724,Cerro Colorado,R,27
725,Valle de la Hacienda,R,27
726,Valle del Mimbre,R,27
727,Centro  Federal de Readaptación Social Número 18,R,27
728,Sector ll Vynmsa [Parque Industrial],R,27
729,Industrial Park,R,27
730,Cactus Valley Industrial Park,R,27
731,Holcim,R,27
732,Kimberly Clarck,R,27
733,Guadalupe Javier González Figueroa,R,27
734,Miguel González,R,27
735,Arcadio,R,27
736,El Charco,R,27
737,Arturo González,R,27
738,Eliseo Loera Hernández,R,27
739,Norberta Niño Barbosa,R,27
740,Los Perales,R,27
741,Antonio Coronado Morin,R,27
742,María del Carmen,R,27
743,Irma Leticia Ortiz Herrera,R,27
744,Pedro y Ubaldo Aguirre,R,27
745,Las Albardas,R,27
746,Antonio Flores Norman,R,27
747,Los Jacales (Jesús García Fuentes),R,27
748,La Poza,R,27
749,Pedro Alvarado,R,27
750,San Antonio,R,27
751,Armando Aguirre,R,27
752,La Ermita,R,27
753,La Montaña,R,27
754,Daniel González Alonso,R,27
755,Pedro,R,27
756,Juan García,R,27
757,David Nuncio,R,27
758,Armando García,R,27
759,César Flores Flores,R,27
760,Milpa Belén,R,27
761,La Ermita,R,27
762,Joaquín Herrera,R,27
763,Altamira 2,R,27
764,José Guadalupe Serratos,R,27
765,Las Carolinas,R,27
766,Loma Chata,R,27
767,La Palmosa,R,27
768,Santa Lucía,R,27
769,El Castor,R,27
770,Las Veredas del Viejo,R,27
771,Santo Domingo,R,27
772,Jesús Rodolfo Figueroa,R,27
773,Ebenezer,R,27
774,El Chepo,R,27
