CVE_LOC,NOM_LOC,AMBITO,CVE_MUN
1,General Cepeda,U,11
2,Agua de la Mula,R,11
4,Los Ángeles,R,11
5,Benecio López Padilla (Benito Juárez),R,11
6,El Rincón de los Arcentales (Huertas del Valle),R,11
7,Guelatao,R,11
9,Buenos Aires,R,11
11,La Casita,R,11
12,La Luz y Colón,R,11
13,La Perla del Carmen,R,11
14,Las Cuatas,R,11
16,Depósito de la Luz,R,11
17,El Dorado,R,11
18,Dos de Abril,R,11
20,El Tanque San Vicente,R,11
21,Fermín,R,11
22,La Florida,R,11
23,El Fortín,R,11
24,Gachupines,R,11
25,El Gavillero,R,11
26,La Gloria,R,11
27,Presa de Guadalupe (Guadalupe),R,11
28,Guadalupe Alamitos,R,11
29,La Hedionda Chica,R,11
30,La Mesa,R,11
31,Independencia,R,11
32,Jalpa,R,11
33,El Jaralito,R,11
35,La Luz,R,11
36,Macuyú,R,11
38,Marte (Estación Marte),R,11
40,El Mogote,R,11
41,Narigua,R,11
42,El Nogal,R,11
43,La Noria de la Sabina,R,11
44,La Pequeña de Fermín,R,11
45,Oratorio Chico,R,11
46,Oratorio Grande,R,11
47,La Parrita,R,11
49,La Paz,R,11
51,Piedras de Lumbre,R,11
52,El Pilar de Richardson,R,11
53,Porvenir de Jalpa,R,11
54,Porvenir de Tacubaya,R,11
55,La Florida (Ojo de Agua),R,11
56,La Puerta,R,11
58,Rincón Colorado,R,11
59,La Rosa,R,11
60,Sabanilla,R,11
62,Sacramento (San Roberto de las Parras),R,11
64,San Antonio de las Cabras,R,11
65,San Antonio del Jaral,R,11
66,San Francisco,R,11
68,La Noria,R,11
69,San José de la Paila (Rancho Nuevo),R,11
70,San José del Refugio,R,11
71,San Juan del Cohetero (El Colorado),R,11
72,Santa Inés (El Ojito),R,11
74,El Tejocote,R,11
75,La Tórtola,R,11
76,La Trinidad,R,11
82,Josefina [Restaurante],R,11
83,Las Galeras,R,11
84,Ex-Hacienda Ojo de Agua,R,11
85,La Hedionda de los Morales,R,11
86,El Huache,R,11
88,La Joya (Porfirio Tello Chávez),R,11
90,El Mimbre,R,11
91,El Mimbre,R,11
96,El Palmar,R,11
99,El Paso del Águila,R,11
105,El Río,R,11
107,Palo Blanco (Salitre),R,11
109,El Depósito de la Luz,R,11
111,Santo Niño (El Pilar),R,11
116,La Unión,R,11
117,La Vaquería,R,11
118,El Vergel,R,11
120,Villa Verde,R,11
122,María Ponce,R,11
123,El Alto de la Tórtola,R,11
128,La Lagunilla,R,11
129,El Kibbutz (La Mamilaria),R,11
131,San Ignacio,R,11
133,El Potrero de en Medio,R,11
134,Las Barrancas,R,11
136,Predio de Dolores,R,11
137,Monte de en Medio,R,11
141,El Rincón del Marqués de Aguayo (El Cuatro),R,11
142,Agualfa,R,11
143,Rancho Texas,R,11
144,San Isidro de Gómez,R,11
145,El Carmen (San Isidro de Gómez),R,11
146,La Campana,R,11
147,Tres Hermanos (La Pila),R,11
148,San José,R,11
149,Kilómetro Sesenta y Cuatro,R,11
150,San Nicolás de los Conos (El Pozo),R,11
153,Crucero de Jalpa (Tramo Ancho),R,11
154,Abel Treviño,R,11
155,Santa Elena,R,11
157,El Cheroke,R,11
158,San Belén,R,11
159,La Mesa de Huachichil,R,11
160,El Carmen,R,11
161,La Garza,R,11
162,San Miguel,R,11
163,Los José,R,11
164,El Moro (La Ilusión),R,11
165,La Hoz de Anero,R,11
166,El Corazón del Toro,R,11
167,Narigua Uno,R,11
168,Narigua Dos,R,11
171,Cinco Hermanos,R,11
172,Ojo de Agua (Eduardo Morelos Ochoa),R,11
174,La Mesa de San Francisco,R,11
175,El Saucillo,R,11
176,Manuel Domínguez de la Riva,R,11
177,San Isidro,R,11
178,Rancho James,R,11
179,Octavio Ostos García,R,11
180,El Milagro [Granja Avícola],R,11
181,La Rosa [Restaurante],R,11
182,El Potrero [Establo],R,11
183,Oscar González,R,11
184,La Florida (El Mezquite),R,11
185,Tomás Concha,R,11
186,Las Bielas,R,11
187,Santa Inés,R,11
188,La Joya,R,11
189,La Casa de la Colectiva,R,11
190,Francisco Tello Corpus,R,11
191,Santa María,R,11
192,El Despepitador,R,11
193,Crucero a Estación Marte,R,11
194,La Pastora,R,11
195,La Sabina,R,11
196,La Bomba,R,11
197,El Tejano,R,11
199,La Loma [Restaurante],R,11
200,La Mesa,R,11
201,Irma Ávila Viuda de García,R,11
202,Huachichil,R,11
203,Gumersindo Rivera González,R,11
204,La Rusia,R,11
205,Juan Rodríguez Monsiváis (El Potrillo),R,11
206,4 Hermanos (Juan Antonio Rodríguez Morales),R,11
207,Magdalena Rodríguez Olivan,R,11
208,La Joya (Luis Tello Chávez),R,11
209,Los Jamoncillos,R,11
210,La Virgen,R,11
211,Los Patos,R,11
212,El Uno,R,11
213,El Alto de la Vaquería,R,11
214,El Cantizal,R,11
215,El Sendero,R,11
216,Juan de la Rosa Arellano,R,11
217,Félix Jesús Arellano Pérez,R,11
218,Armando Espinoza Sánchez,R,11
219,El Siete,R,11
220,Aguilar,R,11
221,El Siete,R,11
223,La Victoria,R,11
224,El Tejabán,R,11
225,La Soledad,R,11
226,La Vinata,R,11
227,Los José,R,11
228,Antonio García Rodríguez,R,11
229,José Sánchez de la Rosa,R,11
230,Predio de Dolores (Eugenio Nájera Montejano),R,11
231,Manuel Alemán Cuevas,R,11
233,Remigio Barrientos Espinoza,R,11
234,Los Álamos,R,11
235,Carlos Hernández,R,11
236,Cuchilla del Indio,R,11
238,San Francisco,R,11
240,Dionisio Salazar Torres,R,11
241,La Paz [Granja Avícola],R,11
242,Hacienda San Isidro de Gómez,R,11
243,Juan Manuel Bueno,R,11
244,La Florida,R,11
245,María Trinidad Zertuche,R,11
246,Ingeniero Leal,R,11
247,Potrero de Cárdenas,R,11
248,Delfino Juárez Soria,R,11
249,Antonio Téllez,R,11
250,El Rema (Víctor Reina),R,11
251,La Nogalera,R,11
252,San Antonio del Jaral,R,11
253,El Monte,R,11
254,Juventino Guadalupe Fonseca Sánchez,R,11
255,Ariel de la Cruz,R,11
257,La Huerta (La Nogalera),R,11
258,Santa María (El Marrano),R,11
259,El Potrero,R,11
260,Ramiro Covarrubias,R,11
261,Herminio Sánchez Abeldaño,R,11
262,Isidro Sánchez,R,11
263,José García Durán,R,11
264,La Cruz (Luis Zamora),R,11
266,Los Piquininos,R,11
267,Las Liebres,R,11
268,Los Abuelos (La Mesa),R,11
269,San Juan,R,11
270,La Herencia,R,11
271,Mi Única Estrella,R,11
272,La Herradura,R,11
273,El Papalote,R,11
274,Las Huertas,R,11
275,Las Bugambilias,R,11
276,Tequila,R,11
277,El Corralero,R,11
278,Miguel Rodríguez Olivan,R,11
279,San Miguel,R,11
280,El Carmen,R,11
281,El Álamo (Genaro Nieto Alemán),R,11
282,Los Nogales,R,11
283,Socorro Guerrero Vázquez,R,11
284,Tomas Vargas Ortiz,R,11
285,Guillermo Rodríguez Vargas,R,11
286,El Rincón del Viejo,R,11
287,Dos Hermanos,R,11
288,Cocoyome,R,11
289,El Mirador,R,11
290,Las Palmas,R,11
291,El Laberinto,R,11
292,El Toro [Campestre],R,11
293,Miguel Tello Chávez,R,11
294,Piquininos,R,11
295,Ajosenal,R,11
296,El Milagro,R,11
297,Jorge Luis Nava Puente,R,11
298,San Ignacio,R,11
299,Ramón Saucedo Ramírez,R,11
300,Antonio Briseño,R,11
301,Ascensión Vázquez Camacho,R,11
302,El Chuzo,R,11
303,Ascensión Gómez Herrera,R,11
304,Charco San Isidro,R,11
305,La Alegría,R,11
306,El Jabalí,R,11
307,Florida,R,11
308,Jesús Oliete,R,11
309,José Varela Martínez,R,11
310,La Alegría,R,11
311,La Cabaña,R,11
312,Magdalena Rodríguez,R,11
313,Mario Ramos,R,11
314,Jesús Guzmán,R,11
315,Blas Pérez Espinosa,R,11
316,Mario Sánchez,R,11
317,Alfonso Reyes Mares,R,11
318,Armando Salas,R,11
319,El Ranchito,R,11
320,La Calaverna,R,11
321,Ismael Gómez Briones,R,11
322,Jacobo Sánchez,R,11
323,Juan Sánchez,R,11
324,Quiroz,R,11
325,La Florida,R,11
326,Socorro Pizarro,R,11
327,Mario Rodríguez,R,11
328,Francisco de León Samaniego,R,11
329,Julio Nieto Guia,R,11
330,María Gutiérrez,R,11
331,Tomás Perales Saucedo,R,11
332,Julián Soto,R,11
333,Mauricio Cepeda,R,11
334,Mispah,R,11
335,Vicente Ruiz,R,11
336,Ramiro Peña Guerra,R,11
337,Rodolfo Cerecero,R,11
338,Predio 29,R,11
339,Arnoldo Salas,R,11
340,Los Cascos,R,11
341,José Alberto Alemán,R,11
342,San Miguel,R,11
343,Esau Israel Juárez Morales,R,11
344,Ariana Sánchez,R,11
345,Movimiento Gnóstico [Centro de Estudio],R,11
346,Leticia,R,11
347,El Gato,R,11
348,Buñuelos,R,11
349,Rincón de Arcentales [Fraccionamiento Campestre],R,11
350,Roberto Murillo,R,11
351,La Macarena,R,11
352,La Mal Querida,R,11
353,El Huapango,R,11
354,Ricardo Jasso Zapata,R,11
355,Víctor Ayala,R,11
356,Las Hormigas (Francisco Almaguer Hernández),R,11
357,Jesús Cedillo Ramírez,R,11
358,José Luis Vielma Charles,R,11
359,La Carreta,R,11
360,Margarito Aldaco (La Rosita),R,11
361,La Casa Naranja,R,11
362,El Inicio,R,11
363,Emilio Arizpe,R,11
364,Jesús Sánchez Rangel,R,11
365,Carlos Ortiz,R,11
366,La Estacada,R,11
367,Alto Vaquería,R,11
368,Camacho,R,11
369,Alfonso Álvarez,R,11
370,El Nogal,R,11
371,Altamira (Jesús Vázquez Morales),R,11
372,El Portal,R,11
373,Jesús Perales,R,11
374,Francisco Torres Mata,R,11
375,Máximo Sánchez,R,11
376,Esteban de la Riva,R,11
377,Antonio Martínez Domínguez,R,11
378,Víctor Manuel Torres,R,11
379,Juan Pablo Cisneros Sena,R,11
380,El Nogal,R,11
