CVE_LOC,NOM_LOC,AMBITO,CVE_MUN
1,Ciudad Melchor Múzquiz,U,20
2,Agua Dulce,R,20
3,La Esperanza (La Alameda),R,20
4,El Álamo,R,20
5,Hacienda los Álamos,R,20
11,Arellano,R,20
12,La Argentina,R,20
13,El Atascoso,R,20
15,Rincón de María (La Babia),R,20
16,La Barrena,R,20
17,Barroterán [Estación],R,20
18,El Becerro,R,20
20,Buena Vista,R,20
22,San Cristóbal (Los Cabezones),R,20
23,Cadernales,R,20
24,Calvillo,R,20
25,Boca Cañón de Aparicio,R,20
29,El Cedral,R,20
30,Los Ciruelos,R,20
32,El Consuelo,R,20
33,Corea,R,20
35,La Cuesta (Las Pilas),R,20
40,La Colonia Morada,R,20
43,Las Esperanzas,U,20
44,Las Estacas (Elva Mendoza),R,20
47,Minas la Florida (La Florida),R,20
49,Golondrinas,R,20
50,Guadalupe (Tiro Vertical),R,20
55,El Indio,R,20
56,El Infante (La Sierra),R,20
59,Emilia Pader Villarreal,R,20
61,La Sortija,R,20
62,El Juncal,R,20
63,Teodoro Lumbreras,R,20
64,El Chapote,R,20
65,La Máquina,R,20
66,Maravilla (El Refugio),R,20
67,El Melón,R,20
68,El Milagro (Las Lilas),R,20
70,Minas de Barroterán,U,20
71,Rancherías,R,20
72,La Miseria,R,20
73,La Misión,R,20
75,La Morada,R,20
76,Morelos (Cuarterones),R,20
78,La Mota,R,20
79,El Mulato,R,20
80,Tribu Kikapoo (Nacimiento),R,20
81,Negros Maskogos (Nacimiento),R,20
82,Desarrollo del Batán (El Pato),R,20
84,La Venada (El Nogal),R,20
86,Ricardo González (Los Nogales),R,20
90,El Ojito,R,20
93,Palaú,U,20
94,El Resedal (La Palma),R,20
95,Elías Vázquez,R,20
97,El Tucán,R,20
98,La Peña,R,20
100,Los Picos de Davis,R,20
101,El Cedral,R,20
102,Gladiolas,R,20
105,El Porvenir de las Moras,R,20
106,Potrero de Doña Mariana (El Potrero),R,20
107,La Víbora,R,20
111,La Rosita,R,20
112,Las Rucias,R,20
116,Salinas de Arriba,R,20
121,San Francisco,R,20
122,El Atascoso,R,20
124,San Juan,R,20
125,San Manuel,R,20
128,Antero Morales,R,20
129,Santa Elena,R,20
131,Santa Teresa,R,20
135,Torrecitas,R,20
136,Los Tres Sabinos,R,20
137,La Virgen,R,20
139,Valle de Guadalupe,R,20
142,San Juan,R,20
143,Santo Domingo,R,20
145,Las Antonias,R,20
147,Guillermo Urano Rincón,R,20
149,El Sombrero,R,20
163,Pacheco,R,20
170,Palmar Dos (Noria de Nelson),R,20
173,El Huizache,R,20
180,Los Fresnos,R,20
185,Cerro Bola,R,20
186,El Negro,R,20
187,Godornices,R,20
188,El Pensamiento,R,20
189,Santa Rosa,R,20
191,El Sukue,R,20
192,Corrales,R,20
193,San Rafael,R,20
194,El Comandante (San Jerónimo),R,20
197,San Javier,R,20
200,La Mariposa,R,20
214,El Socorro,R,20
217,El Carrizo,R,20
218,Arroyo Hondo,R,20
219,Guadalupe (Guadalupe de Olguín),R,20
220,La Valentina,R,20
221,Cañón de San Martín,R,20
225,El Encino (Los Adobes),R,20
226,El Jaralito,R,20
227,Vlady,R,20
228,Agua Chiquita,R,20
229,Buenos Aires,R,20
230,El Arbolito,R,20
231,La Lajita,R,20
234,El Rincón (Las Blancas),R,20
235,Los Lobos,R,20
236,Cielito Lindo,R,20
237,Palomas,R,20
238,Santa Cruz,R,20
241,Las Granjas,R,20
249,Bellavista,R,20
256,Los Rodríguez,R,20
262,Rancherías (El Papalote),R,20
264,Las Tres Rosas,R,20
271,La Rosita,R,20
272,La Gaviota,R,20
276,Santa Mónica,R,20
278,Las Perlas,R,20
282,Don Chon,R,20
289,Los Cuatro Vientos (Agapita Garza),R,20
293,Loma Blanca,R,20
310,La Purísima (La Zaca),R,20
315,El Colorado,R,20
317,Rosa de San Juan,R,20
321,San Ignacio,R,20
322,Palo Blanco,R,20
325,El Puerto,R,20
338,Los Pintos,R,20
344,La Aurora (Los Hernández),R,20
353,La Cima,R,20
357,Los Álamos,R,20
358,La Alegría,R,20
359,Aparicio,R,20
360,Las Aves,R,20
361,Salinas de en Medio (Barosa),R,20
362,Barranco Azul,R,20
363,El Cedrito (El Borrado),R,20
364,El Boss (El Silencio),R,20
365,Buena Vista,R,20
366,Marcos de la Cerda,R,20
367,Buenos Aires,R,20
369,Ángel de la Garza,R,20
370,La Campana,R,20
371,Los Campos,R,20
372,El Capadero,R,20
373,El Cedral (La Escondida),R,20
374,El Cedrito,R,20
375,Cerrito Verde,R,20
377,El Chilpitín Uno,R,20
378,El Chilpitín Dos (Guillermo Elguézabal),R,20
379,La Ciénega,R,20
380,La Ciénega,R,20
385,La Comunidad,R,20
386,Corrales Nuevos,R,20
390,Las Cumbres,R,20
391,El Quemado (El Eje),R,20
392,El Encino,R,20
394,La Esmeralda (La Caballada),R,20
396,Las Estacas (Juan Torralva),R,20
397,La Florida,R,20
398,La Florida (La Hacienda),R,20
399,La Fundición,R,20
402,Los Generales,R,20
403,Los Gómez,R,20
404,La Granja,R,20
405,Guadalupe (Nacimiento),R,20
407,Las Huertas,R,20
408,Isla del Buey,R,20
412,Loma Blanca (Juan Urista),R,20
413,Kikapoo,R,20
416,Laura Patricia,R,20
417,Los Laureles,R,20
418,Mario Macías,R,20
420,Juan Lira,R,20
421,Los Lobos,R,20
423,Ribereño (La Luz),R,20
424,La Peñita,R,20
425,El Menor,R,20
429,La Mota de la Cochina,R,20
430,La Mota y Ayajiles (La Ciénega),R,20
431,La Mota,R,20
432,La Muralla,R,20
433,Santa Fe (Muñoz),R,20
434,María de la Luz (El Nogal),R,20
435,José Martínez,R,20
436,Nogales,R,20
439,Nogalitos,R,20
443,Santa Anita (Los Ojos de Gabriela Dos),R,20
444,Los Olmos (La Loma del Negro),R,20
445,El Palmar,R,20
449,El Refugio,R,20
453,La Perla,R,20
455,Los Ojos de Gabriela (Los Picos),R,20
460,La Pipa,R,20
461,Ninguno [Planta Potabilizadora de Agua],R,20
462,El Polvo,R,20
464,Las Pompas,R,20
466,El Potrero,R,20
467,San Ramón,R,20
468,La Presita,R,20
469,La Loma,R,20
471,El Puerto,R,20
473,Rancherías (La Víbora),R,20
475,Rancho Blanco,R,20
476,Rancho de en Medio,R,20
478,Antonio Ruiz,R,20
479,La Roja,R,20
481,Salinas de Abajo,R,20
482,San Antonio (Predio la Misión),R,20
486,San José,R,20
487,San José de la Palma,R,20
489,San Judas Tadeo Colectiva,R,20
491,San Pedro,R,20
492,Santa Bárbara (La Morita),R,20
494,Los Santos,R,20
496,La Sauceda (La Paloma),R,20
498,Los Sauces,R,20
499,Jesús Benítez (El Saucillo),R,20
500,El Saucillo (Rodolfo Gómez),R,20
502,El Paraíso (La Soga),R,20
503,Los Corines (Los Temporales),R,20
504,El Tiple,R,20
508,Valdez,R,20
510,El Venado (Gonzalo Montemayor),R,20
511,Jesús Macías,R,20
512,La Victoria,R,20
514,Zamora,R,20
517,Altamira,R,20
520,El Americano,R,20
522,Armando Bermea,R,20
523,Armando Olivares,R,20
525,La Loma,R,20
528,El Cedrito,R,20
531,Las Comas,R,20
532,Las Cuatas,R,20
533,Cuatro Hermanos,R,20
534,Daniel Elizondo,R,20
535,Delia Mireles,R,20
536,El Vivo,R,20
537,Rogelio Perches,R,20
541,Fernando Maltos (Arco Iris),R,20
542,La Fortuna,R,20
543,Guadalupe Olivares,R,20
544,El Sabinito (Gudiño),R,20
545,Las Rosas,R,20
546,Cuauhtémoc Ruiz de la Rosa,R,20
547,Miguel Guerra (Los Gutiérrez),R,20
549,Juan Guillermo Fuentes,R,20
550,Jesús Ruiz,R,20
552,Beatriz Ortiz Muñoz,R,20
554,Las Lilas,R,20
555,La Loma,R,20
556,El Nuevo Paraíso,R,20
557,Manuel Romo,R,20
558,El Encino (María del Carmen Guerra de Jiménez),R,20
560,El Bagre,R,20
562,Antero Morales (La Nogalera),R,20
563,Tres Potrillos,R,20
565,El Pájaro Azul,R,20
566,La Palapa,R,20
567,La Mota de Encino,R,20
569,Polo Dávila,R,20
571,El Comanche,R,20
572,Tres Marías (Ramón Campos),R,20
573,El Retiro,R,20
575,Rosalba Pérez de Fuentes,R,20
576,El Salto (San Antonio del Pobre),R,20
578,San Diego,R,20
580,San José,R,20
583,Santa Mónica,R,20
584,Rogelio Camacho (Santiago Camacho),R,20
585,San Alberto,R,20
586,Cuarto de Milla,R,20
587,Los Ticos,R,20
588,Santana Delgado,R,20
591,La Anacua (Ventura),R,20
592,El Carmín,R,20
594,Salinas de en Medio,R,20
596,La Colorada,R,20
597,San Felipe,R,20
598,Tauro,R,20
599,San Valentín,R,20
600,José María (El Viejo),R,20
603,Santa Emma,R,20
605,Roberto Guajardo,R,20
609,Chilpitín Número Tres (Manolo Dávila),R,20
613,Las Tres H,R,20
614,Gustavo Maltos,R,20
615,Mario Hernández,R,20
620,La Laguna,R,20
621,Manolo Montemayor (El Profesor),R,20
625,San Rafael,R,20
626,Los Rodríguez Dos,R,20
629,El Recuerdo,R,20
630,Manuel Teófilo García Garza,R,20
633,Maravillas,R,20
636,El Indio (El Noventa),R,20
638,Venancio de la Rosa,R,20
639,María Elena Soria,R,20
640,El Padrino (Oscar Chaib),R,20
641,Guadalupe,R,20
643,Manuel Alvarado,R,20
645,Loma Larga (La Esperanza),R,20
648,José Guadalupe Gómez,R,20
652,Cristóbal Hernández,R,20
655,Los Venados Número Uno,R,20
662,Los Pinos,R,20
664,Juan José Marines Castañeda,R,20
665,Javier Arizpe,R,20
667,La Rosaria,R,20
670,Guadalupe,R,20
672,La Gloria,R,20
673,El Pompeyake,R,20
675,Rubén Zertuche García,R,20
685,Colonia Nueva Santa Rosa,R,20
686,La Estación,R,20
687,El Veterano,R,20
696,Los Ángeles (San Pedro),R,20
697,El Chapote Fracción B,R,20
705,El Rincón,R,20
709,San José de las Higueras (Sanguijuela),R,20
710,Valle del Rincón,R,20
711,San Guillermo,R,20
715,Los Corrales,R,20
716,Guillermo Hernández (El Polvorín),R,20
717,El Jaguar,R,20
719,Rafael Riojas,R,20
720,Lorenzo Guerra,R,20
721,La Marieta,R,20
722,Martín Lira,R,20
723,Zaragoza Flores,R,20
724,Jerónimo González,R,20
725,Luis Carlos Valdez,R,20
726,Jerónimo González,R,20
727,Gilberto Flores,R,20
728,San Antonio del Pobre,R,20
729,Los Sillares,R,20
730,La Libra,R,20
731,Beatriz Mireles,R,20
732,San Miguel de las Fincas,R,20
734,Las Moras,R,20
735,Flavio Morales,R,20
737,Felipe López,R,20
738,Antonio López,R,20
740,Madreselva (Alejandra Rodríguez),R,20
741,Aleja Martínez Sandoval,R,20
743,Poco a Poco,R,20
744,Las Anacuas,R,20
745,El Quemado,R,20
746,El Divisadero,R,20
747,El Cerrito,R,20
748,La Herradura,R,20
749,José Alejandro Saucedo (La Victoria),R,20
750,Santiaga Ocura Martínez,R,20
751,Cruz Loredo,R,20
752,El Potrero,R,20
753,Hugo Martínez (Minas el Potrero),R,20
754,Romajera,R,20
755,El Porvenir (José Luis Moreno),R,20
756,Los Nogales,R,20
757,David Rodríguez (El Cedral),R,20
758,Francisco Herrera,R,20
759,Lucio Lozano,R,20
760,Eugenio Briceño,R,20
761,Juan Briceño,R,20
762,Los Múzquiz,R,20
763,El Silencio,R,20
764,Los Olmos,R,20
766,Juan Nakao Gómez,R,20
767,Sabas Benítez,R,20
768,José Luis Múzquiz,R,20
769,Pedro Alcalá,R,20
770,Lucio Lerma,R,20
771,Gonzalo Gutiérrez,R,20
773,Raúl Elguézabal,R,20
774,Tres Hermanos,R,20
775,Roberto Maldonado,R,20
776,Roberto Olguín,R,20
777,Luis Aguilar,R,20
778,Mercedes Franco,R,20
779,Eduardo González,R,20
780,El Ranchito,R,20
781,Gumercindo Sánchez,R,20
782,San Pedro,R,20
783,Armando Elizondo,R,20
784,La Monjita,R,20
785,Rancho Acero,R,20
786,Pablo Martínez,R,20
787,Hacienda Vieja Zamora,R,20
788,Guadalupe Cortez Gaona (Nicolás Cortez),R,20
789,Cayetano Estrada,R,20
790,Juan Antonio Fernández,R,20
791,Alonso Jiménez,R,20
792,Benjamín Valdez,R,20
793,Filiberto Jiménez,R,20
794,Buenos Aires,R,20
795,Las Troyas,R,20
796,Santa Mónica,R,20
797,Tajo Palaú,R,20
799,Anzelmo Leija,R,20
800,Josefina González,R,20
802,Francisco Rincón (Soledad),R,20
803,Antonio Mendoza,R,20
804,El Piquito,R,20
805,Encarnación González,R,20
806,Federico Silva,R,20
807,Felipa González,R,20
808,Los Abuelos,R,20
809,Ambrosio Grimaldo,R,20
810,Antonio Mendoza,R,20
811,Fernando Ordóñez,R,20
812,Simón Tapia,R,20
813,Ernesto Iglesias,R,20
814,Abundio Nieto,R,20
815,Bárbara González (La Alegría),R,20
816,Sabino Cruz,R,20
817,Antonio Lozano,R,20
818,Francisco Torres,R,20
819,Rubén Medina (El Saucillo),R,20
820,Francisca Araceli Zamora Ibarra,R,20
821,Rancho Setecientos Once,R,20
822,Los Gavilanes,R,20
823,El Puerto,R,20
824,Rancho E,R,20
825,Heriberto Espinoza Delgado,R,20
826,Jesús Fraga,R,20
827,Hortensio Rodríguez,R,20
828,Arnoldo Robles,R,20
830,Leandro Cordero,R,20
831,Isabel Posada,R,20
832,Catalino Valero,R,20
833,Alicia,R,20
834,Cesáreo Robledo,R,20
836,Las Tres Flores,R,20
837,Teodoro Briones,R,20
838,Sara Ovalle,R,20
839,Jesús Rocha,R,20
840,Doble Siete,R,20
841,Las Gemelas,R,20
842,El Diecisiete,R,20
843,Ruperto González,R,20
844,Las Delicias,R,20
845,Gilberto de León (Rancho California),R,20
846,San Lorenzo,R,20
847,Quinta Tere,R,20
848,Enrique Montemayor (El Texano),R,20
850,Hipólito Ovalle,R,20
852,Margarito Arredondo,R,20
854,Manuel de Jesús Navarro Flores,R,20
856,Las Esperanzas,R,20
857,La Escondida,R,20
858,La Escondida (La Florida) [Estación de Bombeo],R,20
859,Juan Delgado,R,20
862,Gerardo Zamora,R,20
864,Los García,R,20
865,Antonio Jiménez,R,20
866,Madroños,R,20
867,Rafael Moya,R,20
868,Alfonso Zamora,R,20
869,José Luis Mireles,R,20
870,Gabriela Jiménez,R,20
871,Jesús Rocha,R,20
872,Miguel Rocha,R,20
873,Martha Alicia Estrada,R,20
874,Eida Gutiérrez,R,20
875,Rogelio Chavarría (El Nogal),R,20
876,Triple G,R,20
877,Alberto Ibarra,R,20
878,Julián Valdez,R,20
879,Yolanda Elizondo,R,20
880,Juan Martínez,R,20
881,José Luis Martínez,R,20
882,Roberto Guajardo,R,20
883,Isidro Iglesias,R,20
884,La Tinaja,R,20
885,La Pila,R,20
886,La Cabaña,R,20
887,La Máquina (El Campo),R,20
888,Alfredo Morín,R,20
889,Melecio Martínez,R,20
890,Florencio Vallejo,R,20
891,Bardomiano Vallejo,R,20
892,Juan Vallejo,R,20
893,Román Gabriel Reséndiz (El Papalote),R,20
894,Antonio Vallejo,R,20
895,Rafael Vallejo,R,20
896,Reynaldo Hernández,R,20
897,Arnaldo Montemayor,R,20
898,Armando Mendoza,R,20
899,Juan González,R,20
900,Pablo de la Rosa,R,20
901,Elías Mendoza,R,20
902,Rogelio Mendoza,R,20
903,Juvenal Mendoza,R,20
904,Bernardino Ibarra,R,20
905,Alejo Mendoza,R,20
906,Guadalupe Martínez,R,20
907,Teresa Romo,R,20
909,Julián Hernández,R,20
910,El Mogote,R,20
911,Jesús Martínez,R,20
912,Javier Martínez,R,20
913,Jesús María Maldonado,R,20
914,Jesús Morín,R,20
915,Loma Chiquita,R,20
916,Palos Blancos,R,20
917,El Chilpitín Cuatro (Herbey Berrones),R,20
918,Pasta la Gorda,R,20
919,José Falcón,R,20
920,El Indio (Lucio Lozano),R,20
921,Luciano Ortiz,R,20
922,Gilberto Ortiz,R,20
923,Manuel Muñoz Dos,R,20
924,Manuel Muñoz Uno,R,20
925,Mario Cárdenas,R,20
926,Puerto de Santa Ana,R,20
927,La Sorpresa,R,20
928,San Felipe,R,20
929,El Fuerte,R,20
930,San Guillermo,R,20
931,El Florido,R,20
932,Rincón de Garza Uno,R,20
933,Rincón de Garza,R,20
934,El Pinar,R,20
935,Puesto el Melón,R,20
937,San Juan (Los Corrales),R,20
938,Buena Vista,R,20
939,Las Hayas,R,20
940,La Esperanza,R,20
941,María de los Ángeles Castro Quintero,R,20
942,José Manuel Galindo,R,20
943,Gregorio Martínez Portales,R,20
944,Eustacio González Cruz,R,20
945,Alberto Vázquez Aguirre,R,20
946,Ignacio Mendoza Garza,R,20
947,Antonio González Luna,R,20
948,Antonio Montes Guerra,R,20
950,Manuela Valentina Hernández Pérez (Los Lirios),R,20
951,Luis Alfonso González Mendoza,R,20
952,Armando Chávez Bustos,R,20
953,Héctor Maldonado de la Garza,R,20
954,Los Temporales (Jorge Luis Flores Jiménez),R,20
955,Ramón Suárez Flores,R,20
956,Ramón Romo (La Pila de los Caballos),R,20
957,La Pila de los Caballos,R,20
958,Agua Nueva,R,20
959,María Elizabeth,R,20
960,Raúl Riojas,R,20
961,José Avilés,R,20
962,Las Cruces,R,20
963,Agua de Villarreal,R,20
964,Los Fresnos (Rogelio Romo),R,20
965,Simón Rábago,R,20
967,Juan González,R,20
968,Leonel Gudiño,R,20
969,San José,R,20
970,San Francisco,R,20
971,Los Lirios,R,20
972,Eugenio Hernández Martínez,R,20
973,Sergio Treviño,R,20
974,Arnulfo Valles,R,20
975,Blas Rodríguez,R,20
976,Las Dálmatas (Everardo Martínez Salazar),R,20
977,Los Venados Número Dos,R,20
978,El Venado Número Tres,R,20
979,El Nuevo Amanecer (Roberto Treviño Garza),R,20
981,Jesús Tijerina,R,20
982,San Javier (La Casita),R,20
983,El Camarón,R,20
984,Los Pintos,R,20
985,Casa Colorada,R,20
986,Poco a Poco,R,20
987,El Pavo,R,20
988,El Oso,R,20
989,Santa Bárbara,R,20
990,San Lorenzo,R,20
991,El Treinta,R,20
992,Dos Hermanas,R,20
993,La Peñita,R,20
994,La Laguna (Abraham Jiménez),R,20
995,Santa Rosa,R,20
997,Guadalupe Ramírez,R,20
998,Susano Samarrón González,R,20
999,Rancho Favila,R,20
1000,Chiquito,R,20
1001,Yolanda Terrazas,R,20
1002,Feliciano Posada,R,20
1004,Joel Medina Huerta,R,20
1005,San Pablo,R,20
1006,Los Portales,R,20
1008,Juan Manuel Delgado López,R,20
1009,Maximiliano Silerio Esparza,R,20
1010,Calixto Ramírez,R,20
1011,Antiguo Corral de Piedra,R,20
1012,Heriberto Loredo Mendoza,R,20
1013,La Peña,R,20
1014,Juan Moya,R,20
1015,Herbey Valdez,R,20
1016,Fernando Flores,R,20
1017,Armando Bermea,R,20
1018,Los Palmitos,R,20
1019,Eliseo López,R,20
1020,San Juana Hinostrosa,R,20
1021,El Caterpiller (José Montes),R,20
1022,Aníbal Teracina,R,20
1023,La Salada,R,20
1024,Ramiro Sánchez,R,20
1025,Cristino Mendoza,R,20
1026,La Pedrera,R,20
1027,El Toboso,R,20
1028,Cañón las Burras (Pedro Dávila),R,20
1029,Cuauhtémoc Ramírez,R,20
1030,José Romo,R,20
1031,La Pedrera,R,20
1032,Colonia Agustín Terrazas,R,20
1033,Santa Aurelia,R,20
1034,Jesús Manuel Álvarez Flores,R,20
1035,Rancho los Tremendos,R,20
1036,El Rinconcito,R,20
1038,Gerardo Villarreal,R,20
1039,Abelino Cadena,R,20
1042,Marcos Galindo Olguín,R,20
1043,Fidencio Fernández Olvera,R,20
1044,Fidencio Hernández,R,20
1045,Ramiro Vázquez Rodríguez,R,20
1046,Antonio Jiménez Morales,R,20
1047,Quinta Digo Yo,R,20
1048,Los Doctores,R,20
1049,Mujica (Los 2M),R,20
1050,Le Digo Yo,R,20
1051,Jacal de Sergio,R,20
1052,Las Mangas (Pilo Canales),R,20
1053,Maravillas (Beto Canales),R,20
1054,Arturo Garza Canales,R,20
1055,Javier Armando Guajardo,R,20
1056,Las Estacas,R,20
1057,Las Estacas (José Luis Sanmiguel Arredondo),R,20
1058,Amalia Suarez del Real Salazar,R,20
1059,El Calvario [Mina],R,20
1060,La Luz,R,20
1061,El Mescalito Ranch,R,20
1062,El Chaparral,R,20
1063,La Golondrina,R,20
1064,El Cedrito,R,20
1065,Cuadra Jordan,R,20
1066,Omar Dávila,R,20
1067,Rosa Elena Gauna,R,20
1068,Las 3 Marías (Víctor Rodríguez),R,20
1069,Margarito Herrera,R,20
1070,Los Hernández,R,20
1071,Javier Saucedo,R,20
1072,Valladolid,R,20
1073,Orozco,R,20
1074,Hugo Martínez,R,20
1075,La Palapa,R,20
1076,María Magdalena Benítez Medina,R,20
1077,Los 4 Vientos,R,20
1078,El Huichol,R,20
1079,El Charco,R,20
1080,José Ortiz,R,20
1081,Jesús Escalena,R,20
1082,El Ojito,R,20
1083,Sergio Terrazas,R,20
1084,Juan Bernal,R,20
1085,Ramiro Torres,R,20
1086,Arturo Delgado,R,20
1087,La Labor,R,20
1088,Abraham Aguilar Ramírez,R,20
1089,Los Girasoles,R,20
1090,Alberto López,R,20
1091,Glorifer,R,20
1092,Juan Acosta González,R,20
1093,La Loma,R,20
1094,Antonio Vallejo,R,20
1095,Raymundo Hernández,R,20
1096,Los Migueles,R,20
1097,Juan Manuel Torralva,R,20
1098,Rústicos Don Chon,R,20
1099,El 6,R,20
1100,Juan Contreras,R,20
1101,Santa Rosa [Hotel],R,20
1102,Instituto Tecnológico Superior de Múzquiz,R,20
1103,El Potrillo,R,20
1104,La Nesta,R,20
1105,Francisco Javier Estrada Quintero,R,20
