CVE_LOC,NOM_LOC,AMBITO,CVE_MUN
1,Escobedo,U,8
2,Loma el Briseño,R,8
4,Estación Hermanas,R,8
6,San Benito (La Luz),R,8
7,San Isidro (El Mimbre),R,8
8,Obayos,R,8
9,Primero de Mayo,R,8
11,Veintinueve de Noviembre (Borregas),R,8
13,Agua de la Herradura,R,8
14,La Ciénega,R,8
15,Chacón,R,8
18,El Salado,R,8
20,Colonia Menonita (La Gaviota),R,8
22,La Blanca (Tierra Blanca),R,8
25,El Mimbre (Los Amaya),R,8
26,Benigno Franco Anaya,R,8
28,El Potrero (Las Potrancas),R,8
31,El Tulillo,R,8
34,El Paraíso,R,8
35,Sanguijuelas,R,8
36,Cañón de Borregas,R,8
37,El Caracol,R,8
39,El Huizache,R,8
40,Lampazos (Lampacitos),R,8
41,Lampacitos Nuevo,R,8
42,El Puerto,R,8
43,Sanguijuela (Ecoturístico Coahuila),R,8
44,El Tecolote,R,8
45,El Temporal,R,8
49,Isaías Torres S.,R,8
51,Guadalupe,R,8
53,Toño Ibarra,R,8
54,Ramón García,R,8
55,El Mimbre,R,8
57,Luis Arturo Gutiérrez,R,8
58,Juan Ríos Ruiz,R,8
59,El Sheroko,R,8
60,Sanguijuela (Eleuterio Maltos),R,8
61,Emérico Rivera,R,8
62,Las Delicias,R,8
63,El Potrero,R,8
64,Obayos [Estación],R,8
69,María Sánchez de Ibarra,R,8
71,Anastacio Daniel,R,8
72,María Elena Sánchez,R,8
73,Juan Manuel Cavana,R,8
74,El Vaquero,R,8
75,Ramón Daniel Sánchez,R,8
76,La Mota,R,8
77,Ceferino Sánchez Vázquez,R,8
79,El Rosario (Sergio Martínez),R,8
80,Los Valdez (Rancho los Valdez),R,8
81,Oscar González,R,8
82,Rancho Verde (Los Morales),R,8
83,Las Seis Mariposas (Jorge Maldonado),R,8
85,Saca la Villa (Gonzalo Ramírez),R,8
86,Santos Vargas,R,8
87,Las Palmitas,R,8
88,Los Pinos,R,8
89,Ángel Huitrón,R,8
90,José Díaz,R,8
91,La Purificación,R,8
92,Ernesto Pérez,R,8
93,Everardo García Tijerina,R,8
94,El Rincón,R,8
